epoch,accuracy,auc,f1_score,fn,fp,loss,lr,mcc,npv,precision,recall,specificity,tn,tp,val_accuracy,val_auc,val_f1_score,val_fn,val_fp,val_loss,val_mcc,val_npv,val_precision,val_recall,val_specificity,val_tn,val_tp
0,0.6380208134651184,0.7168945074081421,0.6145551204681396,849.0,817.0,0.7216359376907349,0.01,0.23946228623390198,0.6197402477264404,0.6549831032752991,0.6462500095367432,0.6276041865348816,1583.0,1551.0,0.5395833253860474,0.5723047256469727,0.5414263010025024,226.0,204.0,0.7133848071098328,0.10487869381904602,0.5492841601371765,0.5545851588249207,0.5291666388511658,0.574999988079071,276.0,254.0
1,0.7708333134651184,0.8531661629676819,0.7678689956665039,448.0,442.0,0.47435981035232544,0.01,0.5370892286300659,0.7676988840103149,0.769070029258728,0.7666666507720947,0.7697916626930237,1478.0,1472.0,0.5041666626930237,0.5113020539283752,0.4974597692489624,245.0,226.0,0.8901078701019287,0.017529884353280067,0.5103186964988708,0.509761393070221,0.4895833432674408,0.5291666388511658,254.0,235.0
2,0.8421875238418579,0.9157606959342957,0.8376203179359436,305.0,322.0,0.36964744329452515,0.01,0.674055278301239,0.839790403842926,0.8337635397911072,0.8411458134651184,0.8322916626930237,1598.0,1615.0,0.5395833253860474,0.5541666746139526,0.4854103922843933,270.0,166.0,0.9042694568634033,0.0910894051194191,0.5411868691444397,0.5585106611251831,0.4375,0.6541666388511658,314.0,210.0
3,0.8677083253860474,0.9434232711791992,0.8656241297721863,263.0,250.0,0.30381813645362854,0.01,0.7331950068473816,0.8648707270622253,0.8689040541648865,0.8630208373069763,0.8697916865348816,1670.0,1657.0,0.5,0.5575846433639526,0.5,240.0,240.0,2.8043670654296875,0.0,0.5,0.5,0.5,0.5,240.0,240.0
4,0.9067708253860474,0.9684566855430603,0.9085409641265869,176.0,175.0,0.22666019201278687,0.0009999999,0.8174257874488831,0.9086402058601379,0.9088066816329956,0.9083333611488342,0.9088541865348816,1745.0,1744.0,0.5,0.5696505904197693,0.5,240.0,240.0,2.8540492057800293,0.0,0.5,0.5,0.5,0.5,240.0,240.0
5,0.9609375,0.9921048283576965,0.9596309661865234,76.0,79.0,0.12988536059856415,0.0009999999,0.9194896221160889,0.9606311321258545,0.9589183330535889,0.9604166746139526,0.9588541388511658,1841.0,1844.0,0.5,0.5733506679534912,0.5,240.0,240.0,2.891228437423706,0.0,0.5,0.5,0.5,0.5,240.0,240.0
