epoch,accuracy,auc,f1_score,fn,fp,loss,lr,mcc,npv,precision,recall,specificity,tn,tp,val_accuracy,val_auc,val_f1_score,val_fn,val_fp,val_loss,val_mcc,val_npv,val_precision,val_recall,val_specificity,val_tn,val_tp
0,0.6635416746139526,0.6304014921188354,0.6561427712440491,891.0,919.0,0.7267369627952576,0.01,0.3083765208721161,0.6558150053024292,0.6214991807937622,0.6287500262260437,0.6463541388511658,1481.0,1509.0,0.5,0.4962022304534912,0.5,240.0,240.0,1.4993995428085327,0.0,0.5,0.5,0.5,0.5,240.0,240.0
1,0.7848958373069763,0.8571057319641113,0.7762126326560974,423.0,439.0,0.47126755118370056,0.01,0.5521016716957092,0.7790089845657349,0.77324378490448,0.7796875238418579,0.7713541388511658,1481.0,1497.0,0.5,0.5238932371139526,0.5,240.0,240.0,1.32833993434906,0.0,0.5,0.5,0.5,0.5,240.0,240.0
2,0.8489583134651184,0.9240499138832092,0.8428081274032593,302.0,301.0,0.3508481979370117,0.01,0.686396062374115,0.8433660268783569,0.8431474566459656,0.8427083492279053,0.8432291746139526,1619.0,1618.0,0.5,0.5399262309074402,0.5,240.0,240.0,1.5234638452529907,0.0,0.5,0.5,0.5,0.5,240.0,240.0
3,0.90625,0.9606533050537109,0.9044008255004883,181.0,186.0,0.2528342306613922,0.01,0.809148907661438,0.9060353636741638,0.9033766388893127,0.9057291746139526,0.903124988079071,1734.0,1739.0,0.5,0.5015451312065125,0.5,240.0,240.0,3.2615580558776855,0.0,0.5,0.5,0.5,0.5,240.0,240.0
4,0.9161458611488342,0.9767554402351379,0.9143097400665283,160.0,170.0,0.20089001953601837,0.0009999999,0.8284789323806763,0.9164902567863464,0.9119170904159546,0.9166666865348816,0.9114583134651184,1750.0,1760.0,0.5,0.5257335305213928,0.5,240.0,240.0,2.3463134765625,0.0,0.5,0.5,0.5,0.5,240.0,240.0
5,0.957812488079071,0.9929290413856506,0.958497166633606,76.0,84.0,0.1238400861620903,0.0009999999,0.9168499708175659,0.9602624773979187,0.95643150806427,0.9604166746139526,0.956250011920929,1836.0,1844.0,0.5,0.5310025811195374,0.5,240.0,240.0,2.237912654876709,0.0,0.5,0.5,0.5,0.5,240.0,240.0
