epoch,accuracy,auc,f1_score,fn,fp,loss,lr,mcc,npv,precision,recall,specificity,tn,tp,val_accuracy,val_auc,val_f1_score,val_fn,val_fp,val_loss,val_mcc,val_npv,val_precision,val_recall,val_specificity,val_tn,val_tp
0,0.5833333134651184,0.5784260034561157,0.5849506258964539,1040.0,1031.0,0.7040120363235474,0.01,0.17149017751216888,0.5844296813011169,0.5687996745109558,0.5666666626930237,0.5880208611488342,1369.0,1360.0,0.5,0.5,0.5,240.0,240.0,31.178770065307617,0.0,0.5,0.5,0.5,0.5,240.0,240.0
1,0.640625,0.7002830505371094,0.6369659304618835,697.0,696.0,0.6208693385124207,0.01,0.27463090419769287,0.6374504566192627,0.6373111009597778,0.6369791626930237,0.637499988079071,1224.0,1223.0,0.5,0.5,0.5,240.0,240.0,10.716253280639648,0.0,0.5,0.5,0.5,0.5,240.0,240.0
2,0.6421874761581421,0.7062996029853821,0.6422417163848877,684.0,694.0,0.6198499202728271,0.01,0.2824369966983795,0.641471266746521,0.6404145359992981,0.643750011920929,0.6385416388511658,1226.0,1236.0,0.5,0.5,0.5,240.0,240.0,9.377567291259766,0.0,0.5,0.5,0.5,0.5,240.0,240.0
3,0.667187511920929,0.7409030795097351,0.6659243106842041,640.0,644.0,0.5904862284660339,0.01,0.3313753306865692,0.6660587787628174,0.6652806401252747,0.6666666865348816,0.6645833253860474,1276.0,1280.0,0.5,0.5,0.5,240.0,240.0,7.903787612915039,0.0,0.5,0.5,0.5,0.5,240.0,240.0
4,0.676562488079071,0.7511250972747803,0.6760384440422058,622.0,622.0,0.5826166868209839,0.0009999999,0.3521525263786316,0.6760453581809998,0.6760416626930237,0.6760416626930237,0.6760416626930237,1298.0,1298.0,0.5,0.5,0.5,240.0,240.0,4.707221508026123,0.0,0.5,0.5,0.5,0.5,240.0,240.0
5,0.7046874761581421,0.7868123054504395,0.7049739956855774,566.0,568.0,0.5507023334503174,0.0009999999,0.40949469804763794,0.7046789526939392,0.7044745087623596,0.7052083611488342,0.7041666507720947,1352.0,1354.0,0.5,0.5026041269302368,0.5,240.0,240.0,3.5751233100891113,0.0,0.5,0.5,0.5,0.5,240.0,240.0
