epoch,accuracy,auc,f1_score,fn,fp,loss,lr,mcc,npv,precision,recall,specificity,tn,tp,val_accuracy,val_auc,val_f1_score,val_fn,val_fp,val_loss,val_mcc,val_npv,val_precision,val_recall,val_specificity,val_tn,val_tp
0,0.6161458492279053,0.5968837141990662,0.6150042414665222,980.0,977.0,0.6974429488182068,0.01,0.2312745451927185,0.6148471236228943,0.5924071669578552,0.5916666388511658,0.6161458492279053,1423.0,1420.0,0.5,0.5,0.5,240.0,240.0,6.941281795501709,0.0,0.5,0.5,0.5,0.5,240.0,240.0
1,0.6614583134651184,0.7241357564926147,0.6650827527046204,641.0,647.0,0.6121246218681335,0.01,0.32942086458206177,0.6651489734649658,0.6640706062316895,0.6661458611488342,0.6630208492279053,1273.0,1279.0,0.5,0.5862370133399963,0.5,240.0,240.0,0.8628608584403992,0.0,0.5,0.5,0.5,0.5,240.0,240.0
2,0.6807291507720947,0.7424775958061218,0.6799854636192322,613.0,616.0,0.5990310311317444,0.01,0.36009567975997925,0.6806373596191406,0.6796671748161316,0.6807291507720947,0.6791666746139526,1304.0,1307.0,0.5,0.583897590637207,0.5,240.0,240.0,0.9209277033805847,0.0,0.5,0.5,0.5,0.5,240.0,240.0
3,0.684374988079071,0.7553243041038513,0.6844589710235596,604.0,610.0,0.5832951664924622,0.01,0.3678935766220093,0.6842393279075623,0.683281421661377,0.6854166388511658,0.6822916865348816,1310.0,1316.0,0.5,0.5896636247634888,0.5,240.0,240.0,1.1922191381454468,0.0,0.5,0.5,0.5,0.5,240.0,240.0
4,0.7119791507720947,0.7811020016670227,0.7103043794631958,556.0,557.0,0.560550332069397,0.0009999999,0.42063382267951965,0.7101765275001526,0.7100468277931213,0.7104166746139526,0.7098958492279053,1363.0,1364.0,0.5,0.592369794845581,0.5,240.0,240.0,0.9167587161064148,0.0,0.5,0.5,0.5,0.5,240.0,240.0
5,0.7265625,0.7971120476722717,0.7247984409332275,529.0,526.0,0.5427501797676086,0.0009999999,0.4507158398628235,0.7254819273948669,0.7256129384040833,0.7244791388511658,0.7260416746139526,1394.0,1391.0,0.5,0.593908429145813,0.5,240.0,240.0,0.8165379762649536,0.0,0.5,0.5,0.5,0.5,240.0,240.0
