epoch,accuracy,auc,f1_score,fn,fp,loss,lr,mcc,npv,precision,recall,specificity,tn,tp,val_accuracy,val_auc,val_f1_score,val_fn,val_fp,val_loss,val_mcc,val_npv,val_precision,val_recall,val_specificity,val_tn,val_tp
0,0.6276041865348816,0.6730517745018005,0.6145420074462891,908.0,889.0,0.6936584711074829,0.01,0.2310975044965744,0.6159865260124207,0.6266274452209473,0.621666669845581,0.6156250238418579,1511.0,1492.0,0.5,0.5,0.0,480.0,0.0,4.67006778717041,0.0,0.5,0.0,0.0,1.0,480.0,0.0
1,0.6635416746139526,0.7242070436477661,0.6640850305557251,643.0,646.0,0.6051245331764221,0.01,0.32893216609954834,0.6655851006507874,0.6640665531158447,0.6651041507720947,0.6635416746139526,1274.0,1277.0,0.5,0.5525693893432617,0.0,480.0,0.0,1.954748511314392,0.0,0.5,0.0,0.0,1.0,480.0,0.0
2,0.6786458492279053,0.7464816570281982,0.6789245009422302,612.0,627.0,0.5869115591049194,0.01,0.35490790009498596,0.6780945658683777,0.6759690046310425,0.6812499761581421,0.6734374761581421,1293.0,1308.0,0.5,0.5566254258155823,0.0,480.0,0.0,1.3226228952407837,0.0,0.5,0.0,0.0,1.0,480.0,0.0
3,0.6979166865348816,0.7682668566703796,0.6997824311256409,574.0,580.0,0.5682643055915833,0.01,0.3991301655769348,0.7004830837249756,0.6988577246665955,0.7010416388511658,0.6979166865348816,1340.0,1346.0,0.5,0.584301233291626,0.06822766363620758,462.0,2.0,0.8487473130226135,0.08055911213159561,0.5088010430335999,0.8999999761581421,0.03750000149011612,0.9958333373069763,478.0,18.0
4,0.6994791626930237,0.7685361504554749,0.7023442387580872,564.0,585.0,0.5677446722984314,0.0009999999,0.4017618000507355,0.703180193901062,0.698608934879303,0.706250011920929,0.6953125,1335.0,1356.0,0.5,0.5896940231323242,0.4935995638370514,247.0,218.0,0.8151841759681702,0.02977360039949417,0.5260651111602783,0.516629695892334,0.4854166805744171,0.5458333492279053,262.0,233.0
5,0.7171875238418579,0.7948499321937561,0.7170819640159607,541.0,548.0,0.5457098484039307,0.0009999999,0.4330455958843231,0.7169650793075562,0.7156201601028442,0.7182291746139526,0.7145833373069763,1372.0,1379.0,0.5,0.5843815207481384,0.4978836178779602,242.0,234.0,0.7524771094322205,0.00803451519459486,0.507734477519989,0.5042372941970825,0.4958333373069763,0.512499988079071,246.0,238.0
