epoch,accuracy,auc,f1_score,fn,fp,loss,lr,mcc,npv,precision,recall,specificity,tn,tp,val_accuracy,val_auc,val_f1_score,val_fn,val_fp,val_loss,val_mcc,val_npv,val_precision,val_recall,val_specificity,val_tn,val_tp
0,0.6052083373069763,0.6095424890518188,0.5919551253318787,999.0,1006.0,0.7094466686248779,0.01,0.18450209498405457,0.5926145315170288,0.5820523500442505,0.5837500095367432,0.590624988079071,1394.0,1401.0,0.5,0.5,0.5,240.0,240.0,25.85154151916504,0.0,0.5,0.5,0.5,0.5,240.0,240.0
1,0.6557291746139526,0.7163475155830383,0.6523809432983398,665.0,671.0,0.6128560900688171,0.01,0.30439311265945435,0.6530309319496155,0.6516095399856567,0.6536458134651184,0.6505208611488342,1249.0,1255.0,0.5,0.5532487034797668,0.5,240.0,240.0,1.5240041017532349,0.0,0.5,0.5,0.5,0.5,240.0,240.0
2,0.6661458611488342,0.7350757718086243,0.6673532724380493,640.0,635.0,0.5962247252464294,0.01,0.33615610003471375,0.6679172515869141,0.6684073209762573,0.6666666865348816,0.6692708134651184,1285.0,1280.0,0.5,0.5,0.5,240.0,240.0,5.312804698944092,0.0,0.5,0.5,0.5,0.5,240.0,240.0
3,0.6864583492279053,0.7550684809684753,0.6873857378959656,599.0,602.0,0.5797940492630005,0.01,0.37464603781700134,0.6877424716949463,0.6869474649429321,0.6880208253860474,0.6864583492279053,1318.0,1321.0,0.5,0.526710033416748,0.5,240.0,240.0,2.9286179542541504,0.0,0.5,0.5,0.5,0.5,240.0,240.0
4,0.7057291865348816,0.7879742980003357,0.7087145447731018,562.0,554.0,0.5504941940307617,0.0009999999,0.418946772813797,0.7086685299873352,0.7102510333061218,0.7072916626930237,0.7114583253860474,1366.0,1358.0,0.5,0.5680208206176758,0.5,240.0,240.0,2.1354901790618896,0.0,0.5,0.5,0.5,0.5,240.0,240.0
5,0.7369791865348816,0.8117622137069702,0.7355324029922485,507.0,509.0,0.5253390669822693,0.0009999999,0.4709882140159607,0.7357660531997681,0.7351716756820679,0.7359374761581421,0.7348958253860474,1411.0,1413.0,0.5,0.58014976978302,0.5,240.0,240.0,1.2865440845489502,0.0,0.5,0.5,0.5,0.5,240.0,240.0
