epoch,accuracy,auc,f1_score,fn,fp,loss,lr,mcc,npv,precision,recall,specificity,tn,tp,val_accuracy,val_auc,val_f1_score,val_fn,val_fp,val_loss,val_mcc,val_npv,val_precision,val_recall,val_specificity,val_tn,val_tp
0,0.6000000238418579,0.5988406538963318,0.6101304292678833,987.0,990.0,0.6925391554832458,0.01,0.2207106500864029,0.610209584236145,0.5880149602890015,0.5887500047683716,0.609375,1410.0,1413.0,0.5,0.5,0.5,240.0,240.0,51.14611053466797,0.0,0.5,0.5,0.5,0.5,240.0,240.0
1,0.6713541746139526,0.734017550945282,0.66823410987854,642.0,626.0,0.6015979051589966,0.01,0.3398236036300659,0.6687045693397522,0.6712185144424438,0.6656249761581421,0.6739583611488342,1294.0,1278.0,0.5,0.5,0.5,240.0,240.0,10.233941078186035,0.0,0.5,0.5,0.5,0.5,240.0,240.0
2,0.6796875,0.7468104362487793,0.6802312731742859,617.0,607.0,0.5893821716308594,0.01,0.36267706751823425,0.6807124018669128,0.6821989417076111,0.6786458492279053,0.6838541626930237,1313.0,1303.0,0.5,0.5197916626930237,0.5,240.0,240.0,3.2681288719177246,0.0,0.5,0.5,0.5,0.5,240.0,240.0
3,0.6833333373069763,0.7582476735115051,0.685751736164093,604.0,603.0,0.5744350552558899,0.01,0.37153032422065735,0.6852741241455078,0.6857738494873047,0.6854166388511658,0.6859375238418579,1317.0,1316.0,0.5,0.5262565612792969,0.5,240.0,240.0,2.271034002304077,0.0,0.5,0.5,0.5,0.5,240.0,240.0
4,0.7109375,0.7909650802612305,0.7126284241676331,546.0,562.0,0.5451530814170837,0.0009999999,0.4231012165546417,0.713324785232544,0.7097107172012329,0.715624988079071,0.7072916626930237,1358.0,1374.0,0.5,0.5543619990348816,0.5,240.0,240.0,1.18955659866333,0.0,0.5,0.5,0.5,0.5,240.0,240.0
5,0.7385416626930237,0.8153900504112244,0.7351053953170776,506.0,513.0,0.5195690393447876,0.0009999999,0.4696097671985626,0.7357066869735718,0.7337830662727356,0.7364583611488342,0.7328125238418579,1407.0,1414.0,0.5,0.5566189289093018,0.5,240.0,240.0,0.911793053150177,0.0,0.5,0.5,0.5,0.5,240.0,240.0
