epoch,accuracy,auc,f1_score,fn,fp,loss,lr,mcc,npv,precision,recall,specificity,tn,tp,val_accuracy,val_auc,val_f1_score,val_fn,val_fp,val_loss,val_mcc,val_npv,val_precision,val_recall,val_specificity,val_tn,val_tp
0,0.6078125238418579,0.6293968558311462,0.5876262187957764,990.0,961.0,0.7146313786506653,0.01,0.17803488671779633,0.588995635509491,0.5946857929229736,0.5874999761581421,0.5901041626930237,1439.0,1410.0,0.5,0.5,0.5,240.0,240.0,10.608139038085938,0.0,0.5,0.5,0.5,0.5,240.0,240.0
1,0.6411458253860474,0.6999337077140808,0.6353394389152527,708.0,682.0,0.622160792350769,0.01,0.2763102948665619,0.6364554762840271,0.6399155259132385,0.6312500238418579,0.6447916626930237,1238.0,1212.0,0.5,0.5531401634216309,0.5,240.0,240.0,1.7249103784561157,0.0,0.5,0.5,0.5,0.5,240.0,240.0
2,0.6666666865348816,0.7277520895004272,0.669659435749054,629.0,645.0,0.602337121963501,0.01,0.33673804998397827,0.6695910096168518,0.6668388247489929,0.6723958253860474,0.6640625,1275.0,1291.0,0.5,0.5945420861244202,0.5,240.0,240.0,1.003591537475586,0.0,0.5,0.5,0.5,0.5,240.0,240.0
3,0.6796875,0.7490790486335754,0.6778347492218018,623.0,609.0,0.5862197875976562,0.01,0.3585464656352997,0.6782170534133911,0.6804826855659485,0.6755208373069763,0.682812511920929,1311.0,1297.0,0.5,0.565112829208374,0.5,240.0,240.0,1.8071104288101196,0.0,0.5,0.5,0.5,0.5,240.0,240.0
4,0.690625011920929,0.7649106979370117,0.6878489255905151,607.0,584.0,0.575252115726471,0.0009999999,0.37992793321609497,0.6878696084022522,0.6921454668045044,0.6838541626930237,0.6958333253860474,1336.0,1313.0,0.5,0.5714235901832581,0.5,240.0,240.0,1.6293542385101318,0.0,0.5,0.5,0.5,0.5,240.0,240.0
5,0.7052083611488342,0.7822003960609436,0.7052679061889648,567.0,564.0,0.5539985299110413,0.0009999999,0.41113415360450745,0.7051555514335632,0.7057902812957764,0.7046874761581421,0.706250011920929,1356.0,1353.0,0.5,0.5744053721427917,0.5,240.0,240.0,0.8538770079612732,0.0,0.5,0.5,0.5,0.5,240.0,240.0
