epoch,accuracy,auc,f1_score,fn,fp,loss,lr,mcc,npv,precision,recall,specificity,tn,tp,val_accuracy,val_auc,val_f1_score,val_fn,val_fp,val_loss,val_mcc,val_npv,val_precision,val_recall,val_specificity,val_tn,val_tp
0,0.598437488079071,0.5867099761962891,0.6025270223617554,1008.0,991.0,0.6953427791595459,0.01,0.20931854844093323,0.602792501449585,0.5841376185417175,0.5799999833106995,0.6088541746139526,1409.0,1392.0,0.5,0.5,0.0,480.0,0.0,6.655672550201416,0.0,0.5,0.0,0.0,1.0,480.0,0.0
1,0.6385416388511658,0.697457492351532,0.6386556625366211,694.0,695.0,0.6280890107154846,0.01,0.27681398391723633,0.6377182602882385,0.6382092833518982,0.6385416388511658,0.6380208134651184,1225.0,1226.0,0.5,0.527148425579071,0.5,240.0,240.0,2.3174259662628174,0.0,0.5,0.5,0.5,0.5,240.0,240.0
2,0.6692708134651184,0.7349274158477783,0.6724494695663452,632.0,623.0,0.599966824054718,0.01,0.3464832603931427,0.6722696423530579,0.6739926934242249,0.6708333492279053,0.6755208373069763,1297.0,1288.0,0.5,0.5,0.5,240.0,240.0,4.846230506896973,0.0,0.5,0.5,0.5,0.5,240.0,240.0
3,0.675000011920929,0.7411054372787476,0.6759747266769409,622.0,622.0,0.5964959859848022,0.01,0.3522398769855499,0.6761802434921265,0.6760416626930237,0.6760416626930237,0.6760416626930237,1298.0,1298.0,0.5,0.583888828754425,0.5,240.0,240.0,1.6641159057617188,0.0,0.5,0.5,0.5,0.5,240.0,240.0
4,0.7067708373069763,0.776005744934082,0.7048622369766235,563.0,574.0,0.5709550380706787,0.0009999999,0.4079979658126831,0.7049142718315125,0.7027446627616882,0.7067708373069763,0.7010416388511658,1346.0,1357.0,0.5,0.6050997972488403,0.5,240.0,240.0,1.107232928276062,0.0,0.5,0.5,0.5,0.5,240.0,240.0
5,0.7088541388511658,0.7838390469551086,0.7094476222991943,553.0,567.0,0.5575913190841675,0.0009999999,0.416824609041214,0.7097948789596558,0.7068252563476562,0.7119791507720947,0.7046874761581421,1353.0,1367.0,0.5,0.5949240922927856,0.5,240.0,240.0,1.3993687629699707,0.0,0.5,0.5,0.5,0.5,240.0,240.0
