epoch,accuracy,auc,f1_score,fn,fp,loss,lr,mcc,npv,precision,recall,specificity,tn,tp,val_accuracy,val_auc,val_f1_score,val_fn,val_fp,val_loss,val_mcc,val_npv,val_precision,val_recall,val_specificity,val_tn,val_tp
0,0.606249988079071,0.5906012654304504,0.5966281890869141,1012.0,1017.0,0.6879473328590393,0.01,0.19351010024547577,0.5972476601600647,0.5771309733390808,0.57833331823349,0.5953124761581421,1383.0,1388.0,0.5,0.5044162273406982,0.5,240.0,240.0,2.483818292617798,0.0,0.5,0.5,0.5,0.5,240.0,240.0
1,0.6468750238418579,0.7090057730674744,0.6488429307937622,675.0,673.0,0.6179091334342957,0.01,0.29802563786506653,0.6486591100692749,0.649113655090332,0.6484375,0.6494791507720947,1247.0,1245.0,0.5,0.5270833373069763,0.5,240.0,240.0,2.405148983001709,0.0,0.5,0.5,0.5,0.5,240.0,240.0
2,0.6734374761581421,0.730323314666748,0.672361433506012,627.0,632.0,0.6067037582397461,0.01,0.3444683253765106,0.6730091571807861,0.6716883182525635,0.6734374761581421,0.6708333492279053,1288.0,1293.0,0.5,0.5960807800292969,0.5,240.0,240.0,0.7237430810928345,0.0,0.5,0.5,0.5,0.5,240.0,240.0
3,0.676562488079071,0.7414994835853577,0.676523745059967,620.0,624.0,0.5933091044425964,0.01,0.3521863520145416,0.6760808229446411,0.6756756901741028,0.6770833134651184,0.675000011920929,1296.0,1300.0,0.5,0.5886740684509277,0.5,240.0,240.0,1.138282299041748,0.0,0.5,0.5,0.5,0.5,240.0,240.0
4,0.6916666626930237,0.759154736995697,0.6897937059402466,596.0,594.0,0.585829496383667,0.0009999999,0.380401611328125,0.6902472972869873,0.6903023719787598,0.6895833611488342,0.690625011920929,1326.0,1324.0,0.5,0.5997265577316284,0.5,240.0,240.0,0.6989290118217468,0.0,0.5,0.5,0.5,0.5,240.0,240.0
5,0.7036458253860474,0.7788046002388,0.7033311724662781,570.0,569.0,0.5635983943939209,0.0009999999,0.40687045454978943,0.7032330632209778,0.7034913897514343,0.703125,0.7036458253860474,1351.0,1350.0,0.5,0.5959266424179077,0.5,240.0,240.0,0.829590916633606,0.0,0.5,0.5,0.5,0.5,240.0,240.0
