epoch,accuracy,auc,f1_score,fn,fp,loss,lr,mcc,npv,precision,recall,specificity,tn,tp,val_accuracy,val_auc,val_f1_score,val_fn,val_fp,val_loss,val_mcc,val_npv,val_precision,val_recall,val_specificity,val_tn,val_tp
0,0.620312511920929,0.6362783908843994,0.610190749168396,972.0,950.0,0.6702503561973572,0.01,0.22483651340007782,0.6114711165428162,0.6005046367645264,0.5950000286102295,0.6166666746139526,1450.0,1428.0,0.5,0.5,0.5,240.0,240.0,7.286223411560059,0.0,0.5,0.5,0.5,0.5,240.0,240.0
1,0.6708333492279053,0.7317485809326172,0.6685900092124939,633.0,638.0,0.603301465511322,0.01,0.33822551369667053,0.6711322665214539,0.668571412563324,0.6703125238418579,0.6677083373069763,1282.0,1287.0,0.5,0.5,0.5,240.0,240.0,5.5864481925964355,0.0,0.5,0.5,0.5,0.5,240.0,240.0
2,0.6937500238418579,0.7565922141075134,0.6941779851913452,586.0,590.0,0.5828412175178528,0.01,0.38769733905792236,0.6939980387687683,0.6933472156524658,0.6947916746139526,0.6927083134651184,1330.0,1334.0,0.5,0.5,0.5,240.0,240.0,4.356667995452881,0.0,0.5,0.5,0.5,0.5,240.0,240.0
3,0.7015625238418579,0.769873321056366,0.7015659213066101,570.0,578.0,0.5707250833511353,0.01,0.4021780788898468,0.7021156549453735,0.7002074718475342,0.703125,0.6989583373069763,1342.0,1350.0,0.5,0.5083333253860474,0.5,240.0,240.0,2.9412412643432617,0.0,0.5,0.5,0.5,0.5,240.0,240.0
4,0.7104166746139526,0.7797425389289856,0.7081148624420166,563.0,556.0,0.5611670613288879,0.0009999999,0.41738471388816833,0.707798957824707,0.7093570232391357,0.7067708373069763,0.7104166746139526,1364.0,1357.0,0.5,0.5584331750869751,0.5,240.0,240.0,1.954546570777893,0.0,0.5,0.5,0.5,0.5,240.0,240.0
5,0.7328125238418579,0.8060686588287354,0.7300891876220703,523.0,509.0,0.5369396805763245,0.0009999999,0.46264684200286865,0.7299585938453674,0.7329486012458801,0.7276041507720947,0.7348958253860474,1411.0,1397.0,0.5,0.5733832120895386,0.5,240.0,240.0,1.7189934253692627,0.0,0.5,0.5,0.5,0.5,240.0,240.0
