epoch,accuracy,auc,f1_score,fn,fp,loss,lr,mcc,npv,precision,recall,specificity,tn,tp,val_accuracy,val_auc,val_f1_score,val_fn,val_fp,val_loss,val_mcc,val_npv,val_precision,val_recall,val_specificity,val_tn,val_tp
0,0.5979166626930237,0.6378617882728577,0.6014720797538757,933.0,955.0,0.6789748072624207,0.01,0.1993420422077179,0.600824236869812,0.605697751045227,0.6112499833106995,0.59375,1445.0,1467.0,0.5,0.5,0.5,240.0,240.0,292.6319885253906,0.0,0.5,0.5,0.5,0.5,240.0,240.0
1,0.6265624761581421,0.678491473197937,0.62892085313797,710.0,716.0,0.6316774487495422,0.01,0.25747066736221313,0.6295572519302368,0.6282450556755066,0.6302083134651184,0.6270833611488342,1204.0,1210.0,0.5,0.5295073986053467,0.6671344637870789,0.0,479.0,4.608407974243164,0.008399209938943386,0.06666665524244308,0.5005213618278503,1.0,0.0020833334419876337,1.0,480.0
2,0.6343749761581421,0.6968964338302612,0.6364569067955017,696.0,702.0,0.624636709690094,0.01,0.2720683813095093,0.6364363431930542,0.6355140209197998,0.637499988079071,0.6343749761581421,1218.0,1224.0,0.5,0.5081987380981445,0.5,240.0,240.0,2.4417479038238525,0.0,0.5,0.5,0.5,0.5,240.0,240.0
3,0.6328125,0.693733811378479,0.627493143081665,716.0,710.0,0.6249610781669617,0.01,0.25752633810043335,0.628963828086853,0.6290491223335266,0.6270833611488342,0.6302083134651184,1210.0,1204.0,0.5,0.5,0.5,240.0,240.0,6.097533226013184,0.0,0.5,0.5,0.5,0.5,240.0,240.0
4,0.653124988079071,0.714279055595398,0.6521839499473572,664.0,675.0,0.6092299222946167,0.0009999999,0.3027850389480591,0.65239018201828,0.6504402160644531,0.6541666388511658,0.6484375,1245.0,1256.0,0.5,0.5262587070465088,0.5,240.0,240.0,2.8246140480041504,0.0,0.5,0.5,0.5,0.5,240.0,240.0
5,0.6416666507720947,0.7177727818489075,0.6442763805389404,683.0,681.0,0.6090759038925171,0.0009999999,0.28973624110221863,0.6452560424804688,0.6449426412582397,0.6442708373069763,0.645312488079071,1239.0,1237.0,0.5,0.5543185472488403,0.5,240.0,240.0,2.0289018154144287,0.0,0.5,0.5,0.5,0.5,240.0,240.0
