epoch,accuracy,auc,f1_score,fn,fp,loss,lr,mcc,npv,precision,recall,specificity,tn,tp,val_accuracy,val_auc,val_f1_score,val_fn,val_fp,val_loss,val_mcc,val_npv,val_precision,val_recall,val_specificity,val_tn,val_tp
0,0.5864583253860474,0.582664430141449,0.5876170992851257,1032.0,1029.0,0.6806010007858276,0.01,0.1769120842218399,0.5882607102394104,0.5707134008407593,0.5699999928474426,0.589062511920929,1371.0,1368.0,0.5,0.5,0.5,240.0,240.0,531.6140747070312,0.0,0.5,0.5,0.5,0.5,240.0,240.0
1,0.6109374761581421,0.6592339873313904,0.6054245829582214,763.0,742.0,0.6461405158042908,0.01,0.21635940670967102,0.6074605584144592,0.6092680096626282,0.6026041507720947,0.6135416626930237,1178.0,1157.0,0.49791666865348816,0.5,0.6666666269302368,0.0,480.0,4.847715377807617,0.0,0.0,0.5,1.0,0.0,0.0,480.0
2,0.6239583492279053,0.6719363331794739,0.6231854557991028,728.0,712.0,0.6407207250595093,0.01,0.2500826120376587,0.6242994070053101,0.6260504126548767,0.6208333373069763,0.6291666626930237,1208.0,1192.0,0.5,0.5093749761581421,0.5,240.0,240.0,3.3695154190063477,0.0,0.5,0.5,0.5,0.5,240.0,240.0
3,0.6223958134651184,0.6769670844078064,0.618912935256958,738.0,717.0,0.6345559358596802,0.01,0.24233943223953247,0.6198650598526001,0.6224328875541687,0.6156250238418579,0.6265624761581421,1203.0,1182.0,0.5,0.4989583194255829,0.5,240.0,240.0,3.2936434745788574,0.0,0.5,0.5,0.5,0.5,240.0,240.0
4,0.6322916746139526,0.686072587966919,0.6300947666168213,712.0,705.0,0.6307283639907837,0.0009999999,0.26208943128585815,0.6308960318565369,0.6314688920974731,0.6291666626930237,0.6328125,1215.0,1208.0,0.49791666865348816,0.5617925524711609,0.49791666865348816,241.0,241.0,0.8289614915847778,-0.004166666883975267,0.49791666865348816,0.49791666865348816,0.49791666865348816,0.49791666865348816,239.0,239.0
5,0.6312500238418579,0.6948100924491882,0.6338050365447998,705.0,700.0,0.6253069043159485,0.0009999999,0.26830118894577026,0.633362889289856,0.6344647407531738,0.6328125,0.6354166865348816,1220.0,1215.0,0.49791666865348816,0.5543771982192993,0.49791666865348816,241.0,241.0,0.981192946434021,-0.004166666883975267,0.49791666865348816,0.49791666865348816,0.49791666865348816,0.49791666865348816,239.0,239.0
