epoch,accuracy,auc,f1_score,fn,fp,loss,lr,mcc,npv,precision,recall,specificity,tn,tp,val_accuracy,val_auc,val_f1_score,val_fn,val_fp,val_loss,val_mcc,val_npv,val_precision,val_recall,val_specificity,val_tn,val_tp
0,0.589062511920929,0.5722148418426514,0.5787793397903442,1048.0,1046.0,0.6827999353408813,0.01,0.15970949828624725,0.580272912979126,0.5638031959533691,0.5633333325386047,0.5802083611488342,1354.0,1352.0,0.5,0.5466644763946533,0.0,480.0,0.0,4.009732246398926,0.0,0.5,0.0,0.0,1.0,480.0,0.0
1,0.6005208492279053,0.6447940468788147,0.5968157649040222,778.0,765.0,0.6518988013267517,0.01,0.19654051959514618,0.5973854660987854,0.5988463759422302,0.5947916507720947,0.6015625,1155.0,1142.0,0.5,0.5010416507720947,0.0,480.0,0.0,3.0867364406585693,0.0,0.5,0.0,0.0,1.0,480.0,0.0
2,0.6208333373069763,0.6649070978164673,0.6202338337898254,724.0,738.0,0.6394172310829163,0.01,0.2386779934167862,0.6209772825241089,0.6184074282646179,0.6229166388511658,0.6156250238418579,1182.0,1196.0,0.5,0.547120213508606,0.0,480.0,0.0,1.9378211498260498,0.0,0.5,0.0,0.0,1.0,480.0,0.0
3,0.6067708134651184,0.6591394543647766,0.6092068552970886,749.0,753.0,0.642785370349884,0.01,0.21780170500278473,0.6091092228889465,0.6086278557777405,0.6098958253860474,0.6078125238418579,1167.0,1171.0,0.5,0.5771397352218628,0.5,240.0,240.0,1.613991618156433,0.0,0.5,0.5,0.5,0.5,240.0,240.0
4,0.6260416507720947,0.6807765960693359,0.6280844807624817,708.0,725.0,0.6321579813957214,0.0009999999,0.2537183463573456,0.6286187767982483,0.6257098317146301,0.6312500238418579,0.6223958134651184,1195.0,1212.0,0.5,0.619177520275116,0.5,240.0,240.0,0.9164960980415344,0.0,0.5,0.5,0.5,0.5,240.0,240.0
5,0.629687488079071,0.6868405342102051,0.6310732960700989,704.0,718.0,0.6283447742462158,0.0009999999,0.2594468295574188,0.6305263042449951,0.6287487149238586,0.6333333253860474,0.6260416507720947,1202.0,1216.0,0.5,0.6209635138511658,0.5,240.0,240.0,0.6918995380401611,0.0,0.5,0.5,0.5,0.5,240.0,240.0
