epoch,accuracy,auc,f1_score,fn,fp,loss,lr,mcc,npv,precision,recall,specificity,tn,tp,val_accuracy,val_auc,val_f1_score,val_fn,val_fp,val_loss,val_mcc,val_npv,val_precision,val_recall,val_specificity,val_tn,val_tp
0,0.5682291388511658,0.581409215927124,0.5724369287490845,1042.0,1045.0,0.6978403925895691,0.01,0.14463172852993011,0.5724618434906006,0.565126895904541,0.565833330154419,0.5708333253860474,1355.0,1358.0,0.5,0.5,0.5,240.0,240.0,4993.63232421875,0.0,0.5,0.5,0.5,0.5,240.0,240.0
1,0.6010416746139526,0.6218202710151672,0.5990055203437805,766.0,774.0,0.6694697737693787,0.01,0.19862166047096252,0.5999645590782166,0.5985476970672607,0.6010416746139526,0.596875011920929,1146.0,1154.0,0.5,0.5545768141746521,0.18223048746585846,420.0,7.0,13.31049633026123,0.11827199161052704,0.5359843373298645,0.89552241563797,0.125,0.9854166507720947,473.0,60.0
2,0.598437488079071,0.6357946395874023,0.5987424850463867,773.0,764.0,0.6586006283760071,0.01,0.19961170852184296,0.5991930365562439,0.6002092957496643,0.5973958373069763,0.6020833253860474,1156.0,1147.0,0.5,0.5,0.5,240.0,240.0,8.95136833190918,0.0,0.5,0.5,0.5,0.5,240.0,240.0
3,0.6020833253860474,0.654655933380127,0.595384418964386,785.0,752.0,0.6477057933807373,0.01,0.19977721571922302,0.5994371771812439,0.6014838218688965,0.5911458134651184,0.6083333492279053,1168.0,1135.0,0.5,0.5,0.5,240.0,240.0,3.466707706451416,0.0,0.5,0.5,0.5,0.5,240.0,240.0
4,0.6010416746139526,0.6555704474449158,0.6011627912521362,769.0,758.0,0.6442015171051025,0.0009999999,0.20486445724964142,0.601744532585144,0.6029334664344788,0.5994791388511658,0.6052083373069763,1162.0,1151.0,0.5,0.591601550579071,0.5,240.0,240.0,1.463724970817566,0.0,0.5,0.5,0.5,0.5,240.0,240.0
5,0.6239583492279053,0.6716152429580688,0.6230524182319641,724.0,722.0,0.6370862126350403,0.0009999999,0.24698509275913239,0.6236115097999573,0.623566210269928,0.6229166388511658,0.6239583492279053,1198.0,1196.0,0.5,0.6224891543388367,0.5,240.0,240.0,1.2095577716827393,0.0,0.5,0.5,0.5,0.5,240.0,240.0
