epoch,accuracy,auc,f1_score,fn,fp,loss,lr,mcc,npv,precision,recall,specificity,tn,tp,val_accuracy,val_auc,val_f1_score,val_fn,val_fp,val_loss,val_mcc,val_npv,val_precision,val_recall,val_specificity,val_tn,val_tp
0,0.5838541388511658,0.5830369591712952,0.587688148021698,1033.0,1030.0,0.684234619140625,0.01,0.17584112286567688,0.5866533517837524,0.5702962279319763,0.5695833563804626,0.5885416865348816,1370.0,1367.0,0.5,0.5,0.6666666269302368,0.0,480.0,491.63568115234375,0.0,0.0,0.5,1.0,0.0,0.0,480.0
1,0.609375,0.658117413520813,0.6098737716674805,750.0,746.0,0.6449874639511108,0.01,0.22092553973197937,0.6103942394256592,0.6106472015380859,0.609375,0.6114583611488342,1174.0,1170.0,0.5,0.5,0.5,240.0,240.0,21.176403045654297,0.0,0.5,0.5,0.5,0.5,240.0,240.0
2,0.6166666746139526,0.6750880479812622,0.6181600093841553,737.0,726.0,0.6344031691551208,0.01,0.2380959689617157,0.6177722215652466,0.6196961998939514,0.6161458492279053,0.621874988079071,1194.0,1183.0,0.5,0.5,0.5,240.0,240.0,13.441391944885254,0.0,0.5,0.5,0.5,0.5,240.0,240.0
3,0.6276041865348816,0.6814892292022705,0.6250448226928711,724.0,710.0,0.633304238319397,0.01,0.2532106041908264,0.625898003578186,0.6274921298027039,0.6229166388511658,0.6302083134651184,1210.0,1196.0,0.5,0.4989583194255829,0.5,240.0,240.0,2.976362705230713,0.0,0.5,0.5,0.5,0.5,240.0,240.0
4,0.6302083134651184,0.6851056814193726,0.631871223449707,703.0,714.0,0.6282733082771301,0.0009999999,0.2620619535446167,0.6320592761039734,0.6302434206008911,0.6338541507720947,0.628125011920929,1206.0,1217.0,0.5,0.5757660269737244,0.5,240.0,240.0,1.170851469039917,0.0,0.5,0.5,0.5,0.5,240.0,240.0
5,0.6255208253860474,0.6837786436080933,0.6277481317520142,711.0,723.0,0.6267281174659729,0.0009999999,0.25324228405952454,0.6272852420806885,0.6257764101028442,0.629687488079071,0.6234375238418579,1197.0,1209.0,0.5,0.5709288120269775,0.5,240.0,240.0,1.031567931175232,0.0,0.5,0.5,0.5,0.5,240.0,240.0
