epoch,accuracy,auc,f1_score,fn,fp,loss,lr,mcc,npv,precision,recall,specificity,tn,tp,val_accuracy,val_auc,val_f1_score,val_fn,val_fp,val_loss,val_mcc,val_npv,val_precision,val_recall,val_specificity,val_tn,val_tp
0,0.604687511920929,0.6007828712463379,0.6022048592567444,1008.0,992.0,0.6742978692054749,0.01,0.20880427956581116,0.603516697883606,0.5838926434516907,0.5799999833106995,0.6083333492279053,1408.0,1392.0,0.5,0.5,0.5,240.0,240.0,186.31503295898438,0.0,0.5,0.5,0.5,0.5,240.0,240.0
1,0.620312511920929,0.6781493425369263,0.6220887303352356,726.0,724.0,0.6343637108802795,0.01,0.24495361745357513,0.6223735213279724,0.6225234866142273,0.621874988079071,0.6229166388511658,1196.0,1194.0,0.5,0.5,0.5,240.0,240.0,6.968729019165039,0.0,0.5,0.5,0.5,0.5,240.0,240.0
2,0.6432291865348816,0.6917586922645569,0.6399110555648804,688.0,698.0,0.6267573833465576,0.01,0.27838265895843506,0.6398321986198425,0.6383419632911682,0.6416666507720947,0.6364583373069763,1222.0,1232.0,0.5,0.5,0.5,240.0,240.0,4.361730575561523,0.0,0.5,0.5,0.5,0.5,240.0,240.0
3,0.6333333253860474,0.6921703815460205,0.6341407299041748,702.0,704.0,0.6249011754989624,0.01,0.2678830027580261,0.6337006092071533,0.6337148547172546,0.6343749761581421,0.6333333253860474,1216.0,1218.0,0.5,0.515625,0.5,240.0,240.0,2.9143693447113037,0.0,0.5,0.5,0.5,0.5,240.0,240.0
4,0.6390625238418579,0.7031764984130859,0.6378580927848816,694.0,697.0,0.6244057416915894,0.0009999999,0.275644451379776,0.6383160352706909,0.6375455260276794,0.6385416388511658,0.6369791626930237,1223.0,1226.0,0.5,0.5715668201446533,0.5,240.0,240.0,2.169754981994629,0.0,0.5,0.5,0.5,0.5,240.0,240.0
5,0.6494791507720947,0.7039800882339478,0.644479513168335,683.0,681.0,0.6153925061225891,0.0009999999,0.28980588912963867,0.6447997689247131,0.6449426412582397,0.6442708373069763,0.645312488079071,1239.0,1237.0,0.5,0.5749609470367432,0.5020512938499451,239.0,240.0,0.9000656008720398,0.0020517667289823294,0.5,0.5010395050048828,0.5020833611488342,0.5,240.0,241.0
