epoch,accuracy,auc,f1_score,fn,fp,loss,lr,mcc,npv,precision,recall,specificity,tn,tp,val_accuracy,val_auc,val_f1_score,val_fn,val_fp,val_loss,val_mcc,val_npv,val_precision,val_recall,val_specificity,val_tn,val_tp
0,0.6010416746139526,0.588431179523468,0.5985985994338989,1010.0,1008.0,0.6763135194778442,0.01,0.19919617474079132,0.6001399755477905,0.5796496868133545,0.5791666507720947,0.6000000238418579,1392.0,1390.0,0.5,0.5,0.5,240.0,240.0,820.5686645507812,0.0,0.5,0.5,0.5,0.5,240.0,240.0
1,0.6104166507720947,0.649303138256073,0.6081979870796204,749.0,759.0,0.6523792743682861,0.01,0.21482782065868378,0.6077706813812256,0.6067357659339905,0.6098958253860474,0.604687511920929,1161.0,1171.0,0.5,0.5,0.5,240.0,240.0,8.632950782775879,0.0,0.5,0.5,0.5,0.5,240.0,240.0
2,0.6166666746139526,0.6693634986877441,0.6168436408042908,732.0,742.0,0.6374589204788208,0.01,0.23244616389274597,0.6172323822975159,0.6155440211296082,0.6187499761581421,0.6135416626930237,1178.0,1188.0,0.5,0.5,0.5,240.0,240.0,3.145869493484497,0.0,0.5,0.5,0.5,0.5,240.0,240.0
3,0.6260416507720947,0.6765502691268921,0.6259984374046326,716.0,722.0,0.6339007019996643,0.01,0.25117582082748413,0.6260157227516174,0.6251298189163208,0.6270833611488342,0.6239583492279053,1198.0,1204.0,0.5,0.5926432609558105,0.5121833682060242,234.0,240.0,0.7531167268753052,0.012192019261419773,0.5,0.5061728358268738,0.512499988079071,0.5,240.0,246.0
4,0.6354166865348816,0.6910613775253296,0.6347368955612183,702.0,699.0,0.6238783001899719,0.0009999999,0.2704147398471832,0.6351200342178345,0.635367751121521,0.6343749761581421,0.635937511920929,1221.0,1218.0,0.5,0.5953711271286011,0.5,240.0,240.0,0.7494253516197205,0.0,0.5,0.5,0.5,0.5,240.0,240.0
5,0.6307291388511658,0.6898098587989807,0.629080057144165,715.0,703.0,0.6247245073318481,0.0009999999,0.26169416308403015,0.6307668089866638,0.6315513849258423,0.6276041865348816,0.6338541507720947,1217.0,1205.0,0.5,0.5980252027511597,0.5,240.0,240.0,0.872913658618927,0.0,0.5,0.5,0.5,0.5,240.0,240.0
