epoch,accuracy,auc,f1_score,fn,fp,loss,lr,mcc,npv,precision,recall,specificity,tn,tp,val_accuracy,val_auc,val_f1_score,val_fn,val_fp,val_loss,val_mcc,val_npv,val_precision,val_recall,val_specificity,val_tn,val_tp
0,0.596875011920929,0.5967194437980652,0.5932486653327942,994.0,1042.0,0.6738803386688232,0.01,0.18155549466609955,0.5924378037452698,0.5743464231491089,0.5858333110809326,0.582812488079071,1358.0,1406.0,0.5,0.5,0.5,240.0,240.0,408.0220947265625,0.0,0.5,0.5,0.5,0.5,240.0,240.0
1,0.6385416388511658,0.6859786510467529,0.6381418108940125,698.0,688.0,0.629654586315155,0.01,0.27829232811927795,0.6382462382316589,0.6397905945777893,0.6364583373069763,0.6416666507720947,1232.0,1222.0,0.5,0.5,0.5,240.0,240.0,6.426947116851807,0.0,0.5,0.5,0.5,0.5,240.0,240.0
2,0.643750011920929,0.6929187178611755,0.6421365141868591,689.0,683.0,0.62437504529953,0.01,0.285490483045578,0.6422271728515625,0.6431556940078735,0.6411458253860474,0.6442708373069763,1237.0,1231.0,0.5,0.5,0.5,240.0,240.0,4.0608811378479,0.0,0.5,0.5,0.5,0.5,240.0,240.0
3,0.6484375,0.6961376667022705,0.6477420926094055,680.0,668.0,0.6194791197776794,0.01,0.298123300075531,0.64824378490448,0.649895191192627,0.6458333134651184,0.6520833373069763,1252.0,1240.0,0.5,0.5708897709846497,0.5,240.0,240.0,1.0261417627334595,0.0,0.5,0.5,0.5,0.5,240.0,240.0
4,0.6499999761581421,0.7072088718414307,0.6503639221191406,669.0,676.0,0.6137082576751709,0.0009999999,0.29954051971435547,0.6502658724784851,0.6491956114768982,0.651562511920929,0.6479166746139526,1244.0,1251.0,0.5,0.5716753005981445,0.5,240.0,240.0,1.5710636377334595,0.0,0.5,0.5,0.5,0.5,240.0,240.0
5,0.6572916507720947,0.7144020199775696,0.653626024723053,667.0,661.0,0.6062234044075012,0.0009999999,0.3084515333175659,0.6536643505096436,0.6546499729156494,0.6526041626930237,0.6557291746139526,1259.0,1253.0,0.5,0.575575053691864,0.5,240.0,240.0,1.2537249326705933,0.0,0.5,0.5,0.5,0.5,240.0,240.0
