epoch,accuracy,auc,f1_score,fn,fp,loss,lr,mcc,npv,precision,recall,specificity,tn,tp,val_accuracy,val_auc,val_f1_score,val_fn,val_fp,val_loss,val_mcc,val_npv,val_precision,val_recall,val_specificity,val_tn,val_tp
0,0.5739583373069763,0.5812966227531433,0.5763336420059204,1138.0,922.0,0.7034929990768433,0.01,0.15096816420555115,0.5755665898323059,0.5778388381004333,0.5258333086967468,0.5713541507720947,1478.0,1262.0,0.5,0.5,0.5,240.0,240.0,15752.013671875,0.0,0.5,0.5,0.5,0.5,240.0,240.0
1,0.5895833373069763,0.6288021802902222,0.5845175981521606,796.0,800.0,0.6610472798347473,0.01,0.1688632220029831,0.5849136710166931,0.5841996073722839,0.5854166746139526,0.5833333134651184,1120.0,1124.0,0.5,0.5,0.5,240.0,240.0,5.561046123504639,0.0,0.5,0.5,0.5,0.5,240.0,240.0
2,0.5963541865348816,0.6439486145973206,0.5978990793228149,772.0,773.0,0.6554881930351257,0.01,0.19542434811592102,0.5973203778266907,0.5976054072380066,0.5979166626930237,0.5973958373069763,1147.0,1148.0,0.5,0.5,0.5,240.0,240.0,6.975099563598633,0.0,0.5,0.5,0.5,0.5,240.0,240.0
3,0.5994791388511658,0.6439868807792664,0.5987215638160706,768.0,776.0,0.6524635553359985,0.01,0.19595353305339813,0.5983363389968872,0.5975103974342346,0.6000000238418579,0.5958333611488342,1144.0,1152.0,0.5,0.557604193687439,0.5,240.0,240.0,1.9914219379425049,0.0,0.5,0.5,0.5,0.5,240.0,240.0
4,0.6067708134651184,0.6517167091369629,0.6085572838783264,754.0,746.0,0.6481447815895081,0.0009999999,0.21885618567466736,0.6088246703147888,0.6098326444625854,0.6072916388511658,0.6114583611488342,1174.0,1166.0,0.5,0.5392165780067444,0.5,240.0,240.0,2.2322988510131836,0.0,0.5,0.5,0.5,0.5,240.0,240.0
5,0.6208333373069763,0.6634658575057983,0.6202515363693237,732.0,721.0,0.640960156917572,0.0009999999,0.24332170188426971,0.6213885545730591,0.6223153471946716,0.6187499761581421,0.6244791746139526,1199.0,1188.0,0.5,0.5916450023651123,0.5,240.0,240.0,1.078222393989563,0.0,0.5,0.5,0.5,0.5,240.0,240.0
