epoch,accuracy,auc,f1_score,fn,fp,loss,lr,mcc,npv,precision,recall,specificity,tn,tp,val_accuracy,val_auc,val_f1_score,val_fn,val_fp,val_loss,val_mcc,val_npv,val_precision,val_recall,val_specificity,val_tn,val_tp
0,0.5765625238418579,0.5680494904518127,0.5683282017707825,1067.0,1072.0,0.6910927891731262,0.01,0.13619054853916168,0.5681180953979492,0.5542619824409485,0.5554166436195374,0.5666666626930237,1328.0,1333.0,0.5,0.5,0.5,240.0,240.0,969.6732177734375,0.0,0.5,0.5,0.5,0.5,240.0,240.0
1,0.6151041388511658,0.6564543843269348,0.6091541051864624,759.0,728.0,0.6481069922447205,0.01,0.22578570246696472,0.6116682291030884,0.6146109104156494,0.604687511920929,0.6208333373069763,1192.0,1161.0,0.5,0.5,0.5,240.0,240.0,17.904577255249023,0.0,0.5,0.5,0.5,0.5,240.0,240.0
2,0.6072916388511658,0.6645935773849487,0.603430986404419,766.0,749.0,0.6432051062583923,0.01,0.21109609305858612,0.6049783825874329,0.6064109206199646,0.6010416746139526,0.6098958253860474,1171.0,1154.0,0.5,0.5062500238418579,0.5,240.0,240.0,2.7615244388580322,0.0,0.5,0.5,0.5,0.5,240.0,240.0
3,0.6135416626930237,0.6676933765411377,0.6139539480209351,740.0,744.0,0.6405687928199768,0.01,0.22731426358222961,0.6137247085571289,0.6133056282997131,0.6145833134651184,0.612500011920929,1176.0,1180.0,0.5,0.5249478816986084,0.5,240.0,240.0,3.2159922122955322,0.0,0.5,0.5,0.5,0.5,240.0,240.0
4,0.6270833611488342,0.6847391724586487,0.6235799789428711,729.0,708.0,0.6299383640289307,0.0009999999,0.25181978940963745,0.6245669722557068,0.6271721720695496,0.620312511920929,0.6312500238418579,1212.0,1191.0,0.5,0.520312488079071,0.5,240.0,240.0,3.1731135845184326,0.0,0.5,0.5,0.5,0.5,240.0,240.0
5,0.6312500238418579,0.6991298794746399,0.6312059164047241,711.0,701.0,0.6201789975166321,0.0009999999,0.26475274562835693,0.6317746639251709,0.6329842805862427,0.629687488079071,0.6348958611488342,1219.0,1209.0,0.5,0.5831011533737183,0.5,240.0,240.0,1.9604320526123047,0.0,0.5,0.5,0.5,0.5,240.0,240.0
