epoch,accuracy,auc,f1_score,fn,fp,loss,lr,mcc,npv,precision,recall,specificity,tn,tp,val_accuracy,val_auc,val_f1_score,val_fn,val_fp,val_loss,val_mcc,val_npv,val_precision,val_recall,val_specificity,val_tn,val_tp
0,0.6083333492279053,0.6084972620010376,0.6023740768432617,987.0,982.0,0.6662351489067078,0.01,0.20750147104263306,0.6021060347557068,0.5899791121482849,0.5887500047683716,0.6072916388511658,1418.0,1413.0,0.5,0.5,0.6666666269302368,0.0,480.0,230.25503540039062,0.0,0.0,0.5,1.0,0.0,0.0,480.0
1,0.609375,0.6620480418205261,0.6097956895828247,751.0,745.0,0.6461113691329956,0.01,0.22118300199508667,0.609822154045105,0.6107627749443054,0.6088541746139526,0.6119791865348816,1175.0,1169.0,0.5,0.5,0.5,240.0,240.0,16.605533599853516,0.0,0.5,0.5,0.5,0.5,240.0,240.0
2,0.6343749761581421,0.6793738007545471,0.6358749270439148,692.0,716.0,0.6337255239486694,0.01,0.26679879426956177,0.6344296336174011,0.6316872239112854,0.6395833492279053,0.6270833611488342,1204.0,1228.0,0.5,0.49947917461395264,0.5,240.0,240.0,2.5632436275482178,0.0,0.5,0.5,0.5,0.5,240.0,240.0
3,0.6208333373069763,0.680282711982727,0.6207796335220337,729.0,727.0,0.6307715773582458,0.01,0.24171504378318787,0.6202934384346008,0.6209593415260315,0.620312511920929,0.6213541626930237,1193.0,1191.0,0.5,0.5674392580986023,0.5,240.0,240.0,1.4314461946487427,0.0,0.5,0.5,0.5,0.5,240.0,240.0
4,0.6338541507720947,0.6930043697357178,0.6346787810325623,700.0,703.0,0.6239026784896851,0.0009999999,0.2693551182746887,0.6352810263633728,0.6344254016876221,0.6354166865348816,0.6338541507720947,1217.0,1220.0,0.5,0.5693185925483704,0.5,240.0,240.0,0.810200572013855,0.0,0.5,0.5,0.5,0.5,240.0,240.0
5,0.6312500238418579,0.697040855884552,0.6309412121772766,704.0,718.0,0.6173709034919739,0.0009999999,0.25945746898651123,0.6308128833770752,0.6287487149238586,0.6333333253860474,0.6260416507720947,1202.0,1216.0,0.5,0.5666059255599976,0.5,240.0,240.0,1.1595203876495361,0.0,0.5,0.5,0.5,0.5,240.0,240.0
