epoch,accuracy,auc,f1_score,fn,fp,loss,lr,mcc,npv,precision,recall,specificity,tn,tp,val_accuracy,val_auc,val_f1_score,val_fn,val_fp,val_loss,val_mcc,val_npv,val_precision,val_recall,val_specificity,val_tn,val_tp
0,0.6114583611488342,0.5972108244895935,0.6002794504165649,1013.0,989.0,0.6701374650001526,0.01,0.2076568901538849,0.6032643914222717,0.5837541818618774,0.57791668176651,0.6098958253860474,1411.0,1387.0,0.5,0.5,0.5,240.0,240.0,60.55937957763672,0.0,0.5,0.5,0.5,0.5,240.0,240.0
1,0.6312500238418579,0.6931391954421997,0.6336211562156677,705.0,699.0,0.6243295669555664,0.01,0.2689419388771057,0.6342113614082336,0.6347962617874146,0.6328125,0.635937511920929,1221.0,1215.0,0.5,0.5318902134895325,0.6666666269302368,0.0,480.0,1.7000575065612793,0.0,0.0,0.5,1.0,0.0,0.0,480.0
2,0.6427083611488342,0.7017703056335449,0.6391381025314331,698.0,679.0,0.6164055466651917,0.01,0.2830107510089874,0.6408138871192932,0.6428195834159851,0.6364583373069763,0.6463541388511658,1241.0,1222.0,0.5,0.5,0.5,240.0,240.0,4.391477108001709,0.0,0.5,0.5,0.5,0.5,240.0,240.0
3,0.6447916626930237,0.7069106101989746,0.64457768201828,683.0,679.0,0.6137908101081848,0.01,0.2907487750053406,0.6457141041755676,0.6456158757209778,0.6442708373069763,0.6463541388511658,1241.0,1237.0,0.5,0.5,0.5,240.0,240.0,3.5689587593078613,0.0,0.5,0.5,0.5,0.5,240.0,240.0
4,0.6588541865348816,0.7201051115989685,0.659008800983429,659.0,646.0,0.6034783124923706,0.0009999999,0.3205054700374603,0.6590652465820312,0.6612480282783508,0.6567708253860474,0.6635416746139526,1274.0,1261.0,0.5,0.5109722018241882,0.5,240.0,240.0,3.1586482524871826,0.0,0.5,0.5,0.5,0.5,240.0,240.0
5,0.6552083492279053,0.7203668355941772,0.6549425721168518,664.0,659.0,0.6031337380409241,0.0009999999,0.311056524515152,0.6551716923713684,0.6558746695518494,0.6541666388511658,0.6567708253860474,1261.0,1256.0,0.5,0.5561848878860474,0.5,240.0,240.0,1.8297533988952637,0.0,0.5,0.5,0.5,0.5,240.0,240.0
