epoch,accuracy,auc,f1_score,fn,fp,loss,lr,mcc,npv,precision,recall,specificity,tn,tp,val_accuracy,val_auc,val_f1_score,val_fn,val_fp,val_loss,val_mcc,val_npv,val_precision,val_recall,val_specificity,val_tn,val_tp
0,0.6187499761581421,0.6024461388587952,0.6243632435798645,952.0,983.0,0.660921037197113,0.01,0.242542564868927,0.6225076913833618,0.5956396460533142,0.6033333539962769,0.6130208373069763,1417.0,1448.0,0.5,0.5,0.0,480.0,0.0,856.038330078125,0.0,0.5,0.0,0.0,1.0,480.0,0.0
1,0.637499988079071,0.6975235939025879,0.6377648711204529,700.0,686.0,0.6257745623588562,0.01,0.2782110571861267,0.6379905343055725,0.6400839686393738,0.6354166865348816,0.6427083611488342,1234.0,1220.0,0.5,0.5,0.5,240.0,240.0,10.656078338623047,0.0,0.5,0.5,0.5,0.5,240.0,240.0
2,0.6510416865348816,0.7066084146499634,0.6513020992279053,668.0,672.0,0.619137704372406,0.01,0.3021790087223053,0.6513988375663757,0.6507276296615601,0.6520833373069763,0.6499999761581421,1248.0,1252.0,0.49791666865348816,0.5197482109069824,0.0,480.0,0.0,1.106542944908142,0.0,0.5,0.0,0.0,1.0,480.0,0.0
3,0.6411458253860474,0.7013645768165588,0.640352189540863,689.0,693.0,0.6206886172294617,0.01,0.28037041425704956,0.6406081914901733,0.6398128867149353,0.6411458253860474,0.6390625238418579,1227.0,1231.0,0.5,0.5352907776832581,0.6680800318717957,0.0,477.0,1.4895936250686646,0.020372897386550903,0.13333332538604736,0.5015674233436584,1.0,0.0062500000931322575,3.0,480.0
4,0.6578124761581421,0.71441650390625,0.6543284058570862,669.0,652.0,0.6094042658805847,0.0009999999,0.31212085485458374,0.6548623442649841,0.6573830842971802,0.651562511920929,0.6604166626930237,1268.0,1251.0,0.5,0.5320247411727905,0.6753028035163879,7.0,449.0,1.2172292470932007,0.07882864773273468,0.46666666865348816,0.5130152106285095,0.9854166507720947,0.06458333134651184,31.0,473.0
5,0.6682291626930237,0.7272027134895325,0.6686748266220093,640.0,627.0,0.6006669402122498,0.0009999999,0.3402247130870819,0.6693817377090454,0.671211302280426,0.6666666865348816,0.6734374761581421,1293.0,1280.0,0.5,0.5384960770606995,0.6740740537643433,18.0,431.0,0.9473222494125366,0.07254889607429504,0.5111111402511597,0.5173572301864624,0.9624999761581421,0.10208333283662796,49.0,462.0
