epoch,accuracy,auc,f1_score,fn,fp,loss,lr,mcc,npv,precision,recall,specificity,tn,tp,val_accuracy,val_auc,val_f1_score,val_fn,val_fp,val_loss,val_mcc,val_npv,val_precision,val_recall,val_specificity,val_tn,val_tp
0,0.5729166865348816,0.5956711769104004,0.5775697231292725,1085.0,957.0,0.6888381242752075,0.01,0.15047219395637512,0.5754449367523193,0.578785240650177,0.5479166507720947,0.5687500238418579,1443.0,1315.0,0.5,0.5,0.5,240.0,240.0,128.2692108154297,0.0,0.5,0.5,0.5,0.5,240.0,240.0
1,0.5932291746139526,0.6337611675262451,0.5929800271987915,782.0,779.0,0.6620742678642273,0.01,0.18714062869548798,0.5934782028198242,0.5936359167098999,0.5927083492279053,0.5942708253860474,1141.0,1138.0,0.5,0.550976574420929,0.011883540078997612,477.0,0.0,2.812530755996704,0.020372897386550903,0.5016043782234192,1.0,0.0062500000931322575,1.0,480.0,3.0
2,0.604687511920929,0.6421606540679932,0.6070597171783447,758.0,746.0,0.6558875441551208,0.01,0.21676914393901825,0.6076027154922485,0.6090146899223328,0.6052083373069763,0.6114583611488342,1174.0,1162.0,0.5,0.5,0.5,240.0,240.0,6.637316703796387,0.0,0.5,0.5,0.5,0.5,240.0,240.0
3,0.6036458611488342,0.6498359441757202,0.603989839553833,756.0,771.0,0.6513395309448242,0.01,0.20490168035030365,0.6027562022209167,0.6015504002571106,0.606249988079071,0.598437488079071,1149.0,1164.0,0.5,0.5020833015441895,0.5,240.0,240.0,2.9602649211883545,0.0,0.5,0.5,0.5,0.5,240.0,240.0
4,0.6197916865348816,0.6720744371414185,0.6196773648262024,727.0,738.0,0.6392729878425598,0.0009999999,0.2370615005493164,0.6188400983810425,0.6178146004676819,0.6213541626930237,0.6156250238418579,1182.0,1193.0,0.5,0.6240147352218628,0.5,240.0,240.0,1.2037698030471802,0.0,0.5,0.5,0.5,0.5,240.0,240.0
5,0.6177083253860474,0.6774490475654602,0.6191186308860779,734.0,723.0,0.6352840065956116,0.0009999999,0.24125120043754578,0.6204907298088074,0.6212676763534546,0.6177083253860474,0.6234375238418579,1197.0,1186.0,0.5,0.6219878196716309,0.5,240.0,240.0,1.0729776620864868,0.0,0.5,0.5,0.5,0.5,240.0,240.0
