epoch,accuracy,auc,f1_score,fn,fp,loss,lr,mcc,npv,precision,recall,specificity,tn,tp,val_accuracy,val_auc,val_f1_score,val_fn,val_fp,val_loss,val_mcc,val_npv,val_precision,val_recall,val_specificity,val_tn,val_tp
0,0.612500011920929,0.595644474029541,0.6052237749099731,1005.0,977.0,0.6696664690971375,0.01,0.21826885640621185,0.6082203984260559,0.5881112813949585,0.581250011920929,0.6161458492279053,1423.0,1395.0,0.5,0.5,0.5,240.0,240.0,3166.573974609375,0.0,0.5,0.5,0.5,0.5,240.0,240.0
1,0.6333333253860474,0.6759039759635925,0.6344723105430603,701.0,702.0,0.6392337679862976,0.01,0.26947924494743347,0.6351611018180847,0.6345653533935547,0.6348958611488342,0.6343749761581421,1218.0,1219.0,0.5,0.5,0.5,240.0,240.0,24.314075469970703,0.0,0.5,0.5,0.5,0.5,240.0,240.0
2,0.6421874761581421,0.6894468069076538,0.6364110708236694,697.0,698.0,0.6302913427352905,0.01,0.27364036440849304,0.6375290155410767,0.6366475820541382,0.6369791626930237,0.6364583373069763,1222.0,1223.0,0.5,0.5,0.5,240.0,240.0,5.859071731567383,0.0,0.5,0.5,0.5,0.5,240.0,240.0
3,0.6369791626930237,0.6964734196662903,0.6354681253433228,702.0,694.0,0.6236663460731506,0.01,0.2730494439601898,0.636228621006012,0.6370292901992798,0.6343749761581421,0.6385416388511658,1226.0,1218.0,0.5,0.5383702516555786,0.5,240.0,240.0,1.5483990907669067,0.0,0.5,0.5,0.5,0.5,240.0,240.0
4,0.6526041626930237,0.7121560573577881,0.6513760089874268,672.0,662.0,0.6150771975517273,0.0009999999,0.3053291141986847,0.652399480342865,0.6534031629562378,0.6499999761581421,0.6552083492279053,1258.0,1248.0,0.5,0.5437304973602295,0.5,240.0,240.0,1.8542190790176392,0.0,0.5,0.5,0.5,0.5,240.0,240.0
5,0.6572916507720947,0.7051925659179688,0.653389036655426,671.0,654.0,0.6164274215698242,0.0009999999,0.3100380301475525,0.6536122560501099,0.6563321352005005,0.6505208611488342,0.659375011920929,1266.0,1249.0,0.5,0.5542057156562805,0.5,240.0,240.0,1.0037013292312622,0.0,0.5,0.5,0.5,0.5,240.0,240.0
