epoch,accuracy,auc,f1_score,fn,fp,loss,lr,mcc,npv,precision,recall,specificity,tn,tp,val_accuracy,val_auc,val_f1_score,val_fn,val_fp,val_loss,val_mcc,val_npv,val_precision,val_recall,val_specificity,val_tn,val_tp
0,0.598437488079071,0.6899055242538452,0.5845194458961487,878.0,902.0,0.7010788321495056,0.01,0.1654316484928131,0.5841153860092163,0.6278877854347229,0.6341666579246521,0.5760416388511658,1498.0,1522.0,0.5,0.5,0.5,240.0,240.0,5.0841064453125,0.0,0.5,0.5,0.5,0.5,240.0,240.0
1,0.637499988079071,0.680458128452301,0.6328904628753662,705.0,706.0,0.6456483602523804,0.01,0.26542410254478455,0.6321061849594116,0.6324830651283264,0.6328125,0.6322916746139526,1214.0,1215.0,0.5,0.5532529950141907,0.5,240.0,240.0,0.8883588314056396,0.0,0.5,0.5,0.5,0.5,240.0,240.0
2,0.6458333134651184,0.7040359377861023,0.6453934907913208,682.0,677.0,0.6280941367149353,0.01,0.29259857535362244,0.6460869312286377,0.6464751958847046,0.6447916626930237,0.6473958492279053,1243.0,1238.0,0.5,0.5800347328186035,0.5,240.0,240.0,1.4651215076446533,0.0,0.5,0.5,0.5,0.5,240.0,240.0
3,0.6583333611488342,0.7294314503669739,0.6639281511306763,646.0,644.0,0.6070020198822021,0.01,0.32845374941825867,0.6637322902679443,0.6642335653305054,0.6635416746139526,0.6645833253860474,1276.0,1274.0,0.5,0.6197916865348816,0.5,240.0,240.0,1.0220952033996582,0.0,0.5,0.5,0.5,0.5,240.0,240.0
4,0.7010416388511658,0.7668792605400085,0.6995094418525696,577.0,575.0,0.5776521563529968,0.0009999999,0.40028679370880127,0.7005633115768433,0.7002085447311401,0.6994791626930237,0.7005208134651184,1345.0,1343.0,0.5,0.6250065565109253,0.5,240.0,240.0,1.234140396118164,0.0,0.5,0.5,0.5,0.5,240.0,240.0
5,0.7161458134651184,0.7854853868484497,0.7130466103553772,552.0,548.0,0.5611140131950378,0.0009999999,0.4273703396320343,0.7135671973228455,0.7139874696731567,0.7124999761581421,0.7145833373069763,1372.0,1368.0,0.5,0.6340125799179077,0.5,240.0,240.0,1.0698282718658447,0.0,0.5,0.5,0.5,0.5,240.0,240.0
