epoch,accuracy,auc,f1_score,fn,fp,loss,lr,mcc,npv,precision,recall,specificity,tn,tp,val_accuracy,val_auc,val_f1_score,val_fn,val_fp,val_loss,val_mcc,val_npv,val_precision,val_recall,val_specificity,val_tn,val_tp
0,0.6109374761581421,0.5930497646331787,0.6017162799835205,1008.0,994.0,0.708403468132019,0.01,0.2080334722995758,0.6033716797828674,0.5834031701087952,0.5799999833106995,0.6072916388511658,1406.0,1392.0,0.5,0.5,0.5,240.0,240.0,42.87639617919922,0.0,0.5,0.5,0.5,0.5,240.0,240.0
1,0.6484375,0.6893064379692078,0.6434366703033447,684.0,686.0,0.6390249729156494,0.01,0.28706327080726624,0.6432409286499023,0.6430801153182983,0.643750011920929,0.6427083611488342,1234.0,1236.0,0.5,0.504687488079071,0.5,240.0,240.0,3.7454330921173096,0.0,0.5,0.5,0.5,0.5,240.0,240.0
2,0.6760416626930237,0.7336081862449646,0.6741223931312561,628.0,619.0,0.6069391369819641,0.01,0.35089847445487976,0.6752379536628723,0.6760858297348022,0.6729166507720947,0.6776041388511658,1301.0,1292.0,0.5,0.595056414604187,0.5,240.0,240.0,1.317740559577942,0.0,0.5,0.5,0.5,0.5,240.0,240.0
3,0.6932291388511658,0.7582013607025146,0.6891067028045654,602.0,586.0,0.5855723023414612,0.01,0.38156336545944214,0.6895341873168945,0.6922268867492676,0.6864583492279053,0.6947916746139526,1334.0,1318.0,0.5,0.5957486629486084,0.5,240.0,240.0,1.180594563484192,0.0,0.5,0.5,0.5,0.5,240.0,240.0
4,0.71875,0.7876405119895935,0.7198688983917236,541.0,532.0,0.5577078461647034,0.0009999999,0.4413198232650757,0.7196931838989258,0.721611738204956,0.7182291746139526,0.7229166626930237,1388.0,1379.0,0.5,0.5986523628234863,0.5,240.0,240.0,1.403756856918335,0.0,0.5,0.5,0.5,0.5,240.0,240.0
5,0.7442708611488342,0.8142949938774109,0.7453517317771912,484.0,496.0,0.5304176807403564,0.0009999999,0.4898049533367157,0.746889054775238,0.7432712316513062,0.7479166388511658,0.7416666746139526,1424.0,1436.0,0.5,0.5959309935569763,0.5,240.0,240.0,1.1885521411895752,0.0,0.5,0.5,0.5,0.5,240.0,240.0
