epoch,accuracy,auc,f1_score,fn,fp,loss,lr,mcc,npv,precision,recall,specificity,tn,tp,val_accuracy,val_auc,val_f1_score,val_fn,val_fp,val_loss,val_mcc,val_npv,val_precision,val_recall,val_specificity,val_tn,val_tp
0,0.5817708373069763,0.5764039754867554,0.5738584995269775,1058.0,1057.0,0.7192955613136292,0.01,0.14887377619743347,0.5737175345420837,0.5593997240066528,0.559166669845581,0.5744791626930237,1343.0,1342.0,0.5,0.5,0.5,240.0,240.0,459.3303527832031,0.0,0.5,0.5,0.5,0.5,240.0,240.0
1,0.6130208373069763,0.6539998650550842,0.6074629426002502,771.0,714.0,0.6572309732437134,0.01,0.22727742791175842,0.6093965768814087,0.6167472004890442,0.598437488079071,0.628125011920929,1206.0,1149.0,0.5,0.5,0.5,240.0,240.0,5.950899124145508,0.0,0.5,0.5,0.5,0.5,240.0,240.0
2,0.625,0.6670501232147217,0.6208423376083374,726.0,734.0,0.6544752717018127,0.01,0.24000239372253418,0.6195143461227417,0.6192945837974548,0.621874988079071,0.6177083253860474,1186.0,1194.0,0.5,0.5,0.5,240.0,240.0,5.009407997131348,0.0,0.5,0.5,0.5,0.5,240.0,240.0
3,0.645312488079071,0.6734231114387512,0.6370954513549805,700.0,691.0,0.654157280921936,0.01,0.27591487765312195,0.6367136836051941,0.6384091973304749,0.6354166865348816,0.6401041746139526,1229.0,1220.0,0.5,0.5842209458351135,0.5,240.0,240.0,0.7642461657524109,0.0,0.5,0.5,0.5,0.5,240.0,240.0
4,0.6546875238418579,0.7107529044151306,0.6570903062820435,657.0,662.0,0.6258964538574219,0.0009999999,0.31328386068344116,0.6565999984741211,0.6561039090156555,0.6578124761581421,0.6552083492279053,1258.0,1263.0,0.5,0.5932617783546448,0.5,240.0,240.0,0.7410585880279541,0.0,0.5,0.5,0.5,0.5,240.0,240.0
5,0.668749988079071,0.7316689491271973,0.6687597632408142,635.0,637.0,0.6069229245185852,0.0009999999,0.33773401379585266,0.6692618727684021,0.6685743927955627,0.6692708134651184,0.6682291626930237,1283.0,1285.0,0.5,0.6002322435379028,0.5,240.0,240.0,0.762017548084259,0.0,0.5,0.5,0.5,0.5,240.0,240.0
