epoch,accuracy,auc,f1_score,fn,fp,loss,lr,mcc,npv,precision,recall,specificity,tn,tp,val_accuracy,val_auc,val_f1_score,val_fn,val_fp,val_loss,val_mcc,val_npv,val_precision,val_recall,val_specificity,val_tn,val_tp
0,0.5916666388511658,0.603553295135498,0.5846983790397644,1011.0,1004.0,0.7151839137077332,0.01,0.1771213561296463,0.5881714224815369,0.5804429650306702,0.5787500143051147,0.5942708253860474,1396.0,1389.0,0.5,0.5,0.6666666269302368,0.0,480.0,176.01914978027344,0.0,0.0,0.5,1.0,0.0,0.0,480.0
1,0.6343749761581421,0.6659705638885498,0.6250478029251099,712.0,734.0,0.6582893133163452,0.01,0.24751664698123932,0.6259402632713318,0.6220391392707825,0.6291666626930237,0.6177083253860474,1186.0,1208.0,0.5,0.5373155474662781,0.5,240.0,240.0,8.089611053466797,0.0,0.5,0.5,0.5,0.5,240.0,240.0
2,0.6338541507720947,0.6799904704093933,0.6300210356712341,711.0,707.0,0.642493486404419,0.01,0.2619072496891022,0.6310015320777893,0.6310020685195923,0.629687488079071,0.6317708492279053,1213.0,1209.0,0.5,0.5,0.5,240.0,240.0,4.5330729484558105,0.0,0.5,0.5,0.5,0.5,240.0,240.0
3,0.6494791507720947,0.6999587416648865,0.6498069167137146,673.0,669.0,0.6341182589530945,0.01,0.30127450823783875,0.6508305072784424,0.6508350968360901,0.6494791507720947,0.651562511920929,1251.0,1247.0,0.5,0.5782508850097656,0.5,240.0,240.0,0.890849769115448,0.0,0.5,0.5,0.5,0.5,240.0,240.0
4,0.6791666746139526,0.7320385575294495,0.6728081107139587,635.0,614.0,0.6095073223114014,0.0009999999,0.34968045353889465,0.6731176972389221,0.6766719222068787,0.6692708134651184,0.6802083253860474,1306.0,1285.0,0.5,0.5860742330551147,0.5,240.0,240.0,1.0642151832580566,0.0,0.5,0.5,0.5,0.5,240.0,240.0
5,0.682812511920929,0.7495622634887695,0.6823760867118835,618.0,594.0,0.5924937129020691,0.0009999999,0.3689482510089874,0.6821408867835999,0.6867088675498962,0.6781250238418579,0.690625011920929,1326.0,1302.0,0.5,0.5979101657867432,0.5,240.0,240.0,1.0157514810562134,0.0,0.5,0.5,0.5,0.5,240.0,240.0
