epoch,accuracy,auc,f1_score,fn,fp,loss,lr,mcc,npv,precision,recall,specificity,tn,tp,val_accuracy,val_auc,val_f1_score,val_fn,val_fp,val_loss,val_mcc,val_npv,val_precision,val_recall,val_specificity,val_tn,val_tp
0,0.5953124761581421,0.5909405946731567,0.5910643935203552,1027.0,1018.0,0.7021315097808838,0.01,0.1853550374507904,0.5917243957519531,0.5742367506027222,0.5720833539962769,0.5947916507720947,1382.0,1373.0,0.5,0.5,0.0,480.0,0.0,13.43913459777832,0.0,0.5,0.0,0.0,1.0,480.0,0.0
1,0.6505208611488342,0.6949148178100586,0.6434745788574219,688.0,676.0,0.634022057056427,0.01,0.28982770442962646,0.6442486047744751,0.6457023024559021,0.6416666507720947,0.6479166746139526,1244.0,1232.0,0.5,0.5788129568099976,0.5,240.0,240.0,1.1581612825393677,0.0,0.5,0.5,0.5,0.5,240.0,240.0
2,0.6734374761581421,0.7337174415588379,0.6746411919593811,620.0,633.0,0.6072046756744385,0.01,0.3477291166782379,0.6751482486724854,0.6725297570228577,0.6770833134651184,0.6703125238418579,1287.0,1300.0,0.5,0.5584614276885986,0.5,240.0,240.0,1.9561405181884766,0.0,0.5,0.5,0.5,0.5,240.0,240.0
3,0.7036458253860474,0.7512950301170349,0.6987079977989197,576.0,582.0,0.5924952626228333,0.01,0.397238552570343,0.6995881795883179,0.6978192925453186,0.699999988079071,0.6968749761581421,1338.0,1344.0,0.5,0.5965538024902344,0.5,240.0,240.0,2.0570473670959473,0.0,0.5,0.5,0.5,0.5,240.0,240.0
4,0.6875,0.7497228980064392,0.6858355402946472,606.0,598.0,0.5905669927597046,0.0009999999,0.37311235070228577,0.6856430768966675,0.6872385144233704,0.684374988079071,0.6885416507720947,1322.0,1314.0,0.5,0.6203103065490723,0.5,240.0,240.0,1.2620257139205933,0.0,0.5,0.5,0.5,0.5,240.0,240.0
5,0.7197916507720947,0.7910957336425781,0.7221307158470154,534.0,531.0,0.5559093356132507,0.0009999999,0.44553142786026,0.7229821085929871,0.7230046987533569,0.721875011920929,0.723437488079071,1389.0,1386.0,0.5,0.6287716627120972,0.5,240.0,240.0,1.1950421333312988,0.0,0.5,0.5,0.5,0.5,240.0,240.0
