epoch,accuracy,auc,f1_score,fn,fp,loss,lr,mcc,npv,precision,recall,specificity,tn,tp,val_accuracy,val_auc,val_f1_score,val_fn,val_fp,val_loss,val_mcc,val_npv,val_precision,val_recall,val_specificity,val_tn,val_tp
0,0.6109374761581421,0.60447758436203,0.6126241087913513,978.0,990.0,0.6940621733665466,0.01,0.2258455902338028,0.6146926879882812,0.5895522236824036,0.5924999713897705,0.609375,1410.0,1422.0,0.5,0.5,0.0,480.0,0.0,27.14871597290039,0.0,0.5,0.0,0.0,1.0,480.0,0.0
1,0.6557291746139526,0.6987614035606384,0.6456157565116882,682.0,675.0,0.6337487101554871,0.01,0.2936030626296997,0.6466463208198547,0.6471510529518127,0.6447916626930237,0.6484375,1245.0,1238.0,0.5,0.5247526168823242,0.0,480.0,0.0,5.692330837249756,0.0,0.5,0.0,0.0,1.0,480.0,0.0
2,0.6598958373069763,0.7150892019271851,0.6597013473510742,657.0,645.0,0.6191284656524658,0.01,0.32228416204452515,0.6603069305419922,0.6619496941566467,0.6578124761581421,0.6640625,1275.0,1263.0,0.5,0.5599761605262756,0.5,240.0,240.0,1.7854580879211426,0.0,0.5,0.5,0.5,0.5,240.0,240.0
3,0.6786458492279053,0.7345725297927856,0.6792448163032532,613.0,622.0,0.6103424429893494,0.01,0.3570046126842499,0.6790037155151367,0.677553117275238,0.6807291507720947,0.6760416626930237,1298.0,1307.0,0.5,0.554674506187439,0.5,240.0,240.0,0.9338240027427673,0.0,0.5,0.5,0.5,0.5,240.0,240.0
4,0.6625000238418579,0.7296224236488342,0.6658505797386169,637.0,652.0,0.6109192371368408,0.0009999999,0.32886263728141785,0.6651415228843689,0.6630491018295288,0.6682291626930237,0.6604166626930237,1268.0,1283.0,0.5,0.5462825298309326,0.5,240.0,240.0,0.846312940120697,0.0,0.5,0.5,0.5,0.5,240.0,240.0
5,0.6937500238418579,0.7625892162322998,0.6935781240463257,583.0,596.0,0.5842501521110535,0.0009999999,0.3862226903438568,0.6952046155929565,0.6916709542274475,0.6963541507720947,0.6895833611488342,1324.0,1337.0,0.5,0.5622504949569702,0.5,240.0,240.0,0.8793679475784302,0.0,0.5,0.5,0.5,0.5,240.0,240.0
