epoch,accuracy,auc,f1_score,fn,fp,loss,lr,mcc,npv,precision,recall,specificity,tn,tp,val_accuracy,val_auc,val_f1_score,val_fn,val_fp,val_loss,val_mcc,val_npv,val_precision,val_recall,val_specificity,val_tn,val_tp
0,0.6031249761581421,0.643312931060791,0.6081522107124329,935.0,938.0,0.6862856149673462,0.01,0.21716301143169403,0.6091873645782471,0.6096546053886414,0.6104166507720947,0.6072916388511658,1462.0,1465.0,0.5,0.5,0.5,240.0,240.0,6.121476173400879,0.0,0.5,0.5,0.5,0.5,240.0,240.0
1,0.6802083253860474,0.7363033890724182,0.6706671118736267,641.0,615.0,0.5988409519195557,0.01,0.34618034958839417,0.6706206202507019,0.6752904057502747,0.6661458611488342,0.6796875,1305.0,1279.0,0.5,0.5,0.5,240.0,240.0,3.3258702754974365,0.0,0.5,0.5,0.5,0.5,240.0,240.0
2,0.6953125,0.7544364333152771,0.6909086108207703,593.0,595.0,0.5876210331916809,0.01,0.38142332434654236,0.6906025409698486,0.6904266476631165,0.6911458373069763,0.6901041865348816,1325.0,1327.0,0.5,0.5611371994018555,0.5,240.0,240.0,1.1962332725524902,0.0,0.5,0.5,0.5,0.5,240.0,240.0
3,0.7020833492279053,0.7758365273475647,0.7023851275444031,572.0,569.0,0.5648319125175476,0.01,0.40588900446891785,0.7030985355377197,0.70318204164505,0.7020833492279053,0.7036458253860474,1351.0,1348.0,0.5,0.5,0.5,240.0,240.0,4.461356163024902,0.0,0.5,0.5,0.5,0.5,240.0,240.0
4,0.7244791388511658,0.7990227937698364,0.724275529384613,529.0,529.0,0.5498979091644287,0.0009999999,0.44912081956863403,0.724936306476593,0.7244791388511658,0.7244791388511658,0.7244791388511658,1391.0,1391.0,0.5,0.5779752731323242,0.5,240.0,240.0,2.076733350753784,0.0,0.5,0.5,0.5,0.5,240.0,240.0
5,0.7338541746139526,0.8185905814170837,0.7323645353317261,511.0,518.0,0.519105076789856,0.0009999999,0.4642328917980194,0.7332686185836792,0.7311883568763733,0.7338541746139526,0.7302083373069763,1402.0,1409.0,0.5,0.5801974534988403,0.5,240.0,240.0,1.747477650642395,0.0,0.5,0.5,0.5,0.5,240.0,240.0
