epoch,accuracy,auc,f1_score,fn,fp,loss,lr,mcc,npv,precision,recall,specificity,tn,tp,val_accuracy,val_auc,val_f1_score,val_fn,val_fp,val_loss,val_mcc,val_npv,val_precision,val_recall,val_specificity,val_tn,val_tp
0,0.5869791507720947,0.5672975182533264,0.5707232356071472,1066.0,1051.0,0.7277528047561646,0.01,0.14804726839065552,0.5741385221481323,0.5593291521072388,0.5558333396911621,0.5776041746139526,1349.0,1334.0,0.5,0.4989583194255829,0.0,480.0,0.0,19.346599578857422,0.0,0.5,0.0,0.0,1.0,480.0,0.0
1,0.6187499761581421,0.6607058644294739,0.6158108115196228,733.0,744.0,0.6572592258453369,0.01,0.23126839101314545,0.6168861985206604,0.6147074103355408,0.6182291507720947,0.612500011920929,1176.0,1187.0,0.5,0.5,0.5,240.0,240.0,4.8576178550720215,0.0,0.5,0.5,0.5,0.5,240.0,240.0
2,0.6614583134651184,0.7126345634460449,0.6558948159217834,657.0,669.0,0.6204168200492859,0.01,0.309847891330719,0.6552727818489075,0.6537266969680786,0.6578124761581421,0.651562511920929,1251.0,1263.0,0.5,0.5358766913414001,0.5,240.0,240.0,2.597844362258911,0.0,0.5,0.5,0.5,0.5,240.0,240.0
3,0.6796875,0.7427522540092468,0.6779354214668274,615.0,625.0,0.5966457724571228,0.01,0.35449591279029846,0.6780551075935364,0.6761658191680908,0.6796875,0.6744791865348816,1295.0,1305.0,0.5,0.5010416507720947,0.5,240.0,240.0,3.2343459129333496,0.0,0.5,0.5,0.5,0.5,240.0,240.0
4,0.7067708373069763,0.7761504054069519,0.707453191280365,563.0,560.0,0.5671738386154175,0.0009999999,0.41532161831855774,0.7070086598396301,0.7078769207000732,0.7067708373069763,0.7083333134651184,1360.0,1357.0,0.5,0.5385308265686035,0.5,240.0,240.0,2.815340280532837,0.0,0.5,0.5,0.5,0.5,240.0,240.0
5,0.7135416865348816,0.786547839641571,0.7130622863769531,556.0,542.0,0.5552899837493896,0.0009999999,0.42835742235183716,0.7124842405319214,0.715634822845459,0.7104166746139526,0.7177083492279053,1378.0,1364.0,0.5,0.5886631608009338,0.5,240.0,239.0,1.6661388874053955,0.0020517667289823294,0.5020201802253723,0.5010438561439514,0.5,0.5020833611488342,241.0,240.0
