epoch,accuracy,auc,f1_score,fn,fp,loss,lr,mcc,npv,precision,recall,specificity,tn,tp,val_accuracy,val_auc,val_f1_score,val_fn,val_fp,val_loss,val_mcc,val_npv,val_precision,val_recall,val_specificity,val_tn,val_tp
0,0.5859375,0.5663344264030457,0.5728023052215576,1057.0,1065.0,0.7246806621551514,0.01,0.14513875544071198,0.5721338391304016,0.5577242374420166,0.559583306312561,0.5703125,1335.0,1343.0,0.5,0.5,0.6666666269302368,0.0,480.0,30.58637237548828,0.0,0.0,0.5,1.0,0.0,0.0,480.0
1,0.6307291388511658,0.6678077578544617,0.6327111721038818,706.0,700.0,0.6543487310409546,0.01,0.2683677077293396,0.6343887448310852,0.6342737674713135,0.6322916746139526,0.6354166865348816,1220.0,1214.0,0.5,0.6180143356323242,0.6666666269302368,0.0,480.0,0.785033643245697,0.0,0.0,0.5,1.0,0.0,0.0,480.0
2,0.6619791388511658,0.7131609916687012,0.6611328125,646.0,659.0,0.6205477118492126,0.01,0.3207784593105316,0.6615930795669556,0.6590791344642639,0.6635416746139526,0.6567708253860474,1261.0,1274.0,0.5,0.6323915123939514,0.5,240.0,240.0,0.7612115144729614,0.0,0.5,0.5,0.5,0.5,240.0,240.0
3,0.6651041507720947,0.7207150459289551,0.6659522652626038,642.0,637.0,0.6143898367881775,0.01,0.3342312276363373,0.6676248908042908,0.6673629283905029,0.6656249761581421,0.6682291626930237,1283.0,1278.0,0.5,0.6371592879295349,0.5,240.0,240.0,0.9034839272499084,0.0,0.5,0.5,0.5,0.5,240.0,240.0
4,0.6864583492279053,0.7381949424743652,0.684947669506073,605.0,607.0,0.6051274538040161,0.0009999999,0.3690026104450226,0.6837497353553772,0.6841831207275391,0.6848958134651184,0.6838541626930237,1313.0,1315.0,0.5,0.6362977623939514,0.5,240.0,240.0,1.308543086051941,0.0,0.5,0.5,0.5,0.5,240.0,240.0
5,0.71875,0.7749015092849731,0.714188814163208,546.0,552.0,0.5693341493606567,0.0009999999,0.42846471071243286,0.7154541015625,0.7133956551551819,0.715624988079071,0.7124999761581421,1368.0,1374.0,0.5,0.6364865303039551,0.5,240.0,240.0,1.1575838327407837,0.0,0.5,0.5,0.5,0.5,240.0,240.0
