epoch,accuracy,auc,f1_score,fn,fp,loss,lr,mcc,npv,precision,recall,specificity,tn,tp,val_accuracy,val_auc,val_f1_score,val_fn,val_fp,val_loss,val_mcc,val_npv,val_precision,val_recall,val_specificity,val_tn,val_tp
0,0.6031249761581421,0.5877925753593445,0.5933691263198853,1010.0,1041.0,0.71378093957901,0.01,0.18220125138759613,0.5926024317741394,0.5717811584472656,0.5791666507720947,0.582812488079071,1359.0,1390.0,0.5,0.5,0.5,240.0,240.0,370.3593444824219,0.0,0.5,0.5,0.5,0.5,240.0,240.0
1,0.612500011920929,0.658257782459259,0.6129547357559204,746.0,734.0,0.6622687578201294,0.01,0.22955021262168884,0.614410400390625,0.6153039932250977,0.6114583611488342,0.6177083253860474,1186.0,1174.0,0.5,0.5,0.5,240.0,240.0,4.618353366851807,0.0,0.5,0.5,0.5,0.5,240.0,240.0
2,0.6651041507720947,0.7142652273178101,0.6573164463043213,664.0,645.0,0.6223860383033752,0.01,0.3187582790851593,0.657767117023468,0.6607049107551575,0.6541666388511658,0.6640625,1275.0,1256.0,0.5,0.5,0.5,240.0,240.0,4.580637454986572,0.0,0.5,0.5,0.5,0.5,240.0,240.0
3,0.6859375238418579,0.7364956736564636,0.6827576160430908,616.0,595.0,0.6034217476844788,0.01,0.36957913637161255,0.6829378008842468,0.6866772174835205,0.6791666746139526,0.6901041865348816,1325.0,1304.0,0.5,0.60302734375,0.5,240.0,240.0,1.9658892154693604,0.0,0.5,0.5,0.5,0.5,240.0,240.0
4,0.6989583373069763,0.7630520462989807,0.6952781677246094,584.0,587.0,0.5833691358566284,0.0009999999,0.3903122544288635,0.6953545212745667,0.694747805595398,0.6958333253860474,0.6942708492279053,1333.0,1336.0,0.5,0.6315624713897705,0.5,240.0,240.0,1.6841877698898315,0.0,0.5,0.5,0.5,0.5,240.0,240.0
5,0.7213541865348816,0.7930666208267212,0.7259809374809265,527.0,526.0,0.5556420683860779,0.0009999999,0.4518365263938904,0.7252416610717773,0.7258989214897156,0.7255208492279053,0.7260416746139526,1394.0,1393.0,0.5,0.6381444931030273,0.5,240.0,240.0,1.2694352865219116,0.0,0.5,0.5,0.5,0.5,240.0,240.0
