epoch,accuracy,auc,f1_score,fn,fp,loss,lr,mcc,npv,precision,recall,specificity,tn,tp,val_accuracy,val_auc,val_f1_score,val_fn,val_fp,val_loss,val_mcc,val_npv,val_precision,val_recall,val_specificity,val_tn,val_tp
0,0.6020833253860474,0.6125080585479736,0.5901985168457031,957.0,1040.0,0.7086879014968872,0.01,0.18610593676567078,0.592629611492157,0.5811518430709839,0.6012499928474426,0.596875011920929,1360.0,1443.0,0.5,0.5128037929534912,0.6666666269302368,0.0,480.0,23.543344497680664,0.0,0.0,0.5,1.0,0.0,0.0,480.0
1,0.6348958611488342,0.6665288805961609,0.6279574036598206,702.0,737.0,0.6548627018928528,0.01,0.2510492205619812,0.62875896692276,0.6230179071426392,0.6343749761581421,0.6161458492279053,1183.0,1218.0,0.5,0.5220551490783691,0.5,240.0,240.0,1.5786876678466797,0.0,0.5,0.5,0.5,0.5,240.0,240.0
2,0.6640625,0.7100846171379089,0.6635164022445679,639.0,659.0,0.6235840320587158,0.01,0.32426485419273376,0.664054811000824,0.6603092551231384,0.667187511920929,0.6567708253860474,1261.0,1281.0,0.5,0.535069465637207,0.5,240.0,240.0,1.206451416015625,0.0,0.5,0.5,0.5,0.5,240.0,240.0
3,0.6786458492279053,0.7460434436798096,0.6789224147796631,611.0,627.0,0.5977143049240112,0.01,0.35550615191459656,0.6791328191757202,0.6761363744735718,0.6817708611488342,0.6734374761581421,1293.0,1309.0,0.5,0.5723719596862793,0.5,240.0,240.0,1.7179144620895386,0.0,0.5,0.5,0.5,0.5,240.0,240.0
4,0.7015625238418579,0.7628158926963806,0.7004216313362122,571.0,584.0,0.5820391774177551,0.0009999999,0.3986150622367859,0.7002372145652771,0.6978789567947388,0.7026041746139526,0.6958333253860474,1336.0,1349.0,0.5,0.579223096370697,0.5,240.0,240.0,1.756726861000061,0.0,0.5,0.5,0.5,0.5,240.0,240.0
5,0.7109375,0.7855979204177856,0.7099384665489197,558.0,554.0,0.5567652583122253,0.0009999999,0.42100656032562256,0.7103773951530457,0.7108559608459473,0.7093750238418579,0.7114583253860474,1366.0,1362.0,0.5,0.5882291793823242,0.5,240.0,240.0,1.1560091972351074,0.0,0.5,0.5,0.5,0.5,240.0,240.0
