epoch,accuracy,auc,f1_score,fn,fp,loss,lr,mcc,npv,precision,recall,specificity,tn,tp,val_accuracy,val_auc,val_f1_score,val_fn,val_fp,val_loss,val_mcc,val_npv,val_precision,val_recall,val_specificity,val_tn,val_tp
0,0.6130208373069763,0.6464120745658875,0.59577476978302,952.0,955.0,0.7158482074737549,0.01,0.19474194943904877,0.5967381000518799,0.6025801301002502,0.6033333539962769,0.5994791388511658,1445.0,1448.0,0.5,0.5,0.6666666269302368,0.0,480.0,228.30557250976562,0.0,0.0,0.5,1.0,0.0,0.0,480.0
1,0.6395833492279053,0.6957255005836487,0.6381722092628479,690.0,707.0,0.6329782009124756,0.01,0.2728816568851471,0.6364144086837769,0.6350025534629822,0.640625,0.6317708492279053,1213.0,1230.0,0.5,0.5,0.5,240.0,240.0,9.036954879760742,0.0,0.5,0.5,0.5,0.5,240.0,240.0
2,0.6833333373069763,0.7405804991722107,0.681674599647522,609.0,616.0,0.6028045415878296,0.01,0.3624218702316284,0.6815223693847656,0.6803321242332458,0.682812511920929,0.6791666746139526,1304.0,1311.0,0.5,0.5,0.5,240.0,240.0,5.465879440307617,0.0,0.5,0.5,0.5,0.5,240.0,240.0
3,0.7057291865348816,0.7632648944854736,0.6975853443145752,576.0,588.0,0.5811864137649536,0.01,0.3940785527229309,0.6986271142959595,0.695652186870575,0.699999988079071,0.6937500238418579,1332.0,1344.0,0.5,0.5,0.5,240.0,240.0,4.034051895141602,0.0,0.5,0.5,0.5,0.5,240.0,240.0
4,0.706250011920929,0.782016932964325,0.7078197598457336,562.0,559.0,0.5656168460845947,0.0009999999,0.4163832664489746,0.7078569531440735,0.7083985209465027,0.7072916626930237,0.7088541388511658,1361.0,1358.0,0.5,0.5015624761581421,0.5,240.0,240.0,3.562645196914673,0.0,0.5,0.5,0.5,0.5,240.0,240.0
5,0.7255208492279053,0.8095449209213257,0.7239830493927002,533.0,524.0,0.531831681728363,0.0009999999,0.44967320561408997,0.7239606380462646,0.7257980108261108,0.7223958373069763,0.7270833253860474,1396.0,1387.0,0.5,0.5589105486869812,0.5,240.0,240.0,2.1496269702911377,0.0,0.5,0.5,0.5,0.5,240.0,240.0
