epoch,accuracy,auc,f1_score,fn,fp,loss,lr,mcc,npv,precision,recall,specificity,tn,tp,val_accuracy,val_auc,val_f1_score,val_fn,val_fp,val_loss,val_mcc,val_npv,val_precision,val_recall,val_specificity,val_tn,val_tp
0,0.5520833134651184,0.5400320291519165,0.5332856774330139,1134.0,1128.0,0.7296115159988403,0.01,0.07233650237321854,0.5360124111175537,0.5288220643997192,0.5274999737739563,0.5375000238418579,1272.0,1266.0,0.5,0.5,0.5,240.0,240.0,6.304290771484375,0.0,0.5,0.5,0.5,0.5,240.0,240.0
1,0.6020833253860474,0.6252372860908508,0.5861305594444275,792.0,795.0,0.6865059733390808,0.01,0.17367404699325562,0.5875789523124695,0.5865834355354309,0.5874999761581421,0.5859375,1125.0,1128.0,0.5,0.5819487571716309,0.5,240.0,240.0,2.2791965007781982,0.0,0.5,0.5,0.5,0.5,240.0,240.0
2,0.6578124761581421,0.6980025768280029,0.6532705426216125,663.0,671.0,0.6426637172698975,0.01,0.3055547773838043,0.6530268788337708,0.6519709825515747,0.6546875238418579,0.6505208611488342,1249.0,1257.0,0.5,0.5787738561630249,0.5,240.0,240.0,2.2342708110809326,0.0,0.5,0.5,0.5,0.5,240.0,240.0
3,0.6526041626930237,0.695397138595581,0.6474563479423523,676.0,678.0,0.6386002898216248,0.01,0.2949663996696472,0.6477089524269104,0.6472424268722534,0.6479166746139526,0.6468750238418579,1242.0,1244.0,0.5,0.5182291269302368,0.5,240.0,240.0,3.1503746509552,0.0,0.5,0.5,0.5,0.5,240.0,240.0
4,0.6963541507720947,0.7500213980674744,0.6936403512954712,591.0,583.0,0.5950295329093933,0.0009999999,0.3885757327079773,0.6934577226638794,0.6950836777687073,0.692187488079071,0.6963541507720947,1337.0,1329.0,0.5,0.5,0.5,240.0,240.0,5.133395195007324,0.0,0.5,0.5,0.5,0.5,240.0,240.0
5,0.7328125238418579,0.7949187159538269,0.732609748840332,514.0,512.0,0.5533210635185242,0.0009999999,0.465644896030426,0.732701301574707,0.7330552935600281,0.7322916388511658,0.7333333492279053,1408.0,1406.0,0.5,0.5,0.5,240.0,240.0,5.99703311920166,0.0,0.5,0.5,0.5,0.5,240.0,240.0
