epoch,accuracy,auc,f1_score,fn,fp,loss,lr,mcc,npv,precision,recall,specificity,tn,tp,val_accuracy,val_auc,val_f1_score,val_fn,val_fp,val_loss,val_mcc,val_npv,val_precision,val_recall,val_specificity,val_tn,val_tp
0,0.5395833253860474,0.5576514005661011,0.5300955772399902,1105.0,1122.0,0.7318447232246399,0.01,0.05796312168240547,0.5302339196205139,0.5357881784439087,0.5395833253860474,0.5234375,1278.0,1295.0,0.5,0.5,0.5,240.0,240.0,14.00517749786377,0.0,0.5,0.5,0.5,0.5,240.0,240.0
1,0.5932291746139526,0.6239798665046692,0.5909014940261841,773.0,810.0,0.687794029712677,0.01,0.17598429322242737,0.5904792547225952,0.5861011743545532,0.5973958373069763,0.578125,1110.0,1147.0,0.5,0.5302473902702332,0.6676122546195984,0.0,478.0,3.518754005432129,0.011973687447607517,0.06666667014360428,0.5010438561439514,1.0,0.004166666883975267,2.0,480.0
2,0.6135416626930237,0.6524922847747803,0.6102127432823181,749.0,747.0,0.6651403307914734,0.01,0.2211499810218811,0.6097347140312195,0.6105318069458008,0.6098958253860474,0.6109374761581421,1173.0,1171.0,0.4937500059604645,0.557044267654419,0.5036514401435852,235.0,246.0,1.0337902307510376,-0.0019079764606431127,0.5010080933570862,0.49898168444633484,0.5104166865348816,0.48750001192092896,234.0,245.0
3,0.643750011920929,0.6904897689819336,0.643145740032196,683.0,690.0,0.6412516236305237,0.01,0.2850148379802704,0.6428098678588867,0.6419304609298706,0.6442708373069763,0.640625,1230.0,1237.0,0.5,0.5,0.5,240.0,240.0,6.5101847648620605,0.0,0.5,0.5,0.5,0.5,240.0,240.0
4,0.6604166626930237,0.7163034677505493,0.6626302003860474,646.0,651.0,0.6230940222740173,0.0009999999,0.3245196044445038,0.6627769470214844,0.6618182063102722,0.6635416746139526,0.660937488079071,1269.0,1274.0,0.5,0.5,0.5,240.0,240.0,4.363688945770264,0.0,0.5,0.5,0.5,0.5,240.0,240.0
5,0.6833333373069763,0.7365552186965942,0.6829457879066467,610.0,606.0,0.6051604747772217,0.0009999999,0.36669567227363586,0.683069109916687,0.6837160587310791,0.6822916865348816,0.684374988079071,1314.0,1310.0,0.5,0.5,0.5,240.0,240.0,5.340456008911133,0.0,0.5,0.5,0.5,0.5,240.0,240.0
