epoch,accuracy,auc,f1_score,fn,fp,loss,lr,mcc,npv,precision,recall,specificity,tn,tp,val_accuracy,val_auc,val_f1_score,val_fn,val_fp,val_loss,val_mcc,val_npv,val_precision,val_recall,val_specificity,val_tn,val_tp
0,0.565625011920929,0.5527310371398926,0.546217679977417,1119.0,1086.0,0.7063833475112915,0.01,0.10202208906412125,0.549177348613739,0.5411913990974426,0.5337499976158142,0.559374988079071,1314.0,1281.0,0.5,0.5,0.5,240.0,240.0,7.832143306732178,0.0,0.5,0.5,0.5,0.5,240.0,240.0
1,0.6244791746139526,0.6552426218986511,0.6147918105125427,744.0,727.0,0.6627272367477417,0.01,0.23434656858444214,0.6163680553436279,0.6179715991020203,0.612500011920929,0.6213541626930237,1193.0,1176.0,0.5,0.5,0.5,240.0,240.0,11.114452362060547,0.0,0.5,0.5,0.5,0.5,240.0,240.0
2,0.6588541865348816,0.7039138078689575,0.6588537096977234,650.0,664.0,0.634738028049469,0.01,0.3157806098461151,0.6593919396400452,0.656670093536377,0.6614583134651184,0.6541666388511658,1256.0,1270.0,0.5,0.5329752564430237,0.27330610156059265,387.0,51.0,2.9711413383483887,0.07892049849033356,0.5317479372024536,0.6458333134651184,0.19374999403953552,0.893750011920929,429.0,93.0
3,0.6734374761581421,0.723143458366394,0.6725098490715027,628.0,630.0,0.6188246011734009,0.01,0.344856858253479,0.67268967628479,0.6722164154052734,0.6729166507720947,0.671875,1290.0,1292.0,0.5,0.5345442295074463,0.47270360589027405,267.0,187.0,1.9096453189849854,0.04808061569929123,0.5349305272102356,0.5325000286102295,0.4437499940395355,0.6104166507720947,293.0,213.0
4,0.6677083373069763,0.723465085029602,0.6657240986824036,632.0,661.0,0.6132072806358337,0.0009999999,0.32682618498802185,0.6659082174301147,0.6608517169952393,0.6708333492279053,0.6557291746139526,1259.0,1288.0,0.5,0.5387521982192993,0.5,240.0,240.0,3.2540295124053955,0.0,0.5,0.5,0.5,0.5,240.0,240.0
5,0.7229166626930237,0.7818779349327087,0.7234209775924683,528.0,536.0,0.5644878149032593,0.0009999999,0.44591185450553894,0.7240241765975952,0.7219917178153992,0.7250000238418579,0.7208333611488342,1384.0,1392.0,0.5,0.5219552516937256,0.5,240.0,240.0,3.669736623764038,0.0,0.5,0.5,0.5,0.5,240.0,240.0
