epoch,accuracy,auc,f1_score,fn,fp,loss,lr,mcc,npv,precision,recall,specificity,tn,tp,val_accuracy,val_auc,val_f1_score,val_fn,val_fp,val_loss,val_mcc,val_npv,val_precision,val_recall,val_specificity,val_tn,val_tp
0,0.5338541865348816,0.5175020098686218,0.5142249464988708,1174.0,1156.0,0.7323205471038818,0.01,0.03695104643702507,0.5187508463859558,0.514693558216095,0.5108333230018616,0.5229166746139526,1244.0,1226.0,0.5,0.5,0.5,240.0,240.0,25.40617561340332,0.0,0.5,0.5,0.5,0.5,240.0,240.0
1,0.551562488079071,0.5503979921340942,0.5360613465309143,884.0,903.0,0.7033112645149231,0.01,0.0698147788643837,0.5348407626152039,0.5342960357666016,0.5395833253860474,0.5296875238418579,1017.0,1036.0,0.5,0.5151085257530212,0.5,240.0,240.0,4.019780158996582,0.0,0.5,0.5,0.5,0.5,240.0,240.0
2,0.551562488079071,0.5826073884963989,0.5493531823158264,870.0,853.0,0.6910219788551331,0.01,0.10281708091497421,0.5503098964691162,0.5517603754997253,0.546875,0.5557291507720947,1067.0,1050.0,0.5,0.5219119191169739,0.43662703037261963,296.0,160.0,1.9785293340682983,0.04183529317378998,0.5221514105796814,0.5348837375640869,0.38333332538604736,0.6666666865348816,320.0,184.0
3,0.6067708134651184,0.6430996656417847,0.6055144667625427,759.0,753.0,0.6678277254104614,0.01,0.21269232034683228,0.6060250401496887,0.6065830588340759,0.604687511920929,0.6078125238418579,1167.0,1161.0,0.5,0.5183875560760498,0.5,240.0,240.0,3.586578369140625,0.0,0.5,0.5,0.5,0.5,240.0,240.0
4,0.6187499761581421,0.6549170017242432,0.6173388957977295,728.0,748.0,0.6578330993652344,0.0009999999,0.23136158287525177,0.6173524260520935,0.6144329905509949,0.6208333373069763,0.6104166507720947,1172.0,1192.0,0.5,0.5383528470993042,0.5,240.0,240.0,1.9551994800567627,0.0,0.5,0.5,0.5,0.5,240.0,240.0
5,0.6265624761581421,0.6719478368759155,0.6260483264923096,717.0,720.0,0.6457843780517578,0.0009999999,0.25159433484077454,0.625968337059021,0.6255850195884705,0.6265624761581421,0.625,1200.0,1203.0,0.5,0.5505273938179016,0.5,240.0,240.0,1.5037765502929688,0.0,0.5,0.5,0.5,0.5,240.0,240.0
