epoch,accuracy,auc,f1_score,fn,fp,loss,lr,mcc,npv,precision,recall,specificity,tn,tp,val_accuracy,val_auc,val_f1_score,val_fn,val_fp,val_loss,val_mcc,val_npv,val_precision,val_recall,val_specificity,val_tn,val_tp
0,0.5369791388511658,0.5328325629234314,0.5409021973609924,1105.0,1157.0,0.737553060054779,0.01,0.07245208323001862,0.5365123152732849,0.5281403064727783,0.5395833253860474,0.5223958492279053,1243.0,1295.0,0.5,0.5,0.5,240.0,240.0,51.3100471496582,0.0,0.5,0.5,0.5,0.5,240.0,240.0
1,0.6239583492279053,0.6459370851516724,0.6071979403495789,753.0,752.0,0.6757627725601196,0.01,0.21671873331069946,0.6090417504310608,0.6081292629241943,0.6078125238418579,0.6083333492279053,1168.0,1167.0,0.5,0.5,0.5,240.0,240.0,6.673892021179199,0.0,0.5,0.5,0.5,0.5,240.0,240.0
2,0.6354166865348816,0.6676844358444214,0.6254248023033142,725.0,704.0,0.6574794054031372,0.01,0.2560070753097534,0.626934826374054,0.6292785406112671,0.6223958134651184,0.6333333253860474,1216.0,1195.0,0.5,0.5466080904006958,0.6666666269302368,0.0,480.0,1.9401050806045532,0.0,0.0,0.5,1.0,0.0,0.0,480.0
3,0.6552083492279053,0.6930131316184998,0.6522341370582581,672.0,659.0,0.646714448928833,0.01,0.3069661557674408,0.6522285342216492,0.6544310450553894,0.6499999761581421,0.6567708253860474,1261.0,1248.0,0.5,0.5255534052848816,0.5090781450271606,233.0,245.0,2.4660613536834717,0.003990292549133301,0.5,0.5020325183868408,0.5145833492279053,0.4895833432674408,235.0,247.0
4,0.6312500238418579,0.6683804392814636,0.6230500936508179,723.0,725.0,0.6505413055419922,0.0009999999,0.24607811868190765,0.623019814491272,0.6227887868881226,0.6234375238418579,0.6223958134651184,1195.0,1197.0,0.5,0.52895188331604,0.5,240.0,240.0,2.5764031410217285,0.0,0.5,0.5,0.5,0.5,240.0,240.0
5,0.6786458492279053,0.7236452698707581,0.6781957149505615,617.0,620.0,0.6172336935997009,0.0009999999,0.35577571392059326,0.6779844760894775,0.67758709192276,0.6786458492279053,0.6770833134651184,1300.0,1303.0,0.5,0.5308529138565063,0.5,240.0,240.0,2.6179189682006836,0.0,0.5,0.5,0.5,0.5,240.0,240.0
