epoch,accuracy,auc,f1_score,fn,fp,loss,lr,mcc,npv,precision,recall,specificity,tn,tp,val_accuracy,val_auc,val_f1_score,val_fn,val_fp,val_loss,val_mcc,val_npv,val_precision,val_recall,val_specificity,val_tn,val_tp
0,0.5239583253860474,0.5128171443939209,0.5040892362594604,1196.0,1165.0,0.7403721213340759,0.01,0.020119285210967064,0.5102499127388,0.5082313418388367,0.5016666650772095,0.5182291865348816,1235.0,1204.0,0.5,0.5,0.5,240.0,240.0,43.019508361816406,0.0,0.5,0.5,0.5,0.5,240.0,240.0
1,0.5916666388511658,0.6246593594551086,0.5814259052276611,807.0,791.0,0.6770190596580505,0.01,0.16803079843521118,0.5840441584587097,0.5845588445663452,0.5796874761581421,0.5880208611488342,1129.0,1113.0,0.5,0.5210763812065125,0.4978836178779602,242.0,238.0,5.226809024810791,-7.947286384535346e-09,0.5,0.5,0.4958333373069763,0.5041666626930237,242.0,238.0
2,0.640625,0.674683690071106,0.6301946043968201,719.0,689.0,0.6492488980293274,0.01,0.26691851019859314,0.6317204833030701,0.6354497075080872,0.6255208253860474,0.6411458253860474,1231.0,1201.0,0.49791666865348816,0.5249305963516235,0.0,480.0,0.0,3.2569668292999268,0.0,0.5,0.0,0.0,1.0,480.0,0.0
3,0.6541666388511658,0.7065404057502747,0.6519519090652466,667.0,671.0,0.6283654570579529,0.01,0.3032214939594269,0.6518025994300842,0.6512473821640015,0.6526041626930237,0.6505208611488342,1249.0,1253.0,0.5,0.5,0.5,240.0,240.0,6.078845024108887,0.0,0.5,0.5,0.5,0.5,240.0,240.0
4,0.6942708492279053,0.7483164072036743,0.6940290927886963,588.0,586.0,0.5963462591171265,0.0009999999,0.38855183124542236,0.694232165813446,0.694473385810852,0.6937500238418579,0.6947916746139526,1334.0,1332.0,0.5,0.503125011920929,0.5,240.0,240.0,5.221798419952393,0.0,0.5,0.5,0.5,0.5,240.0,240.0
5,0.7005208134651184,0.774836003780365,0.7001549005508423,576.0,575.0,0.569267988204956,0.0009999999,0.40053024888038635,0.700212836265564,0.7003647685050964,0.699999988079071,0.7005208134651184,1345.0,1344.0,0.5,0.54429030418396,0.5,240.0,240.0,2.6408092975616455,0.0,0.5,0.5,0.5,0.5,240.0,240.0
