epoch,accuracy,auc,f1_score,fn,fp,loss,lr,mcc,npv,precision,recall,specificity,tn,tp,val_accuracy,val_auc,val_f1_score,val_fn,val_fp,val_loss,val_mcc,val_npv,val_precision,val_recall,val_specificity,val_tn,val_tp
0,0.546875,0.5796782970428467,0.546036422252655,1058.0,1090.0,0.7260453104972839,0.01,0.0853063091635704,0.5430148243904114,0.5518091917037964,0.559166669845581,0.5328124761581421,1310.0,1342.0,0.5,0.5,0.5,240.0,240.0,22.720489501953125,0.0,0.5,0.5,0.5,0.5,240.0,240.0
1,0.609375,0.6324242949485779,0.5899370312690735,796.0,759.0,0.6779549717903137,0.01,0.19056101143360138,0.5945689082145691,0.5969198346138,0.5854166746139526,0.604687511920929,1161.0,1124.0,0.5,0.5,0.5,240.0,240.0,10.687406539916992,0.0,0.5,0.5,0.5,0.5,240.0,240.0
2,0.640625,0.6656452417373657,0.6267723441123962,725.0,695.0,0.6611335873603821,0.01,0.2608844041824341,0.6292560696601868,0.6322751045227051,0.6223958134651184,0.6380208134651184,1225.0,1195.0,0.5,0.5547308921813965,0.5,240.0,240.0,3.3619284629821777,0.0,0.5,0.5,0.5,0.5,240.0,240.0
3,0.6401041746139526,0.6804646849632263,0.6310415863990784,717.0,686.0,0.6490032076835632,0.01,0.26946303248405457,0.6334862112998962,0.6368448734283447,0.6265624761581421,0.6427083611488342,1234.0,1203.0,0.5,0.5,0.0,480.0,0.0,25.432647705078125,0.0,0.5,0.0,0.0,1.0,480.0,0.0
4,0.651562511920929,0.7049466371536255,0.6520668268203735,672.0,661.0,0.6337775588035583,0.0009999999,0.30585014820098877,0.6515771150588989,0.6537454128265381,0.6499999761581421,0.6557291746139526,1259.0,1248.0,0.5,0.5,0.5,240.0,240.0,7.618588924407959,0.0,0.5,0.5,0.5,0.5,240.0,240.0
5,0.6739583611488342,0.731509804725647,0.6726135015487671,635.0,616.0,0.6093928217887878,0.0009999999,0.3485054671764374,0.6724691987037659,0.6759600043296814,0.6692708134651184,0.6791666746139526,1304.0,1285.0,0.5,0.5046961903572083,0.5,240.0,240.0,3.861304521560669,0.0,0.5,0.5,0.5,0.5,240.0,240.0
