epoch,accuracy,auc,f1_score,fn,fp,loss,lr,mcc,npv,precision,recall,specificity,tn,tp,val_accuracy,val_auc,val_f1_score,val_fn,val_fp,val_loss,val_mcc,val_npv,val_precision,val_recall,val_specificity,val_tn,val_tp
0,0.551562488079071,0.5430122017860413,0.5411249399185181,1114.0,1132.0,0.7206733226776123,0.01,0.08080319315195084,0.5404960513114929,0.5318444967269897,0.5358333587646484,0.5354166626930237,1268.0,1286.0,0.5,0.4991427958011627,0.5,240.0,240.0,2.1384425163269043,0.0,0.5,0.5,0.5,0.5,240.0,240.0
1,0.6447916626930237,0.6872774958610535,0.6399316787719727,681.0,714.0,0.6436368823051453,0.01,0.2736501097679138,0.6387900114059448,0.6344085931777954,0.645312488079071,0.628125011920929,1206.0,1239.0,0.5,0.5,0.5,240.0,240.0,10.957354545593262,0.0,0.5,0.5,0.5,0.5,240.0,240.0
2,0.676562488079071,0.7284005284309387,0.669066846370697,632.0,642.0,0.613677978515625,0.01,0.33658429980278015,0.6691561341285706,0.6673575043678284,0.6708333492279053,0.6656249761581421,1278.0,1288.0,0.5,0.5556554198265076,0.5,240.0,240.0,1.835281491279602,0.0,0.5,0.5,0.5,0.5,240.0,240.0
3,0.7015625238418579,0.7718011140823364,0.7008746266365051,575.0,573.0,0.5743100643157959,0.01,0.4020991027355194,0.7008619904518127,0.7012513279914856,0.7005208134651184,0.7015625238418579,1347.0,1345.0,0.5,0.5,0.5,240.0,240.0,4.029877185821533,0.0,0.5,0.5,0.5,0.5,240.0,240.0
4,0.7281249761581421,0.7984400987625122,0.7282918095588684,522.0,521.0,0.5424975752830505,0.0009999999,0.45679551362991333,0.7283204793930054,0.7285044193267822,0.7281249761581421,0.7286458611488342,1399.0,1398.0,0.5,0.5979709625244141,0.5,240.0,240.0,2.4845738410949707,0.0,0.5,0.5,0.5,0.5,240.0,240.0
5,0.7552083134651184,0.8386898636817932,0.7564488649368286,466.0,470.0,0.4962139129638672,0.0009999999,0.512530505657196,0.7569158673286438,0.7557172775268555,0.7572916746139526,0.7552083134651184,1450.0,1454.0,0.5,0.5978320240974426,0.5020512938499451,239.0,240.0,1.7361873388290405,0.0020517667289823294,0.5,0.5010395050048828,0.5020833611488342,0.5,240.0,241.0
