epoch,accuracy,auc,f1_score,fn,fp,loss,lr,mcc,npv,precision,recall,specificity,tn,tp,val_accuracy,val_auc,val_f1_score,val_fn,val_fp,val_loss,val_mcc,val_npv,val_precision,val_recall,val_specificity,val_tn,val_tp
0,0.5249999761581421,0.5336607098579407,0.5189095735549927,1148.0,1166.0,0.7300055027008057,0.01,0.037603531032800674,0.5176522731781006,0.5177832841873169,0.5216666460037231,0.5177083611488342,1234.0,1252.0,0.5,0.5,0.5,240.0,240.0,22.834936141967773,0.0,0.5,0.5,0.5,0.5,240.0,240.0
1,0.6057291626930237,0.6328354477882385,0.5984536409378052,774.0,758.0,0.6751243472099304,0.01,0.2027173936367035,0.6017107367515564,0.6018907427787781,0.596875011920929,0.6052083373069763,1162.0,1146.0,0.5,0.5398827791213989,0.5,240.0,240.0,2.3750789165496826,0.0,0.5,0.5,0.5,0.5,240.0,240.0
2,0.6270833611488342,0.6668136715888977,0.6188291311264038,730.0,735.0,0.6570135951042175,0.01,0.23722237348556519,0.6188904047012329,0.6181818246841431,0.6197916865348816,0.6171875,1185.0,1190.0,0.5,0.5333311557769775,0.5,240.0,240.0,2.6114625930786133,0.0,0.5,0.5,0.5,0.5,240.0,240.0
3,0.6432291865348816,0.6970910429954529,0.6392177939414978,691.0,696.0,0.6363718509674072,0.01,0.2776629626750946,0.6392277479171753,0.6384415626525879,0.6401041746139526,0.637499988079071,1224.0,1229.0,0.5,0.5,0.5,240.0,240.0,8.409900665283203,0.0,0.5,0.5,0.5,0.5,240.0,240.0
4,0.6552083492279053,0.6993095278739929,0.647171139717102,689.0,650.0,0.6341102719306946,0.0009999999,0.3030303716659546,0.6494064927101135,0.6544391512870789,0.6411458253860474,0.6614583134651184,1270.0,1231.0,0.5,0.5,0.5,240.0,240.0,6.243625164031982,0.0,0.5,0.5,0.5,0.5,240.0,240.0
5,0.7124999761581421,0.7642576694488525,0.7112268209457397,558.0,548.0,0.5820020437240601,0.0009999999,0.42399343848228455,0.7108901143074036,0.7130889892578125,0.7093750238418579,0.7145833373069763,1372.0,1362.0,0.5,0.5,0.5,240.0,240.0,6.333862781524658,0.0,0.5,0.5,0.5,0.5,240.0,240.0
