epoch,accuracy,auc,f1_score,fn,fp,loss,lr,mcc,npv,precision,recall,specificity,tn,tp,val_accuracy,val_auc,val_f1_score,val_fn,val_fp,val_loss,val_mcc,val_npv,val_precision,val_recall,val_specificity,val_tn,val_tp
0,0.5411458611488342,0.5273749232292175,0.536640465259552,1121.0,1138.0,0.736283540725708,0.01,0.07365602999925613,0.5389832258224487,0.5291683673858643,0.5329166650772095,0.5322916507720947,1262.0,1279.0,0.5,0.5,0.5,240.0,240.0,5.8058366775512695,0.0,0.5,0.5,0.5,0.5,240.0,240.0
1,0.589062511920929,0.618504524230957,0.5784746408462524,801.0,824.0,0.6849657297134399,0.01,0.15391112864017487,0.578108549118042,0.5759135484695435,0.582812488079071,0.5708333253860474,1096.0,1119.0,0.5,0.5439583659172058,0.5,240.0,240.0,2.618114471435547,0.0,0.5,0.5,0.5,0.5,240.0,240.0
2,0.609375,0.6413217782974243,0.5977705121040344,788.0,734.0,0.6736705303192139,0.01,0.20791515707969666,0.6007728576660156,0.6066452264785767,0.5895833373069763,0.6177083253860474,1186.0,1132.0,0.5,0.5,0.5,240.0,240.0,5.609817981719971,0.0,0.5,0.5,0.5,0.5,240.0,240.0
3,0.643750011920929,0.6845734119415283,0.6434673070907593,684.0,685.0,0.6491546630859375,0.01,0.2873368561267853,0.6437563300132751,0.6434149146080017,0.643750011920929,0.6432291865348816,1235.0,1236.0,0.5,0.5,0.5,240.0,240.0,8.40683650970459,0.0,0.5,0.5,0.5,0.5,240.0,240.0
4,0.5536458492279053,0.5868597030639648,0.5473155975341797,875.0,843.0,0.6827318668365479,0.0009999999,0.10515067726373672,0.5528751611709595,0.5534957647323608,0.5442708134651184,0.5609375238418579,1077.0,1045.0,0.5,0.5010416507720947,0.5,240.0,240.0,3.504542589187622,0.0,0.5,0.5,0.5,0.5,240.0,240.0
5,0.651562511920929,0.6910618543624878,0.6492187976837158,675.0,671.0,0.6384202241897583,0.0009999999,0.2990087568759918,0.6489587426185608,0.6497912406921387,0.6484375,0.6505208611488342,1249.0,1245.0,0.5,0.5,0.5,240.0,240.0,3.8647446632385254,0.0,0.5,0.5,0.5,0.5,240.0,240.0
