epoch,accuracy,auc,f1_score,fn,fp,loss,lr,mcc,npv,precision,recall,specificity,tn,tp,val_accuracy,val_auc,val_f1_score,val_fn,val_fp,val_loss,val_mcc,val_npv,val_precision,val_recall,val_specificity,val_tn,val_tp
0,0.5401041507720947,0.5291653871536255,0.5388262271881104,1110.0,1158.0,0.7331105470657349,0.01,0.06923726201057434,0.5359308123588562,0.5269607901573181,0.5375000238418579,0.5218750238418579,1242.0,1290.0,0.5,0.5,0.5,240.0,240.0,15.515490531921387,0.0,0.5,0.5,0.5,0.5,240.0,240.0
1,0.6041666865348816,0.6208131313323975,0.5922003388404846,782.0,781.0,0.6875960826873779,0.01,0.18621660768985748,0.5937060713768005,0.5930172204971313,0.5927083492279053,0.5932291746139526,1139.0,1138.0,0.5,0.5,0.5,240.0,240.0,11.971848487854004,0.0,0.5,0.5,0.5,0.5,240.0,240.0
2,0.614062488079071,0.6481072306632996,0.6054837703704834,755.0,764.0,0.6643950343132019,0.01,0.20902352035045624,0.6042307019233704,0.6039398908615112,0.6067708134651184,0.6020833253860474,1156.0,1165.0,0.5,0.5036458373069763,0.5,240.0,240.0,3.4405300617218018,0.0,0.5,0.5,0.5,0.5,240.0,240.0
3,0.6557291746139526,0.6941400766372681,0.6551676988601685,660.0,667.0,0.636845588684082,0.01,0.3088783323764801,0.6547526717185974,0.6538661122322083,0.65625,0.6526041626930237,1253.0,1260.0,0.5,0.5932725667953491,0.5,240.0,240.0,2.5153400897979736,0.0,0.5,0.5,0.5,0.5,240.0,240.0
4,0.6744791865348816,0.7224522829055786,0.6726325750350952,630.0,625.0,0.617307722568512,0.0009999999,0.34636610746383667,0.6729527711868286,0.6736292243003845,0.671875,0.6744791865348816,1295.0,1290.0,0.5,0.5953472256660461,0.5,240.0,240.0,2.4797613620758057,0.0,0.5,0.5,0.5,0.5,240.0,240.0
5,0.7041666507720947,0.759579598903656,0.7046319842338562,569.0,564.0,0.5896230936050415,0.0009999999,0.4099271893501282,0.7042863368988037,0.7054830193519592,0.7036458253860474,0.706250011920929,1356.0,1351.0,0.5,0.6139649152755737,0.5,240.0,239.0,1.5383589267730713,0.0020517667289823294,0.5020201802253723,0.5010438561439514,0.5,0.5020833611488342,241.0,240.0
