epoch,accuracy,auc,f1_score,fn,fp,loss,lr,mcc,npv,precision,recall,specificity,tn,tp,val_accuracy,val_auc,val_f1_score,val_fn,val_fp,val_loss,val_mcc,val_npv,val_precision,val_recall,val_specificity,val_tn,val_tp
0,0.5088541507720947,0.5120398998260498,0.504939079284668,1182.0,1201.0,0.7386752963066101,0.01,0.00838054995983839,0.5050676465034485,0.5035138726234436,0.5074999928474426,0.4989583194255829,1199.0,1218.0,0.5,0.5,0.5,240.0,240.0,112.07698822021484,0.0,0.5,0.5,0.5,0.5,240.0,240.0
1,0.5213541388511658,0.5226982831954956,0.5274266004562378,874.0,994.0,0.7183892130851746,0.01,0.02735433727502823,0.513655424118042,0.5127450823783875,0.5447916388511658,0.48229166865348816,926.0,1046.0,0.5,0.5532204508781433,0.5,240.0,240.0,2.3782572746276855,0.0,0.5,0.5,0.5,0.5,240.0,240.0
2,0.5979166626930237,0.6267420649528503,0.5893533229827881,782.0,801.0,0.6705478429794312,0.01,0.17576567828655243,0.5889645218849182,0.5869004726409912,0.5927083492279053,0.582812488079071,1119.0,1138.0,0.5,0.5005208253860474,0.5,240.0,240.0,4.330281734466553,0.0,0.5,0.5,0.5,0.5,240.0,240.0
3,0.6255208253860474,0.67327880859375,0.6253359317779541,717.0,725.0,0.6503183245658875,0.01,0.249007910490036,0.6247588396072388,0.6239626407623291,0.6265624761581421,0.6223958134651184,1195.0,1203.0,0.5,0.5,0.5,240.0,240.0,4.785491466522217,0.0,0.5,0.5,0.5,0.5,240.0,240.0
4,0.6552083492279053,0.7037770748138428,0.6547725796699524,663.0,662.0,0.6340464949607849,0.0009999999,0.30990269780158997,0.6550281643867493,0.6550286412239075,0.6546875238418579,0.6552083492279053,1258.0,1257.0,0.5,0.5,0.5,240.0,240.0,7.631437301635742,0.0,0.5,0.5,0.5,0.5,240.0,240.0
5,0.676562488079071,0.7230181097984314,0.6767285466194153,622.0,618.0,0.6139861345291138,0.0009999999,0.3541966676712036,0.6767549514770508,0.6774530410766602,0.6760416626930237,0.6781250238418579,1302.0,1298.0,0.5,0.5005208253860474,0.5,240.0,240.0,4.419529438018799,0.0,0.5,0.5,0.5,0.5,240.0,240.0
