epoch,accuracy,auc,f1_score,fn,fp,loss,lr,mcc,npv,precision,recall,specificity,tn,tp,val_accuracy,val_auc,val_f1_score,val_fn,val_fp,val_loss,val_mcc,val_npv,val_precision,val_recall,val_specificity,val_tn,val_tp
0,0.53125,0.5147514343261719,0.5176845788955688,1152.0,1188.0,0.7334562540054321,0.01,0.031873177736997604,0.5179247260093689,0.5123152732849121,0.5199999809265137,0.5062500238418579,1212.0,1248.0,0.5,0.5,0.5,240.0,240.0,16.749128341674805,0.0,0.5,0.5,0.5,0.5,240.0,240.0
1,0.5916666388511658,0.6143075823783875,0.569664716720581,831.0,807.0,0.6802099347114563,0.01,0.1471705436706543,0.5737534761428833,0.574367105960846,0.567187488079071,0.5796874761581421,1113.0,1089.0,0.5,0.5084201693534851,0.5,240.0,240.0,3.4456937313079834,0.0,0.5,0.5,0.5,0.5,240.0,240.0
2,0.6380208134651184,0.6802151203155518,0.6365307569503784,703.0,686.0,0.647452712059021,0.01,0.27678707242012024,0.6372368931770325,0.6395165324211121,0.6338541507720947,0.6427083611488342,1234.0,1217.0,0.5,0.5,0.5,240.0,240.0,4.227101802825928,0.0,0.5,0.5,0.5,0.5,240.0,240.0
3,0.65625,0.6957018375396729,0.6503448486328125,675.0,663.0,0.6357167959213257,0.01,0.30322328209877014,0.6508283019065857,0.652515709400177,0.6484375,0.6546875238418579,1257.0,1245.0,0.5,0.5611631870269775,0.5536887049674988,196.0,270.0,1.1742355823516846,0.024301188066601753,0.4977777898311615,0.512635350227356,0.5916666388511658,0.4375,210.0,284.0
4,0.6484375,0.6893361210823059,0.6500924229621887,668.0,680.0,0.6393454670906067,0.0009999999,0.2980499565601349,0.6497640609741211,0.6480331420898438,0.6520833373069763,0.6458333134651184,1240.0,1252.0,0.5,0.5,0.5,240.0,240.0,4.05379581451416,0.0,0.5,0.5,0.5,0.5,240.0,240.0
5,0.6989583373069763,0.7545745372772217,0.6989002227783203,579.0,577.0,0.5941025018692017,0.0009999999,0.3979446291923523,0.698562741279602,0.6991658210754395,0.698437511920929,0.6994791626930237,1343.0,1341.0,0.5,0.5486003160476685,0.5,240.0,240.0,2.7085516452789307,0.0,0.5,0.5,0.5,0.5,240.0,240.0
