epoch,accuracy,auc,f1_score,fn,fp,loss,lr,mcc,npv,precision,recall,specificity,tn,tp,val_accuracy,val_auc,val_f1_score,val_fn,val_fp,val_loss,val_mcc,val_npv,val_precision,val_recall,val_specificity,val_tn,val_tp
0,0.5276041626930237,0.5200585126876831,0.5180692076683044,1179.0,1111.0,0.7382729053497314,0.01,0.05789674073457718,0.5288885235786438,0.5235849022865295,0.5087500214576721,0.5463541746139526,1289.0,1221.0,0.5,0.49997609853744507,0.5,240.0,240.0,4.4951324462890625,0.0,0.5,0.5,0.5,0.5,240.0,240.0
1,0.4859375059604645,0.4845997393131256,0.47873541712760925,1005.0,974.0,0.7361975908279419,0.01,-0.030959555879235268,0.48526275157928467,0.4843832850456238,0.4765625,0.49270832538604736,946.0,915.0,0.5,0.5157942771911621,0.6666666269302368,0.0,480.0,1.8239479064941406,0.0,0.0,0.5,1.0,0.0,0.0,480.0
2,0.5817708373069763,0.6018935441970825,0.5716134905815125,821.0,823.0,0.6823567152023315,0.01,0.14405661821365356,0.5723983645439148,0.5718002319335938,0.5723958611488342,0.5713541507720947,1097.0,1099.0,0.5,0.5438541173934937,0.5,240.0,240.0,2.0840632915496826,0.0,0.5,0.5,0.5,0.5,240.0,240.0
3,0.6276041865348816,0.6621606349945068,0.6214548349380493,724.0,728.0,0.6572202444076538,0.01,0.24401311576366425,0.6237099766731262,0.6216216087341309,0.6229166388511658,0.6208333373069763,1192.0,1196.0,0.5,0.5,0.5,240.0,240.0,5.658514022827148,0.0,0.5,0.5,0.5,0.5,240.0,240.0
4,0.6713541746139526,0.7216562032699585,0.6710555553436279,634.0,627.0,0.6214413046836853,0.0009999999,0.3432813584804535,0.6709081530570984,0.6722425222396851,0.6697916388511658,0.6734374761581421,1293.0,1286.0,0.5,0.5515906810760498,0.5,240.0,240.0,2.7669894695281982,0.0,0.5,0.5,0.5,0.5,240.0,240.0
5,0.6880208253860474,0.7443161606788635,0.6875964403152466,599.0,601.0,0.5992279052734375,0.0009999999,0.37502747774124146,0.6878370046615601,0.6873049139976501,0.6880208253860474,0.6869791746139526,1319.0,1321.0,0.5,0.5,0.5,240.0,240.0,6.503201007843018,0.0,0.5,0.5,0.5,0.5,240.0,240.0
