epoch,accuracy,auc,f1_score,fn,fp,loss,lr,mcc,npv,precision,recall,specificity,tn,tp,val_accuracy,val_auc,val_f1_score,val_fn,val_fp,val_loss,val_mcc,val_npv,val_precision,val_recall,val_specificity,val_tn,val_tp
0,0.5052083134651184,0.6057121157646179,0.5025663375854492,1061.0,1058.0,0.7449214458465576,0.01,0.009160866029560566,0.5041579008102417,0.5586149096488953,0.5579166412353516,0.5052083134651184,1342.0,1339.0,0.5,0.5,0.0,480.0,0.0,18.430395126342773,0.0,0.5,0.0,0.0,1.0,480.0,0.0
1,0.5171874761581421,0.5228332877159119,0.5081082582473755,956.0,905.0,0.7121201753616333,0.01,0.030868303030729294,0.5149443745613098,0.5157838463783264,0.5020833611488342,0.5286458134651184,1015.0,964.0,0.5,0.528563380241394,0.5,240.0,240.0,3.777700185775757,0.0,0.5,0.5,0.5,0.5,240.0,240.0
2,0.5822916626930237,0.6169691681861877,0.5765784382820129,814.0,806.0,0.6756590008735657,0.01,0.15642890334129333,0.5782053470611572,0.5784518718719482,0.5760416388511658,0.5802083611488342,1114.0,1106.0,0.5,0.6010981202125549,0.5,240.0,240.0,1.6479111909866333,0.0,0.5,0.5,0.5,0.5,240.0,240.0
3,0.6010416746139526,0.6406584978103638,0.599337637424469,770.0,765.0,0.6642143130302429,0.01,0.20064327120780945,0.6004101634025574,0.6005222201347351,0.5989583134651184,0.6015625,1155.0,1150.0,0.5,0.5985633730888367,0.5,240.0,240.0,2.198225498199463,0.0,0.5,0.5,0.5,0.5,240.0,240.0
4,0.6442708373069763,0.6920480728149414,0.6433653235435486,685.0,684.0,0.6387559175491333,0.0009999999,0.28699520230293274,0.6434811949729919,0.6435643434524536,0.6432291865348816,0.643750011920929,1236.0,1235.0,0.5,0.5,0.5,240.0,240.0,4.337845802307129,0.0,0.5,0.5,0.5,0.5,240.0,240.0
5,0.6656249761581421,0.7064130902290344,0.6636751890182495,648.0,641.0,0.6301653981208801,0.0009999999,0.3286847770214081,0.6637993454933167,0.6649242043495178,0.6625000238418579,0.6661458611488342,1279.0,1272.0,0.5,0.5406814217567444,0.5,240.0,240.0,2.965914487838745,0.0,0.5,0.5,0.5,0.5,240.0,240.0
