epoch,accuracy,auc,f1_score,fn,fp,loss,lr,mcc,npv,precision,recall,specificity,tn,tp,val_accuracy,val_auc,val_f1_score,val_fn,val_fp,val_loss,val_mcc,val_npv,val_precision,val_recall,val_specificity,val_tn,val_tp
0,0.503125011920929,0.5085688233375549,0.5007635951042175,1201.0,1175.0,0.7550987005233765,0.01,0.012566676363348961,0.5069490075111389,0.505054771900177,0.49958333373069763,0.5130208134651184,1225.0,1199.0,0.5,0.5276020169258118,0.0,480.0,0.0,3.57482647895813,0.0,0.5,0.0,0.0,1.0,480.0,0.0
1,0.546875,0.5606579780578613,0.5384992957115173,874.0,912.0,0.7079393863677979,0.01,0.06995395570993423,0.5361244678497314,0.5342186093330383,0.5447916388511658,0.5249999761581421,1008.0,1046.0,0.5,0.5379948019981384,0.5,240.0,240.0,2.947986602783203,0.0,0.5,0.5,0.5,0.5,240.0,240.0
2,0.604687511920929,0.629252016544342,0.5997956395149231,760.0,787.0,0.6761907935142517,0.01,0.19459281861782074,0.5983368754386902,0.5957884192466736,0.6041666865348816,0.5901041626930237,1133.0,1160.0,0.5,0.5,0.5,240.0,240.0,4.550314903259277,0.0,0.5,0.5,0.5,0.5,240.0,240.0
3,0.6390625238418579,0.6700648069381714,0.6320958733558655,704.0,712.0,0.6576559543609619,0.01,0.2626561224460602,0.631588339805603,0.6307054162025452,0.6333333253860474,0.6291666626930237,1208.0,1216.0,0.5,0.5439127683639526,0.5,240.0,240.0,2.12284779548645,0.0,0.5,0.5,0.5,0.5,240.0,240.0
4,0.6333333253860474,0.6783128380775452,0.6278483867645264,714.0,716.0,0.6455138921737671,0.0009999999,0.25541743636131287,0.6275216341018677,0.627471387386322,0.628125011920929,0.6270833611488342,1204.0,1206.0,0.5,0.5,0.5,240.0,240.0,5.3516740798950195,0.0,0.5,0.5,0.5,0.5,240.0,240.0
5,0.6583333611488342,0.7074114084243774,0.6566935181617737,664.0,649.0,0.6253498792648315,0.0009999999,0.31620776653289795,0.6568871736526489,0.6593176126480103,0.6541666388511658,0.6619791388511658,1271.0,1256.0,0.49791666865348816,0.5840907096862793,0.5177143216133118,229.0,244.0,1.1478642225265503,0.01370743103325367,0.5,0.5070707201957703,0.5229166746139526,0.49166667461395264,236.0,251.0
