epoch,accuracy,auc,f1_score,fn,fp,loss,lr,mcc,npv,precision,recall,specificity,tn,tp,val_accuracy,val_auc,val_f1_score,val_fn,val_fp,val_loss,val_mcc,val_npv,val_precision,val_recall,val_specificity,val_tn,val_tp
0,0.5406249761581421,0.5330747961997986,0.5337705612182617,1138.0,1123.0,0.727334201335907,0.01,0.0728566125035286,0.534851610660553,0.5291404724121094,0.5258333086967468,0.5401041507720947,1277.0,1262.0,0.5,0.5,0.5,240.0,240.0,9.610061645507812,0.0,0.5,0.5,0.5,0.5,240.0,240.0
1,0.5973958373069763,0.6179018616676331,0.5836365818977356,789.0,817.0,0.6886626482009888,0.01,0.16390171647071838,0.5845974683761597,0.5805954933166504,0.589062511920929,0.5744791626930237,1103.0,1131.0,0.5,0.5561610460281372,0.5,240.0,240.0,2.271380662918091,0.0,0.5,0.5,0.5,0.5,240.0,240.0
2,0.6317708492279053,0.6644541025161743,0.624631941318512,717.0,727.0,0.6552190780639648,0.01,0.24825307726860046,0.6251005530357361,0.6233160495758057,0.6265624761581421,0.6213541626930237,1193.0,1203.0,0.5,0.5,0.5,240.0,240.0,4.596375465393066,0.0,0.5,0.5,0.5,0.5,240.0,240.0
3,0.65625,0.706993579864502,0.652645468711853,665.0,670.0,0.6325069665908813,0.01,0.30476114153862,0.6530123949050903,0.6519480347633362,0.6536458134651184,0.6510416865348816,1250.0,1255.0,0.5,0.5,0.5,240.0,240.0,5.12408971786499,0.0,0.5,0.5,0.5,0.5,240.0,240.0
4,0.6645833253860474,0.7288746237754822,0.6652743816375732,644.0,640.0,0.6074115633964539,0.0009999999,0.33128055930137634,0.665280282497406,0.6659707427024841,0.6645833253860474,0.6666666865348816,1280.0,1276.0,0.5,0.6344205141067505,0.5,240.0,238.0,1.2965971231460571,0.004044246859848499,0.5039215683937073,0.5020920634269714,0.5,0.5041666626930237,242.0,240.0
5,0.7005208134651184,0.7689217925071716,0.699037492275238,579.0,576.0,0.5732213854789734,0.0009999999,0.3984535336494446,0.6988030672073364,0.6995305418968201,0.698437511920929,0.699999988079071,1344.0,1341.0,0.5,0.5,0.5,240.0,240.0,4.469124794006348,0.0,0.5,0.5,0.5,0.5,240.0,240.0
