epoch,accuracy,auc,f1_score,fn,fp,loss,lr,mcc,npv,precision,recall,specificity,tn,tp,val_accuracy,val_auc,val_f1_score,val_fn,val_fp,val_loss,val_mcc,val_npv,val_precision,val_recall,val_specificity,val_tn,val_tp
0,0.5380208492279053,0.5405119061470032,0.5334604978561401,1116.0,1140.0,0.7400141358375549,0.01,0.06806289404630661,0.5349271893501282,0.5297029614448547,0.5350000262260437,0.53125,1260.0,1284.0,0.5,0.5350803136825562,0.4875507652759552,251.0,217.0,1.9189541339874268,0.022753221914172173,0.5215233564376831,0.5134528875350952,0.47708332538604736,0.5479166507720947,263.0,229.0
1,0.6031249761581421,0.6331344842910767,0.5869206786155701,813.0,742.0,0.6784514784812927,0.01,0.19108621776103973,0.5921146869659424,0.5987020134925842,0.5765625238418579,0.6135416626930237,1178.0,1107.0,0.5,0.5005208253860474,0.5,240.0,240.0,4.182092666625977,0.0,0.5,0.5,0.5,0.5,240.0,240.0
2,0.6312500238418579,0.6836134791374207,0.6325437426567078,703.0,710.0,0.648155927658081,0.01,0.2642911970615387,0.6325017213821411,0.6315516233444214,0.6338541507720947,0.6302083134651184,1210.0,1217.0,0.5,0.5020855069160461,0.5,240.0,240.0,6.03665018081665,0.0,0.5,0.5,0.5,0.5,240.0,240.0
3,0.625,0.6578733921051025,0.6213799118995667,723.0,737.0,0.661873459815979,0.01,0.23970259726047516,0.619490385055542,0.6189244985580444,0.6234375238418579,0.6161458492279053,1183.0,1197.0,0.5,0.5762912034988403,0.5,240.0,240.0,2.0345089435577393,0.0,0.5,0.5,0.5,0.5,240.0,240.0
4,0.6901041865348816,0.7413381338119507,0.6918103098869324,590.0,595.0,0.6029292941093445,0.0009999999,0.3828570246696472,0.6919158101081848,0.6909090876579285,0.6927083134651184,0.6901041865348816,1325.0,1330.0,0.5,0.5,0.5,240.0,240.0,3.5354039669036865,0.0,0.5,0.5,0.5,0.5,240.0,240.0
5,0.7104166746139526,0.7760583758354187,0.7120821475982666,551.0,556.0,0.571932852268219,0.0009999999,0.42348209023475647,0.7123105525970459,0.7111688256263733,0.7130208611488342,0.7104166746139526,1364.0,1369.0,0.5,0.5,0.5,240.0,240.0,5.663859844207764,0.0,0.5,0.5,0.5,0.5,240.0,240.0
