epoch,accuracy,auc,f1_score,fn,fp,loss,lr,mcc,npv,precision,recall,specificity,tn,tp,val_accuracy,val_auc,val_f1_score,val_fn,val_fp,val_loss,val_mcc,val_npv,val_precision,val_recall,val_specificity,val_tn,val_tp
0,0.5151041746139526,0.5079085826873779,0.5071913599967957,1191.0,1165.0,0.7493158578872681,0.01,0.023052383214235306,0.5104984045028687,0.5092670321464539,0.5037500262260437,0.5182291865348816,1235.0,1209.0,0.5,0.5,0.5,240.0,240.0,15.93404769897461,0.0,0.5,0.5,0.5,0.5,240.0,240.0
1,0.5552083253860474,0.5844488739967346,0.5547200441360474,860.0,841.0,0.6915258765220642,0.01,0.11472830921411514,0.5552566051483154,0.557601273059845,0.5520833134651184,0.5619791746139526,1079.0,1060.0,0.5,0.5,0.5,240.0,240.0,276.7613220214844,0.0,0.5,0.5,0.5,0.5,240.0,240.0
2,0.6036458611488342,0.6382575035095215,0.5938870906829834,784.0,766.0,0.6668867468833923,0.01,0.192989781498909,0.596276581287384,0.5972660183906555,0.5916666388511658,0.6010416746139526,1154.0,1136.0,0.5,0.5,0.5,240.0,240.0,9.347688674926758,0.0,0.5,0.5,0.5,0.5,240.0,240.0
3,0.6317708492279053,0.6578242778778076,0.6163483262062073,744.0,718.0,0.6587174534797668,0.01,0.23896102607250214,0.6180667877197266,0.6209081411361694,0.612500011920929,0.6260416507720947,1202.0,1176.0,0.5,0.5395833253860474,0.5,240.0,240.0,4.367006778717041,0.0,0.5,0.5,0.5,0.5,240.0,240.0
4,0.6411458253860474,0.6950091123580933,0.6408153176307678,689.0,692.0,0.6338952779769897,0.0009999999,0.28086188435554504,0.6401615142822266,0.6401455998420715,0.6411458253860474,0.6395833492279053,1228.0,1231.0,0.5,0.5802474021911621,0.5865785479545593,178.0,267.0,1.3325762748718262,0.0648658499121666,0.5040000081062317,0.5307556986808777,0.6291666626930237,0.4437499940395355,213.0,302.0
5,0.6567708253860474,0.7088470458984375,0.656495213508606,660.0,658.0,0.6249428391456604,0.0009999999,0.313627690076828,0.6568078398704529,0.6569343209266663,0.65625,0.6572916507720947,1262.0,1260.0,0.5,0.5670052766799927,0.5,240.0,240.0,2.359158515930176,0.0,0.5,0.5,0.5,0.5,240.0,240.0
