epoch,accuracy,auc,f1_score,fn,fp,loss,lr,mcc,npv,precision,recall,specificity,tn,tp,val_accuracy,val_auc,val_f1_score,val_fn,val_fp,val_loss,val_mcc,val_npv,val_precision,val_recall,val_specificity,val_tn,val_tp
0,0.5718749761581421,0.5453034043312073,0.5567455291748047,1091.0,1087.0,0.7244261503219604,0.01,0.11614218354225159,0.5575866103172302,0.5463272333145142,0.5454166531562805,0.5588541626930237,1313.0,1309.0,0.5,0.5,0.5,240.0,240.0,19.97188377380371,0.0,0.5,0.5,0.5,0.5,240.0,240.0
1,0.598437488079071,0.6230859160423279,0.5832802653312683,794.0,809.0,0.6811965107917786,0.01,0.16545477509498596,0.5843161344528198,0.5819121599197388,0.5864583253860474,0.5786458253860474,1111.0,1126.0,0.5229166746139526,0.5498220920562744,0.0,480.0,0.0,2.4607460498809814,0.0,0.5,0.0,0.0,1.0,480.0,0.0
2,0.6333333253860474,0.6845000982284546,0.6275179386138916,709.0,727.0,0.639259934425354,0.01,0.25238150358200073,0.6275941133499146,0.624871015548706,0.6307291388511658,0.6213541626930237,1193.0,1211.0,0.5,0.5402994751930237,0.49947088956832886,241.0,236.0,2.9881811141967773,0.006187876220792532,0.5050504803657532,0.503157913684845,0.49791666865348816,0.5083333253860474,244.0,239.0
3,0.6312500238418579,0.6796209216117859,0.6270672082901001,714.0,718.0,0.6487235426902771,0.01,0.2542930841445923,0.627849817276001,0.6268191337585449,0.628125011920929,0.6260416507720947,1202.0,1206.0,0.5,0.5866037607192993,0.49571600556373596,245.0,224.0,1.3769325017929077,0.022290293127298355,0.5194397568702698,0.5119825601577759,0.4895833432674408,0.5333333611488342,256.0,235.0
4,0.6677083373069763,0.7279871702194214,0.6674420237541199,639.0,638.0,0.6099954843521118,0.01,0.3349454998970032,0.6671956181526184,0.6675351858139038,0.667187511920929,0.6677083373069763,1282.0,1281.0,0.5,0.5,0.5,240.0,240.0,4.389874458312988,0.0,0.5,0.5,0.5,0.5,240.0,240.0
5,0.6880208253860474,0.7448731660842896,0.6848477721214294,608.0,599.0,0.5991706848144531,0.0009999999,0.37141552567481995,0.6849965453147888,0.686551570892334,0.6833333373069763,0.6880208253860474,1321.0,1312.0,0.5,0.5955729484558105,0.5,240.0,240.0,2.1666738986968994,0.0,0.5,0.5,0.5,0.5,240.0,240.0
6,0.7145833373069763,0.7825632691383362,0.7147987484931946,548.0,547.0,0.5625613927841187,0.0009999999,0.42971116304397583,0.714680016040802,0.7149556875228882,0.7145833373069763,0.7151041626930237,1373.0,1372.0,0.5,0.5,0.5,240.0,240.0,3.909397840499878,0.0,0.5,0.5,0.5,0.5,240.0,240.0
