epoch,accuracy,auc,f1_score,fn,fp,loss,lr,mcc,npv,precision,recall,specificity,tn,tp,val_accuracy,val_auc,val_f1_score,val_fn,val_fp,val_loss,val_mcc,val_npv,val_precision,val_recall,val_specificity,val_tn,val_tp
0,0.5510416626930237,0.5382224917411804,0.5361014008522034,1135.0,1113.0,0.7183979749679565,0.01,0.079470194876194,0.5387876629829407,0.5319596529006958,0.5270833373069763,0.5453125238418579,1287.0,1265.0,0.5,0.5,0.5,240.0,240.0,13.82136058807373,0.0,0.5,0.5,0.5,0.5,240.0,240.0
1,0.6166666746139526,0.6565080285072327,0.6037334203720093,763.0,751.0,0.6652853488922119,0.01,0.21178719401359558,0.6062149405479431,0.6063941121101379,0.6026041507720947,0.6088541746139526,1169.0,1157.0,0.581250011920929,0.5975151658058167,0.5647372007369995,215.0,192.0,0.6982532739639282,0.15243862569332123,0.5740889310836792,0.579868733882904,0.5520833134651184,0.6000000238418579,288.0,265.0
2,0.6588541865348816,0.7073074579238892,0.6581330895423889,659.0,650.0,0.6264193058013916,0.01,0.3183549642562866,0.6585955023765564,0.6598639488220215,0.6567708253860474,0.6614583134651184,1270.0,1261.0,0.5,0.5529232025146484,0.5,240.0,240.0,1.958675742149353,0.0,0.5,0.5,0.5,0.5,240.0,240.0
3,0.6479166746139526,0.702410876750946,0.6438904404640198,689.0,671.0,0.631078839302063,0.01,0.2919224500656128,0.6449397802352905,0.6472134590148926,0.6411458253860474,0.6505208611488342,1249.0,1231.0,0.5,0.5889713168144226,0.5,240.0,240.0,1.1630486249923706,0.0,0.5,0.5,0.5,0.5,240.0,240.0
4,0.6812499761581421,0.7431113123893738,0.6826207041740417,607.0,614.0,0.6003907322883606,0.01,0.3641003966331482,0.6826801300048828,0.6813700199127197,0.6838541626930237,0.6802083253860474,1306.0,1313.0,0.5,0.5,0.5,240.0,240.0,5.694912910461426,0.0,0.5,0.5,0.5,0.5,240.0,240.0
5,0.7093750238418579,0.7778283953666687,0.7099934816360474,557.0,557.0,0.568650484085083,0.0009999999,0.41980794072151184,0.7097004055976868,0.7098958492279053,0.7098958492279053,0.7098958492279053,1363.0,1363.0,0.5,0.5,0.5,240.0,240.0,7.6205220222473145,0.0,0.5,0.5,0.5,0.5,240.0,240.0
6,0.7526041865348816,0.8225611448287964,0.7527942657470703,476.0,472.0,0.5193074345588684,0.0009999999,0.5062621831893921,0.7527462244033813,0.7536534667015076,0.7520833611488342,0.7541666626930237,1448.0,1444.0,0.5,0.5,0.5,240.0,240.0,6.166346073150635,0.0,0.5,0.5,0.5,0.5,240.0,240.0
