epoch,accuracy,auc,f1_score,fn,fp,loss,lr,mcc,npv,precision,recall,specificity,tn,tp,val_accuracy,val_auc,val_f1_score,val_fn,val_fp,val_loss,val_mcc,val_npv,val_precision,val_recall,val_specificity,val_tn,val_tp
0,0.5390625,0.5417397022247314,0.5337311029434204,1121.0,1114.0,0.73778235912323,0.01,0.07214343547821045,0.5377414226531982,0.534475564956665,0.5329166650772095,0.5364583134651184,1286.0,1279.0,0.5,0.5,0.5,240.0,240.0,31.78500747680664,0.0,0.5,0.5,0.5,0.5,240.0,240.0
1,0.6020833253860474,0.6256939768791199,0.5894728302955627,777.0,813.0,0.6813238263130188,0.01,0.17245028913021088,0.5876147150993347,0.5843558311462402,0.5953124761581421,0.5765625238418579,1107.0,1143.0,0.518750011920929,0.5,0.6666666269302368,0.0,480.0,9.296675682067871,0.0,0.0,0.5,1.0,0.0,0.0,480.0
2,0.6447916626930237,0.6835607886314392,0.6339859366416931,705.0,697.0,0.6488608717918396,0.01,0.27013638615608215,0.6344273686408997,0.6354602575302124,0.6328125,0.6369791626930237,1223.0,1215.0,0.5,0.525779128074646,0.5,240.0,240.0,7.203439712524414,0.0,0.5,0.5,0.5,0.5,240.0,240.0
3,0.6322916746139526,0.6849720478057861,0.6291265487670898,714.0,706.0,0.6467599868774414,0.01,0.260542631149292,0.6301985383033752,0.6307531595230103,0.628125011920929,0.6322916746139526,1214.0,1206.0,0.5,0.5,0.6666666269302368,0.0,480.0,9.232894897460938,0.0,0.0,0.5,1.0,0.0,0.0,480.0
4,0.6661458611488342,0.724175751209259,0.6634560823440552,647.0,645.0,0.6151512265205383,0.01,0.3273014426231384,0.6632257103919983,0.663712203502655,0.6630208492279053,0.6640625,1275.0,1273.0,0.5,0.5421440601348877,0.644123911857605,112.0,306.0,2.6004178524017334,0.10404007881879807,0.5060606002807617,0.5459940433502197,0.7666666507720947,0.36250001192092896,174.0,368.0
5,0.6677083373069763,0.7229477763175964,0.6680474877357483,637.0,638.0,0.6158866882324219,0.0009999999,0.33595147728919983,0.6680723428726196,0.6678813099861145,0.6682291626930237,0.6677083373069763,1282.0,1283.0,0.5,0.5,0.5,240.0,240.0,7.312744617462158,0.0,0.5,0.5,0.5,0.5,240.0,240.0
6,0.7166666388511658,0.7766489386558533,0.7167596220970154,543.0,545.0,0.5696895718574524,0.0009999999,0.43334707617759705,0.717006266117096,0.7164412140846252,0.7171875238418579,0.7161458134651184,1375.0,1377.0,0.5,0.5,0.5,240.0,240.0,5.608849048614502,0.0,0.5,0.5,0.5,0.5,240.0,240.0
