epoch,accuracy,auc,f1_score,fn,fp,loss,lr,mcc,npv,precision,recall,specificity,tn,tp,val_accuracy,val_auc,val_f1_score,val_fn,val_fp,val_loss,val_mcc,val_npv,val_precision,val_recall,val_specificity,val_tn,val_tp
0,0.49531251192092896,0.5100982785224915,0.4987437427043915,1076.0,1304.0,0.7632940411567688,0.01,0.004441769327968359,0.501323401927948,0.5038051605224609,0.5516666769981384,0.5067708492279053,1096.0,1324.0,0.5,0.5,0.5,240.0,240.0,3988.920166015625,0.0,0.5,0.5,0.5,0.5,240.0,240.0
1,0.5171874761581421,0.5210960507392883,0.5105053186416626,941.0,916.0,0.7237907648086548,0.01,0.033010877668857574,0.5176773071289062,0.5166226625442505,0.5098958611488342,0.5229166746139526,1004.0,979.0,0.5,0.5026041269302368,0.5,240.0,240.0,4.581647872924805,0.0,0.5,0.5,0.5,0.5,240.0,240.0
2,0.535937488079071,0.5334919095039368,0.5143640041351318,924.0,943.0,0.7080520391464233,0.01,0.027684273198246956,0.514638364315033,0.5136668682098389,0.518750011920929,0.5088541507720947,977.0,996.0,0.5,0.5317404270172119,0.5,240.0,240.0,0.9146965742111206,0.0,0.5,0.5,0.5,0.5,240.0,240.0
3,0.5729166865348816,0.5898944735527039,0.5639663934707642,840.0,830.0,0.6901885867118835,0.01,0.130396768450737,0.5637404322624207,0.5654450058937073,0.5625,0.5677083134651184,1090.0,1080.0,0.5,0.5151041746139526,0.5,240.0,240.0,3.3322196006774902,0.0,0.5,0.5,0.5,0.5,240.0,240.0
4,0.6177083253860474,0.6423872113227844,0.6098862886428833,752.0,744.0,0.6679311394691467,0.0009999999,0.2209772914648056,0.6092531085014343,0.6108786463737488,0.6083333492279053,0.612500011920929,1176.0,1168.0,0.5,0.5231814384460449,0.5,240.0,240.0,2.7268075942993164,0.0,0.5,0.5,0.5,0.5,240.0,240.0
5,0.620312511920929,0.6525722742080688,0.6186680197715759,734.0,728.0,0.6602588295936584,0.0009999999,0.23867663741111755,0.6188786029815674,0.6196447014808655,0.6177083253860474,0.6208333373069763,1192.0,1186.0,0.5,0.5010416507720947,0.5,240.0,240.0,3.2258682250976562,0.0,0.5,0.5,0.5,0.5,240.0,240.0
