epoch,accuracy,auc,f1_score,fn,fp,loss,lr,mcc,npv,precision,recall,specificity,tn,tp,val_accuracy,val_auc,val_f1_score,val_fn,val_fp,val_loss,val_mcc,val_npv,val_precision,val_recall,val_specificity,val_tn,val_tp
0,0.5541666746139526,0.6065765619277954,0.5339663028717041,1046.0,1034.0,0.7288238406181335,0.01,0.0746883824467659,0.5375077724456787,0.5670017004013062,0.5641666650772095,0.5416666865348816,1366.0,1354.0,0.5,0.5,0.5,240.0,240.0,17.661317825317383,0.0,0.5,0.5,0.5,0.5,240.0,240.0
1,0.5953124761581421,0.6191114187240601,0.5797832608222961,807.0,803.0,0.6847286820411682,0.01,0.1618853509426117,0.5808560252189636,0.5808976888656616,0.5796874761581421,0.5817708373069763,1117.0,1113.0,0.5,0.5,0.5,240.0,240.0,8.230788230895996,0.0,0.5,0.5,0.5,0.5,240.0,240.0
2,0.6078125238418579,0.6414187550544739,0.604012131690979,761.0,757.0,0.6704438924789429,0.01,0.20966266095638275,0.6045776605606079,0.6049060821533203,0.6036458611488342,0.6057291626930237,1163.0,1159.0,0.5,0.5334570407867432,0.5,240.0,240.0,2.5431344509124756,0.0,0.5,0.5,0.5,0.5,240.0,240.0
3,0.6177083253860474,0.6642815470695496,0.6145921945571899,738.0,743.0,0.6548668146133423,0.01,0.2289712131023407,0.6150328516960144,0.6140259504318237,0.6156250238418579,0.6130208373069763,1177.0,1182.0,0.5,0.531968355178833,0.5,240.0,240.0,3.4739344120025635,0.0,0.5,0.5,0.5,0.5,240.0,240.0
4,0.6479166746139526,0.70772784948349,0.6471731066703796,679.0,674.0,0.6255255937576294,0.0009999999,0.2954092025756836,0.6473185420036316,0.6480417847633362,0.6463541388511658,0.6489583253860474,1246.0,1241.0,0.5,0.5015624761581421,0.5,240.0,240.0,4.14967679977417,0.0,0.5,0.5,0.5,0.5,240.0,240.0
5,0.6776041388511658,0.7337278723716736,0.6768039464950562,622.0,616.0,0.6086027026176453,0.0009999999,0.35524803400039673,0.6776272654533386,0.6781609058380127,0.6760416626930237,0.6791666746139526,1304.0,1298.0,0.5,0.5196397304534912,0.5,240.0,240.0,3.3411545753479004,0.0,0.5,0.5,0.5,0.5,240.0,240.0
