epoch,accuracy,auc,f1_score,fn,fp,loss,lr,mcc,npv,precision,recall,specificity,tn,tp,val_accuracy,val_auc,val_f1_score,val_fn,val_fp,val_loss,val_mcc,val_npv,val_precision,val_recall,val_specificity,val_tn,val_tp
0,0.5609375238418579,0.5441668033599854,0.5507458448410034,1096.0,1113.0,0.714788019657135,0.01,0.10010601580142975,0.5503894686698914,0.5395117998123169,0.5433333516120911,0.5453125238418579,1287.0,1304.0,0.5,0.5,0.5,240.0,240.0,25.72821807861328,0.0,0.5,0.5,0.5,0.5,240.0,240.0
1,0.6286458373069763,0.6547402739524841,0.620032012462616,722.0,746.0,0.669822633266449,0.01,0.23609855771064758,0.6189004182815552,0.6162551641464233,0.6239583492279053,0.6114583611488342,1174.0,1198.0,0.5,0.5302647352218628,0.5,240.0,240.0,2.720456600189209,0.0,0.5,0.5,0.5,0.5,240.0,240.0
2,0.6510416865348816,0.7089599370956421,0.6444264650344849,679.0,688.0,0.6314924359321594,0.01,0.28818538784980774,0.6452494859695435,0.6433385014533997,0.6463541388511658,0.6416666507720947,1232.0,1241.0,0.5,0.5244140625,0.5,240.0,240.0,3.5520923137664795,0.0,0.5,0.5,0.5,0.5,240.0,240.0
3,0.6739583611488342,0.7316477298736572,0.6725747585296631,630.0,625.0,0.6096351146697998,0.01,0.3464435636997223,0.6730964779853821,0.6736292243003845,0.671875,0.6744791865348816,1295.0,1290.0,0.5,0.5,0.5,240.0,240.0,5.547956466674805,0.0,0.5,0.5,0.5,0.5,240.0,240.0
4,0.6875,0.751436173915863,0.6845195293426514,610.0,597.0,0.5901234149932861,0.0009999999,0.3713890016078949,0.6845959424972534,0.6869428157806396,0.6822916865348816,0.6890624761581421,1323.0,1310.0,0.5,0.5041666626930237,0.5,240.0,240.0,3.6738502979278564,0.0,0.5,0.5,0.5,0.5,240.0,240.0
5,0.7380208373069763,0.8098247647285461,0.7376074194908142,505.0,502.0,0.5295254588127136,0.0009999999,0.4755358397960663,0.7372948527336121,0.7381324768066406,0.7369791865348816,0.7385416626930237,1418.0,1415.0,0.5,0.5,0.5,240.0,240.0,5.959349155426025,0.0,0.5,0.5,0.5,0.5,240.0,240.0
