epoch,accuracy,auc,f1_score,fn,fp,loss,lr,mcc,npv,precision,recall,specificity,tn,tp,val_accuracy,val_auc,val_f1_score,val_fn,val_fp,val_loss,val_mcc,val_npv,val_precision,val_recall,val_specificity,val_tn,val_tp
0,0.5328124761581421,0.5217445492744446,0.5231854915618896,1154.0,1147.0,0.7339908480644226,0.01,0.051841411739587784,0.526871383190155,0.5206853151321411,0.5191666483879089,0.5276041626930237,1253.0,1246.0,0.5,0.5072157382965088,0.0,480.0,0.0,3.0139658451080322,0.0,0.5,0.0,0.0,1.0,480.0,0.0
1,0.5703125,0.5898907780647278,0.5587391257286072,856.0,819.0,0.6949470043182373,0.01,0.12779401242733002,0.5633885264396667,0.565055787563324,0.5541666746139526,0.573437511920929,1101.0,1064.0,0.5,0.5758267641067505,0.4836910367012024,256.0,199.0,1.3693872690200806,0.04698128625750542,0.5391743183135986,0.5295508503913879,0.46666666865348816,0.5854166746139526,281.0,224.0
2,0.6208333373069763,0.6595504879951477,0.6118699312210083,754.0,721.0,0.65974360704422,0.01,0.2321518063545227,0.6149266362190247,0.6179120540618896,0.6072916388511658,0.6244791746139526,1199.0,1166.0,0.5,0.5527256727218628,0.5,240.0,240.0,2.201535940170288,0.0,0.5,0.5,0.5,0.5,240.0,240.0
3,0.6385416388511658,0.6799652576446533,0.6358659863471985,699.0,700.0,0.6452726721763611,0.01,0.2714512050151825,0.6355368494987488,0.6356064677238464,0.635937511920929,0.6354166865348816,1220.0,1221.0,0.5,0.5451366901397705,0.5719232559204102,198.0,246.0,4.3462090492248535,0.06790733337402344,0.5022222399711609,0.5340909361839294,0.5874999761581421,0.48750001192092896,234.0,282.0
4,0.6786458492279053,0.7284916043281555,0.6782276630401611,618.0,617.0,0.6188944578170776,0.0009999999,0.35678279399871826,0.6784380674362183,0.6784783601760864,0.6781250238418579,0.6786458492279053,1303.0,1302.0,0.5,0.5303342342376709,0.5,240.0,240.0,3.86020565032959,0.0,0.5,0.5,0.5,0.5,240.0,240.0
5,0.703125,0.767183244228363,0.7030848264694214,570.0,570.0,0.5788601636886597,0.0009999999,0.4062846004962921,0.703224778175354,0.703125,0.703125,0.703125,1350.0,1350.0,0.5,0.5431076288223267,0.5,240.0,240.0,2.885810136795044,0.0,0.5,0.5,0.5,0.5,240.0,240.0
