epoch,accuracy,auc,f1_score,fn,fp,loss,lr,mcc,npv,precision,recall,specificity,tn,tp,val_accuracy,val_auc,val_f1_score,val_fn,val_fp,val_loss,val_mcc,val_npv,val_precision,val_recall,val_specificity,val_tn,val_tp
0,0.518750011920929,0.5209743976593018,0.5175164341926575,1168.0,1156.0,0.7360034584999084,0.01,0.03978128731250763,0.5190032124519348,0.5159128904342651,0.5133333206176758,0.5229166746139526,1244.0,1232.0,0.5,0.5,0.5,240.0,240.0,16.68874740600586,0.0,0.5,0.5,0.5,0.5,240.0,240.0
1,0.5760416388511658,0.594194233417511,0.5644040703773499,833.0,844.0,0.6918410658836365,0.01,0.1271708905696869,0.5627490878105164,0.5629207491874695,0.5661458373069763,0.5604166388511658,1076.0,1087.0,0.5,0.594871997833252,0.5,240.0,240.0,1.8211418390274048,0.0,0.5,0.5,0.5,0.5,240.0,240.0
2,0.6114583611488342,0.6421923637390137,0.6098982095718384,744.0,759.0,0.6671363711357117,0.01,0.21742962300777435,0.6095845699310303,0.6077519655227661,0.612500011920929,0.604687511920929,1161.0,1176.0,0.5,0.599804699420929,0.4842038154602051,256.0,172.0,1.1590293645858765,0.09386326372623444,0.5744457244873047,0.5656565427780151,0.46666666865348816,0.6416666507720947,308.0,224.0
3,0.6208333373069763,0.6611133813858032,0.6130803823471069,745.0,738.0,0.6587533354759216,0.01,0.22778652608394623,0.6131616830825806,0.614218533039093,0.6119791865348816,0.6156250238418579,1182.0,1175.0,0.5,0.5,0.0,480.0,0.0,20.5174503326416,0.0,0.5,0.0,0.0,1.0,480.0,0.0
4,0.645312488079071,0.6847895979881287,0.6418036818504333,694.0,674.0,0.6532098054885864,0.0009999999,0.2876327335834503,0.6424265503883362,0.645263135433197,0.6385416388511658,0.6489583253860474,1246.0,1226.0,0.5,0.5,0.5,240.0,240.0,7.066188335418701,0.0,0.5,0.5,0.5,0.5,240.0,240.0
5,0.6619791388511658,0.7071817517280579,0.6600015163421631,654.0,651.0,0.6331539750099182,0.0009999999,0.32041770219802856,0.6596508026123047,0.6604068875312805,0.659375011920929,0.660937488079071,1269.0,1266.0,0.5,0.5389062166213989,0.5,240.0,240.0,4.32130241394043,0.0,0.5,0.5,0.5,0.5,240.0,240.0
