epoch,accuracy,auc,f1_score,fn,fp,loss,lr,mcc,npv,precision,recall,specificity,tn,tp,val_accuracy,val_auc,val_f1_score,val_fn,val_fp,val_loss,val_mcc,val_npv,val_precision,val_recall,val_specificity,val_tn,val_tp
0,0.5182291865348816,0.5112489461898804,0.5047162771224976,1191.0,1168.0,0.7396053671836853,0.01,0.021815452724695206,0.5131369233131409,0.5086243152618408,0.5037500262260437,0.5166666507720947,1232.0,1209.0,0.5,0.5198698043823242,0.5,240.0,240.0,5.685658931732178,0.0,0.5,0.5,0.5,0.5,240.0,240.0
1,0.5791666507720947,0.6055929064750671,0.5745365619659424,810.0,834.0,0.6822198033332825,0.01,0.1445637196302414,0.5715586543083191,0.5709876418113708,0.578125,0.565625011920929,1086.0,1110.0,0.5,0.5,0.5,240.0,240.0,4.726093769073486,0.0,0.5,0.5,0.5,0.5,240.0,240.0
2,0.621874988079071,0.6587181687355042,0.6075806021690369,767.0,715.0,0.6575468182563782,0.01,0.22832651436328888,0.6127862930297852,0.6172376871109009,0.6005208492279053,0.6276041865348816,1205.0,1153.0,0.5,0.5,0.5,240.0,240.0,5.74647855758667,0.0,0.5,0.5,0.5,0.5,240.0,240.0
3,0.6395833492279053,0.6866148710250854,0.6366594433784485,701.0,691.0,0.6413657069206238,0.01,0.27505600452423096,0.6365460753440857,0.6382198929786682,0.6348958611488342,0.6401041746139526,1229.0,1219.0,0.5,0.5,0.5,240.0,240.0,5.374901294708252,0.0,0.5,0.5,0.5,0.5,240.0,240.0
4,0.6807291507720947,0.7360111474990845,0.6806089282035828,612.0,616.0,0.6026242971420288,0.0009999999,0.36043959856033325,0.6804434061050415,0.6798336505889893,0.6812499761581421,0.6791666746139526,1304.0,1308.0,0.5,0.5527061820030212,0.5,240.0,240.0,1.75443434715271,0.0,0.5,0.5,0.5,0.5,240.0,240.0
5,0.6953125,0.754033088684082,0.694352388381958,585.0,590.0,0.5874377489089966,0.0009999999,0.3880622982978821,0.6946465969085693,0.6935064792633057,0.6953125,0.6927083134651184,1330.0,1335.0,0.5,0.5547764301300049,0.5,240.0,240.0,2.419210910797119,0.0,0.5,0.5,0.5,0.5,240.0,240.0
