epoch,accuracy,auc,f1_score,fn,fp,loss,lr,mcc,npv,precision,recall,specificity,tn,tp,val_accuracy,val_auc,val_f1_score,val_fn,val_fp,val_loss,val_mcc,val_npv,val_precision,val_recall,val_specificity,val_tn,val_tp
0,0.5328124761581421,0.5265902876853943,0.5170711874961853,1176.0,1135.0,0.7442460656166077,0.01,0.04636003077030182,0.5224388837814331,0.5188639163970947,0.5099999904632568,0.5338541865348816,1265.0,1224.0,0.5,0.512499988079071,0.5,240.0,240.0,3.4648849964141846,0.0,0.5,0.5,0.5,0.5,240.0,240.0
1,0.5520833134651184,0.566516101360321,0.5400343537330627,879.0,886.0,0.7015238404273987,0.01,0.08120286464691162,0.5411159992218018,0.540217936038971,0.542187511920929,0.5385416746139526,1034.0,1041.0,0.5,0.5503233671188354,0.4944973587989807,245.0,240.0,1.5932785272598267,-0.009923959150910378,0.49057239294052124,0.49473685026168823,0.4895833432674408,0.5,240.0,235.0
2,0.5973958373069763,0.6366741061210632,0.599155068397522,752.0,810.0,0.6702450513839722,0.01,0.18671934306621552,0.5959375500679016,0.5904954671859741,0.6083333492279053,0.578125,1110.0,1168.0,0.5,0.5175629258155823,0.5,240.0,240.0,3.023793935775757,0.0,0.5,0.5,0.5,0.5,240.0,240.0
3,0.6369791626930237,0.6735867857933044,0.6363201141357422,696.0,702.0,0.6532042622566223,0.01,0.27204805612564087,0.6366875171661377,0.6355140209197998,0.637499988079071,0.6343749761581421,1218.0,1224.0,0.5,0.5,0.5,240.0,240.0,4.513051986694336,0.0,0.5,0.5,0.5,0.5,240.0,240.0
4,0.6567708253860474,0.7034963369369507,0.6492606401443481,677.0,665.0,0.6300302743911743,0.0009999999,0.30127716064453125,0.649877667427063,0.651467502117157,0.6473958492279053,0.6536458134651184,1255.0,1243.0,0.5,0.5057291984558105,0.5,240.0,240.0,3.042754888534546,0.0,0.5,0.5,0.5,0.5,240.0,240.0
5,0.6848958134651184,0.7369075417518616,0.684490978717804,608.0,601.0,0.6036836504936218,0.0009999999,0.370346337556839,0.6846603751182556,0.685833752155304,0.6833333373069763,0.6869791746139526,1319.0,1312.0,0.5,0.5,0.5,240.0,240.0,3.533668041229248,0.0,0.5,0.5,0.5,0.5,240.0,240.0
