epoch,accuracy,auc,f1_score,fn,fp,loss,lr,mcc,npv,precision,recall,specificity,tn,tp,val_accuracy,val_auc,val_f1_score,val_fn,val_fp,val_loss,val_mcc,val_npv,val_precision,val_recall,val_specificity,val_tn,val_tp
0,0.48385417461395264,0.5163909792900085,0.5089818835258484,1171.0,1188.0,0.7603512406349182,0.01,0.016914252191781998,0.5087537169456482,0.5084815621376038,0.5120833516120911,0.504687488079071,1212.0,1229.0,0.5,0.5,0.5,240.0,240.0,8.731854438781738,0.0,0.5,0.5,0.5,0.5,240.0,240.0
1,0.5869791507720947,0.6061158180236816,0.5798185467720032,800.0,816.0,0.6964243054389954,0.01,0.15867164731025696,0.5808735489845276,0.5785123705863953,0.5833333134651184,0.574999988079071,1104.0,1120.0,0.5,0.5,0.5,240.0,240.0,8.313159942626953,0.0,0.5,0.5,0.5,0.5,240.0,240.0
2,0.6052083373069763,0.6331263184547424,0.6031524538993835,764.0,752.0,0.6821326613426208,0.01,0.21069882810115814,0.6056764721870422,0.6058700084686279,0.6020833253860474,0.6083333492279053,1168.0,1156.0,0.5,0.5,0.5,240.0,240.0,9.090096473693848,0.0,0.5,0.5,0.5,0.5,240.0,240.0
3,0.6703125238418579,0.7114222645759583,0.667986273765564,637.0,638.0,0.6308839321136475,0.01,0.33604830503463745,0.6682026386260986,0.6678813099861145,0.6682291626930237,0.6677083373069763,1282.0,1283.0,0.5,0.5,0.5,240.0,240.0,4.830329418182373,0.0,0.5,0.5,0.5,0.5,240.0,240.0
4,0.6677083373069763,0.7151921987533569,0.6675622463226318,639.0,637.0,0.6261756420135498,0.0009999999,0.33548441529273987,0.6674663424491882,0.6678832173347473,0.667187511920929,0.6682291626930237,1283.0,1281.0,0.5,0.5,0.5,240.0,240.0,8.361236572265625,0.0,0.5,0.5,0.5,0.5,240.0,240.0
5,0.6937500238418579,0.7541455030441284,0.6920691728591919,591.0,592.0,0.5912448763847351,0.0009999999,0.3839099109172821,0.6919087171554565,0.6918271780014038,0.692187488079071,0.6916666626930237,1328.0,1329.0,0.5,0.5,0.5,240.0,240.0,6.836553573608398,0.0,0.5,0.5,0.5,0.5,240.0,240.0
