epoch,accuracy,auc,f1_score,fn,fp,loss,lr,mcc,npv,precision,recall,specificity,tn,tp,val_accuracy,val_auc,val_f1_score,val_fn,val_fp,val_loss,val_mcc,val_npv,val_precision,val_recall,val_specificity,val_tn,val_tp
0,0.5005208253860474,0.5019881129264832,0.49717533588409424,1205.0,1197.0,0.7413246035575867,0.01,-0.0010227446909993887,0.4986855387687683,0.4995819330215454,0.49791666865348816,0.5015624761581421,1203.0,1195.0,0.5,0.5,0.5,240.0,240.0,15.365050315856934,0.0,0.5,0.5,0.5,0.5,240.0,240.0
1,0.5994791388511658,0.6196097135543823,0.5845972299575806,802.0,786.0,0.6808702945709229,0.01,0.17326228320598602,0.5853665471076965,0.5871848464012146,0.5822916626930237,0.590624988079071,1134.0,1118.0,0.5,0.5025933384895325,0.5,240.0,240.0,5.270109176635742,0.0,0.5,0.5,0.5,0.5,240.0,240.0
2,0.6458333134651184,0.6881321668624878,0.6447240114212036,675.0,700.0,0.6441044211387634,0.01,0.28401485085487366,0.6423355937004089,0.6401028037071228,0.6484375,0.6354166865348816,1220.0,1245.0,0.5,0.5057313442230225,0.5,240.0,240.0,3.7503862380981445,0.0,0.5,0.5,0.5,0.5,240.0,240.0
3,0.675000011920929,0.7233788967132568,0.6707075834274292,633.0,631.0,0.6193114519119263,0.01,0.34184062480926514,0.6705172061920166,0.6710114479064941,0.6703125238418579,0.6713541746139526,1289.0,1287.0,0.5,0.584789514541626,0.5,240.0,240.0,2.7881407737731934,0.0,0.5,0.5,0.5,0.5,240.0,240.0
4,0.7057291865348816,0.7772854566574097,0.7064074873924255,562.0,567.0,0.5773203372955322,0.0009999999,0.4119987487792969,0.7064571976661682,0.7054545283317566,0.7072916626930237,0.7046874761581421,1353.0,1358.0,0.5,0.5067708492279053,0.5,240.0,240.0,3.735156774520874,0.0,0.5,0.5,0.5,0.5,240.0,240.0
5,0.7302083373069763,0.8002111911773682,0.7313039302825928,513.0,521.0,0.5443841814994812,0.0009999999,0.46149444580078125,0.7316777110099792,0.7297717928886414,0.7328125238418579,0.7286458611488342,1399.0,1407.0,0.5,0.5151150226593018,0.5,240.0,240.0,3.524386167526245,0.0,0.5,0.5,0.5,0.5,240.0,240.0
