epoch,accuracy,auc,f1_score,fn,fp,loss,lr,mcc,npv,precision,recall,specificity,tn,tp,val_accuracy,val_auc,val_f1_score,val_fn,val_fp,val_loss,val_mcc,val_npv,val_precision,val_recall,val_specificity,val_tn,val_tp
0,0.526562511920929,0.5182791352272034,0.5107105374336243,1179.0,1162.0,0.7286911606788635,0.01,0.030889859423041344,0.5171638131141663,0.5123793482780457,0.5087500214576721,0.5197916626930237,1238.0,1221.0,0.5,0.5369358062744141,0.5,240.0,240.0,2.587890625,0.0,0.5,0.5,0.5,0.5,240.0,240.0
1,0.5911458134651184,0.625229001045227,0.586104154586792,787.0,805.0,0.6748837828636169,0.01,0.17144781351089478,0.5878204107284546,0.5846233367919922,0.5901041626930237,0.5807291865348816,1115.0,1133.0,0.5,0.5,0.5,240.0,240.0,20.229570388793945,0.0,0.5,0.5,0.5,0.5,240.0,240.0
2,0.6588541865348816,0.7136616706848145,0.6566789150238037,646.0,687.0,0.6237323880195618,0.01,0.3059031069278717,0.6558094620704651,0.6496685147285461,0.6635416746139526,0.6421874761581421,1233.0,1274.0,0.5,0.5,0.5,240.0,240.0,6.422235488891602,0.0,0.5,0.5,0.5,0.5,240.0,240.0
3,0.699999988079071,0.7601771354675293,0.6993428468704224,576.0,579.0,0.5896095037460327,0.01,0.3985529839992523,0.6997657418251038,0.6989079713821411,0.699999988079071,0.698437511920929,1341.0,1344.0,0.5,0.544240415096283,0.6554339528083801,96.0,318.0,4.626187324523926,0.11257500946521759,0.5111110806465149,0.5470085740089417,0.800000011920929,0.3375000059604645,162.0,384.0
4,0.7114583253860474,0.7847030758857727,0.7122491598129272,557.0,544.0,0.5577432513237,0.0009999999,0.4266437590122223,0.7119844555854797,0.714735209941864,0.7098958492279053,0.7166666388511658,1376.0,1363.0,0.5,0.5083333253860474,0.5,240.0,240.0,5.6499924659729,0.0,0.5,0.5,0.5,0.5,240.0,240.0
5,0.7598958611488342,0.8302767872810364,0.7593101859092712,463.0,461.0,0.5115467309951782,0.0009999999,0.5188161730766296,0.7590183615684509,0.7596454620361328,0.7588541507720947,0.7598958611488342,1459.0,1457.0,0.5,0.5,0.5,240.0,240.0,8.159587860107422,0.0,0.5,0.5,0.5,0.5,240.0,240.0
