epoch,accuracy,auc,f1_score,fn,fp,loss,lr,mcc,npv,precision,recall,specificity,tn,tp,val_accuracy,val_auc,val_f1_score,val_fn,val_fp,val_loss,val_mcc,val_npv,val_precision,val_recall,val_specificity,val_tn,val_tp
0,0.6000000238418579,0.5822505950927734,0.5761001110076904,1037.0,1070.0,0.7095407843589783,0.01,0.1456683725118637,0.5728539228439331,0.5602137446403503,0.5679166913032532,0.5640624761581421,1330.0,1363.0,0.5,0.5,0.5,240.0,240.0,31.921430587768555,0.0,0.5,0.5,0.5,0.5,240.0,240.0
1,0.6781250238418579,0.7280692458152771,0.6756913661956787,615.0,636.0,0.6154108047485352,0.01,0.34866195917129517,0.6767747402191162,0.672333836555481,0.6796875,0.668749988079071,1284.0,1305.0,0.5,0.5,0.5,240.0,240.0,5.8073201179504395,0.0,0.5,0.5,0.5,0.5,240.0,240.0
2,0.6859375238418579,0.7397110462188721,0.6840572953224182,597.0,624.0,0.60407954454422,0.01,0.36424434185028076,0.6850792765617371,0.6795069575309753,0.6890624761581421,0.675000011920929,1296.0,1323.0,0.5,0.5,0.5,240.0,240.0,7.634008884429932,0.0,0.5,0.5,0.5,0.5,240.0,240.0
3,0.7380208373069763,0.787047266960144,0.7361623048782349,508.0,504.0,0.5641671419143677,0.01,0.4730192720890045,0.7360401153564453,0.736952006816864,0.7354166507720947,0.737500011920929,1416.0,1412.0,0.5,0.5,0.5,240.0,240.0,5.797921657562256,0.0,0.5,0.5,0.5,0.5,240.0,240.0
4,0.729687511920929,0.8019664883613586,0.7306056618690491,515.0,521.0,0.5390399098396301,0.0009999999,0.46047523617744446,0.7310006022453308,0.7294911742210388,0.7317708134651184,0.7286458611488342,1399.0,1405.0,0.5,0.5,0.5,240.0,240.0,5.858896732330322,0.0,0.5,0.5,0.5,0.5,240.0,240.0
5,0.7822916507720947,0.8505140542984009,0.7810846567153931,423.0,416.0,0.48336270451545715,0.0009999999,0.5630515813827515,0.7805555462837219,0.782540500164032,0.7796875238418579,0.7833333611488342,1504.0,1497.0,0.5,0.5,0.5,240.0,240.0,5.608736515045166,0.0,0.5,0.5,0.5,0.5,240.0,240.0
