epoch,accuracy,auc,f1_score,fn,fp,loss,lr,mcc,npv,precision,recall,specificity,tn,tp,val_accuracy,val_auc,val_f1_score,val_fn,val_fp,val_loss,val_mcc,val_npv,val_precision,val_recall,val_specificity,val_tn,val_tp
0,0.5328124761581421,0.5523908138275146,0.5247824788093567,1121.0,1135.0,0.7357416749000549,0.01,0.050255052745342255,0.5257839560508728,0.5298259854316711,0.5329166650772095,0.5218750238418579,1265.0,1279.0,0.5,0.5,0.5,240.0,240.0,41.269039154052734,0.0,0.5,0.5,0.5,0.5,240.0,240.0
1,0.6182291507720947,0.6400880217552185,0.598484992980957,774.0,758.0,0.6794235110282898,0.01,0.2023540884256363,0.6013374924659729,0.6018907427787781,0.596875011920929,0.6052083373069763,1162.0,1146.0,0.49791666865348816,0.5265907049179077,0.0,480.0,0.0,1.5933566093444824,0.0,0.5,0.0,0.0,1.0,480.0,0.0
2,0.6260416507720947,0.66294264793396,0.6132700443267822,746.0,729.0,0.6608397364616394,0.01,0.23225070536136627,0.6158679723739624,0.6169206500053406,0.6114583611488342,0.620312511920929,1191.0,1174.0,0.5,0.5419227480888367,0.5,240.0,240.0,2.828385353088379,0.0,0.5,0.5,0.5,0.5,240.0,240.0
3,0.6713541746139526,0.7089155912399292,0.6704627871513367,630.0,637.0,0.6313686370849609,0.01,0.3402058482170105,0.6710450053215027,0.6694343686103821,0.671875,0.6682291626930237,1283.0,1290.0,0.5,0.5,0.5,240.0,240.0,6.259460926055908,0.0,0.5,0.5,0.5,0.5,240.0,240.0
4,0.5536458492279053,0.5733445882797241,0.5386491417884827,892.0,860.0,0.68608158826828,0.0009999999,0.08770566433668137,0.5433036684989929,0.5444915294647217,0.5354166626930237,0.5520833134651184,1060.0,1028.0,0.5,0.5,0.5,240.0,240.0,3.4876368045806885,0.0,0.5,0.5,0.5,0.5,240.0,240.0
5,0.6213541626930237,0.6565225124359131,0.6114866733551025,753.0,730.0,0.6533207297325134,0.0009999999,0.22790734469890594,0.6123018264770508,0.6151818633079529,0.6078125238418579,0.6197916865348816,1190.0,1167.0,0.5,0.5,0.5,240.0,240.0,3.7535576820373535,0.0,0.5,0.5,0.5,0.5,240.0,240.0
