epoch,accuracy,auc,f1_score,fn,fp,loss,lr,mcc,npv,precision,recall,specificity,tn,tp,val_accuracy,val_auc,val_f1_score,val_fn,val_fp,val_loss,val_mcc,val_npv,val_precision,val_recall,val_specificity,val_tn,val_tp
0,0.49687498807907104,0.507829487323761,0.4958421289920807,1194.0,1235.0,0.744613766670227,0.01,-0.015683220699429512,0.49142172932624817,0.49405980110168457,0.5024999976158142,0.4817708432674408,1165.0,1206.0,0.5,0.5045833587646484,0.5,240.0,240.0,12.31383228302002,0.0,0.5,0.5,0.5,0.5,240.0,240.0
1,0.4958333373069763,0.4950854480266571,0.5041018724441528,923.0,1032.0,0.7324267029762268,0.01,-0.018210289999842644,0.4897862672805786,0.49137505888938904,0.5192708373069763,0.4625000059604645,888.0,997.0,0.5,0.45998480916023254,0.5010256171226501,239.0,241.0,0.8576969504356384,0.0,0.5,0.5,0.5020833611488342,0.49791666865348816,239.0,241.0
2,0.5166666507720947,0.5292381048202515,0.5158509016036987,928.0,927.0,0.7070406675338745,0.01,0.0340147390961647,0.5173376202583313,0.5169358849525452,0.5166666507720947,0.5171874761581421,993.0,992.0,0.5,0.515123724937439,0.5,240.0,240.0,0.9909700155258179,0.0,0.5,0.5,0.5,0.5,240.0,240.0
3,0.6057291626930237,0.6318971514701843,0.5948467254638672,778.0,771.0,0.6733700633049011,0.01,0.19344501197338104,0.597593367099762,0.5969681143760681,0.5947916507720947,0.598437488079071,1149.0,1142.0,0.5,0.589062511920929,0.5,240.0,240.0,1.318933129310608,0.0,0.5,0.5,0.5,0.5,240.0,240.0
4,0.6119791865348816,0.6604720950126648,0.6066557168960571,768.0,718.0,0.653656542301178,0.0009999999,0.22636933624744415,0.6119773387908936,0.6160427927970886,0.6000000238418579,0.6260416507720947,1202.0,1152.0,0.5,0.56822270154953,0.5,240.0,240.0,1.83099365234375,0.0,0.5,0.5,0.5,0.5,240.0,240.0
5,0.6536458134651184,0.7035003304481506,0.6524845361709595,670.0,662.0,0.6313015818595886,0.0009999999,0.30631011724472046,0.6523204445838928,0.6537656784057617,0.6510416865348816,0.6552083492279053,1258.0,1250.0,0.5,0.5854665637016296,0.5,240.0,240.0,1.9417306184768677,0.0,0.5,0.5,0.5,0.5,240.0,240.0
