epoch,accuracy,auc,f1_score,fn,fp,loss,lr,mcc,npv,precision,recall,specificity,tn,tp,val_accuracy,val_auc,val_f1_score,val_fn,val_fp,val_loss,val_mcc,val_npv,val_precision,val_recall,val_specificity,val_tn,val_tp
0,0.48489582538604736,0.4969983398914337,0.48972806334495544,1215.0,1219.0,0.7472821474075317,0.01,-0.017713701352477074,0.49147120118141174,0.4929284453392029,0.4937500059604645,0.49010416865348816,1181.0,1185.0,0.5,0.519446611404419,0.5,240.0,240.0,1.402640700340271,0.0,0.5,0.5,0.5,0.5,240.0,240.0
1,0.5333333611488342,0.5336257815361023,0.5357086062431335,879.0,917.0,0.7102536559104919,0.01,0.06501742452383041,0.5336255431175232,0.5316649675369263,0.542187511920929,0.5223958492279053,1003.0,1041.0,0.5,0.5661154985427856,0.5,240.0,240.0,1.8229509592056274,0.0,0.5,0.5,0.5,0.5,240.0,240.0
2,0.6369791626930237,0.6779632568359375,0.6294387578964233,711.0,711.0,0.6458353400230408,0.01,0.25967642664909363,0.6300439238548279,0.629687488079071,0.629687488079071,0.629687488079071,1209.0,1209.0,0.5,0.5887739062309265,0.5,240.0,240.0,2.023390293121338,0.0,0.5,0.5,0.5,0.5,240.0,240.0
3,0.6630208492279053,0.7035784721374512,0.6560987234115601,664.0,652.0,0.636902928352356,0.01,0.31484225392341614,0.6564834713935852,0.6582809090614319,0.6541666388511658,0.6604166626930237,1268.0,1256.0,0.5,0.5,0.5,240.0,240.0,5.833696365356445,0.0,0.5,0.5,0.5,0.5,240.0,240.0
4,0.7166666388511658,0.7764003872871399,0.7167972326278687,543.0,545.0,0.569244384765625,0.0009999999,0.4333511292934418,0.7169288396835327,0.7164412140846252,0.7171875238418579,0.7161458134651184,1375.0,1377.0,0.5,0.5,0.5,240.0,240.0,4.660789966583252,0.0,0.5,0.5,0.5,0.5,240.0,240.0
5,0.7354166507720947,0.7999919652938843,0.7367039918899536,503.0,510.0,0.5431236624717712,0.0009999999,0.47242608666419983,0.737018346786499,0.735339879989624,0.7380208373069763,0.734375,1410.0,1417.0,0.5,0.5,0.5,240.0,240.0,6.119797229766846,0.0,0.5,0.5,0.5,0.5,240.0,240.0
