epoch,accuracy,auc,f1_score,fn,fp,loss,lr,mcc,npv,precision,recall,specificity,tn,tp,val_accuracy,val_auc,val_f1_score,val_fn,val_fp,val_loss,val_mcc,val_npv,val_precision,val_recall,val_specificity,val_tn,val_tp
0,0.5270833373069763,0.5240216255187988,0.5136925578117371,1183.0,1134.0,0.7283249497413635,0.01,0.04338521510362625,0.5216526389122009,0.5176520347595215,0.5070833563804626,0.534375011920929,1266.0,1217.0,0.5,0.5,0.5,240.0,240.0,17.75920295715332,0.0,0.5,0.5,0.5,0.5,240.0,240.0
1,0.6401041746139526,0.6789679527282715,0.6331201791763306,694.0,725.0,0.6532267332077026,0.01,0.2614026665687561,0.6331698894500732,0.628395676612854,0.6385416388511658,0.6223958134651184,1195.0,1226.0,0.5,0.5508246421813965,0.5,240.0,240.0,3.9767580032348633,0.0,0.5,0.5,0.5,0.5,240.0,240.0
2,0.6723958253860474,0.7273151874542236,0.6695840954780579,638.0,627.0,0.6131262183189392,0.01,0.34130680561065674,0.6696935892105103,0.6715558171272278,0.6677083373069763,0.6734374761581421,1293.0,1282.0,0.5,0.5572590827941895,0.5,240.0,240.0,3.632147789001465,0.0,0.5,0.5,0.5,0.5,240.0,240.0
3,0.7026041746139526,0.7724863290786743,0.7023722529411316,571.0,572.0,0.5763371586799622,0.01,0.40471217036247253,0.702555775642395,0.7022384405136108,0.7026041746139526,0.7020833492279053,1348.0,1349.0,0.5,0.5568034052848816,0.5,240.0,233.0,2.27685809135437,0.013854917138814926,0.5131217241287231,0.5073995590209961,0.5,0.5145833492279053,247.0,240.0
4,0.715624988079071,0.786247193813324,0.7154293656349182,546.0,547.0,0.5556948781013489,0.0009999999,0.43076857924461365,0.7155099511146545,0.7152524590492249,0.715624988079071,0.7151041626930237,1373.0,1374.0,0.5,0.5088541507720947,0.5,240.0,240.0,4.255544662475586,0.0,0.5,0.5,0.5,0.5,240.0,240.0
5,0.7515624761581421,0.8281984925270081,0.7512888312339783,477.0,478.0,0.5123371481895447,0.0009999999,0.5026410222053528,0.7516077756881714,0.7511712908744812,0.7515624761581421,0.7510416507720947,1442.0,1443.0,0.5,0.5,0.5,240.0,240.0,5.824826240539551,0.0,0.5,0.5,0.5,0.5,240.0,240.0
