epoch,accuracy,auc,f1_score,fn,fp,loss,lr,mcc,npv,precision,recall,specificity,tn,tp,val_accuracy,val_auc,val_f1_score,val_fn,val_fp,val_loss,val_mcc,val_npv,val_precision,val_recall,val_specificity,val_tn,val_tp
0,0.5619791746139526,0.5484970808029175,0.5472263693809509,1092.0,1145.0,0.7306272387504578,0.01,0.08427035808563232,0.5434739589691162,0.5332246422767639,0.5450000166893005,0.528124988079071,1255.0,1308.0,0.5,0.5,0.5,240.0,240.0,31.434696197509766,0.0,0.5,0.5,0.5,0.5,240.0,240.0
1,0.6343749761581421,0.6670676469802856,0.6221096515655518,718.0,745.0,0.6616811752319336,0.01,0.23839960992336273,0.6196120381355286,0.6173600554466248,0.6260416507720947,0.6119791865348816,1175.0,1202.0,0.5020833611488342,0.5890169143676758,0.6097595691680908,156.0,280.0,1.374281406402588,0.07992532849311829,0.5083333253860474,0.5364238619804382,0.675000011920929,0.4166666567325592,200.0,324.0
2,0.6770833134651184,0.7312148213386536,0.674067497253418,627.0,622.0,0.6125813126564026,0.01,0.34972018003463745,0.6747919321060181,0.6751958131790161,0.6734374761581421,0.6760416626930237,1298.0,1293.0,0.5,0.5020833015441895,0.5,240.0,240.0,4.155850410461426,0.0,0.5,0.5,0.5,0.5,240.0,240.0
3,0.667187511920929,0.7245312333106995,0.6600432991981506,660.0,637.0,0.6190719604492188,0.01,0.32469111680984497,0.6605752110481262,0.6642066240310669,0.65625,0.6682291626930237,1283.0,1260.0,0.5,0.5906575322151184,0.5,240.0,240.0,2.113264560699463,0.0,0.5,0.5,0.5,0.5,240.0,240.0
4,0.7114583253860474,0.7738284468650818,0.7091386914253235,562.0,552.0,0.5740808844566345,0.01,0.419840544462204,0.7088199853897095,0.7109947800636292,0.7072916626930237,0.7124999761581421,1368.0,1358.0,0.5,0.5,0.5,240.0,240.0,8.937419891357422,0.0,0.5,0.5,0.5,0.5,240.0,240.0
5,0.7593749761581421,0.8312981128692627,0.7595164179801941,464.0,458.0,0.5075543522834778,0.0009999999,0.5198537707328796,0.7591262459754944,0.7607105374336243,0.7583333253860474,0.7614583373069763,1462.0,1456.0,0.5,0.5,0.5,240.0,240.0,7.124133586883545,0.0,0.5,0.5,0.5,0.5,240.0,240.0
6,0.7661458253860474,0.8462814688682556,0.7654648423194885,451.0,449.0,0.48633840680122375,0.0009999999,0.5312769412994385,0.7654401659965515,0.7659019827842712,0.7651041746139526,0.7661458253860474,1471.0,1469.0,0.5,0.5041731595993042,0.5,240.0,240.0,4.088240146636963,0.0,0.5,0.5,0.5,0.5,240.0,240.0
