epoch,accuracy,auc,f1_score,fn,fp,loss,lr,mcc,npv,precision,recall,specificity,tn,tp,val_accuracy,val_auc,val_f1_score,val_fn,val_fp,val_loss,val_mcc,val_npv,val_precision,val_recall,val_specificity,val_tn,val_tp
0,0.5213541388511658,0.521352231502533,0.5145789980888367,1179.0,1136.0,0.7419575452804565,0.01,0.044359881430864334,0.5230113863945007,0.5180314183235168,0.5087500214576721,0.5333333611488342,1264.0,1221.0,0.5,0.5450564026832581,0.5,240.0,240.0,52.293331146240234,0.0,0.5,0.5,0.5,0.5,240.0,240.0
1,0.5958333611488342,0.6248635649681091,0.5801973938941956,814.0,788.0,0.6825865507125854,0.01,0.1665325164794922,0.5801478028297424,0.5839493274688721,0.5760416388511658,0.5895833373069763,1132.0,1106.0,0.5,0.5,0.5,240.0,240.0,10.038251876831055,0.0,0.5,0.5,0.5,0.5,240.0,240.0
2,0.6312500238418579,0.6701133847236633,0.6256351470947266,722.0,712.0,0.6527001857757568,0.01,0.2533548176288605,0.6256929039955139,0.6272251605987549,0.6239583492279053,0.6291666626930237,1208.0,1198.0,0.5,0.5,0.5,240.0,240.0,8.214000701904297,0.0,0.5,0.5,0.5,0.5,240.0,240.0
3,0.6572916507720947,0.7104299068450928,0.6580321788787842,652.0,665.0,0.6227693557739258,0.01,0.3141498565673828,0.6584318280220032,0.6559751629829407,0.6604166626930237,0.6536458134651184,1255.0,1268.0,0.5,0.5,0.5,240.0,240.0,11.193929672241211,0.0,0.5,0.5,0.5,0.5,240.0,240.0
4,0.7015625238418579,0.7775332927703857,0.7012893557548523,571.0,578.0,0.5666062235832214,0.0009999999,0.40161624550819397,0.7016100287437439,0.7000519037246704,0.7026041746139526,0.6989583373069763,1342.0,1349.0,0.5,0.5,0.5,240.0,240.0,8.544225692749023,0.0,0.5,0.5,0.5,0.5,240.0,240.0
5,0.7369791865348816,0.8087940812110901,0.7375116348266602,504.0,504.0,0.5355647802352905,0.0009999999,0.47501423954963684,0.7374817132949829,0.737500011920929,0.737500011920929,0.737500011920929,1416.0,1416.0,0.5,0.5,0.5,240.0,240.0,7.9780473709106445,0.0,0.5,0.5,0.5,0.5,240.0,240.0
