epoch,accuracy,auc,f1_score,fn,fp,loss,lr,mcc,npv,precision,recall,specificity,tn,tp,val_accuracy,val_auc,val_f1_score,val_fn,val_fp,val_loss,val_mcc,val_npv,val_precision,val_recall,val_specificity,val_tn,val_tp
0,0.5406249761581421,0.5231881141662598,0.526357114315033,1148.0,1143.0,0.7285427451133728,0.01,0.05726020038127899,0.5280307531356812,0.5227557420730591,0.5216666460037231,0.5296875238418579,1257.0,1252.0,0.5,0.5,0.5,240.0,240.0,12.13524341583252,0.0,0.5,0.5,0.5,0.5,240.0,240.0
1,0.604687511920929,0.6252239346504211,0.594711422920227,771.0,795.0,0.6762411594390869,0.01,0.18491023778915405,0.5924113392829895,0.5910493731498718,0.598437488079071,0.5859375,1125.0,1149.0,0.5,0.5,0.5,240.0,240.0,11.125402450561523,0.0,0.5,0.5,0.5,0.5,240.0,240.0
2,0.6447916626930237,0.6916399002075195,0.6374951004981995,696.0,697.0,0.6384454965591431,0.01,0.2747148275375366,0.6369901895523071,0.6371681690216064,0.637499988079071,0.6369791626930237,1223.0,1224.0,0.5,0.5,0.5,240.0,240.0,6.308499336242676,0.0,0.5,0.5,0.5,0.5,240.0,240.0
3,0.6510416865348816,0.7113220691680908,0.6516703963279724,664.0,678.0,0.6247352957725525,0.01,0.30116093158721924,0.6518495082855225,0.6494312286376953,0.6541666388511658,0.6468750238418579,1242.0,1256.0,0.5,0.5515321493148804,0.5,240.0,240.0,2.4506051540374756,0.0,0.5,0.5,0.5,0.5,240.0,240.0
4,0.682812511920929,0.7334696650505066,0.6778250932693481,623.0,609.0,0.606766402721405,0.0009999999,0.3585084080696106,0.6782111525535583,0.6804826855659485,0.6755208373069763,0.682812511920929,1311.0,1297.0,0.5,0.6025129556655884,0.5,240.0,240.0,1.8109122514724731,0.0,0.5,0.5,0.5,0.5,240.0,240.0
5,0.6937500238418579,0.7691100835800171,0.6928152441978455,593.0,584.0,0.5759781002998352,0.0009999999,0.38702574372291565,0.6925011873245239,0.6944008469581604,0.6911458373069763,0.6958333253860474,1336.0,1327.0,0.5,0.547204852104187,0.5,240.0,240.0,2.9157869815826416,0.0,0.5,0.5,0.5,0.5,240.0,240.0
