epoch,accuracy,auc,f1_score,fn,fp,loss,lr,mcc,npv,precision,recall,specificity,tn,tp,val_accuracy,val_auc,val_f1_score,val_fn,val_fp,val_loss,val_mcc,val_npv,val_precision,val_recall,val_specificity,val_tn,val_tp
0,0.4921875,0.4996955096721649,0.48887899518013,1222.0,1204.0,0.7488189339637756,0.01,-0.01329408586025238,0.49329182505607605,0.4945423901081085,0.4908333420753479,0.49791666865348816,1196.0,1178.0,0.5,0.4965212941169739,0.6666666269302368,0.0,480.0,2.3338377475738525,0.0,0.0,0.5,1.0,0.0,0.0,480.0
1,0.4958333373069763,0.49358007311820984,0.5045914649963379,932.0,993.0,0.7218716740608215,0.01,-0.002677144715562463,0.49921363592147827,0.49873802065849304,0.5145833492279053,0.4828124940395355,927.0,988.0,0.5,0.5006966590881348,0.5,240.0,240.0,1.5454905033111572,0.0,0.5,0.5,0.5,0.5,240.0,240.0
2,0.4859375059604645,0.48414739966392517,0.48805999755859375,986.0,961.0,0.7105123996734619,0.01,-0.013836412690579891,0.4925042688846588,0.49287599325180054,0.48645833134651184,0.49947917461395264,959.0,934.0,0.5,0.502211332321167,0.5014440417289734,232.0,255.0,0.9448159337043762,-0.014069613069295883,0.49892473220825195,0.4930417537689209,0.5166666507720947,0.46875,225.0,248.0
3,0.5208333134651184,0.5210105776786804,0.5159429311752319,927.0,930.0,0.6994712352752686,0.01,0.03292829915881157,0.5161974430084229,0.5163806676864624,0.5171874761581421,0.515625,990.0,993.0,0.5,0.5316471457481384,0.5,240.0,240.0,1.4520307779312134,0.0,0.5,0.5,0.5,0.5,240.0,240.0
4,0.5546875,0.562993586063385,0.5430053472518921,882.0,859.0,0.6873820424079895,0.0009999999,0.09333952516317368,0.5470132231712341,0.5471797585487366,0.5406249761581421,0.5526041388511658,1061.0,1038.0,0.5,0.5628103017807007,0.5,240.0,240.0,1.0062545537948608,0.0,0.5,0.5,0.5,0.5,240.0,240.0
5,0.5713541507720947,0.5932824015617371,0.5674536228179932,833.0,825.0,0.6802384257316589,0.0009999999,0.13662990927696228,0.5674176812171936,0.5685146450996399,0.5661458373069763,0.5703125,1095.0,1087.0,0.5,0.5837196111679077,0.5,240.0,240.0,1.3756097555160522,0.0,0.5,0.5,0.5,0.5,240.0,240.0
