epoch,accuracy,auc,f1_score,fn,fp,loss,lr,mcc,npv,precision,recall,specificity,tn,tp,val_accuracy,val_auc,val_f1_score,val_fn,val_fp,val_loss,val_mcc,val_npv,val_precision,val_recall,val_specificity,val_tn,val_tp
0,0.5416666865348816,0.5350397825241089,0.5401564836502075,1113.0,1141.0,0.7339553833007812,0.01,0.0764053538441658,0.5393103957176208,0.5300658941268921,0.5362499952316284,0.5307291746139526,1259.0,1287.0,0.5,0.5,0.5,240.0,240.0,21.741458892822266,0.0,0.5,0.5,0.5,0.5,240.0,240.0
1,0.5848958492279053,0.6157791018486023,0.5780298113822937,822.0,777.0,0.6857779026031494,0.01,0.16765959560871124,0.5818798542022705,0.5856000185012817,0.5718749761581421,0.5953124761581421,1143.0,1098.0,0.5083333253860474,0.5911176204681396,0.5672810077667236,200.0,248.0,0.8739356994628906,0.06017806753516197,0.5,0.5303030014038086,0.5833333134651184,0.4833333194255829,232.0,280.0
2,0.6333333253860474,0.6736149787902832,0.6246483325958252,734.0,689.0,0.6488345265388489,0.01,0.259152352809906,0.6269216537475586,0.6325333118438721,0.6177083253860474,0.6411458253860474,1231.0,1186.0,0.5,0.5,0.5,240.0,240.0,7.170880317687988,0.0,0.5,0.5,0.5,0.5,240.0,240.0
3,0.659375011920929,0.7077538967132568,0.6575464010238647,660.0,652.0,0.6325774788856506,0.01,0.3167267441749573,0.6578238010406494,0.6589958071708679,0.65625,0.6604166626930237,1268.0,1260.0,0.5,0.5,0.5,240.0,240.0,5.778084754943848,0.0,0.5,0.5,0.5,0.5,240.0,240.0
4,0.6869791746139526,0.7503737807273865,0.6866500973701477,601.0,603.0,0.5943104028701782,0.01,0.3729349672794342,0.6865907311439514,0.6862643361091614,0.6869791746139526,0.6859375238418579,1317.0,1319.0,0.5,0.5,0.5,240.0,240.0,11.674174308776855,0.0,0.5,0.5,0.5,0.5,240.0,240.0
5,0.7036458253860474,0.7675057053565979,0.7029270529747009,570.0,571.0,0.5795289874076843,0.0009999999,0.40574315190315247,0.7030007839202881,0.7027589678764343,0.703125,0.7026041746139526,1349.0,1350.0,0.5,0.5,0.5,240.0,240.0,8.638628959655762,0.0,0.5,0.5,0.5,0.5,240.0,240.0
6,0.7302083373069763,0.8071290850639343,0.7309934496879578,517.0,516.0,0.536769449710846,0.0009999999,0.46200281381607056,0.7307280898094177,0.7311099767684937,0.7307291626930237,0.731249988079071,1404.0,1403.0,0.5,0.5,0.5,240.0,240.0,6.999094486236572,0.0,0.5,0.5,0.5,0.5,240.0,240.0
