epoch,accuracy,auc,f1_score,fn,fp,loss,lr,mcc,npv,precision,recall,specificity,tn,tp,val_accuracy,val_auc,val_f1_score,val_fn,val_fp,val_loss,val_mcc,val_npv,val_precision,val_recall,val_specificity,val_tn,val_tp
0,0.5505208373069763,0.5373781323432922,0.5424866080284119,1118.0,1108.0,0.7362392544746399,0.01,0.09110602736473083,0.545856237411499,0.5364016890525818,0.534166693687439,0.5479166507720947,1292.0,1282.0,0.5,0.4885416626930237,0.0,480.0,0.0,2.9971766471862793,0.0,0.5,0.0,0.0,1.0,480.0,0.0
1,0.6192708611488342,0.6608573198318481,0.6173169016838074,732.0,739.0,0.662855327129364,0.01,0.23413853347301483,0.6177316904067993,0.6165023446083069,0.6187499761581421,0.6151041388511658,1181.0,1188.0,0.5020833611488342,0.5636306405067444,0.615717351436615,144.0,293.0,1.141448736190796,0.07513098418712616,0.5066666603088379,0.5341812372207642,0.699999988079071,0.3895833194255829,187.0,336.0
2,0.6619791388511658,0.7182221412658691,0.6578705310821533,658.0,655.0,0.6222960352897644,0.01,0.31633540987968445,0.657602071762085,0.6583203077316284,0.6572916507720947,0.6588541865348816,1265.0,1262.0,0.5,0.5225000381469727,0.5,240.0,240.0,3.071458339691162,0.0,0.5,0.5,0.5,0.5,240.0,240.0
3,0.6937500238418579,0.7561621069908142,0.6927977204322815,590.0,589.0,0.5874049067497253,0.01,0.3860132098197937,0.6930511593818665,0.6930692791938782,0.6927083134651184,0.6932291388511658,1331.0,1330.0,0.5,0.5,0.5,240.0,240.0,10.85457706451416,0.0,0.5,0.5,0.5,0.5,240.0,240.0
4,0.7119791507720947,0.7759057283401489,0.7106717824935913,557.0,553.0,0.5697380304336548,0.01,0.4219360947608948,0.710443913936615,0.7113778591156006,0.7098958492279053,0.7119791507720947,1367.0,1363.0,0.5,0.5,0.5,240.0,240.0,6.780523777008057,0.0,0.5,0.5,0.5,0.5,240.0,240.0
5,0.7484375238418579,0.827453076839447,0.7474240660667419,486.0,483.0,0.5183606743812561,0.0009999999,0.4953361451625824,0.7473459243774414,0.7480438351631165,0.746874988079071,0.7484375238418579,1437.0,1434.0,0.5,0.5,0.5,240.0,240.0,7.089685916900635,0.0,0.5,0.5,0.5,0.5,240.0,240.0
6,0.7661458253860474,0.8416447043418884,0.7657378911972046,450.0,449.0,0.49253320693969727,0.0009999999,0.5317914485931396,0.7659304738044739,0.7660239934921265,0.765625,0.7661458253860474,1471.0,1470.0,0.5,0.5,0.5,240.0,240.0,5.570520877838135,0.0,0.5,0.5,0.5,0.5,240.0,240.0
