epoch,accuracy,auc,f1_score,fn,fp,loss,lr,mcc,npv,precision,recall,specificity,tn,tp,val_accuracy,val_auc,val_f1_score,val_fn,val_fp,val_loss,val_mcc,val_npv,val_precision,val_recall,val_specificity,val_tn,val_tp
0,0.5859375,0.6518232822418213,0.5846677422523499,935.0,937.0,0.6994481682777405,0.01,0.1695818305015564,0.5845460295677185,0.609908401966095,0.6104166507720947,0.5833333134651184,1463.0,1465.0,0.5,0.5,0.5,240.0,240.0,253.24232482910156,0.0,0.5,0.5,0.5,0.5,240.0,240.0
1,0.6161458492279053,0.6663603782653809,0.6128580570220947,733.0,765.0,0.6455637812614441,0.01,0.22022205591201782,0.6116930842399597,0.6080942749977112,0.6182291507720947,0.6015625,1155.0,1187.0,0.5,0.5,0.5,240.0,240.0,3.510572910308838,0.0,0.5,0.5,0.5,0.5,240.0,240.0
2,0.6156250238418579,0.6716850996017456,0.6139482259750366,736.0,750.0,0.6403161883354187,0.01,0.22631444036960602,0.614604115486145,0.6122027039527893,0.6166666746139526,0.609375,1170.0,1184.0,0.5,0.6174131631851196,0.6666666269302368,0.0,480.0,0.7913942933082581,0.0,0.0,0.5,1.0,0.0,0.0,480.0
3,0.6317708492279053,0.6923152804374695,0.6333809494972229,700.0,712.0,0.6238421201705933,0.01,0.2648983299732208,0.6331993341445923,0.6314699649810791,0.6354166865348816,0.6291666626930237,1208.0,1220.0,0.5,0.6184005737304688,0.5,240.0,240.0,1.370802640914917,0.0,0.5,0.5,0.5,0.5,240.0,240.0
4,0.6536458134651184,0.7171327471733093,0.6508703231811523,677.0,656.0,0.6110087633132935,0.0009999999,0.3059298098087311,0.6512749195098877,0.6545550227165222,0.6473958492279053,0.6583333611488342,1264.0,1243.0,0.5,0.6273568272590637,0.5,240.0,240.0,0.9300147891044617,0.0,0.5,0.5,0.5,0.5,240.0,240.0
5,0.6619791388511658,0.724176824092865,0.6589471101760864,657.0,648.0,0.6049824357032776,0.0009999999,0.3204687535762787,0.6602073311805725,0.6609105467796326,0.6578124761581421,0.6625000238418579,1272.0,1263.0,0.5,0.6205446720123291,0.5645029544830322,198.0,254.0,0.6787940859794617,0.05315481126308441,0.5034483075141907,0.5261194109916687,0.5874999761581421,0.47083333134651184,226.0,282.0
