epoch,accuracy,auc,f1_score,fn,fp,loss,lr,mcc,npv,precision,recall,specificity,tn,tp,val_accuracy,val_auc,val_f1_score,val_fn,val_fp,val_loss,val_mcc,val_npv,val_precision,val_recall,val_specificity,val_tn,val_tp
0,0.5770833492279053,0.584652304649353,0.5541294813156128,1060.0,1090.0,0.719387412071228,0.01,0.11629410833120346,0.5567606091499329,0.5514403581619263,0.5583333373069763,0.5645833611488342,1310.0,1340.0,0.5,0.5,0.5,240.0,240.0,459.1520080566406,0.0,0.5,0.5,0.5,0.5,240.0,240.0
1,0.5927083492279053,0.6249071359634399,0.5912009477615356,775.0,802.0,0.6764218807220459,0.01,0.1790497601032257,0.5917380452156067,0.5880842208862305,0.5963541865348816,0.5822916626930237,1118.0,1145.0,0.5,0.5,0.5,240.0,240.0,5.053560733795166,0.0,0.5,0.5,0.5,0.5,240.0,240.0
2,0.6187499761581421,0.6620892882347107,0.6165351271629333,738.0,731.0,0.6522215604782104,0.01,0.23539046943187714,0.6172541975975037,0.6178776621818542,0.6156250238418579,0.6192708611488342,1189.0,1182.0,0.5,0.5085047483444214,0.5,240.0,240.0,2.6606085300445557,0.0,0.5,0.5,0.5,0.5,240.0,240.0
3,0.6244791746139526,0.6674812436103821,0.6233723163604736,720.0,727.0,0.6467514038085938,0.01,0.24661049246788025,0.6245477199554443,0.6227296590805054,0.625,0.6213541626930237,1193.0,1200.0,0.5,0.5716232657432556,0.49947088956832886,241.0,232.0,0.7160837054252625,0.01427637692540884,0.5128936171531677,0.5074309706687927,0.49791666865348816,0.5166666507720947,248.0,239.0
4,0.6333333253860474,0.6924339532852173,0.6358738541603088,701.0,695.0,0.6295212507247925,0.0009999999,0.2730875611305237,0.6360267996788025,0.6368861198425293,0.6348958611488342,0.6380208134651184,1225.0,1219.0,0.5,0.5768966674804688,0.5,240.0,240.0,1.0505309104919434,0.0,0.5,0.5,0.5,0.5,240.0,240.0
5,0.653124988079071,0.7044931650161743,0.6542037129402161,660.0,672.0,0.6206693053245544,0.0009999999,0.3064136505126953,0.6540549993515015,0.6521739363670349,0.65625,0.6499999761581421,1248.0,1260.0,0.5,0.5729058384895325,0.5,240.0,240.0,0.8370510339736938,0.0,0.5,0.5,0.5,0.5,240.0,240.0
