epoch,accuracy,auc,f1_score,fn,fp,loss,lr,mcc,npv,precision,recall,specificity,tn,tp,val_accuracy,val_auc,val_f1_score,val_fn,val_fp,val_loss,val_mcc,val_npv,val_precision,val_recall,val_specificity,val_tn,val_tp
0,0.5927083492279053,0.6120707988739014,0.5914470553398132,991.0,993.0,0.7004576921463013,0.01,0.18065129220485687,0.5908840894699097,0.5865945219993591,0.5870833396911621,0.5859375,1407.0,1409.0,0.5,0.5,0.5,240.0,240.0,91.13404083251953,0.0,0.5,0.5,0.5,0.5,240.0,240.0
1,0.6463541388511658,0.693335771560669,0.6470135450363159,678.0,679.0,0.6309649348258972,0.01,0.29355114698410034,0.6460422277450562,0.646538257598877,0.6468750238418579,0.6463541388511658,1241.0,1242.0,0.5,0.5036458373069763,0.5,240.0,240.0,2.4678103923797607,0.0,0.5,0.5,0.5,0.5,240.0,240.0
2,0.6489583253860474,0.7075019478797913,0.6428555250167847,690.0,677.0,0.6196261048316956,0.01,0.2882850766181946,0.642891526222229,0.6449921131134033,0.640625,0.6473958492279053,1243.0,1230.0,0.5,0.5129101872444153,0.5,240.0,240.0,2.3428115844726562,0.0,0.5,0.5,0.5,0.5,240.0,240.0
3,0.6625000238418579,0.7226202487945557,0.6630362868309021,645.0,650.0,0.6111780405044556,0.01,0.32568615674972534,0.663474977016449,0.6623376607894897,0.6640625,0.6614583134651184,1270.0,1275.0,0.5,0.5421332716941833,0.5,240.0,240.0,1.6033785343170166,0.0,0.5,0.5,0.5,0.5,240.0,240.0
4,0.6614583134651184,0.7287355065345764,0.6633045077323914,643.0,654.0,0.6055715084075928,0.0009999999,0.32462769746780396,0.6629833579063416,0.661315381526947,0.6651041507720947,0.659375011920929,1266.0,1277.0,0.5,0.5467925667762756,0.5,240.0,240.0,1.3369479179382324,0.0,0.5,0.5,0.5,0.5,240.0,240.0
5,0.684374988079071,0.7502378225326538,0.6810104250907898,610.0,618.0,0.5837415456771851,0.0009999999,0.36061233282089233,0.6806976199150085,0.6794605851173401,0.6822916865348816,0.6781250238418579,1302.0,1310.0,0.5,0.5453906059265137,0.5,240.0,240.0,0.8074079751968384,0.0,0.5,0.5,0.5,0.5,240.0,240.0
