epoch,accuracy,auc,f1_score,fn,fp,loss,lr,mcc,npv,precision,recall,specificity,tn,tp,val_accuracy,val_auc,val_f1_score,val_fn,val_fp,val_loss,val_mcc,val_npv,val_precision,val_recall,val_specificity,val_tn,val_tp
0,0.5718749761581421,0.5620172619819641,0.5615770220756531,1066.0,1108.0,0.7183203101158142,0.01,0.11831097304821014,0.5621840357780457,0.5462735295295715,0.5558333396911621,0.5479166507720947,1292.0,1334.0,0.5,0.5,0.5,240.0,240.0,82.38771057128906,0.0,0.5,0.5,0.5,0.5,240.0,240.0
1,0.606249988079071,0.6460419297218323,0.5990340709686279,774.0,755.0,0.6564732193946838,0.01,0.20404377579689026,0.6017106771469116,0.6028406023979187,0.596875011920929,0.6067708134651184,1165.0,1146.0,0.5,0.5559960603713989,0.6666666269302368,0.0,480.0,1.728410005569458,0.0,0.0,0.5,1.0,0.0,0.0,480.0
2,0.635937511920929,0.6753615140914917,0.6328932642936707,708.0,697.0,0.6380738019943237,0.01,0.2685867249965668,0.6335840225219727,0.6348873972892761,0.6312500238418579,0.6369791626930237,1223.0,1212.0,0.5,0.5,0.5,240.0,240.0,3.4666223526000977,0.0,0.5,0.5,0.5,0.5,240.0,240.0
3,0.6546875238418579,0.7050434350967407,0.6520008444786072,668.0,669.0,0.6247260570526123,0.01,0.30389484763145447,0.6517700552940369,0.6517438888549805,0.6520833373069763,0.651562511920929,1251.0,1252.0,0.5,0.5855013132095337,0.5,240.0,240.0,0.9930166006088257,0.0,0.5,0.5,0.5,0.5,240.0,240.0
4,0.6479166746139526,0.7057347893714905,0.6457453966140747,674.0,692.0,0.6206216216087341,0.0009999999,0.2889164984226227,0.6460434198379517,0.6429308652877808,0.6489583253860474,0.6395833492279053,1228.0,1246.0,0.5,0.5879947543144226,0.5,240.0,240.0,1.1621400117874146,0.0,0.5,0.5,0.5,0.5,240.0,240.0
5,0.6578124761581421,0.7175877690315247,0.6609321236610413,649.0,656.0,0.613309919834137,0.0009999999,0.3204548954963684,0.6603395938873291,0.6595744490623474,0.6619791388511658,0.6583333611488342,1264.0,1271.0,0.5,0.5783094763755798,0.5,240.0,240.0,1.0110617876052856,0.0,0.5,0.5,0.5,0.5,240.0,240.0
