epoch,accuracy,auc,f1_score,fn,fp,loss,lr,mcc,npv,precision,recall,specificity,tn,tp,val_accuracy,val_auc,val_f1_score,val_fn,val_fp,val_loss,val_mcc,val_npv,val_precision,val_recall,val_specificity,val_tn,val_tp
0,0.581250011920929,0.6046716570854187,0.5728164315223694,1054.0,1056.0,0.7021400332450867,0.01,0.14240030944347382,0.5719204545021057,0.5603663325309753,0.5608333349227905,0.5661458373069763,1344.0,1346.0,0.5,0.5,0.5,240.0,240.0,37.317996978759766,0.0,0.5,0.5,0.5,0.5,240.0,240.0
1,0.6343749761581421,0.6808552145957947,0.6311550736427307,713.0,699.0,0.6331490874290466,0.01,0.2648933231830597,0.6307704448699951,0.633263349533081,0.6286458373069763,0.635937511920929,1221.0,1207.0,0.5,0.48527342081069946,0.5,240.0,240.0,2.22467041015625,0.0,0.5,0.5,0.5,0.5,240.0,240.0
2,0.6552083492279053,0.7132433652877808,0.6510587334632874,675.0,660.0,0.6155837774276733,0.01,0.3048483431339264,0.6509311199188232,0.6535432934761047,0.6484375,0.65625,1260.0,1245.0,0.5,0.5111913681030273,0.5,240.0,240.0,1.3068183660507202,0.0,0.5,0.5,0.5,0.5,240.0,240.0
3,0.6656249761581421,0.7272123098373413,0.6640607714653015,649.0,637.0,0.604306161403656,0.01,0.3304676115512848,0.6640360355377197,0.6661425828933716,0.6619791388511658,0.6682291626930237,1283.0,1271.0,0.5,0.5443706512451172,0.5,240.0,240.0,0.8571612238883972,0.0,0.5,0.5,0.5,0.5,240.0,240.0
4,0.6682291626930237,0.7351806163787842,0.6682185530662537,637.0,638.0,0.5998742580413818,0.0009999999,0.33616718649864197,0.667713463306427,0.6678813099861145,0.6682291626930237,0.6677083373069763,1282.0,1283.0,0.5,0.5454556941986084,0.5,240.0,240.0,1.5579746961593628,0.0,0.5,0.5,0.5,0.5,240.0,240.0
5,0.682812511920929,0.7412725687026978,0.6818703413009644,609.0,613.0,0.593750536441803,0.0009999999,0.36371299624443054,0.6826598048210144,0.6813929080963135,0.682812511920929,0.6807291507720947,1307.0,1311.0,0.5,0.5479166507720947,0.5,240.0,240.0,1.4139758348464966,0.0,0.5,0.5,0.5,0.5,240.0,240.0
