epoch,accuracy,auc,f1_score,fn,fp,loss,lr,mcc,npv,precision,recall,specificity,tn,tp,val_accuracy,val_auc,val_f1_score,val_fn,val_fp,val_loss,val_mcc,val_npv,val_precision,val_recall,val_specificity,val_tn,val_tp
0,0.5651041865348816,0.5637403726577759,0.5686578750610352,1064.0,1070.0,0.7145195007324219,0.01,0.13867872953414917,0.5700665712356567,0.555278480052948,0.5566666722297668,0.5677083134651184,1330.0,1336.0,0.5,0.5,0.6666666269302368,0.0,480.0,15.410446166992188,0.0,0.0,0.5,1.0,0.0,0.0,480.0
1,0.6260416507720947,0.6707638502120972,0.6270056962966919,710.0,729.0,0.6443719267845154,0.01,0.25082844495773315,0.626534104347229,0.6240330338478088,0.6302083134651184,0.620312511920929,1191.0,1210.0,0.5,0.5265624523162842,0.5,240.0,240.0,2.5056843757629395,0.0,0.5,0.5,0.5,0.5,240.0,240.0
2,0.6354166865348816,0.6978878974914551,0.6350190043449402,697.0,708.0,0.6217268705368042,0.01,0.2683830261230469,0.6351289749145508,0.6333506107330322,0.6369791626930237,0.6312500238418579,1212.0,1223.0,0.5,0.5417947173118591,0.5,240.0,240.0,1.813199520111084,0.0,0.5,0.5,0.5,0.5,240.0,240.0
3,0.6520833373069763,0.7181536555290222,0.6538487076759338,670.0,654.0,0.6097536683082581,0.01,0.3105665147304535,0.653757631778717,0.6565126180648804,0.6510416865348816,0.659375011920929,1266.0,1250.0,0.5,0.5720898509025574,0.5,240.0,240.0,0.7436613440513611,0.0,0.5,0.5,0.5,0.5,240.0,240.0
4,0.6614583134651184,0.7217326760292053,0.6636577844619751,645.0,647.0,0.6062842011451721,0.0009999999,0.3272700011730194,0.6637741923332214,0.6633715033531189,0.6640625,0.6630208492279053,1273.0,1275.0,0.5,0.5889409780502319,0.5,240.0,240.0,0.7740606069564819,0.0,0.5,0.5,0.5,0.5,240.0,240.0
5,0.6640625,0.7306488156318665,0.6619917750358582,651.0,645.0,0.5987827777862549,0.0009999999,0.32511666417121887,0.6619474291801453,0.6630094051361084,0.660937488079071,0.6640625,1275.0,1269.0,0.5,0.5901020169258118,0.5,240.0,240.0,0.8710657358169556,0.0,0.5,0.5,0.5,0.5,240.0,240.0
