epoch,accuracy,auc,f1_score,fn,fp,loss,lr,mcc,npv,precision,recall,specificity,tn,tp,val_accuracy,val_auc,val_f1_score,val_fn,val_fp,val_loss,val_mcc,val_npv,val_precision,val_recall,val_specificity,val_tn,val_tp
0,0.5614583492279053,0.6151022911071777,0.5598586797714233,1016.0,987.0,0.7086204290390015,0.01,0.1259341686964035,0.5629593729972839,0.5837199687957764,0.5766666531562805,0.567187488079071,1413.0,1384.0,0.5,0.5,0.5,240.0,240.0,68.58073425292969,0.0,0.5,0.5,0.5,0.5,240.0,240.0
1,0.6229166388511658,0.6643428206443787,0.6216734051704407,729.0,719.0,0.651039719581604,0.01,0.2462342530488968,0.6225597858428955,0.6235601902008057,0.620312511920929,0.6255208253860474,1201.0,1191.0,0.5,0.5161458253860474,0.5,240.0,240.0,1.7236101627349854,0.0,0.5,0.5,0.5,0.5,240.0,240.0
2,0.6354166865348816,0.689934492111206,0.6341759562492371,701.0,706.0,0.6345670819282532,0.01,0.2674746513366699,0.6335745453834534,0.6332467794418335,0.6348958611488342,0.6322916746139526,1214.0,1219.0,0.5,0.5603905916213989,0.5,240.0,240.0,1.175403118133545,0.0,0.5,0.5,0.5,0.5,240.0,240.0
3,0.6499999761581421,0.6989062428474426,0.6456859111785889,684.0,670.0,0.6268698573112488,0.01,0.29500219225883484,0.6469999551773071,0.6484785079956055,0.643750011920929,0.6510416865348816,1250.0,1236.0,0.5,0.5524978637695312,0.5,240.0,240.0,1.6145755052566528,0.0,0.5,0.5,0.5,0.5,240.0,240.0
4,0.6484375,0.703515350818634,0.6467077136039734,682.0,669.0,0.6234971284866333,0.0009999999,0.29655393958091736,0.6476320028305054,0.6491872072219849,0.6447916626930237,0.651562511920929,1251.0,1238.0,0.5,0.5375651121139526,0.5,240.0,240.0,2.4958603382110596,0.0,0.5,0.5,0.5,0.5,240.0,240.0
5,0.6645833253860474,0.7173005938529968,0.6641996502876282,643.0,648.0,0.6122432351112366,0.0009999999,0.3277541995048523,0.6642380356788635,0.6633766293525696,0.6651041507720947,0.6625000238418579,1272.0,1277.0,0.5,0.5627777576446533,0.5,240.0,240.0,1.4689475297927856,0.0,0.5,0.5,0.5,0.5,240.0,240.0
