epoch,accuracy,auc,f1_score,fn,fp,loss,lr,mcc,npv,precision,recall,specificity,tn,tp,val_accuracy,val_auc,val_f1_score,val_fn,val_fp,val_loss,val_mcc,val_npv,val_precision,val_recall,val_specificity,val_tn,val_tp
0,0.6015625,0.5999573469161987,0.5938311219215393,1029.0,999.0,0.6909748911857605,0.01,0.19303518533706665,0.5947610139846802,0.5784810185432434,0.5712500214576721,0.6020833253860474,1401.0,1371.0,0.5,0.5,0.5,240.0,240.0,13.418153762817383,0.0,0.5,0.5,0.5,0.5,240.0,240.0
1,0.6479166746139526,0.6980898380279541,0.64301598072052,690.0,674.0,0.6269159317016602,0.01,0.2898470163345337,0.6439414620399475,0.6460084319114685,0.640625,0.6489583253860474,1246.0,1230.0,0.5,0.5,0.5,240.0,240.0,14.861807823181152,0.0,0.5,0.5,0.5,0.5,240.0,240.0
2,0.651562511920929,0.7148788571357727,0.647619903087616,682.0,666.0,0.6134836673736572,0.01,0.2981100082397461,0.6473497748374939,0.6502100825309753,0.6447916626930237,0.653124988079071,1254.0,1238.0,0.5,0.5,0.5,240.0,240.0,9.926326751708984,0.0,0.5,0.5,0.5,0.5,240.0,240.0
3,0.668749988079071,0.7288578748703003,0.6676761507987976,639.0,636.0,0.603983461856842,0.01,0.3361284136772156,0.6677789092063904,0.6682316064834595,0.667187511920929,0.668749988079071,1284.0,1281.0,0.5,0.5,0.5,240.0,240.0,6.791309833526611,0.0,0.5,0.5,0.5,0.5,240.0,240.0
4,0.6734374761581421,0.7384258508682251,0.6722286939620972,630.0,628.0,0.593536913394928,0.0009999999,0.34493744373321533,0.672216534614563,0.6725755929946899,0.671875,0.6729166507720947,1292.0,1290.0,0.5,0.5,0.5,240.0,240.0,4.822614669799805,0.0,0.5,0.5,0.5,0.5,240.0,240.0
5,0.6817708611488342,0.7558990120887756,0.682844877243042,608.0,613.0,0.580156147480011,0.0009999999,0.3642369210720062,0.6816664338111877,0.6815584301948547,0.6833333373069763,0.6807291507720947,1307.0,1312.0,0.5,0.5,0.5,240.0,240.0,3.4746346473693848,0.0,0.5,0.5,0.5,0.5,240.0,240.0
