epoch,accuracy,auc,f1_score,fn,fp,loss,lr,mcc,npv,precision,recall,specificity,tn,tp,val_accuracy,val_auc,val_f1_score,val_fn,val_fp,val_loss,val_mcc,val_npv,val_precision,val_recall,val_specificity,val_tn,val_tp
0,0.612500011920929,0.6155425310134888,0.6045681238174438,1007.0,992.0,0.6926820874214172,0.01,0.2117520272731781,0.604458749294281,0.5840671062469482,0.5804166793823242,0.6078125238418579,1408.0,1393.0,0.5,0.5,0.0,480.0,0.0,6.386476516723633,0.0,0.5,0.0,0.0,1.0,480.0,0.0
1,0.6442708373069763,0.6970586776733398,0.6420502066612244,683.0,693.0,0.6266869306564331,0.01,0.2836119532585144,0.643368661403656,0.6409326195716858,0.6442708373069763,0.6390625238418579,1227.0,1237.0,0.5,0.5001237392425537,0.5,240.0,240.0,0.9456747770309448,0.0,0.5,0.5,0.5,0.5,240.0,240.0
2,0.6505208611488342,0.7078434228897095,0.6507840752601624,666.0,680.0,0.6179975867271423,0.01,0.2991925776004791,0.6504499912261963,0.6483970880508423,0.653124988079071,0.6458333134651184,1240.0,1254.0,0.5,0.5173133611679077,0.4978836178779602,242.0,227.0,0.7250819802284241,0.021313555538654327,0.5196918845176697,0.5118279457092285,0.4958333373069763,0.5270833373069763,253.0,238.0
3,0.660937488079071,0.7224029898643494,0.6570114493370056,661.0,652.0,0.6083933115005493,0.01,0.3164701759815216,0.6578361392021179,0.6588173508644104,0.6557291746139526,0.6604166626930237,1268.0,1259.0,0.5,0.5455316305160522,0.5,240.0,238.0,0.9625874757766724,0.004044246859848499,0.5039215683937073,0.5020920634269714,0.5,0.5041666626930237,242.0,240.0
4,0.6968749761581421,0.7524619102478027,0.6957270503044128,578.0,596.0,0.5847862362861633,0.0009999999,0.3888018727302551,0.6960605382919312,0.6924664378166199,0.6989583373069763,0.6895833611488342,1324.0,1342.0,0.5,0.5461154580116272,0.5,240.0,239.0,1.0089111328125,0.0020517667289823294,0.5020201802253723,0.5010438561439514,0.5,0.5020833611488342,241.0,240.0
5,0.6963541507720947,0.7672405242919922,0.6983143091201782,575.0,587.0,0.57040935754776,0.0009999999,0.394978791475296,0.6986792087554932,0.6961697936058044,0.7005208134651184,0.6942708492279053,1333.0,1345.0,0.5,0.5487847328186035,0.5,240.0,240.0,1.0963865518569946,0.0,0.5,0.5,0.5,0.5,240.0,240.0
