epoch,accuracy,auc,f1_score,fn,fp,loss,lr,mcc,npv,precision,recall,specificity,tn,tp,val_accuracy,val_auc,val_f1_score,val_fn,val_fp,val_loss,val_mcc,val_npv,val_precision,val_recall,val_specificity,val_tn,val_tp
0,0.637499988079071,0.694599449634552,0.627764105796814,848.0,831.0,0.6969613432884216,0.01,0.2594630718231201,0.628627598285675,0.6512799263000488,0.6466666460037231,0.6333333253860474,1569.0,1552.0,0.5,0.5227495431900024,0.5,240.0,240.0,2.355372428894043,0.0,0.5,0.5,0.5,0.5,240.0,240.0
1,0.6937500238418579,0.7676956653594971,0.6901224255561829,598.0,587.0,0.5713564157485962,0.01,0.38315850496292114,0.691028356552124,0.6925091743469238,0.6885416507720947,0.6942708492279053,1333.0,1322.0,0.5,0.5302083492279053,0.5,240.0,240.0,2.4296164512634277,0.0,0.5,0.5,0.5,0.5,240.0,240.0
2,0.7458333373069763,0.8175491094589233,0.7432093024253845,494.0,491.0,0.523087203502655,0.01,0.48750221729278564,0.7434957027435303,0.7438706159591675,0.7427083253860474,0.7442708611488342,1429.0,1426.0,0.5,0.612988293170929,0.49725040793418884,243.0,235.0,0.7234952449798584,0.004136133007705212,0.5030303001403809,0.5021186470985413,0.4937500059604645,0.5104166865348816,245.0,237.0
3,0.7671874761581421,0.8426303863525391,0.7634497880935669,457.0,449.0,0.49003762006759644,0.01,0.5283634066581726,0.7633355259895325,0.7651673555374146,0.7619791626930237,0.7661458253860474,1471.0,1463.0,0.5,0.6048394441604614,0.5,240.0,240.0,1.6854513883590698,0.0,0.5,0.5,0.5,0.5,240.0,240.0
4,0.7953125238418579,0.8739396929740906,0.7950593829154968,398.0,387.0,0.44766488671302795,0.0009999999,0.591462254524231,0.7939680814743042,0.7972760796546936,0.7927083373069763,0.7984374761581421,1533.0,1522.0,0.5,0.6172938346862793,0.5,240.0,240.0,0.9439248442649841,0.0,0.5,0.5,0.5,0.5,240.0,240.0
5,0.8109375238418579,0.8961382508277893,0.8111051917076111,362.0,364.0,0.41213953495025635,0.0009999999,0.622025191783905,0.8112179040908813,0.8106139302253723,0.8114583492279053,0.8104166388511658,1556.0,1558.0,0.5,0.6197547912597656,0.5,240.0,240.0,1.0232853889465332,0.0,0.5,0.5,0.5,0.5,240.0,240.0
