epoch,accuracy,auc,f1_score,fn,fp,loss,lr,mcc,npv,precision,recall,specificity,tn,tp,val_accuracy,val_auc,val_f1_score,val_fn,val_fp,val_loss,val_mcc,val_npv,val_precision,val_recall,val_specificity,val_tn,val_tp
0,0.6307291388511658,0.6163862943649292,0.620434582233429,957.0,962.0,0.6896181106567383,0.01,0.24213029444217682,0.6225419640541077,0.6000000238418579,0.6012499928474426,0.6192708611488342,1438.0,1443.0,0.5,0.5,0.5,240.0,240.0,19.83542251586914,0.0,0.5,0.5,0.5,0.5,240.0,240.0
1,0.6885416507720947,0.7491815686225891,0.6898606419563293,594.0,598.0,0.595721960067749,0.01,0.3794478178024292,0.6901208758354187,0.6891891956329346,0.690625011920929,0.6885416507720947,1322.0,1326.0,0.5,0.5,0.5,240.0,240.0,7.309621334075928,0.0,0.5,0.5,0.5,0.5,240.0,240.0
2,0.7239583134651184,0.7982720732688904,0.7249184250831604,527.0,529.0,0.5476348400115967,0.01,0.4503058195114136,0.7257509827613831,0.7247658967971802,0.7255208492279053,0.7244791388511658,1391.0,1393.0,0.5,0.5310004353523254,0.5,240.0,240.0,2.7833619117736816,0.0,0.5,0.5,0.5,0.5,240.0,240.0
3,0.7567708492279053,0.8285400867462158,0.7580975294113159,462.0,469.0,0.5096704959869385,0.01,0.5153388977050781,0.7583984732627869,0.756616473197937,0.7593749761581421,0.7557291388511658,1451.0,1458.0,0.5,0.5883897542953491,0.5,240.0,240.0,2.217564821243286,0.0,0.5,0.5,0.5,0.5,240.0,240.0
4,0.7484375238418579,0.8303813338279724,0.7445204257965088,495.0,483.0,0.5058997869491577,0.0009999999,0.4908917546272278,0.7439191937446594,0.7468553185462952,0.7421875,0.7484375238418579,1437.0,1425.0,0.5,0.6257638931274414,0.5,240.0,240.0,2.049112558364868,0.0,0.5,0.5,0.5,0.5,240.0,240.0
5,0.8098958134651184,0.8807079792022705,0.803489625453949,380.0,373.0,0.444667786359787,0.0009999999,0.6081426739692688,0.8031335473060608,0.8050183057785034,0.8020833134651184,0.8057291507720947,1547.0,1540.0,0.5,0.6210243105888367,0.5,240.0,240.0,2.2208027839660645,0.0,0.5,0.5,0.5,0.5,240.0,240.0
