epoch,accuracy,auc,f1_score,fn,fp,loss,lr,mcc,npv,precision,recall,specificity,tn,tp,val_accuracy,val_auc,val_f1_score,val_fn,val_fp,val_loss,val_mcc,val_npv,val_precision,val_recall,val_specificity,val_tn,val_tp
0,0.6036458611488342,0.6681860089302063,0.5941759943962097,913.0,911.0,0.7092017531394958,0.01,0.19104008376598358,0.5968155264854431,0.6201000809669495,0.6195833086967468,0.5953124761581421,1489.0,1487.0,0.5,0.5,0.5,240.0,240.0,4.229770183563232,0.0,0.5,0.5,0.5,0.5,240.0,240.0
1,0.6614583134651184,0.7309849858283997,0.663363516330719,650.0,639.0,0.6032040119171143,0.01,0.32892167568206787,0.6633997559547424,0.6652697920799255,0.6614583134651184,0.667187511920929,1281.0,1270.0,0.5,0.5,0.5,240.0,240.0,4.518312454223633,0.0,0.5,0.5,0.5,0.5,240.0,240.0
2,0.7145833373069763,0.7838582396507263,0.7138434648513794,552.0,544.0,0.5588224530220032,0.01,0.42938390374183655,0.7140334844589233,0.715481162071228,0.7124999761581421,0.7166666388511658,1376.0,1368.0,0.5,0.5653537511825562,0.5,240.0,240.0,2.5037906169891357,0.0,0.5,0.5,0.5,0.5,240.0,240.0
3,0.7432291507720947,0.8180857300758362,0.7403995394706726,501.0,495.0,0.5215941667556763,0.01,0.48150479793548584,0.7395911812782288,0.7413793206214905,0.739062488079071,0.7421875,1425.0,1419.0,0.5,0.6792817115783691,0.5,240.0,240.0,1.1845954656600952,0.0,0.5,0.5,0.5,0.5,240.0,240.0
4,0.754687488079071,0.8361797332763672,0.7536802887916565,471.0,477.0,0.4957346022129059,0.0009999999,0.5064688920974731,0.7537024021148682,0.7523364424705505,0.754687488079071,0.7515624761581421,1443.0,1449.0,0.5,0.6759961247444153,0.4978494644165039,242.0,219.0,0.6780445575714111,0.03701931610703468,0.5343977808952332,0.52078777551651,0.4958333373069763,0.543749988079071,261.0,238.0
5,0.8140624761581421,0.8945586085319519,0.8138419985771179,358.0,356.0,0.4175562262535095,0.0009999999,0.6283179521560669,0.8141080737113953,0.8143900036811829,0.8135416507720947,0.8145833611488342,1564.0,1562.0,0.5,0.6773589253425598,0.5,240.0,240.0,0.8328267335891724,0.0,0.5,0.5,0.5,0.5,240.0,240.0
