epoch,accuracy,auc,f1_score,fn,fp,loss,lr,mcc,npv,precision,recall,specificity,tn,tp,val_accuracy,val_auc,val_f1_score,val_fn,val_fp,val_loss,val_mcc,val_npv,val_precision,val_recall,val_specificity,val_tn,val_tp
0,0.5416666865348816,0.5291623473167419,0.5266776084899902,1151.0,1132.0,0.7233794927597046,0.01,0.06022358313202858,0.5283359289169312,0.5245695114135742,0.5204166769981384,0.5348958373069763,1268.0,1249.0,0.5,0.5,0.5,240.0,240.0,10.07651424407959,0.0,0.5,0.5,0.5,0.5,240.0,240.0
1,0.5802083611488342,0.5901040434837341,0.5572127103805542,867.0,802.0,0.6934754848480225,0.01,0.13121391832828522,0.5631824731826782,0.5676549673080444,0.5484374761581421,0.5822916626930237,1118.0,1053.0,0.5,0.5458637475967407,0.6512418389320374,105.0,315.0,6.541839122772217,0.10364314913749695,0.5130434632301331,0.54347825050354,0.78125,0.34375,165.0,375.0
2,0.6229166388511658,0.6585873961448669,0.6238254308700562,712.0,744.0,0.6593434810638428,0.01,0.24199159443378448,0.6230372786521912,0.618852436542511,0.6291666626930237,0.612500011920929,1176.0,1208.0,0.5,0.5,0.5,240.0,240.0,9.685051918029785,0.0,0.5,0.5,0.5,0.5,240.0,240.0
3,0.6057291626930237,0.6387519240379333,0.6034236550331116,751.0,782.0,0.6664251089096069,0.01,0.20179158449172974,0.6028815507888794,0.5991799235343933,0.6088541746139526,0.5927083492279053,1138.0,1169.0,0.5,0.5445594787597656,0.5,240.0,240.0,6.703611373901367,0.0,0.5,0.5,0.5,0.5,240.0,240.0
4,0.6557291746139526,0.6940430402755737,0.6501477360725403,673.0,668.0,0.6446702480316162,0.0009999999,0.3017694056034088,0.650722324848175,0.6511749625205994,0.6494791507720947,0.6520833373069763,1252.0,1247.0,0.5,0.5,0.6666666269302368,0.0,480.0,11.235157012939453,0.0,0.0,0.5,1.0,0.0,0.0,480.0
5,0.6786458492279053,0.7255709171295166,0.6753498315811157,624.0,621.0,0.6164566278457642,0.0009999999,0.3517187237739563,0.675865113735199,0.6760563254356384,0.675000011920929,0.676562488079071,1299.0,1296.0,0.5,0.5490841865539551,0.5120618343353271,234.0,240.0,3.7819128036499023,0.01207873784005642,0.5,0.5061728358268738,0.512499988079071,0.5,240.0,246.0
