epoch,accuracy,auc,f1_score,fn,fp,loss,lr,mcc,npv,precision,recall,specificity,tn,tp,val_accuracy,val_auc,val_f1_score,val_fn,val_fp,val_loss,val_mcc,val_npv,val_precision,val_recall,val_specificity,val_tn,val_tp
0,0.5067708492279053,0.5275487899780273,0.49708256125450134,1201.0,1157.0,0.7451226115226746,0.01,0.007039493415504694,0.5021075010299683,0.5089133977890015,0.49958333373069763,0.5130208134651184,1243.0,1199.0,0.5,0.5,0.5,240.0,240.0,8.240190505981445,0.0,0.5,0.5,0.5,0.5,240.0,240.0
1,0.5557291507720947,0.5863032937049866,0.5470768213272095,867.0,868.0,0.6907064914703369,0.01,0.09692215919494629,0.5487024188041687,0.5481520295143127,0.5484374761581421,0.5479166507720947,1052.0,1053.0,0.5,0.5,0.5,240.0,240.0,4.062256336212158,0.0,0.5,0.5,0.5,0.5,240.0,240.0
2,0.609375,0.6516559720039368,0.6021300554275513,764.0,764.0,0.6619451642036438,0.01,0.20435158908367157,0.6015638709068298,0.6020833253860474,0.6020833253860474,0.6020833253860474,1156.0,1156.0,0.5,0.6021766662597656,0.5,240.0,240.0,1.47535240650177,0.0,0.5,0.5,0.5,0.5,240.0,240.0
3,0.6322916746139526,0.672825276851654,0.6373370289802551,686.0,717.0,0.650612473487854,0.01,0.2695830464363098,0.637309730052948,0.632496178150177,0.6427083611488342,0.6265624761581421,1203.0,1234.0,0.5,0.5,0.5,240.0,240.0,7.44318151473999,0.0,0.5,0.5,0.5,0.5,240.0,240.0
4,0.6703125238418579,0.7201192378997803,0.6707659363746643,630.0,636.0,0.6197318434715271,0.0009999999,0.3406483829021454,0.6709712743759155,0.6697819232940674,0.671875,0.668749988079071,1284.0,1290.0,0.5,0.5,0.5,240.0,240.0,3.652960777282715,0.0,0.5,0.5,0.5,0.5,240.0,240.0
5,0.6770833134651184,0.735345184803009,0.6763309836387634,622.0,620.0,0.6036759614944458,0.0009999999,0.3531433045864105,0.6764993071556091,0.6767466068267822,0.6760416626930237,0.6770833134651184,1300.0,1298.0,0.5,0.5541211366653442,0.5,240.0,240.0,2.70127534866333,0.0,0.5,0.5,0.5,0.5,240.0,240.0
