epoch,accuracy,auc,f1_score,fn,fp,loss,lr,mcc,npv,precision,recall,specificity,tn,tp,val_accuracy,val_auc,val_f1_score,val_fn,val_fp,val_loss,val_mcc,val_npv,val_precision,val_recall,val_specificity,val_tn,val_tp
0,0.5390625,0.5398905277252197,0.532515287399292,1144.0,1118.0,0.7249365448951721,0.01,0.0721987932920456,0.5342336297035217,0.5290648937225342,0.5233333110809326,0.5427083373069763,1282.0,1256.0,0.5,0.5,0.5,240.0,240.0,15.902584075927734,0.0,0.5,0.5,0.5,0.5,240.0,240.0
1,0.5989583134651184,0.6094496846199036,0.569796621799469,833.0,799.0,0.6865596175193787,0.01,0.1505996286869049,0.5750877261161804,0.576352059841156,0.5661458373069763,0.5838541388511658,1121.0,1087.0,0.5,0.5213801860809326,0.5,240.0,240.0,4.130235195159912,0.0,0.5,0.5,0.5,0.5,240.0,240.0
2,0.6130208373069763,0.641509473323822,0.6112101078033447,735.0,771.0,0.6636896133422852,0.01,0.2158953994512558,0.6101993322372437,0.6058282256126404,0.6171875,0.598437488079071,1149.0,1185.0,0.5833333134651184,0.6145268678665161,0.6666666269302368,0.0,480.0,1.2118549346923828,0.0,0.0,0.5,1.0,0.0,0.0,480.0
3,0.6489583253860474,0.6859880685806274,0.6462076902389526,675.0,687.0,0.6448156833648682,0.01,0.2908717691898346,0.6466473937034607,0.6444099545478821,0.6484375,0.6421874761581421,1233.0,1245.0,0.5,0.5754188299179077,0.5,240.0,240.0,2.297673225402832,0.0,0.5,0.5,0.5,0.5,240.0,240.0
4,0.6692708134651184,0.7184965014457703,0.6689318418502808,634.0,639.0,0.6184788942337036,0.01,0.33699825406074524,0.668907880783081,0.6680519580841064,0.6697916388511658,0.667187511920929,1281.0,1286.0,0.5,0.5,0.5,240.0,240.0,11.338726997375488,0.0,0.5,0.5,0.5,0.5,240.0,240.0
5,0.6692708134651184,0.7186862826347351,0.6669232249259949,640.0,638.0,0.6191523671150208,0.01,0.3344249129295349,0.6671732664108276,0.667361855506897,0.6666666865348816,0.6677083373069763,1282.0,1280.0,0.5,0.5,0.5,240.0,240.0,10.232604026794434,0.0,0.5,0.5,0.5,0.5,240.0,240.0
6,0.6796875,0.7489744424819946,0.6787029504776001,617.0,617.0,0.5926793217658997,0.0009999999,0.3573252558708191,0.6785170435905457,0.6786458492279053,0.6786458492279053,0.6786458492279053,1303.0,1303.0,0.5,0.5,0.5,240.0,240.0,10.147072792053223,0.0,0.5,0.5,0.5,0.5,240.0,240.0
7,0.7213541865348816,0.7900505661964417,0.7218705415725708,532.0,537.0,0.5537499189376831,0.0009999999,0.44326815009117126,0.7224285006523132,0.7210389375686646,0.7229166626930237,0.7203124761581421,1383.0,1388.0,0.5,0.5,0.5,240.0,240.0,7.738930702209473,0.0,0.5,0.5,0.5,0.5,240.0,240.0
