epoch,accuracy,auc,f1_score,fn,fp,loss,lr,mcc,npv,precision,recall,specificity,tn,tp,val_accuracy,val_auc,val_f1_score,val_fn,val_fp,val_loss,val_mcc,val_npv,val_precision,val_recall,val_specificity,val_tn,val_tp
0,0.5505208373069763,0.5413886308670044,0.5386117696762085,1129.0,1106.0,0.7209516167640686,0.01,0.08601098507642746,0.5436016917228699,0.5347076058387756,0.5295833349227905,0.5489583611488342,1294.0,1271.0,0.5,0.5,0.5,240.0,240.0,17.481168746948242,0.0,0.5,0.5,0.5,0.5,240.0,240.0
1,0.5963541865348816,0.6237415671348572,0.5803986191749573,808.0,793.0,0.6798314452171326,0.01,0.16637244820594788,0.5833233594894409,0.5837270617485046,0.5791666507720947,0.5869791507720947,1127.0,1112.0,0.5,0.5188519954681396,0.5,240.0,240.0,3.641216516494751,0.0,0.5,0.5,0.5,0.5,240.0,240.0
2,0.6276041865348816,0.6610834002494812,0.6211041808128357,725.0,733.0,0.6569402813911438,0.01,0.24121154844760895,0.6203137040138245,0.6198132634162903,0.6223958134651184,0.6182291507720947,1187.0,1195.0,0.5,0.5,0.5,240.0,240.0,11.51011848449707,0.0,0.5,0.5,0.5,0.5,240.0,240.0
3,0.6333333253860474,0.6726159453392029,0.6293764710426331,703.0,728.0,0.6530120968818665,0.01,0.25494223833084106,0.6295958161354065,0.6257069110870361,0.6338541507720947,0.6208333373069763,1192.0,1217.0,0.5,0.5,0.5,240.0,240.0,7.4820556640625,0.0,0.5,0.5,0.5,0.5,240.0,240.0
4,0.6697916388511658,0.7195665240287781,0.6701935529708862,636.0,628.0,0.6259180307388306,0.0009999999,0.34169670939445496,0.6700321435928345,0.6715481281280518,0.668749988079071,0.6729166507720947,1292.0,1284.0,0.5,0.5,0.5,240.0,240.0,6.319143295288086,0.0,0.5,0.5,0.5,0.5,240.0,240.0
5,0.6817708611488342,0.7318793535232544,0.6815944910049438,611.0,612.0,0.6102229356765747,0.0009999999,0.36303991079330444,0.6816028356552124,0.6814159154891968,0.6817708611488342,0.6812499761581421,1308.0,1309.0,0.5,0.5,0.5,240.0,240.0,5.656779766082764,0.0,0.5,0.5,0.5,0.5,240.0,240.0
