epoch,accuracy,auc,f1_score,fn,fp,loss,lr,mcc,npv,precision,recall,specificity,tn,tp,val_accuracy,val_auc,val_f1_score,val_fn,val_fp,val_loss,val_mcc,val_npv,val_precision,val_recall,val_specificity,val_tn,val_tp
0,0.6010416746139526,0.5667000412940979,0.5822410583496094,1030.0,1067.0,0.6959596276283264,0.01,0.15852594375610352,0.5804082155227661,0.5621665716171265,0.5708333253860474,0.5692708492279053,1333.0,1370.0,0.5,0.5,0.5,240.0,240.0,13.117094993591309,0.0,0.5,0.5,0.5,0.5,240.0,240.0
1,0.6520833373069763,0.6888296604156494,0.6387748718261719,690.0,695.0,0.6420034766197205,0.01,0.2793058454990387,0.64082270860672,0.6389610171318054,0.640625,0.6380208134651184,1225.0,1230.0,0.5,0.5514540076255798,0.5022222399711609,240.0,232.0,4.025907516479492,0.016487693414092064,0.5115468502044678,0.508474588394165,0.5,0.5166666507720947,248.0,240.0
2,0.6734374761581421,0.7158933281898499,0.6681548953056335,636.0,640.0,0.6193380951881409,0.01,0.33580315113067627,0.6679186224937439,0.6673596501350403,0.668749988079071,0.6666666865348816,1280.0,1284.0,0.5,0.5,0.5,240.0,240.0,10.425313949584961,0.0,0.5,0.5,0.5,0.5,240.0,240.0
3,0.684374988079071,0.7293799519538879,0.6767889857292175,623.0,614.0,0.6125397086143494,0.01,0.3561272621154785,0.6776108145713806,0.6787022352218628,0.6755208373069763,0.6802083253860474,1306.0,1297.0,0.5,0.5036458373069763,0.5,240.0,240.0,9.171551704406738,0.0,0.5,0.5,0.5,0.5,240.0,240.0
4,0.6703125238418579,0.7213436961174011,0.6701090931892395,628.0,643.0,0.6441730260848999,0.0009999999,0.3381250202655792,0.6707536578178406,0.6677002310752869,0.6729166507720947,0.6651041507720947,1277.0,1292.0,0.5,0.5559960603713989,0.5,240.0,240.0,3.141603708267212,0.0,0.5,0.5,0.5,0.5,240.0,240.0
5,0.7171875238418579,0.7891024351119995,0.7187566757202148,537.0,545.0,0.552567720413208,0.0009999999,0.4365662634372711,0.7192983627319336,0.7173236608505249,0.7203124761581421,0.7161458134651184,1375.0,1383.0,0.5,0.5768988728523254,0.5,240.0,240.0,2.6121628284454346,0.0,0.5,0.5,0.5,0.5,240.0,240.0
