epoch,accuracy,auc,f1_score,fn,fp,loss,lr,mcc,npv,precision,recall,specificity,tn,tp,val_accuracy,val_auc,val_f1_score,val_fn,val_fp,val_loss,val_mcc,val_npv,val_precision,val_recall,val_specificity,val_tn,val_tp
0,0.510937511920929,0.5179251432418823,0.5178199410438538,1160.0,1169.0,0.7410253882408142,0.01,0.0370759516954422,0.5194294452667236,0.5147364139556885,0.5166666507720947,0.5161458253860474,1231.0,1240.0,0.5,0.5,0.5,240.0,240.0,25.97794532775879,0.0,0.5,0.5,0.5,0.5,240.0,240.0
1,0.5770833492279053,0.6027857661247253,0.5756996870040894,800.0,842.0,0.6857783198356628,0.01,0.1451871246099472,0.5754365921020508,0.5708460807800293,0.5833333134651184,0.5614583492279053,1078.0,1120.0,0.5,0.5469921827316284,0.5,240.0,240.0,2.932129144668579,0.0,0.5,0.5,0.5,0.5,240.0,240.0
2,0.6010416746139526,0.634558379650116,0.5927292108535767,782.0,779.0,0.6671607494354248,0.01,0.18735791742801666,0.5939204096794128,0.5936359167098999,0.5927083492279053,0.5942708253860474,1141.0,1138.0,0.5,0.5590907335281372,0.5,240.0,240.0,2.466123342514038,0.0,0.5,0.5,0.5,0.5,240.0,240.0
3,0.6364583373069763,0.675561249256134,0.6345793008804321,701.0,703.0,0.6433834433555603,0.01,0.26885148882865906,0.6344591379165649,0.634235143661499,0.6348958611488342,0.6338541507720947,1217.0,1219.0,0.5,0.5,0.5,240.0,240.0,7.918157577514648,0.0,0.5,0.5,0.5,0.5,240.0,240.0
4,0.6536458134651184,0.7098719477653503,0.6533306241035461,664.0,669.0,0.6238937973976135,0.0009999999,0.3057456910610199,0.6532313823699951,0.6524675488471985,0.6541666388511658,0.651562511920929,1251.0,1256.0,0.5,0.5,0.5,240.0,240.0,7.2256903648376465,0.0,0.5,0.5,0.5,0.5,240.0,240.0
5,0.6692708134651184,0.7316970229148865,0.6703598499298096,628.0,642.0,0.6049423217773438,0.0009999999,0.33864662051200867,0.6707635521888733,0.6680455207824707,0.6729166507720947,0.6656249761581421,1278.0,1292.0,0.5,0.5,0.5,240.0,240.0,6.684542179107666,0.0,0.5,0.5,0.5,0.5,240.0,240.0
