epoch,accuracy,auc,f1_score,fn,fp,loss,lr,mcc,npv,precision,recall,specificity,tn,tp,val_accuracy,val_auc,val_f1_score,val_fn,val_fp,val_loss,val_mcc,val_npv,val_precision,val_recall,val_specificity,val_tn,val_tp
0,0.535937488079071,0.5356288552284241,0.5253810286521912,1151.0,1127.0,0.7206853628158569,0.01,0.06180424615740776,0.532454788684845,0.5256733894348145,0.5204166769981384,0.5369791388511658,1273.0,1249.0,0.5,0.5,0.5,240.0,240.0,17.415637969970703,0.0,0.5,0.5,0.5,0.5,240.0,240.0
1,0.5723958611488342,0.5961676836013794,0.5638025403022766,832.0,856.0,0.68923419713974,0.01,0.12104330956935883,0.5589262843132019,0.5596708059310913,0.5666666626930237,0.5541666746139526,1064.0,1088.0,0.675000011920929,0.5,0.0,480.0,0.0,5.371359348297119,0.0,0.5,0.0,0.0,1.0,480.0,0.0
2,0.6119791865348816,0.6465796828269958,0.607087254524231,751.0,760.0,0.6662124991416931,0.01,0.21338920295238495,0.6073303818702698,0.6060134768486023,0.6088541746139526,0.6041666865348816,1160.0,1169.0,0.5,0.5572222471237183,0.34585949778556824,346.0,51.0,2.050107955932617,0.14844059944152832,0.5757785439491272,0.7243243455886841,0.27916666865348816,0.893750011920929,429.0,134.0
3,0.621874988079071,0.666785478591919,0.6158087849617004,742.0,724.0,0.6519824266433716,0.01,0.23662084341049194,0.6178953051567078,0.6193480491638184,0.6135416626930237,0.6229166388511658,1196.0,1178.0,0.5,0.5566796660423279,0.5,240.0,240.0,3.094893217086792,0.0,0.5,0.5,0.5,0.5,240.0,240.0
4,0.6442708373069763,0.6954683661460876,0.6434212923049927,687.0,679.0,0.6363948583602905,0.01,0.28861004114151,0.6438513994216919,0.6448744535446167,0.6421874761581421,0.6463541388511658,1241.0,1233.0,0.5,0.5433984398841858,0.5,240.0,240.0,3.110581636428833,0.0,0.5,0.5,0.5,0.5,240.0,240.0
5,0.6473958492279053,0.6896555423736572,0.6453401446342468,678.0,685.0,0.6392022967338562,0.0009999999,0.29034191370010376,0.6462516188621521,0.6445251703262329,0.6468750238418579,0.6432291865348816,1235.0,1242.0,0.5,0.6099522113800049,0.5,240.0,240.0,2.2690236568450928,0.0,0.5,0.5,0.5,0.5,240.0,240.0
6,0.6822916865348816,0.742871105670929,0.6838892698287964,608.0,605.0,0.599072277545929,0.0009999999,0.3682808578014374,0.6837989687919617,0.6844027042388916,0.6833333373069763,0.6848958134651184,1315.0,1312.0,0.5,0.615355908870697,0.5,240.0,240.0,2.219055414199829,0.0,0.5,0.5,0.5,0.5,240.0,240.0
