epoch,accuracy,auc,f1_score,fn,fp,loss,lr,mcc,npv,precision,recall,specificity,tn,tp,val_accuracy,val_auc,val_f1_score,val_fn,val_fp,val_loss,val_mcc,val_npv,val_precision,val_recall,val_specificity,val_tn,val_tp
0,0.5583333373069763,0.5449937582015991,0.5438929796218872,1104.0,1136.0,0.7291961312294006,0.01,0.08380021154880524,0.5431614518165588,0.5328947305679321,0.5400000214576721,0.5333333611488342,1264.0,1296.0,0.5,0.5,0.5,240.0,240.0,30.48726463317871,0.0,0.5,0.5,0.5,0.5,240.0,240.0
1,0.5947916507720947,0.6269497275352478,0.5874240398406982,781.0,815.0,0.6834716796875,0.01,0.1693548858165741,0.5865975618362427,0.5829068422317505,0.5932291746139526,0.5755208134651184,1105.0,1139.0,0.5,0.5306163430213928,0.5,240.0,240.0,2.932159185409546,0.0,0.5,0.5,0.5,0.5,240.0,240.0
2,0.6348958611488342,0.6676720976829529,0.6258275508880615,722.0,709.0,0.659529447555542,0.01,0.25515860319137573,0.6266344785690308,0.6282118558883667,0.6239583492279053,0.6307291388511658,1211.0,1198.0,0.5,0.5333441495895386,0.5,240.0,240.0,4.173192501068115,0.0,0.5,0.5,0.5,0.5,240.0,240.0
3,0.6578124761581421,0.7038266658782959,0.6566796898841858,659.0,659.0,0.6330970525741577,0.01,0.3137005567550659,0.6567878127098083,0.6567708253860474,0.6567708253860474,0.6567708253860474,1261.0,1261.0,0.5,0.5,0.5,240.0,240.0,9.291836738586426,0.0,0.5,0.5,0.5,0.5,240.0,240.0
4,0.653124988079071,0.6954503059387207,0.6440976858139038,684.0,685.0,0.6316317915916443,0.0009999999,0.28742682933807373,0.642428994178772,0.6434149146080017,0.643750011920929,0.6432291865348816,1235.0,1236.0,0.5,0.5168793201446533,0.5,240.0,240.0,4.728428363800049,0.0,0.5,0.5,0.5,0.5,240.0,240.0
5,0.6786458492279053,0.740128755569458,0.6782693266868591,616.0,621.0,0.6003202795982361,0.0009999999,0.3557768166065216,0.6783615350723267,0.6774026155471802,0.6791666746139526,0.676562488079071,1299.0,1304.0,0.5,0.5041666626930237,0.5,240.0,240.0,4.904974460601807,0.0,0.5,0.5,0.5,0.5,240.0,240.0
