epoch,accuracy,auc,f1_score,fn,fp,loss,lr,mcc,npv,precision,recall,specificity,tn,tp,val_accuracy,val_auc,val_f1_score,val_fn,val_fp,val_loss,val_mcc,val_npv,val_precision,val_recall,val_specificity,val_tn,val_tp
0,0.5505208373069763,0.5358485579490662,0.5299034714698792,1144.0,1129.0,0.7248862981796265,0.01,0.06636504083871841,0.5337635278701782,0.5266247391700745,0.5233333110809326,0.5369791388511658,1271.0,1256.0,0.5,0.5,0.5,240.0,240.0,25.837182998657227,0.0,0.5,0.5,0.5,0.5,240.0,240.0
1,0.6187499761581421,0.6521278023719788,0.6130167245864868,731.0,769.0,0.6608044505119324,0.01,0.21909219026565552,0.6114190816879272,0.607252299785614,0.6192708611488342,0.5994791388511658,1151.0,1189.0,0.4625000059604645,0.509850263595581,0.6695446372032166,0.0,474.0,1.4756306409835815,0.029186945408582687,0.13333334028720856,0.5031446814537048,1.0,0.012500000186264515,6.0,480.0
2,0.6442708373069763,0.6734896302223206,0.6325828433036804,706.0,703.0,0.6510844826698303,0.01,0.2662871181964874,0.6331387162208557,0.6332811713218689,0.6322916746139526,0.6338541507720947,1217.0,1214.0,0.5,0.5,0.5,240.0,240.0,8.337212562561035,0.0,0.5,0.5,0.5,0.5,240.0,240.0
3,0.643750011920929,0.6940126419067383,0.6444214582443237,676.0,696.0,0.6370168328285217,0.01,0.2855282425880432,0.6445007920265198,0.6412371397018433,0.6479166746139526,0.637499988079071,1224.0,1244.0,0.4729166626930237,0.5268490314483643,0.341138631105423,349.0,110.0,0.8354095220565796,0.033121880143880844,0.5275657176971436,0.54356849193573,0.27291667461395264,0.7708333134651184,370.0,131.0
4,0.659375011920929,0.708861231803894,0.6604630947113037,651.0,654.0,0.6279100775718689,0.0009999999,0.3203432857990265,0.6603254675865173,0.6599063873291016,0.660937488079071,0.659375011920929,1266.0,1269.0,0.5,0.5413607358932495,0.5,240.0,238.0,2.062378168106079,0.004044246859848499,0.5039215683937073,0.5020920634269714,0.5,0.5041666626930237,242.0,240.0
5,0.6770833134651184,0.7271043658256531,0.6781033277511597,616.0,622.0,0.611820638179779,0.0009999999,0.3552352786064148,0.6781688332557678,0.6770508885383606,0.6791666746139526,0.6760416626930237,1298.0,1304.0,0.5,0.5512109994888306,0.471802681684494,265.0,222.0,1.2982735633850098,-0.012175265699625015,0.4892504811286926,0.4919908344745636,0.4479166567325592,0.5375000238418579,258.0,215.0
