epoch,accuracy,auc,f1_score,fn,fp,loss,lr,mcc,npv,precision,recall,specificity,tn,tp,val_accuracy,val_auc,val_f1_score,val_fn,val_fp,val_loss,val_mcc,val_npv,val_precision,val_recall,val_specificity,val_tn,val_tp
0,0.510937511920929,0.5103062987327576,0.5094058513641357,1198.0,1177.0,0.7608397603034973,0.01,0.016786832362413406,0.5085716247558594,0.505254328250885,0.5008333325386047,0.5026041865348816,1223.0,1202.0,0.5,0.5,0.5,240.0,240.0,14.730403900146484,0.0,0.5,0.5,0.5,0.5,240.0,240.0
1,0.5531250238418579,0.5740625858306885,0.5421078205108643,888.0,844.0,0.7042574286460876,0.01,0.09817350655794144,0.5493640303611755,0.5501065850257874,0.5375000238418579,0.5604166388511658,1076.0,1032.0,0.5,0.5,0.5,240.0,240.0,9.659472465515137,0.0,0.5,0.5,0.5,0.5,240.0,240.0
2,0.6333333253860474,0.6668772101402283,0.6260808110237122,714.0,725.0,0.6601212620735168,0.01,0.25068050622940063,0.6262479424476624,0.6245468854904175,0.628125011920929,0.6223958134651184,1195.0,1206.0,0.5,0.504687488079071,0.5,240.0,240.0,3.58650541305542,0.0,0.5,0.5,0.5,0.5,240.0,240.0
3,0.6463541388511658,0.6917369961738586,0.6419802904129028,688.0,685.0,0.638209342956543,0.01,0.28495514392852783,0.6425973176956177,0.6426708102226257,0.6416666507720947,0.6432291865348816,1235.0,1232.0,0.5,0.5,0.5,240.0,240.0,10.00007438659668,0.0,0.5,0.5,0.5,0.5,240.0,240.0
4,0.653124988079071,0.7082585692405701,0.6543778777122498,661.0,669.0,0.6198728680610657,0.0009999999,0.3073221743106842,0.654262900352478,0.6530082821846008,0.6557291746139526,0.651562511920929,1251.0,1259.0,0.5,0.5,0.5,240.0,240.0,8.073662757873535,0.0,0.5,0.5,0.5,0.5,240.0,240.0
5,0.6812499761581421,0.7419477701187134,0.680370569229126,612.0,616.0,0.596550703048706,0.0009999999,0.3604467213153839,0.680923342704773,0.6798336505889893,0.6812499761581421,0.6791666746139526,1304.0,1308.0,0.5,0.5,0.5,240.0,240.0,7.342764854431152,0.0,0.5,0.5,0.5,0.5,240.0,240.0
