epoch,accuracy,auc,f1_score,fn,fp,loss,lr,mcc,npv,precision,recall,specificity,tn,tp,val_accuracy,val_auc,val_f1_score,val_fn,val_fp,val_loss,val_mcc,val_npv,val_precision,val_recall,val_specificity,val_tn,val_tp
0,0.5317708253860474,0.5217477679252625,0.5211288332939148,1145.0,1187.0,0.7329517006874084,0.01,0.03553693741559982,0.5198602080345154,0.5139229893684387,0.5229166746139526,0.5067708492279053,1213.0,1255.0,0.5,0.5,0.5,240.0,240.0,25.85748863220215,0.0,0.5,0.5,0.5,0.5,240.0,240.0
1,0.5807291865348816,0.5834342241287231,0.5477437376976013,885.0,817.0,0.6978997588157654,0.01,0.11421199142932892,0.5549684762954712,0.5588552951812744,0.5390625,0.5744791626930237,1103.0,1035.0,0.5,0.599730908870697,0.5,240.0,240.0,1.0273109674453735,0.0,0.5,0.5,0.5,0.5,240.0,240.0
2,0.6026041507720947,0.6199995875358582,0.5842487215995789,808.0,766.0,0.6795045733451843,0.01,0.18050721287727356,0.589989423751831,0.5921192765235901,0.5791666507720947,0.6010416746139526,1154.0,1112.0,0.5,0.5,0.5,240.0,240.0,4.676890850067139,0.0,0.5,0.5,0.5,0.5,240.0,240.0
3,0.6239583492279053,0.6522170305252075,0.6117531061172485,746.0,743.0,0.6631582975387573,0.01,0.22469988465309143,0.6121137142181396,0.6124152541160583,0.6114583611488342,0.6130208373069763,1177.0,1174.0,0.5,0.5,0.5,240.0,240.0,13.480632781982422,0.0,0.5,0.5,0.5,0.5,240.0,240.0
4,0.5947916507720947,0.6277498006820679,0.5721096396446228,841.0,769.0,0.6646222472190857,0.0009999999,0.16199909150600433,0.5781538486480713,0.5838744640350342,0.5619791746139526,0.5994791388511658,1151.0,1079.0,0.5,0.5,0.5,240.0,240.0,4.636317729949951,0.0,0.5,0.5,0.5,0.5,240.0,240.0
5,0.6161458492279053,0.6533684730529785,0.6106994152069092,758.0,723.0,0.6590756773948669,0.0009999999,0.2288256585597992,0.6123056411743164,0.6164456009864807,0.6052083373069763,0.6234375238418579,1197.0,1162.0,0.5,0.5,0.5,240.0,240.0,4.560455322265625,0.0,0.5,0.5,0.5,0.5,240.0,240.0
