epoch,accuracy,auc,f1_score,fn,fp,loss,lr,mcc,npv,precision,recall,specificity,tn,tp,val_accuracy,val_auc,val_f1_score,val_fn,val_fp,val_loss,val_mcc,val_npv,val_precision,val_recall,val_specificity,val_tn,val_tp
0,0.5364583134651184,0.5181061625480652,0.5279849767684937,1135.0,1171.0,0.7362842559814453,0.01,0.04899920895695686,0.52365642786026,0.5192939043045044,0.5270833373069763,0.5151041746139526,1229.0,1265.0,0.5,0.5,0.5,240.0,240.0,8.823914527893066,0.0,0.5,0.5,0.5,0.5,240.0,240.0
1,0.589062511920929,0.615124523639679,0.5794495940208435,804.0,809.0,0.680928647518158,0.01,0.15999919176101685,0.5808656811714172,0.5797402858734131,0.581250011920929,0.5786458253860474,1111.0,1116.0,0.5,0.5026041269302368,0.5,240.0,240.0,5.5950188636779785,0.0,0.5,0.5,0.5,0.5,240.0,240.0
2,0.6317708492279053,0.659259021282196,0.6213891506195068,722.0,736.0,0.6592639684677124,0.01,0.2409394234418869,0.6215102076530457,0.619441568851471,0.6239583492279053,0.6166666746139526,1184.0,1198.0,0.5,0.5,0.5,240.0,240.0,4.530251979827881,0.0,0.5,0.5,0.5,0.5,240.0,240.0
3,0.6312500238418579,0.6834925413131714,0.6259070634841919,718.0,718.0,0.6421861052513123,0.01,0.25218331813812256,0.6262692213058472,0.6260416507720947,0.6260416507720947,0.6260416507720947,1202.0,1202.0,0.5,0.5,0.5,240.0,240.0,5.299191474914551,0.0,0.5,0.5,0.5,0.5,240.0,240.0
4,0.6645833253860474,0.7240841388702393,0.6657184362411499,643.0,639.0,0.6118939518928528,0.0009999999,0.3323247730731964,0.6659665703773499,0.6664927005767822,0.6651041507720947,0.667187511920929,1281.0,1277.0,0.5,0.5223958492279053,0.5,240.0,240.0,3.152618408203125,0.0,0.5,0.5,0.5,0.5,240.0,240.0
5,0.6781250238418579,0.7473751902580261,0.6778182983398438,619.0,618.0,0.59095698595047,0.0009999999,0.3557477295398712,0.6776958107948303,0.67795729637146,0.6776041388511658,0.6781250238418579,1302.0,1301.0,0.5,0.5,0.5,240.0,240.0,4.5641703605651855,0.0,0.5,0.5,0.5,0.5,240.0,240.0
