epoch,accuracy,auc,f1_score,fn,fp,loss,lr,mcc,npv,precision,recall,specificity,tn,tp,val_accuracy,val_auc,val_f1_score,val_fn,val_fp,val_loss,val_mcc,val_npv,val_precision,val_recall,val_specificity,val_tn,val_tp
0,0.5505208373069763,0.534602165222168,0.5421178340911865,1116.0,1121.0,0.7412309646606445,0.01,0.08507604897022247,0.5427349209785461,0.5338877439498901,0.5350000262260437,0.5411458611488342,1279.0,1284.0,0.5,0.5,0.5,240.0,240.0,7.900977611541748,0.0,0.5,0.5,0.5,0.5,240.0,240.0
1,0.6036458611488342,0.6281092166900635,0.5898538827896118,789.0,784.0,0.6787582635879517,0.01,0.18112875521183014,0.589626669883728,0.5906005501747131,0.589062511920929,0.5916666388511658,1136.0,1131.0,0.5,0.5126432180404663,0.5,240.0,240.0,4.983784198760986,0.0,0.5,0.5,0.5,0.5,240.0,240.0
2,0.6260416507720947,0.6637102961540222,0.619982898235321,730.0,728.0,0.6590747833251953,0.01,0.24080631136894226,0.6201819181442261,0.6204379796981812,0.6197916865348816,0.6208333373069763,1192.0,1190.0,0.5,0.5377951264381409,0.6666666269302368,0.0,480.0,3.388619899749756,0.0,0.0,0.5,1.0,0.0,0.0,480.0
3,0.6734374761581421,0.7204262614250183,0.6736441254615784,626.0,628.0,0.6240537762641907,0.01,0.34693607687950134,0.6735478639602661,0.673257052898407,0.6739583611488342,0.6729166507720947,1292.0,1294.0,0.5,0.5457747578620911,0.5061538815498352,237.0,240.0,3.6236534118652344,0.0061553162522614,0.5,0.5031055808067322,0.5062500238418579,0.5,240.0,243.0
4,0.7088541388511658,0.7685907483100891,0.7095746994018555,558.0,557.0,0.5819017887115479,0.0009999999,0.419296532869339,0.7095063328742981,0.7097446322441101,0.7093750238418579,0.7098958492279053,1363.0,1362.0,0.5,0.5,0.5,240.0,240.0,5.9453935623168945,0.0,0.5,0.5,0.5,0.5,240.0,240.0
5,0.7333333492279053,0.7918579578399658,0.7322549819946289,514.0,514.0,0.5579879879951477,0.0009999999,0.464599609375,0.7323731184005737,0.7322916388511658,0.7322916388511658,0.7322916388511658,1406.0,1406.0,0.5,0.5041840076446533,0.5,240.0,240.0,4.685690879821777,0.0,0.5,0.5,0.5,0.5,240.0,240.0
