epoch,accuracy,auc,f1_score,fn,fp,loss,lr,mcc,npv,precision,recall,specificity,tn,tp,val_accuracy,val_auc,val_f1_score,val_fn,val_fp,val_loss,val_mcc,val_npv,val_precision,val_recall,val_specificity,val_tn,val_tp
0,0.5385416746139526,0.5159533619880676,0.5200895667076111,1160.0,1155.0,0.7336627840995789,0.01,0.04441739618778229,0.5218093395233154,0.517745316028595,0.5166666507720947,0.5234375,1245.0,1240.0,0.5,0.5,0.5,240.0,240.0,12.259673118591309,0.0,0.5,0.5,0.5,0.5,240.0,240.0
1,0.5895833373069763,0.614758312702179,0.5733267068862915,822.0,804.0,0.6821777820587158,0.01,0.15346257388591766,0.5770022869110107,0.5772870779037476,0.5718749761581421,0.581250011920929,1116.0,1098.0,0.5,0.5,0.5,240.0,240.0,10.616561889648438,0.0,0.5,0.5,0.5,0.5,240.0,240.0
2,0.6416666507720947,0.6857401728630066,0.6333438754081726,702.0,706.0,0.6422035694122314,0.01,0.26695287227630615,0.6343088150024414,0.633056104183197,0.6343749761581421,0.6322916746139526,1214.0,1218.0,0.5,0.5308051109313965,0.5,240.0,240.0,2.4718308448791504,0.0,0.5,0.5,0.5,0.5,240.0,240.0
3,0.6958333253860474,0.7425356507301331,0.6964693069458008,575.0,596.0,0.6076889038085938,0.01,0.39027586579322815,0.6977326273918152,0.6929417848587036,0.7005208134651184,0.6895833611488342,1324.0,1345.0,0.5,0.5,0.5,240.0,240.0,8.904836654663086,0.0,0.5,0.5,0.5,0.5,240.0,240.0
4,0.7192708253860474,0.7817763090133667,0.7204627990722656,536.0,538.0,0.567703902721405,0.0009999999,0.44065654277801514,0.7205396294593811,0.7200832366943359,0.7208333611488342,0.7197916507720947,1382.0,1384.0,0.5,0.5,0.5,240.0,240.0,7.83613395690918,0.0,0.5,0.5,0.5,0.5,240.0,240.0
5,0.7359374761581421,0.8110405206680298,0.7374234795570374,503.0,506.0,0.536992609500885,0.0009999999,0.4745068848133087,0.7376664876937866,0.7368694543838501,0.7380208373069763,0.7364583611488342,1414.0,1417.0,0.5,0.5,0.5,240.0,240.0,7.34453010559082,0.0,0.5,0.5,0.5,0.5,240.0,240.0
