epoch,accuracy,auc,f1_score,fn,fp,loss,lr,mcc,npv,precision,recall,specificity,tn,tp,val_accuracy,val_auc,val_f1_score,val_fn,val_fp,val_loss,val_mcc,val_npv,val_precision,val_recall,val_specificity,val_tn,val_tp
0,0.543749988079071,0.531003475189209,0.5385110378265381,1121.0,1133.0,0.7328548431396484,0.01,0.07632358372211456,0.5386937260627747,0.5302653312683105,0.5329166650772095,0.5348958373069763,1267.0,1279.0,0.5,0.5,0.5,240.0,240.0,7.515261650085449,0.0,0.5,0.5,0.5,0.5,240.0,240.0
1,0.6307291388511658,0.648780345916748,0.6033926606178284,766.0,746.0,0.6658989191055298,0.01,0.21301208436489105,0.6062575578689575,0.6073684096336365,0.6010416746139526,0.6114583611488342,1174.0,1154.0,0.59375,0.6550369262695312,0.3981306254863739,344.0,53.0,0.7761186361312866,0.21254955232143402,0.5562775731086731,0.7195767164230347,0.28333333134651184,0.8895833492279053,427.0,136.0
2,0.6499999761581421,0.6947670578956604,0.6484736800193787,672.0,680.0,0.6365363001823425,0.01,0.29600775241851807,0.6488602757453918,0.6473029255867004,0.6499999761581421,0.6458333134651184,1240.0,1248.0,0.5,0.5283789038658142,0.5,240.0,240.0,2.4051268100738525,0.0,0.5,0.5,0.5,0.5,240.0,240.0
3,0.6869791746139526,0.7332400679588318,0.6828274130821228,604.0,619.0,0.6119130253791809,0.01,0.36327555775642395,0.6825719475746155,0.6801033616065979,0.6854166388511658,0.6776041388511658,1301.0,1316.0,0.5,0.5057291984558105,0.5,240.0,240.0,3.090764045715332,0.0,0.5,0.5,0.5,0.5,240.0,240.0
4,0.6927083134651184,0.7599576115608215,0.6903931498527527,597.0,590.0,0.5833967924118042,0.01,0.38184651732444763,0.6900708079338074,0.6915838718414307,0.6890624761581421,0.6927083134651184,1330.0,1323.0,0.5,0.5,0.5,240.0,240.0,4.830576419830322,0.0,0.5,0.5,0.5,0.5,240.0,240.0
5,0.6479166746139526,0.7086504697799683,0.6478530168533325,673.0,684.0,0.6220223307609558,0.0009999999,0.29338517785072327,0.6469776630401611,0.6457793712615967,0.6494791507720947,0.643750011920929,1236.0,1247.0,0.5,0.5036458373069763,0.5,240.0,240.0,3.0926520824432373,0.0,0.5,0.5,0.5,0.5,240.0,240.0
6,0.7510416507720947,0.8221052885055542,0.7514371871948242,476.0,479.0,0.528876543045044,0.0009999999,0.5026476979255676,0.7518270015716553,0.7509100437164307,0.7520833611488342,0.7505208253860474,1441.0,1444.0,0.5,0.6493056416511536,0.5,240.0,240.0,1.7615219354629517,0.0,0.5,0.5,0.5,0.5,240.0,240.0
