epoch,accuracy,auc,f1_score,fn,fp,loss,lr,mcc,npv,precision,recall,specificity,tn,tp,val_accuracy,val_auc,val_f1_score,val_fn,val_fp,val_loss,val_mcc,val_npv,val_precision,val_recall,val_specificity,val_tn,val_tp
0,0.5072916746139526,0.518180251121521,0.505722165107727,1170.0,1191.0,0.7444636821746826,0.01,0.00956661906093359,0.5053636431694031,0.5080544948577881,0.512499988079071,0.49947917461395264,1209.0,1230.0,0.5,0.5175976753234863,0.5,240.0,240.0,1.1448578834533691,0.0,0.5,0.5,0.5,0.5,240.0,240.0
1,0.574999988079071,0.592292308807373,0.5601404309272766,848.0,827.0,0.6972364783287048,0.01,0.12800326943397522,0.5643212795257568,0.5645076632499695,0.5583333373069763,0.5692708492279053,1093.0,1072.0,0.5,0.515149712562561,0.5,240.0,240.0,4.013298511505127,0.0,0.5,0.5,0.5,0.5,240.0,240.0
2,0.640625,0.6833301782608032,0.6372342705726624,695.0,698.0,0.6483606696128845,0.01,0.27473965287208557,0.6380590796470642,0.6370254755020142,0.6380208134651184,0.6364583373069763,1222.0,1225.0,0.5,0.5334808826446533,0.4980108439922333,239.0,244.0,2.1321804523468018,-0.006036726757884026,0.5,0.49690720438957214,0.5020833611488342,0.49166667461395264,236.0,241.0
3,0.675000011920929,0.725239634513855,0.6739499568939209,626.0,627.0,0.618237316608429,0.01,0.347465455532074,0.6734521985054016,0.6736074686050415,0.6739583611488342,0.6734374761581421,1293.0,1294.0,0.5,0.5,0.5,240.0,240.0,4.844583988189697,0.0,0.5,0.5,0.5,0.5,240.0,240.0
4,0.698437511920929,0.7620616555213928,0.6981459856033325,581.0,577.0,0.5828361511230469,0.0009999999,0.39691364765167236,0.69798743724823,0.6988517642021179,0.6973958611488342,0.6994791626930237,1343.0,1339.0,0.5,0.60163414478302,0.522919774055481,228.0,241.0,1.5440973043441772,0.02194341830909252,0.5,0.5111562013626099,0.5249999761581421,0.49791666865348816,239.0,252.0
5,0.7458333373069763,0.8078823685646057,0.7454602122306824,488.0,490.0,0.5374749898910522,0.0009999999,0.4906458556652069,0.7455451488494873,0.745057225227356,0.7458333373069763,0.7447916865348816,1430.0,1432.0,0.5,0.5,0.5,240.0,240.0,5.875039100646973,0.0,0.5,0.5,0.5,0.5,240.0,240.0
