epoch,accuracy,auc,f1_score,fn,fp,loss,lr,mcc,npv,precision,recall,specificity,tn,tp,val_accuracy,val_auc,val_f1_score,val_fn,val_fp,val_loss,val_mcc,val_npv,val_precision,val_recall,val_specificity,val_tn,val_tp
0,0.5526041388511658,0.5467910766601562,0.5448682904243469,1114.0,1104.0,0.7201629281044006,0.01,0.09500956535339355,0.5482532382011414,0.53807532787323,0.5358333587646484,0.550000011920929,1296.0,1286.0,0.5,0.5,0.5,240.0,240.0,21.24694061279297,0.0,0.5,0.5,0.5,0.5,240.0,240.0
1,0.6151041388511658,0.656949520111084,0.6055207848548889,762.0,742.0,0.6659969091415405,0.01,0.21697638928890228,0.6083336472511292,0.609473705291748,0.6031249761581421,0.6135416626930237,1178.0,1158.0,0.6479166746139526,0.7138368487358093,0.3963741660118103,348.0,41.0,0.6655498743057251,0.24314479529857635,0.5593710541725159,0.763005793094635,0.2750000059604645,0.9145833253860474,439.0,132.0
2,0.675000011920929,0.7179399132728577,0.6661518216133118,648.0,625.0,0.6289621591567993,0.01,0.33714187145233154,0.6670887470245361,0.6705324053764343,0.6625000238418579,0.6744791865348816,1295.0,1272.0,0.5,0.6183376908302307,0.5,240.0,240.0,1.4158902168273926,0.0,0.5,0.5,0.5,0.5,240.0,240.0
3,0.6968749761581421,0.7626774311065674,0.6966782212257385,581.0,585.0,0.5807597041130066,0.01,0.3927980363368988,0.6967722773551941,0.6959459185600281,0.6973958611488342,0.6953125,1335.0,1339.0,0.5375000238418579,0.6347634196281433,0.5268287658691406,230.0,207.0,0.9383971095085144,0.08806276321411133,0.5532377362251282,0.5470459461212158,0.5208333134651184,0.5687500238418579,273.0,250.0
4,0.7151041626930237,0.787787675857544,0.7144224047660828,550.0,545.0,0.5576301217079163,0.01,0.42971980571746826,0.7143954038619995,0.7154046893119812,0.7135416865348816,0.7161458134651184,1375.0,1370.0,0.5,0.5005208253860474,0.5,240.0,240.0,4.324848651885986,0.0,0.5,0.5,0.5,0.5,240.0,240.0
5,0.7541666626930237,0.8378384113311768,0.7535664439201355,473.0,473.0,0.4961118698120117,0.0009999999,0.5073160529136658,0.7538168430328369,0.7536458373069763,0.7536458373069763,0.7536458373069763,1447.0,1447.0,0.5,0.5041666626930237,0.5,240.0,240.0,4.177902698516846,0.0,0.5,0.5,0.5,0.5,240.0,240.0
6,0.7807291746139526,0.8628180027008057,0.7813706994056702,420.0,419.0,0.4620353579521179,0.0009999999,0.5630398988723755,0.781537652015686,0.7816570997238159,0.78125,0.7817708253860474,1501.0,1500.0,0.5,0.614991307258606,0.5,240.0,240.0,2.4809632301330566,0.0,0.5,0.5,0.5,0.5,240.0,240.0
