epoch,accuracy,auc,f1_score,fn,fp,loss,lr,mcc,npv,precision,recall,specificity,tn,tp,val_accuracy,val_auc,val_f1_score,val_fn,val_fp,val_loss,val_mcc,val_npv,val_precision,val_recall,val_specificity,val_tn,val_tp
0,0.5541666746139526,0.6183263063430786,0.5394654870033264,1030.0,1013.0,0.7218523621559143,0.01,0.08622872829437256,0.5440362095832825,0.5749055743217468,0.5708333253860474,0.546875,1387.0,1370.0,0.5,0.5,0.5,240.0,240.0,32.051002502441406,0.0,0.5,0.5,0.5,0.5,240.0,240.0
1,0.5859375,0.6128649711608887,0.5712591409683228,824.0,815.0,0.6813971400260925,0.01,0.1467571258544922,0.5735307931900024,0.5735217332839966,0.5708333253860474,0.5755208134651184,1105.0,1096.0,0.5,0.5,0.5,240.0,240.0,16.04265594482422,0.0,0.5,0.5,0.5,0.5,240.0,240.0
2,0.6312500238418579,0.6723476648330688,0.6244186162948608,717.0,730.0,0.6543980836868286,0.01,0.24658246338367462,0.6240642666816711,0.6223486661911011,0.6265624761581421,0.6197916865348816,1190.0,1203.0,0.5,0.6222113966941833,0.5175246000289917,231.0,240.0,1.5082918405532837,0.018104322254657745,0.501075267791748,0.5092024803161621,0.518750011920929,0.5,240.0,249.0
3,0.6567708253860474,0.7038370370864868,0.6568755507469177,656.0,665.0,0.6309433579444885,0.01,0.3120318353176117,0.6565387845039368,0.6552618145942688,0.6583333611488342,0.6536458134651184,1255.0,1264.0,0.5,0.6115256547927856,0.6002353429794312,180.0,248.0,1.4289571046829224,0.09662687033414841,0.5047619342803955,0.5474452376365662,0.625,0.4833333194255829,232.0,300.0
4,0.6130208373069763,0.6498175263404846,0.6135143041610718,731.0,767.0,0.6618063449859619,0.0009999999,0.22001037001609802,0.6116765737533569,0.6078732013702393,0.6192708611488342,0.6005208492279053,1153.0,1189.0,0.5,0.5916081070899963,0.5268719792366028,217.0,257.0,1.1031047105789185,0.01202429924160242,0.5037037134170532,0.5057692527770996,0.5479166507720947,0.4645833373069763,223.0,263.0
5,0.6489583253860474,0.6932990550994873,0.6473819613456726,673.0,686.0,0.6351069808006287,0.0009999999,0.2922687530517578,0.6468839049339294,0.6451112031936646,0.6494791507720947,0.6427083611488342,1234.0,1247.0,0.5,0.6163737177848816,0.5,240.0,240.0,1.962249755859375,0.0,0.5,0.5,0.5,0.5,240.0,240.0
