epoch,accuracy,auc,f1_score,fn,fp,loss,lr,mcc,npv,precision,recall,specificity,tn,tp,val_accuracy,val_auc,val_f1_score,val_fn,val_fp,val_loss,val_mcc,val_npv,val_precision,val_recall,val_specificity,val_tn,val_tp
0,0.5052083134651184,0.5135468244552612,0.5127582550048828,1164.0,1196.0,0.7539886236190796,0.01,0.02091302163898945,0.5114760994911194,0.5082237124443054,0.5149999856948853,0.5020833611488342,1204.0,1236.0,0.5,0.5,0.5,240.0,240.0,2273.59521484375,0.0,0.5,0.5,0.5,0.5,240.0,240.0
1,0.5588541626930237,0.5766884684562683,0.5421221852302551,902.0,806.0,0.7030782103538513,0.01,0.11076726764440536,0.5535059571266174,0.5581140518188477,0.5302083492279053,0.5802083611488342,1114.0,1018.0,0.5,0.5529882907867432,0.5,240.0,240.0,4.178577423095703,0.0,0.5,0.5,0.5,0.5,240.0,240.0
2,0.6276041865348816,0.663439154624939,0.6220921874046326,738.0,698.0,0.6619559526443481,0.01,0.25242888927459717,0.6233991980552673,0.6287233829498291,0.6156250238418579,0.6364583373069763,1222.0,1182.0,0.5,0.5940256118774414,0.5,240.0,240.0,1.5935051441192627,0.0,0.5,0.5,0.5,0.5,240.0,240.0
3,0.628125011920929,0.6633095741271973,0.6257383227348328,713.0,727.0,0.6600671410560608,0.01,0.25028592348098755,0.6270042061805725,0.6240951418876648,0.6286458373069763,0.6213541626930237,1193.0,1207.0,0.5,0.5987499952316284,0.5,240.0,240.0,2.2981786727905273,0.0,0.5,0.5,0.5,0.5,240.0,240.0
4,0.6479166746139526,0.6864935755729675,0.6441657543182373,684.0,681.0,0.6411697268486023,0.0009999999,0.2891259491443634,0.6444070935249329,0.6447574496269226,0.643750011920929,0.645312488079071,1239.0,1236.0,0.5,0.5,0.5,240.0,240.0,5.056674003601074,0.0,0.5,0.5,0.5,0.5,240.0,240.0
5,0.6916666626930237,0.7438119649887085,0.6895300149917603,597.0,595.0,0.6007521748542786,0.0009999999,0.3791976869106293,0.689174473285675,0.6897810101509094,0.6890624761581421,0.6901041865348816,1325.0,1323.0,0.5,0.5,0.5,240.0,240.0,3.7673521041870117,0.0,0.5,0.5,0.5,0.5,240.0,240.0
