epoch,accuracy,auc,f1_score,fn,fp,loss,lr,mcc,npv,precision,recall,specificity,tn,tp,val_accuracy,val_auc,val_f1_score,val_fn,val_fp,val_loss,val_mcc,val_npv,val_precision,val_recall,val_specificity,val_tn,val_tp
0,0.5411458611488342,0.5453269481658936,0.5264131426811218,1132.0,1139.0,0.7354545593261719,0.01,0.053858477622270584,0.5266746878623962,0.526796817779541,0.528333306312561,0.5249999761581421,1261.0,1268.0,0.5,0.5,0.5,240.0,240.0,20.006921768188477,0.0,0.5,0.5,0.5,0.5,240.0,240.0
1,0.620312511920929,0.6533481478691101,0.6205273866653442,718.0,750.0,0.6676162481307983,0.01,0.23588666319847107,0.6196858882904053,0.6157786846160889,0.6260416507720947,0.609375,1170.0,1202.0,0.5,0.5162239670753479,0.5,240.0,240.0,3.4257466793060303,0.0,0.5,0.5,0.5,0.5,240.0,240.0
2,0.6276041865348816,0.6647043228149414,0.6219910383224487,728.0,718.0,0.6587935090065002,0.01,0.24706602096557617,0.623548686504364,0.6240837574005127,0.6208333373069763,0.6260416507720947,1202.0,1192.0,0.5,0.5452061891555786,0.5020512938499451,239.0,240.0,2.6872129440307617,0.0020517667289823294,0.5,0.5010395050048828,0.5020833611488342,0.5,240.0,241.0
3,0.6625000238418579,0.7028576731681824,0.6595386862754822,657.0,647.0,0.6332155466079712,0.01,0.3209253251552582,0.6595441102981567,0.6612565517425537,0.6578124761581421,0.6630208492279053,1273.0,1263.0,0.5,0.5,0.5,240.0,240.0,4.227708339691162,0.0,0.5,0.5,0.5,0.5,240.0,240.0
4,0.6869791746139526,0.759868323802948,0.6866689920425415,602.0,601.0,0.5907566547393799,0.0009999999,0.3734580874443054,0.6865682601928711,0.6868160367012024,0.6864583492279053,0.6869791746139526,1319.0,1318.0,0.5,0.5,0.5,240.0,240.0,7.244522571563721,0.0,0.5,0.5,0.5,0.5,240.0,240.0
5,0.7182291746139526,0.7833585739135742,0.718268096446991,542.0,539.0,0.5643380880355835,0.0009999999,0.436996728181839,0.7181568741798401,0.718831479549408,0.7177083492279053,0.7192708253860474,1381.0,1378.0,0.5,0.5,0.5,240.0,240.0,6.910867214202881,0.0,0.5,0.5,0.5,0.5,240.0,240.0
