epoch,accuracy,auc,f1_score,fn,fp,loss,lr,mcc,npv,precision,recall,specificity,tn,tp,val_accuracy,val_auc,val_f1_score,val_fn,val_fp,val_loss,val_mcc,val_npv,val_precision,val_recall,val_specificity,val_tn,val_tp
0,0.5145833492279053,0.5024661421775818,0.5070900321006775,1181.0,1189.0,0.7448198795318604,0.01,0.015807174146175385,0.5076687335968018,0.5062292218208313,0.5079166889190674,0.5057291388511658,1211.0,1219.0,0.5,0.518433153629303,0.5,240.0,240.0,6.597878932952881,0.0,0.5,0.5,0.5,0.5,240.0,240.0
1,0.5802083611488342,0.590718150138855,0.5645288228988647,830.0,847.0,0.6927453875541687,0.01,0.12672941386699677,0.5644887089729309,0.562725841999054,0.5677083134651184,0.5588541626930237,1073.0,1090.0,0.5,0.5,0.5,240.0,240.0,8.749719619750977,0.0,0.5,0.5,0.5,0.5,240.0,240.0
2,0.6234375238418579,0.6707020998001099,0.6164131164550781,732.0,743.0,0.648151695728302,0.01,0.23231187462806702,0.6175168752670288,0.6152252554893494,0.6187499761581421,0.6130208373069763,1177.0,1188.0,0.5,0.5,0.5,240.0,240.0,5.359270095825195,0.0,0.5,0.5,0.5,0.5,240.0,240.0
3,0.6692708134651184,0.7176184058189392,0.6658726334571838,643.0,639.0,0.6243749260902405,0.01,0.3323553204536438,0.6656385660171509,0.6664927005767822,0.6651041507720947,0.667187511920929,1281.0,1277.0,0.5,0.5,0.5,240.0,240.0,10.311982154846191,0.0,0.5,0.5,0.5,0.5,240.0,240.0
4,0.6567708253860474,0.7147151827812195,0.6577492952346802,658.0,655.0,0.6204387545585632,0.0009999999,0.3161618411540985,0.6579341888427734,0.6583203077316284,0.6572916507720947,0.6588541865348816,1265.0,1262.0,0.5,0.5395572781562805,0.5,240.0,240.0,2.9351727962493896,0.0,0.5,0.5,0.5,0.5,240.0,240.0
5,0.6968749761581421,0.7545714974403381,0.6968041658401489,585.0,577.0,0.5907717347145081,0.0009999999,0.3948512375354767,0.6965257525444031,0.698221743106842,0.6953125,0.6994791626930237,1343.0,1335.0,0.5,0.6036719083786011,0.5,240.0,240.0,2.5484120845794678,0.0,0.5,0.5,0.5,0.5,240.0,240.0
