epoch,accuracy,auc,f1_score,fn,fp,loss,lr,mcc,npv,precision,recall,specificity,tn,tp,val_accuracy,val_auc,val_f1_score,val_fn,val_fp,val_loss,val_mcc,val_npv,val_precision,val_recall,val_specificity,val_tn,val_tp
0,0.5619791746139526,0.5496751666069031,0.5541191101074219,1099.0,1088.0,0.7298948168754578,0.01,0.11129621416330338,0.553953230381012,0.5445793271064758,0.5420833230018616,0.5583333373069763,1312.0,1301.0,0.5,0.5,0.0,480.0,0.0,586.0540161132812,0.0,0.5,0.0,0.0,1.0,480.0,0.0
1,0.6166666746139526,0.6420849561691284,0.6055021286010742,758.0,751.0,0.6704199314117432,0.01,0.2145056128501892,0.6079348921775818,0.6074228882789612,0.6052083373069763,0.6088541746139526,1169.0,1162.0,0.6020833253860474,0.49914711713790894,0.0,480.0,0.0,3.4142541885375977,0.0,0.5,0.0,0.0,1.0,480.0,0.0
2,0.6088541746139526,0.6523966789245605,0.6138377785682678,734.0,757.0,0.6623045802116394,0.01,0.22374169528484344,0.6131665706634521,0.6103962659835815,0.6177083253860474,0.6057291626930237,1163.0,1186.0,0.5,0.5063585042953491,0.5,240.0,240.0,3.5158281326293945,0.0,0.5,0.5,0.5,0.5,240.0,240.0
3,0.6505208611488342,0.6926428079605103,0.6412349939346313,691.0,681.0,0.6374160647392273,0.01,0.285739004611969,0.6429786086082458,0.6434555053710938,0.6401041746139526,0.645312488079071,1239.0,1229.0,0.5,0.5303385257720947,0.5,240.0,240.0,2.527010440826416,0.0,0.5,0.5,0.5,0.5,240.0,240.0
4,0.6552083492279053,0.702817440032959,0.6545172929763794,663.0,662.0,0.6308959126472473,0.01,0.3100571036338806,0.6555070877075195,0.6550286412239075,0.6546875238418579,0.6552083492279053,1258.0,1257.0,0.48124998807907104,0.5543423891067505,0.4554673433303833,275.0,222.0,0.7391678094863892,-0.033549655228853226,0.4781063497066498,0.48009368777275085,0.4270833432674408,0.5375000238418579,258.0,205.0
5,0.6796875,0.7462643980979919,0.6785395741462708,615.0,620.0,0.5957676768302917,0.0009999999,0.35698971152305603,0.6793787479400635,0.6779220700263977,0.6796875,0.6770833134651184,1300.0,1305.0,0.5062500238418579,0.5765494704246521,0.5010251402854919,240.0,237.0,0.917548418045044,0.006218425463885069,0.5041035413742065,0.5031446814537048,0.5,0.5062500238418579,243.0,240.0
6,0.6838541626930237,0.7511125802993774,0.6849114298820496,602.0,612.0,0.5926055312156677,0.0009999999,0.36791858077049255,0.68438720703125,0.6829015612602234,0.6864583492279053,0.6812499761581421,1308.0,1318.0,0.5,0.5748611092567444,0.5,240.0,240.0,1.079327940940857,0.0,0.5,0.5,0.5,0.5,240.0,240.0
