epoch,accuracy,auc,f1_score,fn,fp,loss,lr,mcc,npv,precision,recall,specificity,tn,tp,val_accuracy,val_auc,val_f1_score,val_fn,val_fp,val_loss,val_mcc,val_npv,val_precision,val_recall,val_specificity,val_tn,val_tp
0,0.5645833611488342,0.5565534830093384,0.5507975816726685,1105.0,1090.0,0.709179699420929,0.01,0.10698087513446808,0.5532931089401245,0.5429769158363342,0.5395833253860474,0.5572916865348816,1310.0,1295.0,0.5,0.5396484136581421,0.6666666269302368,0.0,480.0,6.879058361053467,0.0,0.0,0.5,1.0,0.0,0.0,480.0
1,0.6291666626930237,0.6458926200866699,0.6110374927520752,749.0,744.0,0.6696472764015198,0.01,0.22251680493354797,0.6095691919326782,0.6114882230758667,0.6098958253860474,0.612500011920929,1176.0,1171.0,0.5,0.5,0.5,240.0,240.0,6.634950637817383,0.0,0.5,0.5,0.5,0.5,240.0,240.0
2,0.653124988079071,0.7095972299575806,0.6519747376441956,664.0,677.0,0.62396240234375,0.01,0.30167141556739807,0.6517289280891418,0.6497672200202942,0.6541666388511658,0.6473958492279053,1243.0,1256.0,0.5,0.5861979722976685,0.5250290632247925,227.0,240.0,1.6406054496765137,0.025207053869962692,0.5,0.5131846070289612,0.5270833373069763,0.5,240.0,253.0
3,0.6890624761581421,0.7491946220397949,0.6900932192802429,592.0,601.0,0.5963082909584045,0.01,0.37868988513946533,0.6901251673698425,0.6884396076202393,0.6916666626930237,0.6869791746139526,1319.0,1328.0,0.5,0.5689018964767456,0.5,240.0,240.0,2.672349214553833,0.0,0.5,0.5,0.5,0.5,240.0,240.0
4,0.7098958492279053,0.7631493210792542,0.7096928358078003,555.0,562.0,0.58637535572052,0.0009999999,0.4182548522949219,0.7097837924957275,0.7083549499511719,0.7109375,0.7072916626930237,1358.0,1365.0,0.5,0.5770703554153442,0.5,240.0,240.0,2.5878560543060303,0.0,0.5,0.5,0.5,0.5,240.0,240.0
5,0.7244791388511658,0.7984592914581299,0.7252963781356812,526.0,530.0,0.5468904376029968,0.0009999999,0.4500137269496918,0.7254536151885986,0.7245322465896606,0.7260416746139526,0.7239583134651184,1390.0,1394.0,0.5,0.5268945693969727,0.5,240.0,240.0,3.1535236835479736,0.0,0.5,0.5,0.5,0.5,240.0,240.0
