epoch,accuracy,auc,f1_score,fn,fp,loss,lr,mcc,npv,precision,recall,specificity,tn,tp,val_accuracy,val_auc,val_f1_score,val_fn,val_fp,val_loss,val_mcc,val_npv,val_precision,val_recall,val_specificity,val_tn,val_tp
0,0.5567708611488342,0.5531866550445557,0.5518291592597961,1101.0,1094.0,0.7124713063240051,0.01,0.10735903680324554,0.5528433918952942,0.5428332686424255,0.5412499904632568,0.5552083253860474,1306.0,1299.0,0.5,0.5,0.5,240.0,240.0,10.04344367980957,0.0,0.5,0.5,0.5,0.5,240.0,240.0
1,0.6369791626930237,0.6677727699279785,0.6221931576728821,731.0,709.0,0.6578128933906555,0.01,0.250373899936676,0.624625563621521,0.6264488697052002,0.6192708611488342,0.6307291388511658,1211.0,1189.0,0.5,0.5,0.5,240.0,240.0,5.98988676071167,0.0,0.5,0.5,0.5,0.5,240.0,240.0
2,0.6598958373069763,0.7109091281890869,0.6537429094314575,670.0,654.0,0.6259044408798218,0.01,0.31058454513549805,0.6539534330368042,0.6565126180648804,0.6510416865348816,0.659375011920929,1266.0,1250.0,0.5,0.5,0.5,240.0,240.0,4.274629592895508,0.0,0.5,0.5,0.5,0.5,240.0,240.0
3,0.6812499761581421,0.7425435781478882,0.6801964640617371,613.0,616.0,0.5994181036949158,0.01,0.3599373400211334,0.6802425384521484,0.6796671748161316,0.6807291507720947,0.6791666746139526,1304.0,1307.0,0.5,0.5,0.5,240.0,240.0,5.068479537963867,0.0,0.5,0.5,0.5,0.5,240.0,240.0
4,0.7046874761581421,0.7698845267295837,0.7050976157188416,564.0,570.0,0.575381338596344,0.0009999999,0.40943655371665955,0.7054497003555298,0.704049825668335,0.706250011920929,0.703125,1350.0,1356.0,0.5,0.5,0.5,240.0,240.0,5.796555042266846,0.0,0.5,0.5,0.5,0.5,240.0,240.0
5,0.7395833134651184,0.8079681992530823,0.7388373613357544,503.0,499.0,0.5343711972236633,0.0009999999,0.4781687557697296,0.738487184047699,0.7395615577697754,0.7380208373069763,0.7401041388511658,1421.0,1417.0,0.5,0.5,0.5,240.0,240.0,5.452186584472656,0.0,0.5,0.5,0.5,0.5,240.0,240.0
