epoch,accuracy,auc,f1_score,fn,fp,loss,lr,mcc,npv,precision,recall,specificity,tn,tp,val_accuracy,val_auc,val_f1_score,val_fn,val_fp,val_loss,val_mcc,val_npv,val_precision,val_recall,val_specificity,val_tn,val_tp
0,0.5567708611488342,0.5414060354232788,0.5481752157211304,1105.0,1107.0,0.7225193381309509,0.01,0.09810669720172882,0.5495540499687195,0.5391340255737305,0.5395833253860474,0.5484374761581421,1293.0,1295.0,0.5,0.5,0.5,240.0,240.0,15.21622371673584,0.0,0.5,0.5,0.5,0.5,240.0,240.0
1,0.6291666626930237,0.670077383518219,0.6221651434898376,720.0,737.0,0.6589481830596924,0.01,0.24122262001037598,0.6216364502906799,0.6195147037506104,0.625,0.6161458492279053,1183.0,1200.0,0.5,0.5364843606948853,0.6666666269302368,0.0,480.0,3.2845520973205566,0.0,0.0,0.5,1.0,0.0,0.0,480.0
2,0.6708333492279053,0.7182561755180359,0.6663079857826233,642.0,638.0,0.6227552890777588,0.01,0.33338069915771484,0.6663386821746826,0.6670145988464355,0.6656249761581421,0.6677083373069763,1282.0,1278.0,0.5,0.5,0.5,240.0,240.0,4.924155235290527,0.0,0.5,0.5,0.5,0.5,240.0,240.0
3,0.6869791746139526,0.7465327382087708,0.6865084171295166,601.0,604.0,0.5997551083564758,0.01,0.3724250793457031,0.6863657236099243,0.6859074234962463,0.6869791746139526,0.6854166388511658,1316.0,1319.0,0.5,0.5130143165588379,0.5,240.0,240.0,3.3570339679718018,0.0,0.5,0.5,0.5,0.5,240.0,240.0
4,0.651562511920929,0.6995407342910767,0.6480595469474792,676.0,675.0,0.6318737268447876,0.0009999999,0.29643192887306213,0.6480996608734131,0.6482542753219604,0.6479166746139526,0.6484375,1245.0,1244.0,0.5,0.5,0.5,240.0,240.0,5.220255374908447,0.0,0.5,0.5,0.5,0.5,240.0,240.0
5,0.6953125,0.7565510869026184,0.6957225799560547,580.0,593.0,0.5884685516357422,0.0009999999,0.38909783959388733,0.695519745349884,0.6932229399681091,0.6979166865348816,0.6911458373069763,1327.0,1340.0,0.5,0.5,0.5,240.0,240.0,5.011498928070068,0.0,0.5,0.5,0.5,0.5,240.0,240.0
