epoch,accuracy,auc,f1_score,fn,fp,loss,lr,mcc,npv,precision,recall,specificity,tn,tp,val_accuracy,val_auc,val_f1_score,val_fn,val_fp,val_loss,val_mcc,val_npv,val_precision,val_recall,val_specificity,val_tn,val_tp
0,0.515625,0.508141040802002,0.5139324069023132,1161.0,1200.0,0.7594533562660217,0.01,0.02018851414322853,0.5100923180580139,0.507995069026947,0.5162500143051147,0.5,1200.0,1239.0,0.5,0.5,0.5,240.0,240.0,18.446056365966797,0.0,0.5,0.5,0.5,0.5,240.0,240.0
1,0.5979166626930237,0.6180959939956665,0.5893048048019409,787.0,793.0,0.689464807510376,0.01,0.17739076912403107,0.5879853367805481,0.5882658362388611,0.5901041626930237,0.5869791507720947,1127.0,1133.0,0.5,0.5678516030311584,0.0,480.0,0.0,1.9343675374984741,0.0,0.5,0.0,0.0,1.0,480.0,0.0
2,0.6302083134651184,0.670005202293396,0.62015300989151,738.0,707.0,0.6555701494216919,0.01,0.2477300614118576,0.6222931146621704,0.6257278919219971,0.6156250238418579,0.6317708492279053,1213.0,1182.0,0.5,0.5866645574569702,0.5020512938499451,239.0,240.0,1.438055396080017,0.0020517667289823294,0.5,0.5010395050048828,0.5020833611488342,0.5,240.0,241.0
3,0.6526041626930237,0.7058525085449219,0.6504856944084167,668.0,676.0,0.6290781497955322,0.01,0.3001183271408081,0.6510983109474182,0.6493775844573975,0.6520833373069763,0.6479166746139526,1244.0,1252.0,0.5,0.5073003768920898,0.5,240.0,240.0,3.5748138427734375,0.0,0.5,0.5,0.5,0.5,240.0,240.0
4,0.643750011920929,0.7031657099723816,0.6448275446891785,680.0,686.0,0.6299164295196533,0.0009999999,0.2885543704032898,0.6447071433067322,0.6438214182853699,0.6458333134651184,0.6427083611488342,1234.0,1240.0,0.5,0.5,0.5,240.0,240.0,7.60986328125,0.0,0.5,0.5,0.5,0.5,240.0,240.0
5,0.6932291388511658,0.7572095394134521,0.6923637390136719,591.0,590.0,0.5858685374259949,0.0009999999,0.3849093019962311,0.6923554539680481,0.6925482153892517,0.692187488079071,0.6927083134651184,1330.0,1329.0,0.5,0.5,0.5,240.0,240.0,6.63422966003418,0.0,0.5,0.5,0.5,0.5,240.0,240.0
