epoch,accuracy,auc,f1_score,fn,fp,loss,lr,mcc,npv,precision,recall,specificity,tn,tp,val_accuracy,val_auc,val_f1_score,val_fn,val_fp,val_loss,val_mcc,val_npv,val_precision,val_recall,val_specificity,val_tn,val_tp
0,0.5369791388511658,0.5261244773864746,0.5175778269767761,1158.0,1179.0,0.7429775595664978,0.01,0.03239118307828903,0.515275776386261,0.5130111575126648,0.5174999833106995,0.510937511920929,1221.0,1242.0,0.5,0.5,0.5,240.0,240.0,26.592472076416016,0.0,0.5,0.5,0.5,0.5,240.0,240.0
1,0.5848958492279053,0.6078023314476013,0.5761353373527527,809.0,821.0,0.6930028200149536,0.01,0.15146775543689728,0.5763700604438782,0.5750517845153809,0.5786458253860474,0.5723958611488342,1099.0,1111.0,0.5,0.552282989025116,0.43393251299858093,299.0,110.0,3.9094479084014893,0.12546372413635254,0.5747182369232178,0.6219931244850159,0.37708333134651184,0.7708333134651184,370.0,181.0
2,0.6276041865348816,0.6662754416465759,0.6235278844833374,712.0,747.0,0.6578481197357178,0.01,0.24030712246894836,0.6220971345901489,0.6179028153419495,0.6291666626930237,0.6109374761581421,1173.0,1208.0,0.5,0.5609569549560547,0.5,240.0,240.0,2.297159433364868,0.0,0.5,0.5,0.5,0.5,240.0,240.0
3,0.6557291746139526,0.6882403492927551,0.6482756733894348,675.0,677.0,0.6418958306312561,0.01,0.29605424404144287,0.647604763507843,0.6477627754211426,0.6484375,0.6473958492279053,1243.0,1245.0,0.5,0.6112196445465088,0.5,240.0,231.0,1.1954619884490967,0.01823406293988228,0.517716646194458,0.5095541477203369,0.5,0.518750011920929,249.0,240.0
4,0.6572916507720947,0.726953387260437,0.6575201749801636,659.0,655.0,0.6094569563865662,0.0009999999,0.3156443238258362,0.6573593020439148,0.6581419706344604,0.6567708253860474,0.6588541865348816,1265.0,1261.0,0.5,0.5,0.5,240.0,240.0,4.941205024719238,0.0,0.5,0.5,0.5,0.5,240.0,240.0
5,0.6979166865348816,0.7648757696151733,0.6975534558296204,581.0,580.0,0.578865110874176,0.0009999999,0.39533260464668274,0.6976030468940735,0.6977592706680298,0.6973958611488342,0.6979166865348816,1340.0,1339.0,0.5,0.5,0.5,240.0,240.0,7.401242256164551,0.0,0.5,0.5,0.5,0.5,240.0,240.0
