epoch,accuracy,auc,f1_score,fn,fp,loss,lr,mcc,npv,precision,recall,specificity,tn,tp,val_accuracy,val_auc,val_f1_score,val_fn,val_fp,val_loss,val_mcc,val_npv,val_precision,val_recall,val_specificity,val_tn,val_tp
0,0.5494791865348816,0.5469725728034973,0.5359209775924683,1134.0,1118.0,0.7255824208259583,0.01,0.07736620306968689,0.5381006002426147,0.5310402512550354,0.5274999737739563,0.5427083373069763,1282.0,1266.0,0.5,0.5,0.5,240.0,240.0,11.171956062316895,0.0,0.5,0.5,0.5,0.5,240.0,240.0
1,0.6322916746139526,0.6651353240013123,0.6223278045654297,713.0,749.0,0.6565231084823608,0.01,0.23908215761184692,0.6221252083778381,0.6170756816864014,0.6286458373069763,0.6098958253860474,1171.0,1207.0,0.5,0.5107725858688354,0.5,240.0,240.0,3.8831701278686523,0.0,0.5,0.5,0.5,0.5,240.0,240.0
2,0.6463541388511658,0.6944570541381836,0.6444339752197266,680.0,687.0,0.6373445391654968,0.01,0.28822556138038635,0.6448990106582642,0.643487274646759,0.6458333134651184,0.6421874761581421,1233.0,1240.0,0.5,0.5472439527511597,0.5,240.0,240.0,2.624485969543457,0.0,0.5,0.5,0.5,0.5,240.0,240.0
3,0.668749988079071,0.7249187231063843,0.6669654250144958,641.0,636.0,0.6143761277198792,0.01,0.3349449336528778,0.6670974493026733,0.6678851246833801,0.6661458611488342,0.668749988079071,1284.0,1279.0,0.5,0.5,0.5,240.0,240.0,4.334334850311279,0.0,0.5,0.5,0.5,0.5,240.0,240.0
4,0.6776041388511658,0.7315874099731445,0.6771343350410461,622.0,616.0,0.608246922492981,0.0009999999,0.35526683926582336,0.6769784092903137,0.6781609058380127,0.6760416626930237,0.6791666746139526,1304.0,1298.0,0.5,0.5870442986488342,0.5,240.0,240.0,1.4260002374649048,0.0,0.5,0.5,0.5,0.5,240.0,240.0
5,0.6953125,0.768624484539032,0.6958693265914917,585.0,582.0,0.5763521194458008,0.0009999999,0.39220961928367615,0.6957656741142273,0.6964006423950195,0.6953125,0.6968749761581421,1338.0,1335.0,0.5,0.5020833015441895,0.5,240.0,240.0,3.8734238147735596,0.0,0.5,0.5,0.5,0.5,240.0,240.0
