epoch,accuracy,auc,f1_score,fn,fp,loss,lr,mcc,npv,precision,recall,specificity,tn,tp,val_accuracy,val_auc,val_f1_score,val_fn,val_fp,val_loss,val_mcc,val_npv,val_precision,val_recall,val_specificity,val_tn,val_tp
0,0.534375011920929,0.534718930721283,0.5361725687980652,1123.0,1147.0,0.7279456853866577,0.01,0.06783068925142288,0.5331639051437378,0.5268151760101318,0.5320833325386047,0.5276041626930237,1253.0,1277.0,0.5,0.5,0.6666666269302368,0.0,480.0,6.859130382537842,0.0,0.0,0.5,1.0,0.0,0.0,480.0
1,0.6104166507720947,0.6383724808692932,0.5955847501754761,774.0,782.0,0.6745070219039917,0.01,0.1899494230747223,0.5948192477226257,0.5943983197212219,0.596875011920929,0.5927083492279053,1138.0,1146.0,0.5020833611488342,0.5588151812553406,0.2876950800418854,381.0,52.0,2.1288981437683105,0.08366213738918304,0.5359004735946655,0.6556291580200195,0.20624999701976776,0.8916666507720947,428.0,99.0
2,0.6598958373069763,0.6987573504447937,0.6535064578056335,667.0,659.0,0.6410014629364014,0.01,0.3094896078109741,0.654931366443634,0.6553347110748291,0.6526041626930237,0.6567708253860474,1261.0,1253.0,0.5,0.5126215219497681,0.5,240.0,240.0,4.1042046546936035,0.0,0.5,0.5,0.5,0.5,240.0,240.0
3,0.6619791388511658,0.7217437028884888,0.66497802734375,636.0,658.0,0.6196902394294739,0.01,0.3261638581752777,0.6648282408714294,0.6611740589141846,0.668749988079071,0.6572916507720947,1262.0,1284.0,0.5,0.5605707764625549,0.5,240.0,240.0,3.1568186283111572,0.0,0.5,0.5,0.5,0.5,240.0,240.0
4,0.6880208253860474,0.7450615763664246,0.688030481338501,597.0,602.0,0.6016895174980164,0.01,0.37555110454559326,0.6885319352149963,0.6872727274894714,0.6890624761581421,0.6864583492279053,1318.0,1323.0,0.5,0.6180989742279053,0.5,240.0,236.0,1.721567153930664,0.008034483529627323,0.507734477519989,0.5042017102241516,0.5,0.5083333253860474,244.0,240.0
5,0.6864583492279053,0.7488002181053162,0.6863941550254822,600.0,606.0,0.5943400859832764,0.0009999999,0.37191110849380493,0.686592698097229,0.6853582262992859,0.6875,0.684374988079071,1314.0,1320.0,0.5,0.5,0.5,240.0,240.0,4.481749057769775,0.0,0.5,0.5,0.5,0.5,240.0,240.0
6,0.7401041388511658,0.8083256483078003,0.740925669670105,495.0,502.0,0.5372517108917236,0.0009999999,0.4807675778865814,0.7410791516304016,0.7394914627075195,0.7421875,0.7385416626930237,1418.0,1425.0,0.5,0.548535168170929,0.5,240.0,240.0,3.098527193069458,0.0,0.5,0.5,0.5,0.5,240.0,240.0
