epoch,accuracy,auc,f1_score,fn,fp,loss,lr,mcc,npv,precision,recall,specificity,tn,tp,val_accuracy,val_auc,val_f1_score,val_fn,val_fp,val_loss,val_mcc,val_npv,val_precision,val_recall,val_specificity,val_tn,val_tp
0,0.4932291805744171,0.5089951157569885,0.4902323782444,1215.0,1215.0,0.7525654435157776,0.01,-0.01569041982293129,0.4917387366294861,0.4937500059604645,0.4937500059604645,0.4921875,1185.0,1185.0,0.5,0.5,0.5,240.0,240.0,7.722249984741211,0.0,0.5,0.5,0.5,0.5,240.0,240.0
1,0.5020833611488342,0.5008890628814697,0.49619653820991516,972.0,943.0,0.7345924377441406,0.01,0.0027369135059416294,0.5016395449638367,0.5013220310211182,0.4937500059604645,0.5088541507720947,977.0,948.0,0.5,0.5,0.0,480.0,0.0,9.318221092224121,0.0,0.5,0.0,0.0,1.0,480.0,0.0
2,0.5213541388511658,0.5177724957466125,0.5149694085121155,927.0,938.0,0.7187963128089905,0.01,0.028718577697873116,0.5140199661254883,0.5142413377761841,0.5171874761581421,0.5114583373069763,982.0,993.0,0.5,0.5053949356079102,0.0,480.0,0.0,2.061886787414551,0.0,0.5,0.0,0.0,1.0,480.0,0.0
3,0.534375011920929,0.5626677870750427,0.5322226285934448,899.0,887.0,0.6935505270957947,0.01,0.06976696848869324,0.5355300903320312,0.5351153016090393,0.5317708253860474,0.5380208492279053,1033.0,1021.0,0.5,0.5642969012260437,0.48248931765556335,257.0,205.0,1.097688913345337,0.034741900861263275,0.5284634232521057,0.5210280418395996,0.4645833373069763,0.5729166865348816,275.0,223.0
4,0.6109374761581421,0.6354265213012695,0.6016950011253357,776.0,738.0,0.6712977290153503,0.0009999999,0.21173733472824097,0.603533148765564,0.6078639626502991,0.5958333611488342,0.6156250238418579,1182.0,1144.0,0.5,0.5736262798309326,0.5,240.0,240.0,1.3792798519134521,0.0,0.5,0.5,0.5,0.5,240.0,240.0
5,0.6104166507720947,0.6502490043640137,0.6072356104850769,762.0,735.0,0.65903639793396,0.0009999999,0.2205183058977127,0.6087461709976196,0.6117274165153503,0.6031249761581421,0.6171875,1185.0,1158.0,0.5,0.5779101252555847,0.5,240.0,240.0,1.27120840549469,0.0,0.5,0.5,0.5,0.5,240.0,240.0
