epoch,accuracy,auc,f1_score,fn,fp,loss,lr,mcc,npv,precision,recall,specificity,tn,tp,val_accuracy,val_auc,val_f1_score,val_fn,val_fp,val_loss,val_mcc,val_npv,val_precision,val_recall,val_specificity,val_tn,val_tp
0,0.5401041507720947,0.5470215082168579,0.5448383092880249,1112.0,1112.0,0.7316781282424927,0.01,0.09190509468317032,0.5462233424186707,0.5366666913032532,0.5366666913032532,0.5458333492279053,1288.0,1288.0,0.5,0.5,0.5,240.0,240.0,14.804952621459961,0.0,0.5,0.5,0.5,0.5,240.0,240.0
1,0.6036458611488342,0.6537994742393494,0.5954107642173767,780.0,767.0,0.6624696254730225,0.01,0.19459965825080872,0.5968207120895386,0.5977975726127625,0.59375,0.6005208492279053,1153.0,1140.0,0.5062500238418579,0.57177734375,0.44689974188804626,287.0,144.0,1.0609698295593262,0.08763480931520462,0.5609785318374634,0.5727003216743469,0.4020833373069763,0.699999988079071,336.0,193.0
2,0.6703125238418579,0.7239342331886292,0.6634902954101562,649.0,641.0,0.6172870993614197,0.01,0.3283321261405945,0.6631234288215637,0.6647489666938782,0.6619791388511658,0.6661458611488342,1279.0,1271.0,0.5,0.5444921851158142,0.5,240.0,240.0,2.9794466495513916,0.0,0.5,0.5,0.5,0.5,240.0,240.0
3,0.6656249761581421,0.7280179858207703,0.6626943945884705,653.0,637.0,0.6117744445800781,0.01,0.328241765499115,0.6625946760177612,0.6654411554336548,0.6598958373069763,0.6682291626930237,1283.0,1267.0,0.5,0.5172786712646484,0.5,240.0,240.0,3.2928977012634277,0.0,0.5,0.5,0.5,0.5,240.0,240.0
4,0.707812488079071,0.7644039988517761,0.7078413367271423,561.0,561.0,0.5851444005966187,0.01,0.41564279794692993,0.7077488303184509,0.707812488079071,0.707812488079071,0.707812488079071,1359.0,1359.0,0.5,0.5,0.5,240.0,240.0,11.167505264282227,0.0,0.5,0.5,0.5,0.5,240.0,240.0
5,0.706250011920929,0.770309567451477,0.7058944702148438,566.0,562.0,0.5796207189559937,0.0009999999,0.4125106930732727,0.7059184908866882,0.7066805958747864,0.7052083611488342,0.7072916626930237,1358.0,1354.0,0.5,0.5,0.5,240.0,240.0,7.323774337768555,0.0,0.5,0.5,0.5,0.5,240.0,240.0
6,0.7515624761581421,0.8165302872657776,0.7517088651657104,477.0,476.0,0.53098464012146,0.0009999999,0.5036537051200867,0.7517900466918945,0.7519541382789612,0.7515624761581421,0.7520833611488342,1444.0,1443.0,0.5,0.5,0.5,240.0,240.0,6.151414394378662,0.0,0.5,0.5,0.5,0.5,240.0,240.0
