epoch,accuracy,auc,f1_score,fn,fp,loss,lr,mcc,npv,precision,recall,specificity,tn,tp,val_accuracy,val_auc,val_f1_score,val_fn,val_fp,val_loss,val_mcc,val_npv,val_precision,val_recall,val_specificity,val_tn,val_tp
0,0.6072916388511658,0.5825952887535095,0.5865890979766846,1029.0,1041.0,0.6887471675872803,0.01,0.17239700257778168,0.5868031978607178,0.5684079527854919,0.5712500214576721,0.582812488079071,1359.0,1371.0,0.5,0.5547569394111633,0.5020512938499451,239.0,240.0,1.0715978145599365,0.0020517667289823294,0.5,0.5010395050048828,0.5020833611488342,0.5,240.0,241.0
1,0.6625000238418579,0.7100610136985779,0.6564260721206665,667.0,645.0,0.6331826448440552,0.01,0.31738558411598206,0.6560927629470825,0.6601685881614685,0.6526041626930237,0.6640625,1275.0,1253.0,0.625,0.6663455367088318,0.657189667224884,110.0,278.0,0.6812803745269775,0.20174691081047058,0.6387262344360352,0.5709876418113708,0.7708333134651184,0.4208333194255829,202.0,370.0
2,0.6953125,0.7572223544120789,0.6936585903167725,586.0,592.0,0.589912474155426,0.01,0.3865479528903961,0.6939384937286377,0.6926271915435791,0.6947916746139526,0.6916666626930237,1328.0,1334.0,0.5,0.5039995908737183,0.5,240.0,240.0,3.395716667175293,0.0,0.5,0.5,0.5,0.5,240.0,240.0
3,0.71875,0.7853276133537292,0.7196560502052307,539.0,537.0,0.5615120530128479,0.01,0.439627081155777,0.7195584774017334,0.7200208306312561,0.7192708253860474,0.7203124761581421,1383.0,1381.0,0.5,0.5,0.5,240.0,240.0,6.7780866622924805,0.0,0.5,0.5,0.5,0.5,240.0,240.0
4,0.7427083253860474,0.8094642162322998,0.7419417500495911,496.0,494.0,0.5331991910934448,0.01,0.4844014346599579,0.7421651482582092,0.7424400448799133,0.7416666746139526,0.7427083253860474,1426.0,1424.0,0.5,0.504687488079071,0.5,240.0,240.0,4.298605442047119,0.0,0.5,0.5,0.5,0.5,240.0,240.0
5,0.7927083373069763,0.8719902038574219,0.7922809720039368,400.0,397.0,0.4491538107395172,0.0009999999,0.584936261177063,0.7920239567756653,0.7929055690765381,0.7916666865348816,0.7932291626930237,1523.0,1520.0,0.5,0.5166666507720947,0.5,240.0,240.0,4.020583152770996,0.0,0.5,0.5,0.5,0.5,240.0,240.0
6,0.8260416388511658,0.9021462798118591,0.8262730836868286,334.0,333.0,0.39915427565574646,0.0009999999,0.6526105403900146,0.8261048197746277,0.8264721035957336,0.8260416388511658,0.8265625238418579,1587.0,1586.0,0.5,0.5302083492279053,0.5,240.0,240.0,3.608323574066162,0.0,0.5,0.5,0.5,0.5,240.0,240.0
