epoch,accuracy,auc,f1_score,fn,fp,loss,lr,mcc,npv,precision,recall,specificity,tn,tp,val_accuracy,val_auc,val_f1_score,val_fn,val_fp,val_loss,val_mcc,val_npv,val_precision,val_recall,val_specificity,val_tn,val_tp
0,0.535937488079071,0.5740107297897339,0.5287674069404602,1092.0,1053.0,0.8463442325592041,0.01,0.06884466111660004,0.5328890085220337,0.5540025234222412,0.5450000166893005,0.5442708134651184,1347.0,1308.0,0.5,0.5,0.6666666269302368,0.0,480.0,0.6974260210990906,0.0,0.0,0.5,1.0,0.0,0.0,480.0
1,0.5765625238418579,0.5938796401023865,0.5653961300849915,831.0,836.0,0.7028024196624756,0.01,0.13222894072532654,0.5668249726295471,0.5657142996788025,0.567187488079071,0.5645833611488342,1084.0,1089.0,0.5,0.4977908134460449,0.5,240.0,240.0,0.6941143274307251,0.0,0.5,0.5,0.5,0.5,240.0,240.0
2,0.5901041626930237,0.6213011145591736,0.5832904577255249,806.0,785.0,0.6785632371902466,0.01,0.17176896333694458,0.5840482115745544,0.5866245627403259,0.5802083611488342,0.5911458134651184,1135.0,1114.0,0.5,0.49776691198349,0.6419156789779663,49.0,432.0,0.6954287886619568,-0.0034258782397955656,0.5,0.4994206130504608,0.8979166746139526,0.10000000149011612,48.0,431.0
3,0.5994791388511658,0.6431583762168884,0.5966246724128723,771.0,778.0,0.6618907451629639,0.01,0.19360476732254028,0.597724199295044,0.5962636470794678,0.598437488079071,0.5947916507720947,1142.0,1149.0,0.5,0.5064170956611633,0.5,240.0,240.0,0.7083626985549927,0.0,0.5,0.5,0.5,0.5,240.0,240.0
4,0.6000000238418579,0.6476342678070068,0.6036043763160706,752.0,779.0,0.6548041701316833,0.0009999999,0.2029692381620407,0.6033785343170166,0.5998972654342651,0.6083333492279053,0.5942708253860474,1141.0,1168.0,0.5,0.5193706154823303,0.5,240.0,240.0,0.707680881023407,0.0,0.5,0.5,0.5,0.5,240.0,240.0
5,0.6104166507720947,0.657023012638092,0.6013883352279663,761.0,767.0,0.6450000405311584,0.0009999999,0.20473191142082214,0.6046076416969299,0.6017653346061707,0.6036458611488342,0.6005208492279053,1153.0,1159.0,0.4895833432674408,0.528830349445343,0.43076759576797485,296.0,202.0,0.6894707083702087,-0.03201659023761749,0.4767822027206421,0.47668394446372986,0.38333332538604736,0.5791666507720947,278.0,184.0
