epoch,accuracy,auc,f1_score,fn,fp,loss,lr,mcc,npv,precision,recall,specificity,tn,tp,val_accuracy,val_auc,val_f1_score,val_fn,val_fp,val_loss,val_mcc,val_npv,val_precision,val_recall,val_specificity,val_tn,val_tp
0,0.5963541865348816,0.5734913349151611,0.5787888169288635,1047.0,1038.0,0.7088467478752136,0.01,0.1647520214319229,0.5843254923820496,0.5658720135688782,0.5637500286102295,0.5843750238418579,1362.0,1353.0,0.5,0.5,0.5,240.0,240.0,19.382843017578125,0.0,0.5,0.5,0.5,0.5,240.0,240.0
1,0.635937511920929,0.6726277470588684,0.6250219941139221,715.0,727.0,0.6463545560836792,0.01,0.24945701658725739,0.6263193488121033,0.6237059831619263,0.6276041865348816,0.6213541626930237,1193.0,1205.0,0.5,0.5,0.5,240.0,240.0,9.197785377502441,0.0,0.5,0.5,0.5,0.5,240.0,240.0
2,0.6552083492279053,0.7091768383979797,0.6553065776824951,661.0,664.0,0.6200531125068665,0.01,0.31019994616508484,0.6549816131591797,0.6547061800956726,0.6557291746139526,0.6541666388511658,1256.0,1259.0,0.5,0.5,0.5,240.0,240.0,5.426301956176758,0.0,0.5,0.5,0.5,0.5,240.0,240.0
3,0.668749988079071,0.7279442548751831,0.6684354543685913,634.0,639.0,0.607603907585144,0.01,0.3371627628803253,0.6696819067001343,0.6680519580841064,0.6697916388511658,0.667187511920929,1281.0,1286.0,0.5,0.5,0.5,240.0,240.0,3.113213062286377,0.0,0.5,0.5,0.5,0.5,240.0,240.0
4,0.671875,0.7342444062232971,0.6749855875968933,621.0,630.0,0.5993695855140686,0.0009999999,0.34861451387405396,0.6750069856643677,0.6734058856964111,0.676562488079071,0.671875,1290.0,1299.0,0.5,0.5442708730697632,0.5,240.0,240.0,2.6260550022125244,0.0,0.5,0.5,0.5,0.5,240.0,240.0
5,0.7067708373069763,0.7729206085205078,0.7044102549552917,568.0,566.0,0.566342294216156,0.0009999999,0.4096141755580902,0.7047526240348816,0.7049009203910828,0.7041666507720947,0.7052083611488342,1354.0,1352.0,0.5,0.571618914604187,0.5,240.0,240.0,2.090754985809326,0.0,0.5,0.5,0.5,0.5,240.0,240.0
