epoch,accuracy,auc,f1_score,fn,fp,loss,lr,mcc,npv,precision,recall,specificity,tn,tp,val_accuracy,val_auc,val_f1_score,val_fn,val_fp,val_loss,val_mcc,val_npv,val_precision,val_recall,val_specificity,val_tn,val_tp
0,0.6015625,0.5833820700645447,0.591268002986908,1024.0,1023.0,0.6954689025878906,0.01,0.1842544823884964,0.5923362374305725,0.5735723376274109,0.5733333230018616,0.5921875238418579,1377.0,1376.0,0.5,0.5,0.5,240.0,240.0,197.19277954101562,0.0,0.5,0.5,0.5,0.5,240.0,240.0
1,0.6473958492279053,0.6983174681663513,0.6480483412742615,672.0,681.0,0.6307188272476196,0.01,0.29562342166900635,0.6491891741752625,0.646967351436615,0.6499999761581421,0.645312488079071,1239.0,1248.0,0.5,0.5,0.5,240.0,240.0,5.494743347167969,0.0,0.5,0.5,0.5,0.5,240.0,240.0
2,0.6739583611488342,0.7227759957313538,0.6745702624320984,623.0,630.0,0.612446129322052,0.01,0.3476034998893738,0.6737664341926575,0.6730669140815735,0.6755208373069763,0.671875,1290.0,1297.0,0.5,0.5475476980209351,0.5,240.0,240.0,1.10990309715271,0.0,0.5,0.5,0.5,0.5,240.0,240.0
3,0.6885416507720947,0.7491387128829956,0.689658522605896,594.0,598.0,0.5907831192016602,0.01,0.37930694222450256,0.6904923319816589,0.6891891956329346,0.690625011920929,0.6885416507720947,1322.0,1326.0,0.5,0.5,0.5,240.0,240.0,3.3131115436553955,0.0,0.5,0.5,0.5,0.5,240.0,240.0
4,0.6854166388511658,0.7482654452323914,0.6812627911567688,613.0,611.0,0.5916207432746887,0.0009999999,0.3627174496650696,0.6807443499565125,0.6814389824867249,0.6807291507720947,0.6817708611488342,1309.0,1307.0,0.5,0.5340429544448853,0.5,240.0,240.0,2.4787745475769043,0.0,0.5,0.5,0.5,0.5,240.0,240.0
5,0.7104166746139526,0.7826790809631348,0.7107075452804565,557.0,551.0,0.5641299486160278,0.0009999999,0.4230571985244751,0.7114353775978088,0.7121211886405945,0.7098958492279053,0.7130208611488342,1369.0,1363.0,0.5,0.5757942199707031,0.5,240.0,240.0,1.6366521120071411,0.0,0.5,0.5,0.5,0.5,240.0,240.0
