epoch,accuracy,auc,f1_score,fn,fp,loss,lr,mcc,npv,precision,recall,specificity,tn,tp,val_accuracy,val_auc,val_f1_score,val_fn,val_fp,val_loss,val_mcc,val_npv,val_precision,val_recall,val_specificity,val_tn,val_tp
0,0.5703125,0.5786644816398621,0.5702224373817444,1060.0,1072.0,0.724897027015686,0.01,0.13995522260665894,0.570910632610321,0.5555555820465088,0.5583333373069763,0.5666666626930237,1328.0,1340.0,0.5,0.5,0.5,240.0,240.0,117.19253540039062,0.0,0.5,0.5,0.5,0.5,240.0,240.0
1,0.6036458611488342,0.6387557983398438,0.5937965512275696,786.0,759.0,0.66109699010849,0.01,0.19578498601913452,0.5976639986038208,0.5990491509437561,0.590624988079071,0.604687511920929,1161.0,1134.0,0.5,0.502586841583252,0.5,240.0,240.0,3.3314640522003174,0.0,0.5,0.5,0.5,0.5,240.0,240.0
2,0.6286458373069763,0.6695060133934021,0.6253471374511719,726.0,700.0,0.6441792845726013,0.01,0.25761717557907104,0.6282158493995667,0.6304118037223816,0.621874988079071,0.6354166865348816,1220.0,1194.0,0.5,0.5805490612983704,0.5,240.0,240.0,1.348388433456421,0.0,0.5,0.5,0.5,0.5,240.0,240.0
3,0.6348958611488342,0.6881205439567566,0.6340926885604858,702.0,703.0,0.6312853097915649,0.01,0.2684952914714813,0.6343508958816528,0.6340447664260864,0.6343749761581421,0.6338541507720947,1217.0,1218.0,0.5,0.5,0.5,240.0,240.0,4.2996506690979,0.0,0.5,0.5,0.5,0.5,240.0,240.0
4,0.6489583253860474,0.7066825032234192,0.6516531109809875,667.0,670.0,0.6219045519828796,0.0009999999,0.3039311468601227,0.6528065204620361,0.6515860557556152,0.6526041626930237,0.6510416865348816,1250.0,1253.0,0.5,0.5988497734069824,0.5,240.0,240.0,1.340972900390625,0.0,0.5,0.5,0.5,0.5,240.0,240.0
5,0.6692708134651184,0.7311276793479919,0.6709853410720825,634.0,625.0,0.6018487215042114,0.0009999999,0.34445059299468994,0.672062873840332,0.6729460954666138,0.6697916388511658,0.6744791865348816,1295.0,1286.0,0.5,0.6063910126686096,0.5,240.0,240.0,0.980427622795105,0.0,0.5,0.5,0.5,0.5,240.0,240.0
