epoch,accuracy,auc,f1_score,fn,fp,loss,lr,mcc,npv,precision,recall,specificity,tn,tp,val_accuracy,val_auc,val_f1_score,val_fn,val_fp,val_loss,val_mcc,val_npv,val_precision,val_recall,val_specificity,val_tn,val_tp
0,0.5713541507720947,0.589287519454956,0.5650532841682434,1060.0,1043.0,0.7136585116386414,0.01,0.13902711868286133,0.5690585374832153,0.5623164176940918,0.5583333373069763,0.5760416388511658,1357.0,1340.0,0.5,0.5,0.5,240.0,240.0,24.82248878479004,0.0,0.5,0.5,0.5,0.5,240.0,240.0
1,0.6494791507720947,0.6965628862380981,0.6477810740470886,678.0,669.0,0.6277122497558594,0.01,0.2990792393684387,0.6495521068572998,0.6499215364456177,0.6468750238418579,0.651562511920929,1251.0,1242.0,0.5,0.5,0.5,240.0,240.0,6.989749431610107,0.0,0.5,0.5,0.5,0.5,240.0,240.0
2,0.6713541746139526,0.7305622696876526,0.6684195399284363,642.0,626.0,0.5992276668548584,0.01,0.3398633599281311,0.6683577299118042,0.6712185144424438,0.6656249761581421,0.6739583611488342,1294.0,1278.0,0.5,0.5,0.5,240.0,240.0,6.739952087402344,0.0,0.5,0.5,0.5,0.5,240.0,240.0
3,0.6848958134651184,0.7549172043800354,0.6832846403121948,610.0,605.0,0.5831084847450256,0.01,0.3674732446670532,0.682903528213501,0.6840730905532837,0.6822916865348816,0.6848958134651184,1315.0,1310.0,0.5,0.5,0.5,240.0,240.0,4.943014621734619,0.0,0.5,0.5,0.5,0.5,240.0,240.0
4,0.6885416507720947,0.7662073969841003,0.6887515187263489,597.0,598.0,0.5705814361572266,0.0009999999,0.37779924273490906,0.689204752445221,0.6887037754058838,0.6890624761581421,0.6885416507720947,1322.0,1323.0,0.5,0.5459331274032593,0.5,240.0,240.0,2.4936182498931885,0.0,0.5,0.5,0.5,0.5,240.0,240.0
5,0.7135416865348816,0.7902128100395203,0.7129738926887512,547.0,558.0,0.5485960245132446,0.0009999999,0.4247846007347107,0.7137507200241089,0.7110305428504944,0.7151041626930237,0.7093750238418579,1362.0,1373.0,0.5,0.5700173377990723,0.5,240.0,240.0,1.892870545387268,0.0,0.5,0.5,0.5,0.5,240.0,240.0
