epoch,accuracy,auc,f1_score,fn,fp,loss,lr,mcc,npv,precision,recall,specificity,tn,tp,val_accuracy,val_auc,val_f1_score,val_fn,val_fp,val_loss,val_mcc,val_npv,val_precision,val_recall,val_specificity,val_tn,val_tp
0,0.5625,0.5474781394004822,0.5555168390274048,1089.0,1097.0,0.7290372252464294,0.01,0.1116393432021141,0.5562517046928406,0.5444352030754089,0.5462499856948853,0.5536458492279053,1303.0,1311.0,0.5,0.5,0.5,240.0,240.0,17.151758193969727,0.0,0.5,0.5,0.5,0.5,240.0,240.0
1,0.6197916865348816,0.6617023348808289,0.6238605380058289,718.0,733.0,0.6498839855194092,0.01,0.24469682574272156,0.6222230195999146,0.6211886405944824,0.6260416507720947,0.6182291507720947,1187.0,1202.0,0.5,0.5,0.0,480.0,0.0,3.86087965965271,0.0,0.5,0.0,0.0,1.0,480.0,0.0
2,0.6427083611488342,0.695996880531311,0.6439171433448792,680.0,692.0,0.6276546716690063,0.01,0.2856837511062622,0.6433075070381165,0.6418219208717346,0.6458333134651184,0.6395833492279053,1228.0,1240.0,0.5,0.6032334566116333,0.014814812690019608,476.0,0.0,0.739491879940033,0.017213258892297745,0.5022222399711609,1.0,0.008333333767950535,1.0,480.0,4.0
3,0.6526041626930237,0.7156152129173279,0.6569012999534607,651.0,674.0,0.6114989519119263,0.01,0.3101726472377777,0.6570671796798706,0.6531137228012085,0.660937488079071,0.6489583253860474,1246.0,1269.0,0.5,0.6215711832046509,0.5,240.0,240.0,1.0542984008789062,0.0,0.5,0.5,0.5,0.5,240.0,240.0
4,0.6703125238418579,0.7214427590370178,0.6653686165809631,648.0,630.0,0.6161967515945435,0.0009999999,0.3346901535987854,0.6661569476127625,0.6687697172164917,0.6625000238418579,0.671875,1290.0,1272.0,0.5,0.6227213740348816,0.5,240.0,240.0,0.7386022210121155,0.0,0.5,0.5,0.5,0.5,240.0,240.0
5,0.6927083134651184,0.760438084602356,0.6922796368598938,588.0,595.0,0.5771999955177307,0.0009999999,0.3840031623840332,0.6930793523788452,0.6912298798561096,0.6937500238418579,0.6901041865348816,1325.0,1332.0,0.5,0.6290711760520935,0.5,240.0,240.0,0.7521870732307434,0.0,0.5,0.5,0.5,0.5,240.0,240.0
