epoch,accuracy,auc,f1_score,fn,fp,loss,lr,mcc,npv,precision,recall,specificity,tn,tp,val_accuracy,val_auc,val_f1_score,val_fn,val_fp,val_loss,val_mcc,val_npv,val_precision,val_recall,val_specificity,val_tn,val_tp
0,0.551562488079071,0.5435800552368164,0.5414879322052002,1113.0,1111.0,0.7175742387771606,0.01,0.08743935078382492,0.5451237559318542,0.536697268486023,0.5362499952316284,0.5447916388511658,1289.0,1287.0,0.5,0.5,0.5,240.0,240.0,24.825490951538086,0.0,0.5,0.5,0.5,0.5,240.0,240.0
1,0.6135416626930237,0.6514533162117004,0.6099863052368164,750.0,742.0,0.6547339558601379,0.01,0.22328831255435944,0.6121276617050171,0.6119247078895569,0.609375,0.6135416626930237,1178.0,1170.0,0.5,0.5,0.5,240.0,240.0,6.196506977081299,0.0,0.5,0.5,0.5,0.5,240.0,240.0
2,0.6312500238418579,0.6794114112854004,0.6286550164222717,714.0,710.0,0.6390203237533569,0.01,0.2586536705493927,0.6290116906166077,0.6294363141059875,0.628125011920929,0.6302083134651184,1210.0,1206.0,0.5,0.5,0.5,240.0,240.0,4.116910934448242,0.0,0.5,0.5,0.5,0.5,240.0,240.0
3,0.6395833492279053,0.6930441856384277,0.6419058442115784,689.0,682.0,0.6288039088249207,0.01,0.2861804962158203,0.6431369185447693,0.6434919238090515,0.6411458253860474,0.6447916626930237,1238.0,1231.0,0.5,0.5,0.5,240.0,240.0,3.300424814224243,0.0,0.5,0.5,0.5,0.5,240.0,240.0
4,0.6625000238418579,0.7201191782951355,0.6597612500190735,645.0,669.0,0.611565887928009,0.0009999999,0.31581273674964905,0.6601738333702087,0.6558641791343689,0.6640625,0.651562511920929,1251.0,1275.0,0.5,0.5680012702941895,0.5,240.0,240.0,2.045304536819458,0.0,0.5,0.5,0.5,0.5,240.0,240.0
5,0.6723958253860474,0.7283618450164795,0.6674476861953735,640.0,633.0,0.60513836145401,0.0009999999,0.3372494876384735,0.6687536239624023,0.669106125831604,0.6666666865348816,0.6703125238418579,1287.0,1280.0,0.5,0.5870572924613953,0.5,240.0,240.0,1.001910924911499,0.0,0.5,0.5,0.5,0.5,240.0,240.0
