epoch,accuracy,auc,f1_score,fn,fp,loss,lr,mcc,npv,precision,recall,specificity,tn,tp,val_accuracy,val_auc,val_f1_score,val_fn,val_fp,val_loss,val_mcc,val_npv,val_precision,val_recall,val_specificity,val_tn,val_tp
0,0.589062511920929,0.5823703408241272,0.582988440990448,1039.0,1039.0,0.718692421913147,0.01,0.16822870075702667,0.5840489268302917,0.5670833587646484,0.5670833587646484,0.5838541388511658,1361.0,1361.0,0.5,0.5,0.5,240.0,240.0,82.4629898071289,0.0,0.5,0.5,0.5,0.5,240.0,240.0
1,0.6255208253860474,0.671536922454834,0.6193858981132507,735.0,718.0,0.6459273099899292,0.01,0.24373650550842285,0.6213460564613342,0.6227009892463684,0.6171875,0.6260416507720947,1202.0,1185.0,0.5,0.5,0.5,240.0,240.0,7.344680309295654,0.0,0.5,0.5,0.5,0.5,240.0,240.0
2,0.6421874761581421,0.6904779076576233,0.634239912033081,707.0,692.0,0.6284326910972595,0.01,0.27174505591392517,0.634538471698761,0.6367453932762146,0.6317708492279053,0.6395833492279053,1228.0,1213.0,0.5,0.5476974844932556,0.5,240.0,240.0,1.4214714765548706,0.0,0.5,0.5,0.5,0.5,240.0,240.0
3,0.65625,0.709796667098999,0.6543916463851929,662.0,667.0,0.6159470081329346,0.01,0.30794885754585266,0.6541332006454468,0.6535065174102783,0.6552083492279053,0.6526041626930237,1253.0,1258.0,0.5,0.5742186903953552,0.5,240.0,240.0,0.8377152681350708,0.0,0.5,0.5,0.5,0.5,240.0,240.0
4,0.6744791865348816,0.7384877800941467,0.6746153235435486,621.0,632.0,0.5939913988113403,0.0009999999,0.34758996963500977,0.6747303009033203,0.6727084517478943,0.676562488079071,0.6708333492279053,1288.0,1299.0,0.5,0.5712478160858154,0.5,240.0,240.0,1.070550799369812,0.0,0.5,0.5,0.5,0.5,240.0,240.0
5,0.6932291388511658,0.757798433303833,0.6926435828208923,592.0,587.0,0.5796782970428467,0.0009999999,0.38614410161972046,0.6923511028289795,0.6934725642204285,0.6916666626930237,0.6942708492279053,1333.0,1328.0,0.5,0.5789604783058167,0.5,240.0,240.0,0.7865356802940369,0.0,0.5,0.5,0.5,0.5,240.0,240.0
