epoch,accuracy,auc,f1_score,fn,fp,loss,lr,mcc,npv,precision,recall,specificity,tn,tp,val_accuracy,val_auc,val_f1_score,val_fn,val_fp,val_loss,val_mcc,val_npv,val_precision,val_recall,val_specificity,val_tn,val_tp
0,0.5625,0.5561420917510986,0.5589633584022522,1076.0,1094.0,0.7433258295059204,0.01,0.12004981935024261,0.5643004179000854,0.5475599765777588,0.5516666769981384,0.5552083253860474,1306.0,1324.0,0.5,0.5,0.5,240.0,240.0,122.58740997314453,0.0,0.5,0.5,0.5,0.5,240.0,240.0
1,0.6364583373069763,0.67697674036026,0.6360355019569397,694.0,710.0,0.6428699493408203,0.01,0.2691287398338318,0.6351026892662048,0.6332644820213318,0.6385416388511658,0.6302083134651184,1210.0,1226.0,0.5,0.5,0.5,240.0,240.0,9.399638175964355,0.0,0.5,0.5,0.5,0.5,240.0,240.0
2,0.6338541507720947,0.6947101354598999,0.6318943500518799,707.0,704.0,0.6267295479774475,0.01,0.2652483284473419,0.6330172419548035,0.6327595114707947,0.6317708492279053,0.6333333253860474,1216.0,1213.0,0.5,0.6075325608253479,0.5,240.0,240.0,0.8299781084060669,0.0,0.5,0.5,0.5,0.5,240.0,240.0
3,0.6520833373069763,0.7173956036567688,0.651997447013855,667.0,670.0,0.6101819276809692,0.01,0.30391258001327515,0.6522805690765381,0.6515860557556152,0.6526041626930237,0.6510416865348816,1250.0,1253.0,0.5,0.6241493225097656,0.5839855074882507,184.0,258.0,0.6771332025527954,0.07123429328203201,0.5061728358268738,0.5342960357666016,0.6166666746139526,0.4625000059604645,222.0,296.0
4,0.676562488079071,0.744015634059906,0.6758065819740295,622.0,623.0,0.5938164591789246,0.0009999999,0.35172027349472046,0.6759822964668274,0.6756897568702698,0.6760416626930237,0.6755208373069763,1297.0,1298.0,0.5,0.6228407025337219,0.5796459317207336,186.0,258.0,0.6717921495437622,0.06764950603246689,0.507692277431488,0.532608687877655,0.612500011920929,0.4625000059604645,222.0,294.0
5,0.6911458373069763,0.7686733603477478,0.6932505965232849,592.0,585.0,0.5683128237724304,0.0009999999,0.38713884353637695,0.6921582818031311,0.6941975951194763,0.6916666626930237,0.6953125,1335.0,1328.0,0.5,0.6281792521476746,0.5,240.0,240.0,1.064801573753357,0.0,0.5,0.5,0.5,0.5,240.0,240.0
