epoch,accuracy,auc,f1_score,fn,fp,loss,lr,mcc,npv,precision,recall,specificity,tn,tp,val_accuracy,val_auc,val_f1_score,val_fn,val_fp,val_loss,val_mcc,val_npv,val_precision,val_recall,val_specificity,val_tn,val_tp
0,0.5796874761581421,0.5690779089927673,0.5685545802116394,1067.0,1066.0,0.7270973324775696,0.01,0.13956576585769653,0.5698249340057373,0.5556482076644897,0.5554166436195374,0.5697916746139526,1334.0,1333.0,0.5,0.49639979004859924,0.6666666269302368,0.0,480.0,10.364087104797363,0.0,0.0,0.5,1.0,0.0,0.0,480.0
1,0.6286458373069763,0.6700251698493958,0.6219655871391296,721.0,734.0,0.6478079557418823,0.01,0.24252218008041382,0.622502326965332,0.6202793717384338,0.6244791746139526,0.6177083253860474,1186.0,1199.0,0.5,0.5,0.5,240.0,240.0,6.153835773468018,0.0,0.5,0.5,0.5,0.5,240.0,240.0
2,0.6447916626930237,0.7017630934715271,0.6431689858436584,684.0,689.0,0.625042736530304,0.01,0.285156786441803,0.6421076655387878,0.6420779228210449,0.643750011920929,0.6411458253860474,1231.0,1236.0,0.5,0.5,0.5,240.0,240.0,5.856129169464111,0.0,0.5,0.5,0.5,0.5,240.0,240.0
3,0.6697916388511658,0.7298104166984558,0.667533278465271,647.0,620.0,0.6056129932403564,0.01,0.34021490812301636,0.6680352687835693,0.6724775433540344,0.6630208492279053,0.6770833134651184,1300.0,1273.0,0.5,0.5811458230018616,0.5,240.0,240.0,1.761682152748108,0.0,0.5,0.5,0.5,0.5,240.0,240.0
4,0.6885416507720947,0.7577895522117615,0.6906895041465759,596.0,590.0,0.5808050036430359,0.0009999999,0.38248589634895325,0.6905084252357483,0.6917450428009033,0.6895833611488342,0.6927083134651184,1330.0,1324.0,0.5,0.5838454961776733,0.5,240.0,240.0,1.9541881084442139,0.0,0.5,0.5,0.5,0.5,240.0,240.0
5,0.6979166865348816,0.7744632959365845,0.698840320110321,573.0,589.0,0.563861608505249,0.0009999999,0.39501720666885376,0.6987142562866211,0.6957644820213318,0.7015625238418579,0.6932291388511658,1331.0,1347.0,0.5,0.5874153971672058,0.5,240.0,240.0,1.658657193183899,0.0,0.5,0.5,0.5,0.5,240.0,240.0
