epoch,accuracy,auc,f1_score,fn,fp,loss,lr,mcc,npv,precision,recall,specificity,tn,tp,val_accuracy,val_auc,val_f1_score,val_fn,val_fp,val_loss,val_mcc,val_npv,val_precision,val_recall,val_specificity,val_tn,val_tp
0,0.534375011920929,0.6057992577552795,0.5251646637916565,1032.0,1024.0,0.7592714428901672,0.01,0.05817727372050285,0.5311318039894104,0.571906328201294,0.5699999928474426,0.5307291746139526,1376.0,1368.0,0.5229166746139526,0.5,0.6666666269302368,0.0,480.0,38.36697769165039,0.0,0.0,0.5,1.0,0.0,0.0,480.0
1,0.582812488079071,0.619938313961029,0.5906957387924194,778.0,801.0,0.6727221012115479,0.01,0.17817528545856476,0.5902388095855713,0.5877509117126465,0.5947916507720947,0.582812488079071,1119.0,1142.0,0.5,0.4973958432674408,0.5,240.0,240.0,3.767072916030884,0.0,0.5,0.5,0.5,0.5,240.0,240.0
2,0.637499988079071,0.6799401640892029,0.6344608068466187,701.0,705.0,0.6386162638664246,0.01,0.26813995838165283,0.6335924863815308,0.6335758566856384,0.6348958611488342,0.6328125,1215.0,1219.0,0.5,0.5550564527511597,0.5,240.0,240.0,1.8162651062011719,0.0,0.5,0.5,0.5,0.5,240.0,240.0
3,0.6473958492279053,0.7023965120315552,0.6472672820091248,684.0,660.0,0.6248319745063782,0.01,0.3002522885799408,0.6491193771362305,0.6518987417221069,0.643750011920929,0.65625,1260.0,1236.0,0.5,0.5742425918579102,0.5,240.0,240.0,1.1007205247879028,0.0,0.5,0.5,0.5,0.5,240.0,240.0
4,0.6343749761581421,0.6977194547653198,0.6383731365203857,695.0,693.0,0.6309389472007751,0.0009999999,0.2773134410381317,0.638221025466919,0.6386861205101013,0.6380208134651184,0.6390625238418579,1227.0,1225.0,0.5,0.5810416340827942,0.5,240.0,240.0,0.7682896852493286,0.0,0.5,0.5,0.5,0.5,240.0,240.0
5,0.6723958253860474,0.7248033285140991,0.6693932414054871,632.0,641.0,0.6114664673805237,0.0009999999,0.3372303247451782,0.6690134406089783,0.6677034497261047,0.6708333492279053,0.6661458611488342,1279.0,1288.0,0.5083333253860474,0.5891710519790649,0.5401338338851929,218.0,243.0,0.7279489040374756,0.036744195967912674,0.49892473220825195,0.5188118815422058,0.5458333492279053,0.4937500059604645,237.0,262.0
