epoch,accuracy,auc,f1_score,fn,fp,loss,lr,mcc,npv,precision,recall,specificity,tn,tp,val_accuracy,val_auc,val_f1_score,val_fn,val_fp,val_loss,val_mcc,val_npv,val_precision,val_recall,val_specificity,val_tn,val_tp
0,0.6026041507720947,0.5909746289253235,0.5954078435897827,1024.0,996.0,0.6811449527740479,0.01,0.1984529197216034,0.5975142121315002,0.5801011919975281,0.5733333230018616,0.606249988079071,1404.0,1376.0,0.5,0.5,0.5,240.0,240.0,8.888668060302734,0.0,0.5,0.5,0.5,0.5,240.0,240.0
1,0.643750011920929,0.6937795877456665,0.6416653990745544,694.0,675.0,0.629042387008667,0.01,0.28736412525177,0.6420589089393616,0.644923746585846,0.6385416388511658,0.6484375,1245.0,1226.0,0.5,0.5,0.5,240.0,240.0,4.55379581451416,0.0,0.5,0.5,0.5,0.5,240.0,240.0
2,0.659375011920929,0.7192963361740112,0.660858154296875,654.0,645.0,0.6107234358787537,0.01,0.32363706827163696,0.6611083149909973,0.662480354309082,0.659375011920929,0.6640625,1275.0,1266.0,0.5,0.5083333253860474,0.5,240.0,240.0,2.317805528640747,0.0,0.5,0.5,0.5,0.5,240.0,240.0
3,0.6755208373069763,0.7328835725784302,0.6728091835975647,628.0,628.0,0.5997573137283325,0.01,0.34610515832901,0.6730881333351135,0.6729166507720947,0.6729166507720947,0.6729166507720947,1292.0,1292.0,0.5,0.5451540946960449,0.5,240.0,240.0,1.637347936630249,0.0,0.5,0.5,0.5,0.5,240.0,240.0
4,0.6895833611488342,0.7559384107589722,0.6886813640594482,598.0,597.0,0.584537148475647,0.0009999999,0.37776708602905273,0.6888080835342407,0.6889004707336426,0.6885416507720947,0.6890624761581421,1323.0,1322.0,0.5,0.5562044382095337,0.5,240.0,240.0,1.8976752758026123,0.0,0.5,0.5,0.5,0.5,240.0,240.0
5,0.714062511920929,0.7883942723274231,0.7127718329429626,552.0,551.0,0.5504465103149414,0.0009999999,0.4256554841995239,0.7125125527381897,0.7128713130950928,0.7124999761581421,0.7130208611488342,1369.0,1368.0,0.5,0.5691970586776733,0.5,240.0,240.0,1.5834616422653198,0.0,0.5,0.5,0.5,0.5,240.0,240.0
