epoch,accuracy,auc,f1_score,fn,fp,loss,lr,mcc,npv,precision,recall,specificity,tn,tp,val_accuracy,val_auc,val_f1_score,val_fn,val_fp,val_loss,val_mcc,val_npv,val_precision,val_recall,val_specificity,val_tn,val_tp
0,0.5927083492279053,0.5976308584213257,0.590145468711853,1026.0,1023.0,0.6970126628875732,0.01,0.18362544476985931,0.5923356413841248,0.5732164978981018,0.5724999904632568,0.5921875238418579,1377.0,1374.0,0.5,0.5010416507720947,0.5,240.0,240.0,4.760183334350586,0.0,0.5,0.5,0.5,0.5,240.0,240.0
1,0.6499999761581421,0.7021194696426392,0.6488568186759949,675.0,673.0,0.6251367926597595,0.01,0.29827889800071716,0.6485012769699097,0.649113655090332,0.6484375,0.6494791507720947,1247.0,1245.0,0.5,0.5167057514190674,0.5,240.0,240.0,2.4437363147735596,0.0,0.5,0.5,0.5,0.5,240.0,240.0
2,0.6645833253860474,0.7232057452201843,0.6646525263786316,648.0,636.0,0.6076070070266724,0.01,0.3315333425998688,0.6643874645233154,0.6666666865348816,0.6625000238418579,0.668749988079071,1284.0,1272.0,0.5,0.5,0.5,240.0,240.0,3.144958257675171,0.0,0.5,0.5,0.5,0.5,240.0,240.0
3,0.6880208253860474,0.7647709250450134,0.688919186592102,598.0,594.0,0.5745115876197815,0.01,0.3795587122440338,0.6899587512016296,0.6899791359901428,0.6885416507720947,0.690625011920929,1326.0,1322.0,0.5,0.5,0.5,240.0,240.0,4.390271186828613,0.0,0.5,0.5,0.5,0.5,240.0,240.0
4,0.6833333373069763,0.7527708411216736,0.6783629655838013,613.0,626.0,0.5834847688674927,0.0009999999,0.35498788952827454,0.6787387132644653,0.6761510372161865,0.6807291507720947,0.6739583611488342,1294.0,1307.0,0.5,0.5952408909797668,0.5,240.0,240.0,1.5978227853775024,0.0,0.5,0.5,0.5,0.5,240.0,240.0
5,0.71875,0.7915152311325073,0.7163118124008179,546.0,542.0,0.5500813126564026,0.0009999999,0.4335780739784241,0.7164189219474792,0.7171189785003662,0.715624988079071,0.7177083492279053,1378.0,1374.0,0.5,0.6057205200195312,0.5,240.0,240.0,1.4345682859420776,0.0,0.5,0.5,0.5,0.5,240.0,240.0
