epoch,accuracy,auc,f1_score,fn,fp,loss,lr,mcc,npv,precision,recall,specificity,tn,tp,val_accuracy,val_auc,val_f1_score,val_fn,val_fp,val_loss,val_mcc,val_npv,val_precision,val_recall,val_specificity,val_tn,val_tp
0,0.5536458492279053,0.570346474647522,0.5368464589118958,1094.0,1096.0,0.7235311269760132,0.01,0.07725105434656143,0.5394773483276367,0.5437135696411133,0.5441666841506958,0.5390625,1304.0,1306.0,0.5,0.5,0.5,240.0,240.0,11.987524032592773,0.0,0.5,0.5,0.5,0.5,240.0,240.0
1,0.6223958134651184,0.662051796913147,0.6196082234382629,731.0,729.0,0.650758683681488,0.01,0.23998966813087463,0.6192301511764526,0.619916558265686,0.6192708611488342,0.620312511920929,1191.0,1189.0,0.5,0.5360134243965149,0.5,240.0,240.0,1.309343934059143,0.0,0.5,0.5,0.5,0.5,240.0,240.0
2,0.6187499761581421,0.6662985682487488,0.613110363483429,744.0,736.0,0.6464076638221741,0.01,0.2294590324163437,0.6151905059814453,0.6150627732276917,0.612500011920929,0.6166666746139526,1184.0,1176.0,0.5,0.5627820491790771,0.5,240.0,240.0,1.5262255668640137,0.0,0.5,0.5,0.5,0.5,240.0,240.0
3,0.6421874761581421,0.6929771304130554,0.6371439099311829,703.0,683.0,0.6286498308181763,0.01,0.2785192131996155,0.6375765204429626,0.640526294708252,0.6338541507720947,0.6442708373069763,1237.0,1217.0,0.5,0.6002538800239563,0.5,240.0,240.0,0.8228706121444702,0.0,0.5,0.5,0.5,0.5,240.0,240.0
4,0.6625000238418579,0.7249646782875061,0.6574861407279968,670.0,631.0,0.6134653687477112,0.0009999999,0.3227902352809906,0.6584538221359253,0.6645401120185852,0.6510416865348816,0.6713541746139526,1289.0,1250.0,0.5,0.6082704067230225,0.6749619245529175,0.0,463.0,0.7153326869010925,0.07446733862161636,0.3333333432674408,0.5090137720108032,1.0,0.03541666641831398,17.0,480.0
5,0.6692708134651184,0.7330222725868225,0.6656867861747742,649.0,626.0,0.6014510989189148,0.0009999999,0.336172491312027,0.6665417551994324,0.6700052618980408,0.6619791388511658,0.6739583611488342,1294.0,1271.0,0.5,0.622925341129303,0.5020512938499451,239.0,240.0,0.7174675464630127,0.0020517667289823294,0.5,0.5010395050048828,0.5020833611488342,0.5,240.0,241.0
