epoch,accuracy,auc,f1_score,fn,fp,loss,lr,mcc,npv,precision,recall,specificity,tn,tp,val_accuracy,val_auc,val_f1_score,val_fn,val_fp,val_loss,val_mcc,val_npv,val_precision,val_recall,val_specificity,val_tn,val_tp
0,0.645312488079071,0.6803063750267029,0.6340874433517456,854.0,862.0,0.7246395945549011,0.01,0.26852014660835266,0.6357197165489197,0.6420266032218933,0.6441666483879089,0.6312500238418579,1538.0,1546.0,0.5666666626930237,0.5768771767616272,0.6233385801315308,102.0,358.0,0.6951497197151184,0.04873008653521538,0.5492141246795654,0.5135869383811951,0.7875000238418579,0.2541666626930237,122.0,378.0
1,0.7515624761581421,0.8295325636863708,0.7460877299308777,484.0,494.0,0.5083898901939392,0.01,0.49104881286621094,0.7465437054634094,0.7440414428710938,0.7479166388511658,0.7427083253860474,1426.0,1436.0,0.5,0.4848654568195343,0.5,240.0,240.0,0.9621409177780151,0.0,0.5,0.5,0.5,0.5,240.0,240.0
2,0.8140624761581421,0.8871499300003052,0.8149563670158386,355.0,356.0,0.42469364404678345,0.01,0.6301088333129883,0.8151704668998718,0.8146798610687256,0.8151041865348816,0.8145833611488342,1564.0,1565.0,0.5,0.5146570801734924,0.5,240.0,240.0,0.9672606587409973,0.0,0.5,0.5,0.5,0.5,240.0,240.0
3,0.8432291746139526,0.9275022149085999,0.8426211476325989,296.0,311.0,0.34213441610336304,0.01,0.6843089461326599,0.8447954654693604,0.8392764925956726,0.8458333611488342,0.8380208611488342,1609.0,1624.0,0.5,0.5770551562309265,0.5,240.0,240.0,1.371478796005249,0.0,0.5,0.5,0.5,0.5,240.0,240.0
4,0.8578125238418579,0.9353598356246948,0.8542770147323608,283.0,276.0,0.32357367873191833,0.0009999999,0.7093201875686646,0.8532440066337585,0.8557239770889282,0.8526041507720947,0.856249988079071,1644.0,1637.0,0.5,0.5411632061004639,0.5,240.0,240.0,1.290218472480774,0.0,0.5,0.5,0.5,0.5,240.0,240.0
5,0.932812511920929,0.9825341105461121,0.9320773482322693,127.0,135.0,0.19814744591712952,0.0009999999,0.8638225197792053,0.9334931969642639,0.9299792647361755,0.9338541626930237,0.9296875,1785.0,1793.0,0.5,0.5642252564430237,0.5020512938499451,239.0,240.0,1.2009252309799194,0.0020517667289823294,0.5,0.5010395050048828,0.5020833611488342,0.5,240.0,241.0
