epoch,accuracy,auc,f1_score,fn,fp,loss,lr,mcc,npv,precision,recall,specificity,tn,tp,val_accuracy,val_auc,val_f1_score,val_fn,val_fp,val_loss,val_mcc,val_npv,val_precision,val_recall,val_specificity,val_tn,val_tp
0,0.6442708373069763,0.662577211856842,0.6296126842498779,898.0,914.0,0.7172530293464661,0.01,0.2550336420536041,0.6303136944770813,0.621688723564148,0.6258333325386047,0.6182291507720947,1486.0,1502.0,0.5,0.5253841280937195,0.6652631163597107,2.0,479.0,1.1361116170883179,-0.008399209938943386,0.06666665524244308,0.4994775354862213,0.9958333373069763,0.0020833334419876337,1.0,478.0
1,0.7723958492279053,0.8412964940071106,0.7654150724411011,440.0,468.0,0.49437156319618225,0.01,0.5279608964920044,0.7675014138221741,0.7597535848617554,0.7708333134651184,0.7562500238418579,1452.0,1480.0,0.5,0.5624544024467468,0.6606079936027527,59.0,381.0,0.9418032169342041,0.0721818283200264,0.5111111402511597,0.524937629699707,0.8770833611488342,0.20624999701976776,99.0,421.0
2,0.8276041746139526,0.9079508185386658,0.82548588514328,338.0,331.0,0.38407665491104126,0.01,0.6522397994995117,0.8250347971916199,0.8269733190536499,0.8239583373069763,0.8276041746139526,1589.0,1582.0,0.5,0.5898373126983643,0.6338927745819092,146.0,268.0,1.0031284093856812,0.11747061461210251,0.5093333125114441,0.554817259311676,0.6958333253860474,0.4416666626930237,212.0,334.0
3,0.8776041865348816,0.9474618434906006,0.876264750957489,238.0,237.0,0.29350778460502625,0.01,0.7529033422470093,0.8763641715049744,0.8764981627464294,0.8760416507720947,0.8765624761581421,1683.0,1682.0,0.5,0.5501368045806885,0.5,240.0,240.0,1.7744395732879639,0.0,0.5,0.5,0.5,0.5,240.0,240.0
4,0.9072916507720947,0.9702192544937134,0.9084872007369995,173.0,179.0,0.2286924570798874,0.0009999999,0.8169079422950745,0.9097979068756104,0.9070612788200378,0.9098958373069763,0.9067708253860474,1741.0,1747.0,0.5,0.5970030426979065,0.5,240.0,240.0,1.7663111686706543,0.0,0.5,0.5,0.5,0.5,240.0,240.0
5,0.9494791626930237,0.9878801107406616,0.9470588564872742,98.0,106.0,0.15857580304145813,0.0009999999,0.893997073173523,0.9488228559494019,0.9450207352638245,0.9489583373069763,0.9447916746139526,1814.0,1822.0,0.5,0.6064388751983643,0.5,240.0,240.0,1.8791182041168213,0.0,0.5,0.5,0.5,0.5,240.0,240.0
