epoch,accuracy,auc,f1_score,fn,fp,loss,lr,mcc,npv,precision,recall,specificity,tn,tp,val_accuracy,val_auc,val_f1_score,val_fn,val_fp,val_loss,val_mcc,val_npv,val_precision,val_recall,val_specificity,val_tn,val_tp
0,0.6505208611488342,0.6756400465965271,0.6336453557014465,882.0,892.0,0.7269657850265503,0.01,0.2724701166152954,0.6358504891395569,0.6298755407333374,0.6324999928474426,0.6390625238418579,1508.0,1518.0,0.5,0.5277864336967468,0.5,240.0,240.0,3.136702299118042,0.0,0.5,0.5,0.5,0.5,240.0,240.0
1,0.7651041746139526,0.8311508297920227,0.7557051777839661,469.0,470.0,0.5106911659240723,0.01,0.5118750929832458,0.7557199597358704,0.7553357481956482,0.7557291388511658,0.7552083134651184,1450.0,1451.0,0.5,0.5668272376060486,0.5,240.0,240.0,2.4881222248077393,0.0,0.5,0.5,0.5,0.5,240.0,240.0
2,0.8307291865348816,0.9070752859115601,0.8325721621513367,311.0,337.0,0.38893526792526245,0.01,0.6632416844367981,0.8359601497650146,0.8268242478370667,0.8380208611488342,0.8244791626930237,1583.0,1609.0,0.5,0.5062304735183716,0.5,240.0,240.0,3.4023962020874023,0.0,0.5,0.5,0.5,0.5,240.0,240.0
3,0.856249988079071,0.9296867251396179,0.8539259433746338,288.0,271.0,0.3380485475063324,0.01,0.709318995475769,0.8513545393943787,0.857593297958374,0.8500000238418579,0.8588541746139526,1649.0,1632.0,0.5,0.5,0.5,240.0,240.0,4.606204509735107,0.0,0.5,0.5,0.5,0.5,240.0,240.0
4,0.8947916626930237,0.9600513577461243,0.8914642930030823,195.0,225.0,0.2610946595668793,0.0009999999,0.7817895412445068,0.8972520232200623,0.8846153616905212,0.8984375,0.8828125,1695.0,1725.0,0.5,0.5122504234313965,0.5,240.0,240.0,4.024775505065918,0.0,0.5,0.5,0.5,0.5,240.0,240.0
5,0.9364583492279053,0.9840488433837891,0.9346961379051208,120.0,132.0,0.17870761454105377,0.0009999999,0.8690253496170044,0.9371169805526733,0.9316770434379578,0.9375,0.9312499761581421,1788.0,1800.0,0.5,0.5183355212211609,0.5,240.0,240.0,4.205654621124268,0.0,0.5,0.5,0.5,0.5,240.0,240.0
