epoch,accuracy,auc,f1_score,fn,fp,loss,lr,mcc,npv,precision,recall,specificity,tn,tp,val_accuracy,val_auc,val_f1_score,val_fn,val_fp,val_loss,val_mcc,val_npv,val_precision,val_recall,val_specificity,val_tn,val_tp
0,0.6317708492279053,0.5980606079101562,0.6072883605957031,1007.0,959.0,0.7388006448745728,0.01,0.22699512541294098,0.6114048361778259,0.5922619104385376,0.5804166793823242,0.6255208253860474,1441.0,1393.0,0.5625,0.5724630951881409,0.16956716775894165,429.0,33.0,0.7129427790641785,0.04088745638728142,0.511767566204071,0.6071428656578064,0.10625000298023224,0.9312499761581421,447.0,51.0
1,0.731249988079071,0.8037631511688232,0.7370488047599792,491.0,527.0,0.5449696183204651,0.01,0.47111228108406067,0.7406060695648193,0.7305725812911987,0.7442708611488342,0.7255208492279053,1393.0,1429.0,0.5,0.5337521433830261,0.5,240.0,240.0,0.9081636071205139,0.0,0.5,0.5,0.5,0.5,240.0,240.0
2,0.8020833134651184,0.8885172605514526,0.8040541410446167,366.0,390.0,0.4172894060611725,0.01,0.6068410873413086,0.8079159259796143,0.7993826866149902,0.809374988079071,0.796875,1530.0,1554.0,0.5,0.5979666113853455,0.5,240.0,239.0,1.197350263595581,0.0020517667289823294,0.5020201802253723,0.5010438561439514,0.5,0.5020833611488342,241.0,240.0
3,0.8604166507720947,0.9294657111167908,0.8623384237289429,265.0,263.0,0.33860644698143005,0.01,0.7253968715667725,0.8626191020011902,0.8628780245780945,0.8619791865348816,0.8630208373069763,1657.0,1655.0,0.5062500238418579,0.5757964849472046,0.5122610330581665,232.0,242.0,1.7924132347106934,0.012440967373549938,0.5043010711669922,0.5061224699020386,0.5166666507720947,0.4958333373069763,238.0,248.0
4,0.8885416388511658,0.9568321108818054,0.8890816569328308,214.0,212.0,0.26836833357810974,0.0009999999,0.7783479690551758,0.8886837363243103,0.8894681930541992,0.8885416388511658,0.8895833492279053,1708.0,1706.0,0.5041666626930237,0.5909374356269836,0.5072435736656189,236.0,238.0,1.7352622747421265,0.012502065859735012,0.5063171982765198,0.5062240958213806,0.5083333253860474,0.5041666626930237,242.0,244.0
5,0.9458333253860474,0.987011194229126,0.9474856853485107,100.0,102.0,0.16579698026180267,0.0009999999,0.8949719071388245,0.9479045867919922,0.9469302892684937,0.9479166865348816,0.9468749761581421,1818.0,1820.0,0.5083333253860474,0.5863150954246521,0.508269190788269,236.0,237.0,2.1407992839813232,0.014553832821547985,0.5063171982765198,0.5072765350341797,0.5083333253860474,0.5062500238418579,243.0,244.0
