epoch,accuracy,auc,f1_score,fn,fp,loss,lr,mcc,npv,precision,recall,specificity,tn,tp,val_accuracy,val_auc,val_f1_score,val_fn,val_fp,val_loss,val_mcc,val_npv,val_precision,val_recall,val_specificity,val_tn,val_tp
0,0.6572916507720947,0.6622009873390198,0.6524210572242737,883.0,892.0,0.700738787651062,0.01,0.30639737844467163,0.6547866463661194,0.6297218799591064,0.6320833563804626,0.651562511920929,1508.0,1517.0,0.5083333253860474,0.5561696887016296,0.49866783618927,242.0,224.0,0.98502117395401,0.027144432067871094,0.523247480392456,0.5151515007019043,0.4958333373069763,0.5333333611488342,256.0,238.0
1,0.823437511920929,0.894349217414856,0.818622350692749,345.0,353.0,0.4115709662437439,0.01,0.6370375156402588,0.8199706673622131,0.8169087171554565,0.8203125,0.8161458373069763,1567.0,1575.0,0.49791666865348816,0.544628918170929,0.4947932958602905,244.0,237.0,1.4302809238433838,-0.0021619638428092003,0.499699205160141,0.49894291162490845,0.49166667461395264,0.5062500238418579,243.0,236.0
2,0.8661458492279053,0.9414344429969788,0.8646877408027649,257.0,263.0,0.309222549200058,0.01,0.7295349836349487,0.8662435412406921,0.8634475469589233,0.8661458492279053,0.8630208373069763,1657.0,1663.0,0.5,0.5587065815925598,0.5,240.0,240.0,2.0059428215026855,0.0,0.5,0.5,0.5,0.5,240.0,240.0
3,0.9145833253860474,0.9757348895072937,0.9157741665840149,158.0,166.0,0.20033712685108185,0.01,0.8314724564552307,0.9176066517829895,0.9139004349708557,0.9177083373069763,0.9135416746139526,1754.0,1762.0,0.5,0.5900846719741821,0.5,240.0,240.0,2.756110906600952,0.0,0.5,0.5,0.5,0.5,240.0,240.0
4,0.9098958373069763,0.9745190143585205,0.9125597476959229,168.0,168.0,0.20512035489082336,0.0009999999,0.8252229690551758,0.9125763177871704,0.9125000238418579,0.9125000238418579,0.9125000238418579,1752.0,1752.0,0.5020833611488342,0.6050086617469788,0.5020833611488342,239.0,236.0,2.39678692817688,0.010321974754333496,0.508143961429596,0.5052410960197449,0.5020833611488342,0.5083333253860474,244.0,241.0
5,0.9786458611488342,0.997649610042572,0.9792026281356812,40.0,40.0,0.07916685193777084,0.0009999999,0.9584773778915405,0.9792292714118958,0.9791666865348816,0.9791666865348816,0.9791666865348816,1880.0,1880.0,0.5041666626930237,0.5967708230018616,0.5020833611488342,239.0,235.0,2.546168088912964,0.012314454652369022,0.5100452899932861,0.506302535533905,0.5020833611488342,0.5104166865348816,245.0,241.0
