epoch,accuracy,auc,f1_score,fn,fp,loss,lr,mcc,npv,precision,recall,specificity,tn,tp,val_accuracy,val_auc,val_f1_score,val_fn,val_fp,val_loss,val_mcc,val_npv,val_precision,val_recall,val_specificity,val_tn,val_tp
0,0.6520833373069763,0.7307416200637817,0.6428209543228149,780.0,809.0,0.7280057072639465,0.01,0.2836367189884186,0.6456202864646912,0.6669411063194275,0.675000011920929,0.6338541507720947,1591.0,1620.0,0.5,0.5540256500244141,0.5,240.0,240.0,1.0286234617233276,0.0,0.5,0.5,0.5,0.5,240.0,240.0
1,0.8062499761581421,0.8761378526687622,0.7960997819900513,394.0,387.0,0.44065722823143005,0.01,0.5941851139068604,0.7964043021202087,0.7976999282836914,0.7947916388511658,0.7984374761581421,1533.0,1526.0,0.5,0.5703037977218628,0.5,240.0,240.0,1.6526317596435547,0.0,0.5,0.5,0.5,0.5,240.0,240.0
2,0.8786458373069763,0.9451926946640015,0.8767562508583069,234.0,239.0,0.30016282200813293,0.01,0.7541871666908264,0.8786972165107727,0.8758441805839539,0.878125011920929,0.8755208253860474,1681.0,1686.0,0.5,0.5779731273651123,0.4989418089389801,241.0,240.0,2.2002511024475098,-0.0020517667289823294,0.4979797899723053,0.4989561438560486,0.49791666865348816,0.5,240.0,239.0
3,0.9203125238418579,0.9773718118667603,0.9171686172485352,159.0,159.0,0.19283971190452576,0.01,0.8345929384231567,0.9174206852912903,0.917187511920929,0.917187511920929,0.917187511920929,1761.0,1761.0,0.5,0.5020833015441895,0.5,240.0,240.0,4.222754001617432,0.0,0.5,0.5,0.5,0.5,240.0,240.0
4,0.8729166388511658,0.947594165802002,0.8701090216636658,245.0,255.0,0.2996579706668854,0.0009999999,0.739843487739563,0.8719764351844788,0.8678756356239319,0.8723958134651184,0.8671875,1665.0,1675.0,0.5,0.5182291865348816,0.5,240.0,240.0,3.6673593521118164,0.0,0.5,0.5,0.5,0.5,240.0,240.0
5,0.953125,0.9898759722709656,0.9524224996566772,90.0,93.0,0.1400611251592636,0.0009999999,0.9049132466316223,0.9531805515289307,0.9516380429267883,0.953125,0.9515625238418579,1827.0,1830.0,0.5,0.5328993201255798,0.5,240.0,240.0,3.551865577697754,0.0,0.5,0.5,0.5,0.5,240.0,240.0
