epoch,accuracy,auc,f1_score,fn,fp,loss,lr,mcc,npv,precision,recall,specificity,tn,tp,val_accuracy,val_auc,val_f1_score,val_fn,val_fp,val_loss,val_mcc,val_npv,val_precision,val_recall,val_specificity,val_tn,val_tp
0,0.6557291746139526,0.6326426863670349,0.6385643482208252,931.0,938.0,0.7296265363693237,0.01,0.2771288752555847,0.6391966938972473,0.6103032827377319,0.6120833158493042,0.6364583373069763,1462.0,1469.0,0.5,0.5260199308395386,0.5,240.0,240.0,1.5108267068862915,0.0,0.5,0.5,0.5,0.5,240.0,240.0
1,0.7848958373069763,0.8608229756355286,0.7815979719161987,424.0,410.0,0.47107160091400146,0.01,0.566620945930481,0.7821719646453857,0.784889817237854,0.7791666388511658,0.7864583134651184,1510.0,1496.0,0.5,0.5715343356132507,0.526373028755188,219.0,254.0,0.9636778235435486,0.014312156476080418,0.5034483075141907,0.50679612159729,0.543749988079071,0.47083333134651184,226.0,261.0
2,0.8578125238418579,0.9300921559333801,0.8550953269004822,278.0,279.0,0.33794718980789185,0.01,0.7103638052940369,0.85526442527771,0.8547631502151489,0.8552083373069763,0.854687511920929,1641.0,1642.0,0.49791666865348816,0.5619010329246521,0.49695414304733276,240.0,243.0,1.1671148538589478,-0.006096005439758301,0.5,0.4968944191932678,0.5,0.4937500059604645,237.0,240.0
3,0.9203125238418579,0.9692679047584534,0.9170711636543274,153.0,166.0,0.22563301026821136,0.01,0.8342427611351013,0.9203620553016663,0.9141231179237366,0.9203125238418579,0.9135416746139526,1754.0,1767.0,0.5,0.5557074546813965,0.5,240.0,240.0,2.2296645641326904,0.0,0.5,0.5,0.5,0.5,240.0,240.0
4,0.8973958492279053,0.957572877407074,0.8937974572181702,204.0,203.0,0.264887273311615,0.0009999999,0.7883170247077942,0.8944318890571594,0.8942157626152039,0.893750011920929,0.8942708373069763,1717.0,1716.0,0.5,0.5976324081420898,0.5,240.0,240.0,1.6357253789901733,0.0,0.5,0.5,0.5,0.5,240.0,240.0
5,0.9541666507720947,0.99113929271698,0.9531644582748413,89.0,91.0,0.1306380182504654,0.0009999999,0.9065221548080444,0.9538236260414124,0.9526534676551819,0.9536458253860474,0.9526041746139526,1829.0,1831.0,0.5,0.5986675024032593,0.5010256171226501,239.0,241.0,1.5504900217056274,0.0,0.5,0.5,0.5020833611488342,0.49791666865348816,239.0,241.0
