epoch,accuracy,auc,f1_score,fn,fp,loss,lr,mcc,npv,precision,recall,specificity,tn,tp,val_accuracy,val_auc,val_f1_score,val_fn,val_fp,val_loss,val_mcc,val_npv,val_precision,val_recall,val_specificity,val_tn,val_tp
0,0.5786458253860474,0.6107975840568542,0.5808955430984497,979.0,1013.0,0.7115867733955383,0.01,0.15925544500350952,0.5814640522003174,0.5838126540184021,0.5920833349227905,0.573437511920929,1387.0,1421.0,0.5,0.5,0.5,240.0,240.0,9.809041023254395,0.0,0.5,0.5,0.5,0.5,240.0,240.0
1,0.6526041626930237,0.708989143371582,0.6500564217567444,676.0,660.0,0.621173083782196,0.01,0.30478715896606445,0.6519034504890442,0.6533613204956055,0.6479166746139526,0.65625,1260.0,1244.0,0.5333333611488342,0.5678819417953491,0.6666666269302368,0.0,480.0,0.7706777453422546,0.0,0.0,0.5,1.0,0.0,0.0,480.0
2,0.6713541746139526,0.7344246506690979,0.6690502762794495,631.0,642.0,0.604953944683075,0.01,0.33738598227500916,0.670135498046875,0.6675297617912292,0.6713541746139526,0.6656249761581421,1278.0,1289.0,0.5,0.592270016670227,0.5,240.0,240.0,1.1324176788330078,0.0,0.5,0.5,0.5,0.5,240.0,240.0
3,0.6973958611488342,0.7602123618125916,0.6964437365531921,582.0,583.0,0.5822666883468628,0.01,0.3935818374156952,0.6973202228546143,0.6965122222900391,0.6968749761581421,0.6963541507720947,1337.0,1338.0,0.5,0.6144639253616333,0.5,240.0,240.0,0.8948411345481873,0.0,0.5,0.5,0.5,0.5,240.0,240.0
4,0.7161458134651184,0.7942405939102173,0.719237208366394,535.0,544.0,0.5473112463951111,0.01,0.4382663071155548,0.7209984064102173,0.7179886102676392,0.7213541865348816,0.7166666388511658,1376.0,1385.0,0.5,0.5889301300048828,0.5,240.0,240.0,2.1492888927459717,0.0,0.5,0.5,0.5,0.5,240.0,240.0
5,0.7239583134651184,0.8057001233100891,0.7250737547874451,526.0,531.0,0.5325697660446167,0.0009999999,0.449667364358902,0.7254266142845154,0.724155843257904,0.7260416746139526,0.723437488079071,1389.0,1394.0,0.5,0.6374869346618652,0.5,240.0,240.0,1.4908918142318726,0.0,0.5,0.5,0.5,0.5,240.0,240.0
6,0.7630208134651184,0.842357337474823,0.7628410458564758,450.0,463.0,0.49450042843818665,0.0009999999,0.5247476100921631,0.7645815014839172,0.7604759335517883,0.765625,0.7588541507720947,1457.0,1470.0,0.5249999761581421,0.6475260257720947,0.5269871950149536,227.0,228.0,0.8281473517417908,0.05205583572387695,0.5251343846321106,0.5259875059127808,0.5270833373069763,0.5249999761581421,252.0,253.0
