epoch,accuracy,auc,f1_score,fn,fp,loss,lr,mcc,npv,precision,recall,specificity,tn,tp,val_accuracy,val_auc,val_f1_score,val_fn,val_fp,val_loss,val_mcc,val_npv,val_precision,val_recall,val_specificity,val_tn,val_tp
0,0.559374988079071,0.5735446810722351,0.5549013018608093,1073.0,1096.0,0.7443112730979919,0.01,0.10764673352241516,0.5552650690078735,0.5476681590080261,0.5529166460037231,0.5479166507720947,1304.0,1327.0,0.5,0.5,0.5,240.0,240.0,97.64176940917969,0.0,0.5,0.5,0.5,0.5,240.0,240.0
1,0.6161458492279053,0.6632709503173828,0.6146817803382874,742.0,735.0,0.6626097559928894,0.01,0.2313631922006607,0.6146230697631836,0.6157867312431335,0.6135416626930237,0.6171875,1185.0,1178.0,0.5,0.512499988079071,0.5,240.0,240.0,3.5226070880889893,0.0,0.5,0.5,0.5,0.5,240.0,240.0
2,0.6734374761581421,0.7198086977005005,0.6706143617630005,629.0,638.0,0.615997850894928,0.01,0.3406304121017456,0.6712602376937866,0.6692586541175842,0.6723958253860474,0.6677083373069763,1282.0,1291.0,0.5,0.5,0.5,240.0,240.0,4.507538318634033,0.0,0.5,0.5,0.5,0.5,240.0,240.0
3,0.6864583492279053,0.7440723180770874,0.6839272379875183,598.0,623.0,0.600256621837616,0.01,0.36451348662376404,0.6848543286323547,0.6796914935112,0.6885416507720947,0.6755208373069763,1297.0,1322.0,0.5,0.5854080319404602,0.5,240.0,240.0,1.6972097158432007,0.0,0.5,0.5,0.5,0.5,240.0,240.0
4,0.6796875,0.7421330809593201,0.6781225800514221,623.0,605.0,0.5994647741317749,0.0009999999,0.3610202968120575,0.6797474026679993,0.6819137930870056,0.6755208373069763,0.6848958134651184,1315.0,1297.0,0.5,0.5967730283737183,0.5,240.0,240.0,1.295177698135376,0.0,0.5,0.5,0.5,0.5,240.0,240.0
5,0.7364583611488342,0.8006201386451721,0.7322034239768982,518.0,507.0,0.5476074814796448,0.0009999999,0.46643927693367004,0.7320672273635864,0.7344159483909607,0.7302083373069763,0.7359374761581421,1413.0,1402.0,0.5,0.6024327278137207,0.5,240.0,240.0,1.528312087059021,0.0,0.5,0.5,0.5,0.5,240.0,240.0
