epoch,accuracy,auc,f1_score,fn,fp,loss,lr,mcc,npv,precision,recall,specificity,tn,tp,val_accuracy,val_auc,val_f1_score,val_fn,val_fp,val_loss,val_mcc,val_npv,val_precision,val_recall,val_specificity,val_tn,val_tp
0,0.5395833253860474,0.5553597211837769,0.5293617844581604,1103.0,1103.0,0.8456102013587952,0.01,0.061675235629081726,0.5313783288002014,0.5404166579246521,0.5404166579246521,0.5307291746139526,1297.0,1297.0,0.5,0.4973958134651184,0.6666666269302368,0.0,480.0,0.6939771771430969,0.0,0.0,0.5,1.0,0.0,0.0,480.0
1,0.5609375238418579,0.5727016925811768,0.5319547057151794,913.0,846.0,0.7152855396270752,0.01,0.08423963934183121,0.54226154088974,0.5434430837631226,0.5244791507720947,0.559374988079071,1074.0,1007.0,0.5,0.5358268022537231,0.5,240.0,240.0,0.7053785920143127,0.0,0.5,0.5,0.5,0.5,240.0,240.0
2,0.6078125238418579,0.6440833806991577,0.5989440083503723,774.0,759.0,0.6680160760879517,0.01,0.2019229531288147,0.6001222729682922,0.6015747785568237,0.596875011920929,0.604687511920929,1161.0,1146.0,0.49166667461395264,0.5477387309074402,0.4867987334728241,248.0,224.0,0.6912452578544617,0.014898133464157581,0.5225439667701721,0.5087719559669495,0.4833333194255829,0.5333333611488342,256.0,232.0
3,0.6078125238418579,0.6647775173187256,0.6050217151641846,771.0,726.0,0.6509085297584534,0.01,0.22080998122692108,0.6082527041435242,0.6128000020980835,0.598437488079071,0.621874988079071,1194.0,1149.0,0.4958333373069763,0.4960026144981384,0.4950527846813202,240.0,245.0,0.6980119347572327,-0.009923966601490974,0.5,0.49484536051750183,0.5,0.4895833432674408,235.0,240.0
4,0.6104166507720947,0.6503121852874756,0.6068018674850464,753.0,756.0,0.6793543100357056,0.0009999999,0.21450191736221313,0.6078518033027649,0.6068642735481262,0.6078125238418579,0.606249988079071,1164.0,1167.0,0.5,0.5576454401016235,0.5398090481758118,211.0,256.0,0.689866304397583,0.026110775768756866,0.5034483075141907,0.5123809576034546,0.5604166388511658,0.46666666865348816,224.0,269.0
5,0.6229166388511658,0.6859260201454163,0.628987193107605,707.0,724.0,0.6289383769035339,0.0009999999,0.255367636680603,0.6281028389930725,0.6262261271476746,0.6317708492279053,0.6229166388511658,1196.0,1213.0,0.5,0.5948741436004639,0.5010576844215393,239.0,240.0,0.6857486963272095,0.0021148999221622944,0.5020833611488342,0.5010395050048828,0.5020833611488342,0.5,240.0,241.0
