epoch,accuracy,auc,f1_score,fn,fp,loss,lr,mcc,npv,precision,recall,specificity,tn,tp,val_accuracy,val_auc,val_f1_score,val_fn,val_fp,val_loss,val_mcc,val_npv,val_precision,val_recall,val_specificity,val_tn,val_tp
0,0.598437488079071,0.6879380941390991,0.589418351650238,874.0,895.0,0.7013583779335022,0.01,0.17666324973106384,0.5895000100135803,0.6303180456161499,0.6358333230018616,0.582812488079071,1505.0,1526.0,0.5,0.5,0.5,240.0,240.0,43.73994827270508,0.0,0.5,0.5,0.5,0.5,240.0,240.0
1,0.6317708492279053,0.6821407079696655,0.6289916634559631,716.0,704.0,0.6352481245994568,0.01,0.26093804836273193,0.6293665766716003,0.6310272812843323,0.6270833611488342,0.6333333253860474,1216.0,1204.0,0.5,0.5,0.5,240.0,240.0,13.255796432495117,0.0,0.5,0.5,0.5,0.5,240.0,240.0
2,0.6739583611488342,0.7203551530838013,0.6709544062614441,635.0,624.0,0.6153319478034973,0.01,0.3445829153060913,0.6716191172599792,0.673127293586731,0.6692708134651184,0.675000011920929,1296.0,1285.0,0.5,0.5,0.5,240.0,240.0,7.467089653015137,0.0,0.5,0.5,0.5,0.5,240.0,240.0
3,0.6760416626930237,0.7408533692359924,0.6759324669837952,622.0,622.0,0.596971869468689,0.01,0.3522990942001343,0.6762428283691406,0.6760416626930237,0.6760416626930237,0.6760416626930237,1298.0,1298.0,0.5,0.5,0.5,240.0,240.0,5.866762161254883,0.0,0.5,0.5,0.5,0.5,240.0,240.0
4,0.6859375238418579,0.7550982236862183,0.685732901096344,602.0,605.0,0.5846646428108215,0.0009999999,0.37172529101371765,0.6864078044891357,0.6853874325752258,0.6864583492279053,0.6848958134651184,1315.0,1318.0,0.5,0.5,0.5,240.0,240.0,4.921963691711426,0.0,0.5,0.5,0.5,0.5,240.0,240.0
5,0.7052083611488342,0.7742915749549866,0.6997804641723633,579.0,571.0,0.5715409517288208,0.0009999999,0.401254266500473,0.6999689340591431,0.7013598084449768,0.698437511920929,0.7026041746139526,1349.0,1341.0,0.5,0.503125011920929,0.5,240.0,240.0,3.3223941326141357,0.0,0.5,0.5,0.5,0.5,240.0,240.0
