epoch,accuracy,auc,f1_score,fn,fp,loss,lr,mcc,npv,precision,recall,specificity,tn,tp,val_accuracy,val_auc,val_f1_score,val_fn,val_fp,val_loss,val_mcc,val_npv,val_precision,val_recall,val_specificity,val_tn,val_tp
0,0.5817708373069763,0.5709275603294373,0.574339747428894,1054.0,1063.0,0.7089853286743164,0.01,0.14767012000083923,0.5737739205360413,0.5587380528450012,0.5608333349227905,0.5713541507720947,1337.0,1346.0,0.5,0.5,0.5,240.0,240.0,48.46604537963867,0.0,0.5,0.5,0.5,0.5,240.0,240.0
1,0.629687488079071,0.6692911982536316,0.6255028247833252,722.0,709.0,0.652624785900116,0.01,0.2550649046897888,0.6273869276046753,0.6282118558883667,0.6239583492279053,0.6307291388511658,1211.0,1198.0,0.5,0.5856401920318604,0.0,480.0,0.0,1.6570441722869873,0.0,0.5,0.0,0.0,1.0,480.0,0.0
2,0.6510416865348816,0.7000094056129456,0.6513146758079529,664.0,680.0,0.6322996020317078,0.01,0.30036789178848267,0.6515002846717834,0.6487603187561035,0.6541666388511658,0.6458333134651184,1240.0,1256.0,0.5,0.6045442819595337,0.5,240.0,240.0,1.0872290134429932,0.0,0.5,0.5,0.5,0.5,240.0,240.0
3,0.6625000238418579,0.7198715209960938,0.6571897864341736,662.0,649.0,0.6145421266555786,0.01,0.31740278005599976,0.6579790115356445,0.659674882888794,0.6552083492279053,0.6619791388511658,1271.0,1258.0,0.5,0.5358940958976746,0.5,240.0,240.0,3.1068408489227295,0.0,0.5,0.5,0.5,0.5,240.0,240.0
4,0.6973958611488342,0.7519851922988892,0.6959208846092224,586.0,579.0,0.5911840796470642,0.0009999999,0.39341071248054504,0.6962171196937561,0.6973340511322021,0.6947916746139526,0.698437511920929,1341.0,1334.0,0.5,0.591638445854187,0.5,240.0,240.0,1.782945990562439,0.0,0.5,0.5,0.5,0.5,240.0,240.0
5,0.7114583253860474,0.7823129296302795,0.7113738656044006,554.0,554.0,0.5623619556427002,0.0009999999,0.4230496287345886,0.7116413712501526,0.7114583253860474,0.7114583253860474,0.7114583253860474,1366.0,1366.0,0.5,0.599668025970459,0.5,240.0,240.0,1.3593522310256958,0.0,0.5,0.5,0.5,0.5,240.0,240.0
