epoch,accuracy,auc,f1_score,fn,fp,loss,lr,mcc,npv,precision,recall,specificity,tn,tp,val_accuracy,val_auc,val_f1_score,val_fn,val_fp,val_loss,val_mcc,val_npv,val_precision,val_recall,val_specificity,val_tn,val_tp
0,0.5932291746139526,0.6263189911842346,0.5723739862442017,1001.0,949.0,0.7210961580276489,0.01,0.15667439997196198,0.576616644859314,0.5958262085914612,0.5829166769981384,0.5901041626930237,1451.0,1399.0,0.5,0.5,0.5,240.0,240.0,97.51258850097656,0.0,0.5,0.5,0.5,0.5,240.0,240.0
1,0.6151041388511658,0.6592217087745667,0.6108154058456421,749.0,739.0,0.6577208638191223,0.01,0.22557970881462097,0.612752377986908,0.6130890250205994,0.6098958253860474,0.6151041388511658,1181.0,1171.0,0.5,0.5,0.5,240.0,240.0,11.132018089294434,0.0,0.5,0.5,0.5,0.5,240.0,240.0
2,0.6364583373069763,0.6946979761123657,0.6456986665725708,673.0,693.0,0.6351991295814514,0.01,0.28896817564964294,0.6464818716049194,0.642783522605896,0.6494791507720947,0.6390625238418579,1227.0,1247.0,0.5,0.5,0.5,240.0,240.0,8.036701202392578,0.0,0.5,0.5,0.5,0.5,240.0,240.0
3,0.6656249761581421,0.7202669978141785,0.6671305894851685,634.0,649.0,0.6154071092605591,0.01,0.3320566713809967,0.6673184037208557,0.6645994782447815,0.6697916388511658,0.6619791388511658,1271.0,1286.0,0.5,0.5,0.5,240.0,240.0,5.039384365081787,0.0,0.5,0.5,0.5,0.5,240.0,240.0
4,0.6614583134651184,0.726218581199646,0.6580982208251953,662.0,645.0,0.6083260774612427,0.0009999999,0.3195194602012634,0.6582727432250977,0.6610614657402039,0.6552083492279053,0.6640625,1275.0,1258.0,0.5,0.5,0.5,240.0,240.0,4.041341781616211,0.0,0.5,0.5,0.5,0.5,240.0,240.0
5,0.6947916746139526,0.7551016211509705,0.6908913254737854,597.0,587.0,0.5875691175460815,0.0009999999,0.3835979104042053,0.6906343102455139,0.6926701664924622,0.6890624761581421,0.6942708492279053,1333.0,1323.0,0.5,0.6217382550239563,0.5,240.0,240.0,1.348360538482666,0.0,0.5,0.5,0.5,0.5,240.0,240.0
