epoch,accuracy,auc,f1_score,fn,fp,loss,lr,mcc,npv,precision,recall,specificity,tn,tp,val_accuracy,val_auc,val_f1_score,val_fn,val_fp,val_loss,val_mcc,val_npv,val_precision,val_recall,val_specificity,val_tn,val_tp
0,0.5921875238418579,0.5809351205825806,0.5779678225517273,1045.0,1057.0,0.7091822028160095,0.01,0.15569837391376495,0.5788330435752869,0.5617744326591492,0.5645833611488342,0.5744791626930237,1343.0,1355.0,0.5,0.5,0.5,240.0,240.0,140.7052459716797,0.0,0.5,0.5,0.5,0.5,240.0,240.0
1,0.6067708134651184,0.6376331448554993,0.594517707824707,783.0,767.0,0.6661726236343384,0.01,0.193089559674263,0.5953611135482788,0.5971638560295105,0.5921875238418579,0.6005208492279053,1153.0,1137.0,0.5,0.5417534708976746,0.5,240.0,240.0,0.925326943397522,0.0,0.5,0.5,0.5,0.5,240.0,240.0
2,0.6343749761581421,0.6749045252799988,0.625141441822052,731.0,691.0,0.6456677317619324,0.01,0.2597059905529022,0.6281570792198181,0.632446825504303,0.6192708611488342,0.6401041746139526,1229.0,1189.0,0.5,0.5767794847488403,0.5,240.0,240.0,1.9209744930267334,0.0,0.5,0.5,0.5,0.5,240.0,240.0
3,0.6479166746139526,0.704380214214325,0.6477206349372864,678.0,673.0,0.6277895569801331,0.01,0.2966538667678833,0.6477677822113037,0.6485639810562134,0.6468750238418579,0.6494791507720947,1247.0,1242.0,0.5,0.5026063323020935,0.5,240.0,240.0,3.49513840675354,0.0,0.5,0.5,0.5,0.5,240.0,240.0
4,0.6796875,0.7350929975509644,0.6755545139312744,620.0,628.0,0.6065687537193298,0.0009999999,0.35020139813423157,0.675998866558075,0.6742738485336304,0.6770833134651184,0.6729166507720947,1292.0,1300.0,0.5,0.6040430068969727,0.5,240.0,240.0,1.9390270709991455,0.0,0.5,0.5,0.5,0.5,240.0,240.0
5,0.6911458373069763,0.752922773361206,0.6896548867225647,591.0,604.0,0.5906699895858765,0.0009999999,0.3778804838657379,0.6905587911605835,0.6875323057174683,0.692187488079071,0.6854166388511658,1316.0,1329.0,0.5,0.618359386920929,0.5020512938499451,239.0,240.0,1.0107314586639404,0.0020517667289823294,0.5,0.5010395050048828,0.5020833611488342,0.5,240.0,241.0
