epoch,accuracy,auc,f1_score,fn,fp,loss,lr,mcc,npv,precision,recall,specificity,tn,tp,val_accuracy,val_auc,val_f1_score,val_fn,val_fp,val_loss,val_mcc,val_npv,val_precision,val_recall,val_specificity,val_tn,val_tp
0,0.6015625,0.6344193816184998,0.598864734172821,955.0,963.0,0.7145722508430481,0.01,0.19744236767292023,0.600383996963501,0.60008305311203,0.6020833253860474,0.5947916507720947,1437.0,1445.0,0.5,0.5,0.5,240.0,240.0,10.553969383239746,0.0,0.5,0.5,0.5,0.5,240.0,240.0
1,0.6442708373069763,0.6948148608207703,0.6360357403755188,704.0,688.0,0.6361172199249268,0.01,0.2757871448993683,0.6358238458633423,0.6386554837226868,0.6333333253860474,0.6416666507720947,1232.0,1216.0,0.5,0.5310894250869751,0.5,240.0,240.0,2.3099582195281982,0.0,0.5,0.5,0.5,0.5,240.0,240.0
2,0.671875,0.7363649010658264,0.6716403365135193,632.0,625.0,0.5985767245292664,0.01,0.3455059826374054,0.6727098226547241,0.6732880473136902,0.6708333492279053,0.6744791865348816,1295.0,1288.0,0.5,0.5,0.5,240.0,240.0,3.8505613803863525,0.0,0.5,0.5,0.5,0.5,240.0,240.0
3,0.6760416626930237,0.7471315860748291,0.6778032183647156,626.0,606.0,0.5929953455924988,0.01,0.35868197679519653,0.6767329573631287,0.6810526251792908,0.6739583611488342,0.684374988079071,1314.0,1294.0,0.5,0.5793901681900024,0.5,240.0,240.0,0.8065589070320129,0.0,0.5,0.5,0.5,0.5,240.0,240.0
4,0.6729166507720947,0.7373960018157959,0.6721938252449036,630.0,628.0,0.5990144610404968,0.0009999999,0.34515026211738586,0.6721921563148499,0.6725755929946899,0.671875,0.6729166507720947,1292.0,1290.0,0.5,0.5412087440490723,0.5,240.0,240.0,2.5026004314422607,0.0,0.5,0.5,0.5,0.5,240.0,240.0
5,0.7182291746139526,0.784318208694458,0.7133690714836121,548.0,553.0,0.5586817860603333,0.0009999999,0.42690959572792053,0.7145331501960754,0.7127272486686707,0.7145833373069763,0.7119791507720947,1367.0,1372.0,0.5,0.5674934983253479,0.5,240.0,240.0,2.236771821975708,0.0,0.5,0.5,0.5,0.5,240.0,240.0
