epoch,accuracy,auc,f1_score,fn,fp,loss,lr,mcc,npv,precision,recall,specificity,tn,tp,val_accuracy,val_auc,val_f1_score,val_fn,val_fp,val_loss,val_mcc,val_npv,val_precision,val_recall,val_specificity,val_tn,val_tp
0,0.609375,0.5862532258033752,0.5875651836395264,1035.0,1016.0,0.7071419954299927,0.01,0.18234798312187195,0.5911238193511963,0.5732885599136353,0.5687500238418579,0.5958333611488342,1384.0,1365.0,0.5,0.5,0.5,240.0,240.0,111.29080963134766,0.0,0.5,0.5,0.5,0.5,240.0,240.0
1,0.6401041746139526,0.6820675730705261,0.6384136080741882,679.0,726.0,0.6469667553901672,0.01,0.2689531743526459,0.6376466155052185,0.6309100389480591,0.6463541388511658,0.621874988079071,1194.0,1241.0,0.5,0.5,0.5,240.0,240.0,8.83765697479248,0.0,0.5,0.5,0.5,0.5,240.0,240.0
2,0.6661458611488342,0.714301586151123,0.6614292860031128,649.0,651.0,0.6200562715530396,0.01,0.32331833243370056,0.6620609760284424,0.6612903475761414,0.6619791388511658,0.660937488079071,1269.0,1271.0,0.5,0.5,0.5,240.0,240.0,5.227859973907471,0.0,0.5,0.5,0.5,0.5,240.0,240.0
3,0.6744791865348816,0.7270604372024536,0.6700089573860168,626.0,647.0,0.6134340763092041,0.01,0.3373853862285614,0.6709248423576355,0.6666666865348816,0.6739583611488342,0.6630208492279053,1273.0,1294.0,0.5,0.5,0.5,240.0,240.0,5.499884605407715,0.0,0.5,0.5,0.5,0.5,240.0,240.0
4,0.6625000238418579,0.7280437350273132,0.6636073589324951,649.0,637.0,0.6061172485351562,0.0009999999,0.33061322569847107,0.6649664640426636,0.6661425828933716,0.6619791388511658,0.6682291626930237,1283.0,1271.0,0.5,0.5,0.5,240.0,240.0,4.075798988342285,0.0,0.5,0.5,0.5,0.5,240.0,240.0
5,0.6989583373069763,0.7661430835723877,0.6965129971504211,574.0,597.0,0.5727168917655945,0.0009999999,0.3903511166572571,0.6981852054595947,0.692743182182312,0.7010416388511658,0.6890624761581421,1323.0,1346.0,0.5,0.6161305904388428,0.5,240.0,240.0,1.6420031785964966,0.0,0.5,0.5,0.5,0.5,240.0,240.0
