epoch,accuracy,auc,f1_score,fn,fp,loss,lr,mcc,npv,precision,recall,specificity,tn,tp,val_accuracy,val_auc,val_f1_score,val_fn,val_fp,val_loss,val_mcc,val_npv,val_precision,val_recall,val_specificity,val_tn,val_tp
0,0.612500011920929,0.6048632264137268,0.6114498972892761,984.0,989.0,0.697404682636261,0.01,0.22291207313537598,0.6111536026000977,0.5887733697891235,0.5899999737739563,0.6098958253860474,1411.0,1416.0,0.5,0.5,0.6666666269302368,0.0,480.0,40.99151611328125,0.0,0.0,0.5,1.0,0.0,0.0,480.0
1,0.6598958373069763,0.7102545499801636,0.658380925655365,654.0,657.0,0.6277443170547485,0.01,0.31766530871391296,0.6597716212272644,0.6583463549613953,0.659375011920929,0.6578124761581421,1263.0,1266.0,0.5,0.49330729246139526,0.5,240.0,240.0,2.8381121158599854,0.0,0.5,0.5,0.5,0.5,240.0,240.0
2,0.6723958253860474,0.723143994808197,0.6674782037734985,640.0,634.0,0.6118272542953491,0.01,0.3368394672870636,0.668138861656189,0.6687565445899963,0.6666666865348816,0.6697916388511658,1286.0,1280.0,0.5,0.5,0.5,240.0,240.0,4.976803302764893,0.0,0.5,0.5,0.5,0.5,240.0,240.0
3,0.6807291507720947,0.7523164749145508,0.6816430687904358,612.0,609.0,0.58443284034729,0.01,0.36429059505462646,0.6820598840713501,0.6823161244392395,0.6812499761581421,0.682812511920929,1311.0,1308.0,0.5,0.5531532168388367,0.5,240.0,240.0,2.293552875518799,0.0,0.5,0.5,0.5,0.5,240.0,240.0
4,0.7130208611488342,0.77862948179245,0.7135535478591919,546.0,556.0,0.5643489360809326,0.0009999999,0.4263438582420349,0.7147011160850525,0.7119171023368835,0.715624988079071,0.7104166746139526,1364.0,1374.0,0.5,0.5702452063560486,0.5,240.0,240.0,1.7134971618652344,0.0,0.5,0.5,0.5,0.5,240.0,240.0
5,0.7244791388511658,0.7954769134521484,0.720017671585083,537.0,539.0,0.5440196394920349,0.0009999999,0.4398067593574524,0.7199282050132751,0.7195629477500916,0.7203124761581421,0.7192708253860474,1381.0,1383.0,0.5,0.5793988704681396,0.5,240.0,240.0,1.6725304126739502,0.0,0.5,0.5,0.5,0.5,240.0,240.0
