epoch,accuracy,auc,f1_score,fn,fp,loss,lr,mcc,npv,precision,recall,specificity,tn,tp,val_accuracy,val_auc,val_f1_score,val_fn,val_fp,val_loss,val_mcc,val_npv,val_precision,val_recall,val_specificity,val_tn,val_tp
0,0.5916666388511658,0.6201913356781006,0.5812881588935852,1016.0,969.0,0.7223257422447205,0.01,0.16455751657485962,0.5801779627799988,0.5881853103637695,0.5766666531562805,0.5843750238418579,1431.0,1384.0,0.5,0.5,0.5,240.0,240.0,60.09611892700195,0.0,0.5,0.5,0.5,0.5,240.0,240.0
1,0.6307291388511658,0.6802053451538086,0.6247718334197998,714.0,732.0,0.6473636031150818,0.01,0.24733804166316986,0.6252287030220032,0.6222910284996033,0.628125011920929,0.6187499761581421,1188.0,1206.0,0.5,0.5,0.5,240.0,240.0,8.642218589782715,0.0,0.5,0.5,0.5,0.5,240.0,240.0
2,0.6416666507720947,0.6921234726905823,0.6399667263031006,688.0,697.0,0.6344748139381409,0.01,0.27917221188545227,0.6403068900108337,0.6386728882789612,0.6416666507720947,0.6369791626930237,1223.0,1232.0,0.5,0.5,0.5,240.0,240.0,4.903505325317383,0.0,0.5,0.5,0.5,0.5,240.0,240.0
3,0.6729166507720947,0.7337344288825989,0.6669291853904724,650.0,619.0,0.6089754700660706,0.01,0.3393913805484772,0.6665805578231812,0.672313392162323,0.6614583134651184,0.6776041388511658,1301.0,1270.0,0.5,0.5,0.5,240.0,240.0,4.212118148803711,0.0,0.5,0.5,0.5,0.5,240.0,240.0
4,0.7026041746139526,0.7615803480148315,0.6987743973731995,580.0,576.0,0.5903106331825256,0.0009999999,0.3982067406177521,0.698352038860321,0.699373722076416,0.6979166865348816,0.699999988079071,1344.0,1340.0,0.5,0.5905120968818665,0.5,240.0,240.0,2.2809958457946777,0.0,0.5,0.5,0.5,0.5,240.0,240.0
5,0.7250000238418579,0.7799362540245056,0.7201112508773804,536.0,540.0,0.5702747702598572,0.0009999999,0.4398346543312073,0.7202940583229065,0.7193347215652466,0.7208333611488342,0.71875,1380.0,1384.0,0.5,0.5987434983253479,0.5,240.0,240.0,1.7172317504882812,0.0,0.5,0.5,0.5,0.5,240.0,240.0
