epoch,accuracy,auc,f1_score,fn,fp,loss,lr,mcc,npv,precision,recall,specificity,tn,tp,val_accuracy,val_auc,val_f1_score,val_fn,val_fp,val_loss,val_mcc,val_npv,val_precision,val_recall,val_specificity,val_tn,val_tp
0,0.512499988079071,0.5338941216468811,0.5114442110061646,1148.0,1125.0,0.7814139127731323,0.01,0.026974299922585487,0.5104409456253052,0.5267143249511719,0.5216666460037231,0.5177083611488342,1275.0,1252.0,0.5,0.5,0.5,240.0,240.0,85965.8515625,0.0,0.5,0.5,0.5,0.5,240.0,240.0
1,0.5390625,0.5389572978019714,0.5279937982559204,896.0,918.0,0.7081816792488098,0.01,0.05558926612138748,0.5303733348846436,0.527291476726532,0.5333333611488342,0.5218750238418579,1002.0,1024.0,0.5,0.5,0.5,240.0,240.0,95.79656219482422,0.0,0.5,0.5,0.5,0.5,240.0,240.0
2,0.5406249761581421,0.5649606585502625,0.5480943322181702,867.0,862.0,0.6939204931259155,0.01,0.10012958198785782,0.5505717396736145,0.5498694777488708,0.5484374761581421,0.5510416626930237,1058.0,1053.0,0.5,0.5,0.5,240.0,240.0,29.388505935668945,0.0,0.5,0.5,0.5,0.5,240.0,240.0
3,0.5557291507720947,0.578138530254364,0.5617305040359497,834.0,860.0,0.6892586946487427,0.01,0.118048295378685,0.5587936639785767,0.5580678582191467,0.565625011920929,0.5520833134651184,1060.0,1086.0,0.5,0.5,0.5,240.0,240.0,4.901072025299072,0.0,0.5,0.5,0.5,0.5,240.0,240.0
4,0.5885416865348816,0.6246563792228699,0.5941805243492126,777.0,781.0,0.6705061197280884,0.0009999999,0.18892744183540344,0.5952650308609009,0.5940748453140259,0.5953124761581421,0.5932291746139526,1139.0,1143.0,0.5,0.5566319227218628,0.5,240.0,240.0,1.1690189838409424,0.0,0.5,0.5,0.5,0.5,240.0,240.0
5,0.6005208492279053,0.6393248438835144,0.6067312359809875,749.0,767.0,0.6651089191436768,0.0009999999,0.2107125073671341,0.6066634654998779,0.6042311787605286,0.6098958253860474,0.6005208492279053,1153.0,1171.0,0.5,0.5532855987548828,0.5,240.0,240.0,0.8470930457115173,0.0,0.5,0.5,0.5,0.5,240.0,240.0
