epoch,accuracy,auc,f1_score,fn,fp,loss,lr,mcc,npv,precision,recall,specificity,tn,tp,val_accuracy,val_auc,val_f1_score,val_fn,val_fp,val_loss,val_mcc,val_npv,val_precision,val_recall,val_specificity,val_tn,val_tp
0,0.6015625,0.6132704019546509,0.5976930260658264,979.0,986.0,0.7021895051002502,0.01,0.19584029912948608,0.596924901008606,0.5903614163398743,0.5920833349227905,0.5973958373069763,1414.0,1421.0,0.5,0.5,0.5,240.0,240.0,62.19222640991211,0.0,0.5,0.5,0.5,0.5,240.0,240.0
1,0.6447916626930237,0.6935219168663025,0.6447917819023132,686.0,674.0,0.6318835616111755,0.01,0.2921094298362732,0.6446844935417175,0.6467505097389221,0.6427083611488342,0.6489583253860474,1246.0,1234.0,0.5,0.5,0.5,240.0,240.0,4.47275447845459,0.0,0.5,0.5,0.5,0.5,240.0,240.0
2,0.6604166626930237,0.7173353433609009,0.6591160893440247,654.0,655.0,0.6131965517997742,0.01,0.31844043731689453,0.6593506336212158,0.6590317487716675,0.659375011920929,0.6588541865348816,1265.0,1266.0,0.5,0.5166666507720947,0.5,240.0,240.0,2.8712430000305176,0.0,0.5,0.5,0.5,0.5,240.0,240.0
3,0.6807291507720947,0.7409348487854004,0.6820696592330933,616.0,601.0,0.5983681082725525,0.01,0.36639606952667236,0.6812205910682678,0.6845144629478455,0.6791666746139526,0.6869791746139526,1319.0,1304.0,0.5,0.5811457633972168,0.5,240.0,240.0,1.6620478630065918,0.0,0.5,0.5,0.5,0.5,240.0,240.0
4,0.699999988079071,0.7633554339408875,0.6988323330879211,578.0,578.0,0.5774679780006409,0.0009999999,0.3982991576194763,0.6993350982666016,0.6989583373069763,0.6989583373069763,0.6989583373069763,1342.0,1342.0,0.5,0.6144856810569763,0.5,240.0,240.0,1.5391596555709839,0.0,0.5,0.5,0.5,0.5,240.0,240.0
5,0.6994791626930237,0.7793993949890137,0.6981114149093628,580.0,580.0,0.5607597231864929,0.0009999999,0.3960556387901306,0.6975901126861572,0.6979166865348816,0.6979166865348816,0.6979166865348816,1340.0,1340.0,0.5,0.6097482442855835,0.5,240.0,240.0,1.4304287433624268,0.0,0.5,0.5,0.5,0.5,240.0,240.0
