epoch,accuracy,auc,f1_score,fn,fp,loss,lr,mcc,npv,precision,recall,specificity,tn,tp,val_accuracy,val_auc,val_f1_score,val_fn,val_fp,val_loss,val_mcc,val_npv,val_precision,val_recall,val_specificity,val_tn,val_tp
0,0.567187488079071,0.5922515988349915,0.5696123242378235,991.0,1005.0,0.7360764145851135,0.01,0.14057165384292603,0.5729994177818298,0.5836785435676575,0.5870833396911621,0.5666666626930237,1395.0,1409.0,0.5,0.5,0.5,240.0,240.0,324.9034729003906,0.0,0.5,0.5,0.5,0.5,240.0,240.0
1,0.625,0.6493631601333618,0.6106296181678772,742.0,756.0,0.6616629362106323,0.01,0.22024443745613098,0.611609697341919,0.6091002821922302,0.6135416626930237,0.606249988079071,1164.0,1178.0,0.5,0.5,0.5,240.0,240.0,9.977766990661621,0.0,0.5,0.5,0.5,0.5,240.0,240.0
2,0.628125011920929,0.6678187847137451,0.6244750618934631,714.0,735.0,0.6469692587852478,0.01,0.24595636129379272,0.6243061423301697,0.6213291883468628,0.628125011920929,0.6171875,1185.0,1206.0,0.5,0.5036458373069763,0.5,240.0,240.0,2.7982969284057617,0.0,0.5,0.5,0.5,0.5,240.0,240.0
3,0.651562511920929,0.7024598121643066,0.6471099853515625,685.0,662.0,0.6253212094306946,0.01,0.2988380193710327,0.6473819017410278,0.6510279178619385,0.6432291865348816,0.6552083492279053,1258.0,1235.0,0.5,0.6048133969306946,0.5,240.0,240.0,1.5711034536361694,0.0,0.5,0.5,0.5,0.5,240.0,240.0
4,0.684374988079071,0.7375474572181702,0.6733591556549072,623.0,632.0,0.6049358248710632,0.0009999999,0.34685593843460083,0.675226092338562,0.672369122505188,0.6755208373069763,0.6708333492279053,1288.0,1297.0,0.5,0.6153970956802368,0.5,240.0,240.0,1.1797891855239868,0.0,0.5,0.5,0.5,0.5,240.0,240.0
5,0.6890624761581421,0.7486458420753479,0.6862319111824036,597.0,611.0,0.5922092199325562,0.0009999999,0.37104737758636475,0.687475860118866,0.6840744614601135,0.6890624761581421,0.6817708611488342,1309.0,1323.0,0.5,0.6183854341506958,0.5,240.0,240.0,1.2476341724395752,0.0,0.5,0.5,0.5,0.5,240.0,240.0
