epoch,accuracy,auc,f1_score,fn,fp,loss,lr,mcc,npv,precision,recall,specificity,tn,tp,val_accuracy,val_auc,val_f1_score,val_fn,val_fp,val_loss,val_mcc,val_npv,val_precision,val_recall,val_specificity,val_tn,val_tp
0,0.5546875,0.5494769811630249,0.5554001927375793,1091.0,1089.0,0.7342596054077148,0.01,0.11531670391559601,0.558562695980072,0.5458715558052063,0.5454166531562805,0.557812511920929,1311.0,1309.0,0.5,0.5,0.5,240.0,240.0,1432.62744140625,0.0,0.5,0.5,0.5,0.5,240.0,240.0
1,0.6036458611488342,0.6209985017776489,0.5924970507621765,796.0,743.0,0.6816942691802979,0.01,0.19906587898731232,0.5982162952423096,0.6020353436470032,0.5854166746139526,0.6130208373069763,1177.0,1124.0,0.5,0.5,0.5,240.0,240.0,16.850675582885742,0.0,0.5,0.5,0.5,0.5,240.0,240.0
2,0.5973958373069763,0.6252784132957458,0.591437578201294,784.0,782.0,0.6744089722633362,0.01,0.18463292717933655,0.5924993753433228,0.5922836065292358,0.5916666388511658,0.5927083492279053,1138.0,1136.0,0.5,0.553539514541626,0.6647952795028687,2.0,480.0,1.7507596015930176,-0.016798419877886772,0.0,0.4989561438560486,0.9958333373069763,0.0,0.0,478.0
3,0.6197916865348816,0.6584212183952332,0.6184912919998169,729.0,738.0,0.6549985408782959,0.01,0.236424058675766,0.619088351726532,0.6174183487892151,0.620312511920929,0.6156250238418579,1182.0,1191.0,0.5,0.5851930975914001,0.5,240.0,240.0,0.8137959837913513,0.0,0.5,0.5,0.5,0.5,240.0,240.0
4,0.6052083373069763,0.6456167101860046,0.602169394493103,763.0,762.0,0.6585813164710999,0.0009999999,0.20595195889472961,0.6035596132278442,0.6029182076454163,0.6026041507720947,0.6031249761581421,1158.0,1157.0,0.5,0.5780338644981384,0.5,240.0,240.0,0.8535089492797852,0.0,0.5,0.5,0.5,0.5,240.0,240.0
5,0.6312500238418579,0.678059995174408,0.6311956644058228,706.0,710.0,0.6416498422622681,0.0009999999,0.26275673508644104,0.6323398947715759,0.6309771537780762,0.6322916746139526,0.6302083134651184,1210.0,1214.0,0.5,0.5763172507286072,0.5,240.0,240.0,0.8124634027481079,0.0,0.5,0.5,0.5,0.5,240.0,240.0
