epoch,accuracy,auc,f1_score,fn,fp,loss,lr,mcc,npv,precision,recall,specificity,tn,tp,val_accuracy,val_auc,val_f1_score,val_fn,val_fp,val_loss,val_mcc,val_npv,val_precision,val_recall,val_specificity,val_tn,val_tp
0,0.6026041507720947,0.583106517791748,0.5956879258155823,1020.0,1005.0,0.717410683631897,0.01,0.19574111700057983,0.5970537066459656,0.5786163806915283,0.574999988079071,0.6015625,1395.0,1380.0,0.5,0.5,0.5,240.0,240.0,12.929221153259277,0.0,0.5,0.5,0.5,0.5,240.0,240.0
1,0.6463541388511658,0.6953081488609314,0.6422742009162903,691.0,678.0,0.6322552561759949,0.01,0.28752952814102173,0.6424381136894226,0.6444677710533142,0.6401041746139526,0.6468750238418579,1242.0,1229.0,0.5,0.5,0.5,240.0,240.0,3.5442118644714355,0.0,0.5,0.5,0.5,0.5,240.0,240.0
2,0.6572916507720947,0.709892749786377,0.6505211591720581,667.0,678.0,0.6193687319755554,0.01,0.29992738366127014,0.6510207056999207,0.6488865613937378,0.6526041626930237,0.6468750238418579,1242.0,1253.0,0.5,0.5331141948699951,0.5,240.0,240.0,1.0591092109680176,0.0,0.5,0.5,0.5,0.5,240.0,240.0
3,0.6713541746139526,0.7303998470306396,0.6697767376899719,638.0,626.0,0.6057461500167847,0.01,0.3419628441333771,0.6698015332221985,0.6719077825546265,0.6677083373069763,0.6739583611488342,1294.0,1282.0,0.5,0.5233290195465088,0.5,240.0,240.0,1.0014339685440063,0.0,0.5,0.5,0.5,0.5,240.0,240.0
4,0.6947916746139526,0.7618247270584106,0.6907832622528076,590.0,599.0,0.5784839391708374,0.0009999999,0.38096386194229126,0.6919134855270386,0.6894764304161072,0.6927083134651184,0.6880208253860474,1321.0,1330.0,0.5,0.5552365183830261,0.5,240.0,240.0,1.0380637645721436,0.0,0.5,0.5,0.5,0.5,240.0,240.0
5,0.6958333253860474,0.7699621915817261,0.6988087892532349,573.0,587.0,0.5680596232414246,0.0009999999,0.39613813161849976,0.699867308139801,0.6964839696884155,0.7015625238418579,0.6942708492279053,1333.0,1347.0,0.5,0.5597048401832581,0.5,240.0,240.0,0.7722795009613037,0.0,0.5,0.5,0.5,0.5,240.0,240.0
