epoch,accuracy,auc,f1_score,fn,fp,loss,lr,mcc,npv,precision,recall,specificity,tn,tp,val_accuracy,val_auc,val_f1_score,val_fn,val_fp,val_loss,val_mcc,val_npv,val_precision,val_recall,val_specificity,val_tn,val_tp
0,0.5833333134651184,0.6306103467941284,0.5779857635498047,976.0,981.0,0.7205975651741028,0.01,0.1588047295808792,0.5811565518379211,0.5920997858047485,0.5933333039283752,0.578125,1419.0,1424.0,0.5,0.5,0.5,240.0,240.0,40.78292465209961,0.0,0.5,0.5,0.5,0.5,240.0,240.0
1,0.6260416507720947,0.6648220419883728,0.6149320006370544,744.0,725.0,0.6499432325363159,0.01,0.23534826934337616,0.6172138452529907,0.6186217665672302,0.612500011920929,0.6223958134651184,1195.0,1176.0,0.5,0.5699370503425598,0.5,240.0,240.0,1.1030539274215698,0.0,0.5,0.5,0.5,0.5,240.0,240.0
2,0.6546875238418579,0.7120845317840576,0.65074622631073,663.0,685.0,0.6183443665504456,0.01,0.29824841022491455,0.6510478854179382,0.6472708582878113,0.6546875238418579,0.6432291865348816,1235.0,1257.0,0.5,0.6052734851837158,0.5,240.0,236.0,0.844045102596283,0.008147788234055042,0.5079619884490967,0.5042017102241516,0.5,0.5083333253860474,244.0,240.0
3,0.6677083373069763,0.7224056124687195,0.6659532189369202,645.0,634.0,0.6086086630821228,0.01,0.3341149687767029,0.6659803986549377,0.6678889393806458,0.6640625,0.6697916388511658,1286.0,1275.0,0.5,0.6039019227027893,0.5,240.0,233.0,0.7254459261894226,0.01413053646683693,0.5136762857437134,0.5073995590209961,0.5,0.5145833492279053,247.0,240.0
4,0.6911458373069763,0.7558375597000122,0.6875593662261963,597.0,603.0,0.5833975672721863,0.0009999999,0.3753734529018402,0.6890140771865845,0.6869158744812012,0.6890624761581421,0.6859375238418579,1317.0,1323.0,0.5,0.6209917664527893,0.5,240.0,240.0,1.0790698528289795,0.0,0.5,0.5,0.5,0.5,240.0,240.0
5,0.7145833373069763,0.7834805846214294,0.7126656174659729,549.0,556.0,0.5599235892295837,0.0009999999,0.4247422516345978,0.713313102722168,0.7114685773849487,0.714062511920929,0.7104166746139526,1364.0,1371.0,0.5,0.6237478256225586,0.5,240.0,240.0,0.8826413750648499,0.0,0.5,0.5,0.5,0.5,240.0,240.0
