epoch,accuracy,auc,f1_score,fn,fp,loss,lr,mcc,npv,precision,recall,specificity,tn,tp,val_accuracy,val_auc,val_f1_score,val_fn,val_fp,val_loss,val_mcc,val_npv,val_precision,val_recall,val_specificity,val_tn,val_tp
0,0.5328124761581421,0.5244982242584229,0.525424063205719,1152.0,1132.0,0.7540468573570251,0.01,0.059696439653635025,0.5305323004722595,0.5243697762489319,0.5199999809265137,0.5348958373069763,1268.0,1248.0,0.5,0.5,0.6666666269302368,0.0,480.0,3861.283447265625,0.0,0.0,0.5,1.0,0.0,0.0,480.0
1,0.5947916507720947,0.6024678945541382,0.5867443084716797,785.0,814.0,0.6947438716888428,0.01,0.16788284480571747,0.5840311050415039,0.5823498964309692,0.5911458134651184,0.5760416388511658,1106.0,1135.0,0.5,0.5,0.5,240.0,240.0,22.29213523864746,0.0,0.5,0.5,0.5,0.5,240.0,240.0
2,0.6010416746139526,0.6311025619506836,0.5974746346473694,776.0,765.0,0.6758233308792114,0.01,0.1978197544813156,0.5977655649185181,0.5992666482925415,0.5958333611488342,0.6015625,1155.0,1144.0,0.5,0.5424023270606995,0.5,240.0,240.0,2.8171000480651855,0.0,0.5,0.5,0.5,0.5,240.0,240.0
3,0.614062488079071,0.6503687500953674,0.6057528853416443,757.0,758.0,0.6606500744819641,0.01,0.2112426906824112,0.6049739122390747,0.6054138541221619,0.6057291626930237,0.6052083373069763,1162.0,1163.0,0.5,0.5389800071716309,0.5,240.0,240.0,2.7601890563964844,0.0,0.5,0.5,0.5,0.5,240.0,240.0
4,0.6322916746139526,0.6784572601318359,0.6311953067779541,707.0,707.0,0.6441715955734253,0.0009999999,0.2639196217060089,0.6328636407852173,0.6317708492279053,0.6317708492279053,0.6317708492279053,1213.0,1213.0,0.5,0.5904513597488403,0.5,240.0,240.0,0.922793447971344,0.0,0.5,0.5,0.5,0.5,240.0,240.0
5,0.6307291388511658,0.6735503077507019,0.6276307702064514,715.0,717.0,0.6464242339134216,0.0009999999,0.25449612736701965,0.6263036727905273,0.6269510984420776,0.6276041865348816,0.6265624761581421,1203.0,1205.0,0.5,0.5900238752365112,0.5,240.0,240.0,1.0048516988754272,0.0,0.5,0.5,0.5,0.5,240.0,240.0
