epoch,accuracy,auc,f1_score,fn,fp,loss,lr,mcc,npv,precision,recall,specificity,tn,tp,val_accuracy,val_auc,val_f1_score,val_fn,val_fp,val_loss,val_mcc,val_npv,val_precision,val_recall,val_specificity,val_tn,val_tp
0,0.5874999761581421,0.5857141613960266,0.5896890163421631,1027.0,1024.0,0.7115339040756226,0.01,0.18228307366371155,0.5915297269821167,0.5727993249893188,0.5720833539962769,0.5916666388511658,1376.0,1373.0,0.5,0.5,0.5,240.0,240.0,18.301549911499023,0.0,0.5,0.5,0.5,0.5,240.0,240.0
1,0.6229166388511658,0.6655502915382385,0.626905620098114,710.0,727.0,0.6517630815505981,0.01,0.2519233226776123,0.6277149319648743,0.6246773600578308,0.6302083134651184,0.6213541626930237,1193.0,1210.0,0.5,0.5453516244888306,0.5,240.0,240.0,1.008050799369812,0.0,0.5,0.5,0.5,0.5,240.0,240.0
2,0.6473958492279053,0.7031132578849792,0.6497594118118286,668.0,680.0,0.625903308391571,0.01,0.2982071042060852,0.6504398584365845,0.6480331420898438,0.6520833373069763,0.6458333134651184,1240.0,1252.0,0.5,0.5648893117904663,0.5,240.0,240.0,0.834523618221283,0.0,0.5,0.5,0.5,0.5,240.0,240.0
3,0.6588541865348816,0.718208372592926,0.6526095867156982,675.0,649.0,0.615278422832489,0.01,0.31066200137138367,0.6535601019859314,0.6573389768600464,0.6484375,0.6619791388511658,1271.0,1245.0,0.5,0.5757573843002319,0.5,240.0,240.0,1.6360859870910645,0.0,0.5,0.5,0.5,0.5,240.0,240.0
4,0.6729166507720947,0.7389028072357178,0.673144519329071,626.0,631.0,0.5988103747367859,0.0009999999,0.34546613693237305,0.6729655861854553,0.672207772731781,0.6739583611488342,0.6713541746139526,1289.0,1294.0,0.5,0.5765863656997681,0.5,240.0,240.0,1.8900550603866577,0.0,0.5,0.5,0.5,0.5,240.0,240.0
5,0.6942708492279053,0.7604817152023315,0.6899071335792542,598.0,590.0,0.5769996047019958,0.0009999999,0.38150665163993835,0.6900331974029541,0.6914225816726685,0.6885416507720947,0.6927083134651184,1330.0,1322.0,0.5,0.5990646481513977,0.5,240.0,240.0,1.1830463409423828,0.0,0.5,0.5,0.5,0.5,240.0,240.0
