epoch,accuracy,auc,f1_score,fn,fp,loss,lr,mcc,npv,precision,recall,specificity,tn,tp,val_accuracy,val_auc,val_f1_score,val_fn,val_fp,val_loss,val_mcc,val_npv,val_precision,val_recall,val_specificity,val_tn,val_tp
0,0.5229166746139526,0.5264627933502197,0.527754008769989,1148.0,1130.0,0.7354482412338257,0.01,0.06408100575208664,0.5323023200035095,0.5256087183952332,0.5216666460037231,0.5364583134651184,1270.0,1252.0,0.5,0.5,0.5,240.0,240.0,20442.9296875,0.0,0.5,0.5,0.5,0.5,240.0,240.0
1,0.5682291388511658,0.5759264826774597,0.561477780342102,833.0,856.0,0.6929675936698914,0.01,0.12110699713230133,0.5615424513816833,0.5594441294670105,0.5661458373069763,0.5541666746139526,1064.0,1087.0,0.5,0.5,0.5,240.0,240.0,21.755395889282227,0.0,0.5,0.5,0.5,0.5,240.0,240.0
2,0.6031249761581421,0.6231365203857422,0.5887771844863892,791.0,785.0,0.6716464161872864,0.01,0.17966456711292267,0.5892400741577148,0.5898641347885132,0.5880208611488342,0.5911458134651184,1135.0,1129.0,0.5,0.5156944394111633,0.5,240.0,240.0,3.1869325637817383,0.0,0.5,0.5,0.5,0.5,240.0,240.0
3,0.567187488079071,0.6037474274635315,0.5738756656646729,812.0,831.0,0.6796780824661255,0.01,0.144497349858284,0.5730584263801575,0.5714285969734192,0.5770833492279053,0.567187488079071,1089.0,1108.0,0.5,0.5435286164283752,0.5,240.0,240.0,1.1519392728805542,0.0,0.5,0.5,0.5,0.5,240.0,240.0
4,0.5713541507720947,0.5938559174537659,0.5653656721115112,837.0,824.0,0.6799888610839844,0.0009999999,0.13523124158382416,0.5675026774406433,0.5679076910018921,0.5640624761581421,0.5708333253860474,1096.0,1083.0,0.5,0.5408788919448853,0.5,240.0,240.0,0.7100139260292053,0.0,0.5,0.5,0.5,0.5,240.0,240.0
5,0.609375,0.650549054145813,0.6171140670776367,735.0,737.0,0.6594414114952087,0.0009999999,0.23366640508174896,0.6160338521003723,0.6165452599525452,0.6171875,0.6161458492279053,1183.0,1185.0,0.5,0.555017352104187,0.5,240.0,240.0,0.7648589015007019,0.0,0.5,0.5,0.5,0.5,240.0,240.0
