epoch,accuracy,auc,f1_score,fn,fp,loss,lr,mcc,npv,precision,recall,specificity,tn,tp,val_accuracy,val_auc,val_f1_score,val_fn,val_fp,val_loss,val_mcc,val_npv,val_precision,val_recall,val_specificity,val_tn,val_tp
0,0.5838541388511658,0.5634169578552246,0.5798959732055664,1043.0,1050.0,0.7259404063224792,0.01,0.16068172454833984,0.5800631046295166,0.5637723207473755,0.565416693687439,0.578125,1350.0,1357.0,0.5,0.5,0.5,240.0,240.0,2986.98388671875,0.0,0.5,0.5,0.5,0.5,240.0,240.0
1,0.6104166507720947,0.6497291922569275,0.6041642427444458,774.0,725.0,0.6677411198616028,0.01,0.22034336626529694,0.6072141528129578,0.6125066876411438,0.596875011920929,0.6223958134651184,1195.0,1146.0,0.5,0.5111176371574402,0.0,480.0,0.0,4.742425441741943,0.0,0.5,0.0,0.0,1.0,480.0,0.0
2,0.629687488079071,0.6550343036651611,0.6249674558639526,716.0,727.0,0.6659111380577087,0.01,0.24895481765270233,0.6252702474594116,0.6235111355781555,0.6270833611488342,0.6213541626930237,1193.0,1204.0,0.5,0.5326822400093079,0.5,240.0,240.0,1.067874789237976,0.0,0.5,0.5,0.5,0.5,240.0,240.0
3,0.6229166388511658,0.6611339449882507,0.6173765063285828,744.0,710.0,0.6537372469902039,0.01,0.24324126541614532,0.6201802492141724,0.6235418915748596,0.612500011920929,0.6302083134651184,1210.0,1176.0,0.5,0.591430127620697,0.5,240.0,240.0,1.5949593782424927,0.0,0.5,0.5,0.5,0.5,240.0,240.0
4,0.6302083134651184,0.6797977685928345,0.6308991312980652,708.0,709.0,0.6498348116874695,0.0009999999,0.2622106373310089,0.6312167048454285,0.6309214234352112,0.6312500238418579,0.6307291388511658,1211.0,1212.0,0.5,0.600987434387207,0.5,240.0,240.0,0.7550095319747925,0.0,0.5,0.5,0.5,0.5,240.0,240.0
5,0.6734374761581421,0.7218825221061707,0.6674140095710754,633.0,649.0,0.614384651184082,0.0009999999,0.33268600702285767,0.6677277684211731,0.6647727489471436,0.6703125238418579,0.6619791388511658,1271.0,1287.0,0.5,0.6078993082046509,0.5,240.0,240.0,1.3757463693618774,0.0,0.5,0.5,0.5,0.5,240.0,240.0
