epoch,accuracy,auc,f1_score,fn,fp,loss,lr,mcc,npv,precision,recall,specificity,tn,tp,val_accuracy,val_auc,val_f1_score,val_fn,val_fp,val_loss,val_mcc,val_npv,val_precision,val_recall,val_specificity,val_tn,val_tp
0,0.5682291388511658,0.5519183874130249,0.5542669892311096,1102.0,1074.0,0.7476776242256165,0.01,0.11743342131376266,0.5576783418655396,0.5472175478935242,0.5408333539962769,0.565625011920929,1326.0,1298.0,0.5,0.5,0.5,240.0,240.0,374.0112609863281,0.0,0.5,0.5,0.5,0.5,240.0,240.0
1,0.6109374761581421,0.6337675452232361,0.6112234592437744,732.0,776.0,0.6772230863571167,0.01,0.21551726758480072,0.6104837656021118,0.6048879623413086,0.6187499761581421,0.5958333611488342,1144.0,1188.0,0.5,0.5177430510520935,0.5,240.0,240.0,3.184875726699829,0.0,0.5,0.5,0.5,0.5,240.0,240.0
2,0.6276041865348816,0.6638706922531128,0.6187158823013306,733.0,731.0,0.6537935733795166,0.01,0.2380334883928299,0.6179803013801575,0.6188738346099854,0.6182291507720947,0.6192708611488342,1189.0,1187.0,0.5,0.5120095014572144,0.5,240.0,240.0,1.467518925666809,0.0,0.5,0.5,0.5,0.5,240.0,240.0
3,0.6416666507720947,0.6837387084960938,0.6350257396697998,703.0,695.0,0.644287645816803,0.01,0.2723982036113739,0.6355367302894592,0.6365062594413757,0.6338541507720947,0.6380208134651184,1225.0,1217.0,0.5,0.5004058480262756,0.5,240.0,240.0,1.9813129901885986,0.0,0.5,0.5,0.5,0.5,240.0,240.0
4,0.6156250238418579,0.6546168923377991,0.6202729940414429,718.0,751.0,0.6587908864021301,0.0009999999,0.23538532853126526,0.6200599074363708,0.615463376045227,0.6260416507720947,0.6088541746139526,1169.0,1202.0,0.5,0.5464084148406982,0.49897435307502747,240.0,241.0,0.7853726744651794,-0.0020517667289823294,0.5,0.4989604949951172,0.5,0.49791666865348816,239.0,240.0
5,0.6385416388511658,0.6925373673439026,0.6423571705818176,684.0,689.0,0.6356188654899597,0.0009999999,0.2854202389717102,0.643776535987854,0.6420779228210449,0.643750011920929,0.6411458253860474,1231.0,1236.0,0.5,0.5485894680023193,0.5,240.0,240.0,0.9719635844230652,0.0,0.5,0.5,0.5,0.5,240.0,240.0
