epoch,accuracy,auc,f1_score,fn,fp,loss,lr,mcc,npv,precision,recall,specificity,tn,tp,val_accuracy,val_auc,val_f1_score,val_fn,val_fp,val_loss,val_mcc,val_npv,val_precision,val_recall,val_specificity,val_tn,val_tp
0,0.5567708611488342,0.5545618534088135,0.5595008134841919,1073.0,1109.0,0.754276692867279,0.01,0.11388223618268967,0.5591288208961487,0.5447455048561096,0.5529166460037231,0.5473958253860474,1291.0,1327.0,0.5,0.5,0.6666666269302368,0.0,480.0,1397859.125,0.0,0.0,0.5,1.0,0.0,0.0,480.0
1,0.5989583134651184,0.6341400742530823,0.5995616912841797,766.0,774.0,0.6808685660362244,0.01,0.19863949716091156,0.599102795124054,0.5985476970672607,0.6010416746139526,0.596875011920929,1146.0,1154.0,0.5,0.5,0.5,240.0,240.0,2703.72998046875,0.0,0.5,0.5,0.5,0.5,240.0,240.0
2,0.6307291388511658,0.655332624912262,0.6268853545188904,708.0,732.0,0.6711789965629578,0.01,0.2504170835018158,0.6271315813064575,0.6234567761421204,0.6312500238418579,0.6187499761581421,1188.0,1212.0,0.5,0.5,0.5,240.0,240.0,215.87274169921875,0.0,0.5,0.5,0.5,0.5,240.0,240.0
3,0.6255208253860474,0.6736055612564087,0.6264397501945496,722.0,707.0,0.6579167246818542,0.01,0.25618693232536316,0.6266128420829773,0.6288713812828064,0.6239583492279053,0.6317708492279053,1213.0,1198.0,0.5,0.4551801383495331,0.6633719205856323,4.0,479.0,5.909937381744385,-0.020372897386550903,0.06666665524244308,0.4984293282032013,0.9916666746139526,0.0020833334419876337,1.0,476.0
4,0.6619791388511658,0.7206220626831055,0.6611196398735046,650.0,653.0,0.6267606616020203,0.0009999999,0.3216049373149872,0.6605252027511597,0.6604264378547668,0.6614583134651184,0.6598958373069763,1267.0,1270.0,0.5,0.510937511920929,0.5,240.0,240.0,3.793710470199585,0.0,0.5,0.5,0.5,0.5,240.0,240.0
5,0.6869791746139526,0.739779531955719,0.6848223209381104,605.0,606.0,0.6033146977424622,0.0009999999,0.3696429431438446,0.6845185160636902,0.6845393180847168,0.6848958134651184,0.684374988079071,1314.0,1315.0,0.5,0.6409483551979065,0.5,240.0,240.0,1.726106882095337,0.0,0.5,0.5,0.5,0.5,240.0,240.0
