epoch,accuracy,auc,f1_score,fn,fp,loss,lr,mcc,npv,precision,recall,specificity,tn,tp,val_accuracy,val_auc,val_f1_score,val_fn,val_fp,val_loss,val_mcc,val_npv,val_precision,val_recall,val_specificity,val_tn,val_tp
0,0.59375,0.6058247089385986,0.5807245969772339,1036.0,1019.0,0.7189632058143616,0.01,0.16518688201904297,0.5806004405021667,0.5723877549171448,0.5683333277702332,0.5864583253860474,1381.0,1364.0,0.5,0.5,0.5,240.0,240.0,229.9158477783203,0.0,0.5,0.5,0.5,0.5,240.0,240.0
1,0.6421874761581421,0.687590479850769,0.6346523761749268,694.0,715.0,0.6401888132095337,0.01,0.26661765575408936,0.6349874138832092,0.6316331624984741,0.6385416388511658,0.6276041865348816,1205.0,1226.0,0.5,0.5062500238418579,0.5,240.0,240.0,2.9392802715301514,0.0,0.5,0.5,0.5,0.5,240.0,240.0
2,0.6499999761581421,0.7054691314697266,0.6484047174453735,672.0,679.0,0.622842013835907,0.01,0.2969604730606079,0.6497188806533813,0.6476387977600098,0.6499999761581421,0.6463541388511658,1241.0,1248.0,0.5,0.5700151920318604,0.5,240.0,240.0,1.3142979145050049,0.0,0.5,0.5,0.5,0.5,240.0,240.0
3,0.6875,0.746615469455719,0.6806250214576721,611.0,617.0,0.5913535952568054,0.01,0.3606160283088684,0.6809318661689758,0.679646909236908,0.6817708611488342,0.6786458492279053,1303.0,1309.0,0.5,0.5733897686004639,0.5,240.0,240.0,1.948264479637146,0.0,0.5,0.5,0.5,0.5,240.0,240.0
4,0.6937500238418579,0.7630624771118164,0.6981767416000366,576.0,585.0,0.5766651034355164,0.0009999999,0.39557817578315735,0.6990262866020203,0.6967340707778931,0.699999988079071,0.6953125,1335.0,1344.0,0.5,0.5982747077941895,0.5,240.0,240.0,1.0570589303970337,0.0,0.5,0.5,0.5,0.5,240.0,240.0
5,0.7130208611488342,0.7916309833526611,0.7123391032218933,552.0,553.0,0.5469777584075928,0.0009999999,0.4247191250324249,0.71237713098526,0.7121291160583496,0.7124999761581421,0.7119791507720947,1367.0,1368.0,0.5,0.5961393117904663,0.5041025280952454,237.0,242.0,0.7290571928024292,0.0020517983939498663,0.5,0.5010309219360352,0.5062500238418579,0.4958333373069763,238.0,243.0
