epoch,accuracy,auc,f1_score,fn,fp,loss,lr,mcc,npv,precision,recall,specificity,tn,tp,val_accuracy,val_auc,val_f1_score,val_fn,val_fp,val_loss,val_mcc,val_npv,val_precision,val_recall,val_specificity,val_tn,val_tp
0,0.5874999761581421,0.5979488492012024,0.5838000774383545,1025.0,1064.0,0.728358805179596,0.01,0.16199831664562225,0.5824365019798279,0.5637556314468384,0.5729166865348816,0.5718749761581421,1336.0,1375.0,0.5,0.4758138060569763,0.5803061723709106,113.0,408.0,2.6067581176757812,-0.07653110474348068,0.4791666567325592,0.47354838252067566,0.7645833492279053,0.15000000596046448,72.0,367.0
1,0.6421874761581421,0.6814178824424744,0.6279774904251099,722.0,697.0,0.6425613164901733,0.01,0.26148200035095215,0.6286643147468567,0.6321899890899658,0.6239583492279053,0.6369791626930237,1223.0,1198.0,0.5,0.5,0.5,240.0,240.0,3.9946532249450684,0.0,0.5,0.5,0.5,0.5,240.0,240.0
2,0.6578124761581421,0.7111203074455261,0.6541046500205994,665.0,660.0,0.6220470666885376,0.01,0.31035181879997253,0.6553606390953064,0.6553524732589722,0.6536458134651184,0.65625,1260.0,1255.0,0.5,0.5041666626930237,0.5,240.0,240.0,3.006434679031372,0.0,0.5,0.5,0.5,0.5,240.0,240.0
3,0.6848958134651184,0.7512441873550415,0.6829971075057983,615.0,596.0,0.5924462676048279,0.01,0.3695235252380371,0.6829992532730103,0.6864808201789856,0.6796875,0.6895833611488342,1324.0,1305.0,0.5,0.5476280450820923,0.5,240.0,240.0,1.410290002822876,0.0,0.5,0.5,0.5,0.5,240.0,240.0
4,0.7020833492279053,0.7654643654823303,0.7013879418373108,575.0,569.0,0.5780749917030334,0.0009999999,0.40453946590423584,0.7019893527030945,0.7027168273925781,0.7005208134651184,0.7036458253860474,1351.0,1345.0,0.5,0.5793706178665161,0.5,240.0,240.0,2.0804038047790527,0.0,0.5,0.5,0.5,0.5,240.0,240.0
5,0.7333333492279053,0.8014197945594788,0.7343838810920715,507.0,515.0,0.5467315316200256,0.0009999999,0.46796995401382446,0.7349985837936401,0.7328838109970093,0.7359374761581421,0.7317708134651184,1405.0,1413.0,0.5,0.5898828506469727,0.5,240.0,240.0,1.9854553937911987,0.0,0.5,0.5,0.5,0.5,240.0,240.0
