epoch,accuracy,auc,f1_score,fn,fp,loss,lr,mcc,npv,precision,recall,specificity,tn,tp,val_accuracy,val_auc,val_f1_score,val_fn,val_fp,val_loss,val_mcc,val_npv,val_precision,val_recall,val_specificity,val_tn,val_tp
0,0.606249988079071,0.6107638478279114,0.5869991779327393,986.0,990.0,0.727658212184906,0.01,0.17464694380760193,0.5870961546897888,0.5881863832473755,0.5891666412353516,0.5854166746139526,1410.0,1414.0,0.5,0.5,0.5,240.0,240.0,221.71530151367188,0.0,0.5,0.5,0.5,0.5,240.0,240.0
1,0.6234375238418579,0.6578209400177002,0.6132966876029968,743.0,737.0,0.6619250178337097,0.01,0.2297903597354889,0.6151784062385559,0.6149425506591797,0.6130208373069763,0.6161458492279053,1183.0,1177.0,0.5,0.46579861640930176,0.5,240.0,240.0,1.2532172203063965,0.0,0.5,0.5,0.5,0.5,240.0,240.0
2,0.6432291865348816,0.6958391666412354,0.6407075524330139,692.0,680.0,0.6368578672409058,0.01,0.28589197993278503,0.6434992551803589,0.6436058878898621,0.6395833492279053,0.6458333134651184,1240.0,1228.0,0.49791666865348816,0.5443229079246521,0.6301697492599487,113.0,330.0,0.746979296207428,0.06210264191031456,0.5047618746757507,0.5265423059463501,0.7645833492279053,0.3125,150.0,367.0
3,0.6848958134651184,0.7388306260108948,0.6885526776313782,594.0,604.0,0.6046804189682007,0.01,0.3762679696083069,0.6895655393600464,0.6870466470718384,0.690625011920929,0.6854166388511658,1316.0,1326.0,0.5,0.5772374272346497,0.5,240.0,240.0,0.7970550656318665,0.0,0.5,0.5,0.5,0.5,240.0,240.0
4,0.6499999761581421,0.7076554894447327,0.6494256854057312,672.0,674.0,0.6269339323043823,0.0009999999,0.2992919683456421,0.6500341296195984,0.6493236422538757,0.6499999761581421,0.6489583253860474,1246.0,1248.0,0.5,0.5846571326255798,0.5,240.0,240.0,1.0443270206451416,0.0,0.5,0.5,0.5,0.5,240.0,240.0
5,0.676562488079071,0.7406838536262512,0.6757181882858276,623.0,623.0,0.5997867584228516,0.0009999999,0.35142460465431213,0.6751521229743958,0.6755208373069763,0.6755208373069763,0.6755208373069763,1297.0,1297.0,0.5,0.6020442247390747,0.5,240.0,240.0,0.9816201329231262,0.0,0.5,0.5,0.5,0.5,240.0,240.0
