epoch,accuracy,auc,f1_score,fn,fp,loss,lr,mcc,npv,precision,recall,specificity,tn,tp,val_accuracy,val_auc,val_f1_score,val_fn,val_fp,val_loss,val_mcc,val_npv,val_precision,val_recall,val_specificity,val_tn,val_tp
0,0.5744791626930237,0.5575761198997498,0.5559613704681396,1090.0,1092.0,0.7474378943443298,0.01,0.11374177783727646,0.5573598742485046,0.5453788638114929,0.5458333492279053,0.5562499761581421,1308.0,1310.0,0.5,0.5,0.5,240.0,240.0,64.55416870117188,0.0,0.5,0.5,0.5,0.5,240.0,240.0
1,0.6072916388511658,0.6398968696594238,0.600852370262146,767.0,766.0,0.673302412033081,0.01,0.20202866196632385,0.600092351436615,0.6008337736129761,0.6005208492279053,0.6010416746139526,1154.0,1153.0,0.5,0.5,0.5,240.0,240.0,8.983278274536133,0.0,0.5,0.5,0.5,0.5,240.0,240.0
2,0.6583333611488342,0.6955105066299438,0.6508054137229919,663.0,685.0,0.6376109719276428,0.01,0.29847562313079834,0.6510162353515625,0.6472708582878113,0.6546875238418579,0.6432291865348816,1235.0,1257.0,0.5,0.5,0.5,240.0,240.0,10.242321968078613,0.0,0.5,0.5,0.5,0.5,240.0,240.0
3,0.6468750238418579,0.7129952311515808,0.6499815583229065,674.0,668.0,0.6216670870780945,0.01,0.301453560590744,0.6500294208526611,0.6509926915168762,0.6489583253860474,0.6520833373069763,1252.0,1246.0,0.5,0.5,0.5,240.0,240.0,4.7266645431518555,0.0,0.5,0.5,0.5,0.5,240.0,240.0
4,0.692187488079071,0.7361629009246826,0.6868308782577515,601.0,599.0,0.6074783802032471,0.0009999999,0.3755887448787689,0.688482403755188,0.6876955032348633,0.6869791746139526,0.6880208253860474,1321.0,1319.0,0.5,0.5249630808830261,0.5,240.0,240.0,2.9346635341644287,0.0,0.5,0.5,0.5,0.5,240.0,240.0
5,0.6927083134651184,0.7551877498626709,0.6929901242256165,588.0,590.0,0.5852584838867188,0.0009999999,0.38675737380981445,0.6943023800849915,0.6930280923843384,0.6937500238418579,0.6927083134651184,1330.0,1332.0,0.5,0.5792751908302307,0.5,240.0,240.0,1.6402990818023682,0.0,0.5,0.5,0.5,0.5,240.0,240.0
