epoch,accuracy,auc,f1_score,fn,fp,loss,lr,mcc,npv,precision,recall,specificity,tn,tp,val_accuracy,val_auc,val_f1_score,val_fn,val_fp,val_loss,val_mcc,val_npv,val_precision,val_recall,val_specificity,val_tn,val_tp
0,0.5062500238418579,0.5048853158950806,0.5045295357704163,1180.0,1209.0,0.7401705980300903,0.01,0.005668176803737879,0.50315260887146,0.5022643208503723,0.5083333253860474,0.49531251192092896,1191.0,1220.0,0.5,0.5,0.5,240.0,240.0,35.030147552490234,0.0,0.5,0.5,0.5,0.5,240.0,240.0
1,0.5848958492279053,0.6053303480148315,0.5709198713302612,819.0,830.0,0.688211977481842,0.01,0.14188888669013977,0.5719634294509888,0.5701708793640137,0.573437511920929,0.5677083134651184,1090.0,1101.0,0.5,0.542567253112793,0.5,240.0,240.0,3.5031397342681885,0.0,0.5,0.5,0.5,0.5,240.0,240.0
2,0.6328125,0.6743263006210327,0.6254681944847107,716.0,723.0,0.6477959752082825,0.01,0.2507103383541107,0.6264204382896423,0.6248053908348083,0.6270833611488342,0.6234375238418579,1197.0,1204.0,0.5,0.5468034148216248,0.5,240.0,240.0,2.340764045715332,0.0,0.5,0.5,0.5,0.5,240.0,240.0
3,0.640625,0.6917625665664673,0.6394640207290649,694.0,686.0,0.6386920213699341,0.01,0.2814067006111145,0.640761137008667,0.6412134170532227,0.6385416388511658,0.6427083611488342,1234.0,1226.0,0.5,0.5526388883590698,0.5,240.0,240.0,3.260509490966797,0.0,0.5,0.5,0.5,0.5,240.0,240.0
4,0.6614583134651184,0.7192614674568176,0.662527322769165,647.0,650.0,0.6233429312705994,0.0009999999,0.3244987428188324,0.6624301671981812,0.6619864702224731,0.6630208492279053,0.6614583134651184,1270.0,1273.0,0.5,0.5109744071960449,0.5,240.0,240.0,4.199702739715576,0.0,0.5,0.5,0.5,0.5,240.0,240.0
5,0.6744791865348816,0.7443026304244995,0.6744361519813538,625.0,625.0,0.5906097292900085,0.0009999999,0.3489980101585388,0.6745677590370178,0.6744791865348816,0.6744791865348816,0.6744791865348816,1295.0,1295.0,0.5,0.5,0.5,240.0,240.0,5.236578941345215,0.0,0.5,0.5,0.5,0.5,240.0,240.0
