epoch,accuracy,auc,f1_score,fn,fp,loss,lr,mcc,npv,precision,recall,specificity,tn,tp,val_accuracy,val_auc,val_f1_score,val_fn,val_fp,val_loss,val_mcc,val_npv,val_precision,val_recall,val_specificity,val_tn,val_tp
0,0.581250011920929,0.6305820941925049,0.5712764859199524,989.0,964.0,0.6970536112785339,0.01,0.14898230135440826,0.5720287561416626,0.5941052436828613,0.5879166722297668,0.5807291865348816,1436.0,1411.0,0.5,0.5,0.5,240.0,240.0,10.186925888061523,0.0,0.5,0.5,0.5,0.5,240.0,240.0
1,0.6427083611488342,0.677813708782196,0.6273238062858582,720.0,704.0,0.6494889855384827,0.01,0.25881320238113403,0.628643274307251,0.6302521228790283,0.625,0.6333333253860474,1216.0,1200.0,0.5,0.5,0.5,240.0,240.0,6.128317356109619,0.0,0.5,0.5,0.5,0.5,240.0,240.0
2,0.6484375,0.7018048167228699,0.6462845206260681,675.0,690.0,0.6339771151542664,0.01,0.28928130865097046,0.6445569396018982,0.643410861492157,0.6484375,0.640625,1230.0,1245.0,0.5,0.5283854007720947,0.5,240.0,240.0,3.3093950748443604,0.0,0.5,0.5,0.5,0.5,240.0,240.0
3,0.671875,0.7278980016708374,0.6683651208877563,638.0,634.0,0.6097613573074341,0.01,0.33765605092048645,0.668461799621582,0.6691023111343384,0.6677083373069763,0.6697916388511658,1286.0,1282.0,0.5,0.5,0.5,240.0,240.0,17.881542205810547,0.0,0.5,0.5,0.5,0.5,240.0,240.0
4,0.684374988079071,0.7525252103805542,0.6829116940498352,610.0,606.0,0.5948448777198792,0.0009999999,0.3666895627975464,0.6831282377243042,0.6837160587310791,0.6822916865348816,0.684374988079071,1314.0,1310.0,0.5,0.5,0.5,240.0,240.0,13.506467819213867,0.0,0.5,0.5,0.5,0.5,240.0,240.0
5,0.707812488079071,0.7752828001976013,0.7066769003868103,566.0,557.0,0.5657609701156616,0.0009999999,0.4151962399482727,0.7069661021232605,0.7085295915603638,0.7052083611488342,0.7098958492279053,1363.0,1354.0,0.5,0.5,0.5,240.0,240.0,9.822281837463379,0.0,0.5,0.5,0.5,0.5,240.0,240.0
