epoch,accuracy,auc,f1_score,fn,fp,loss,lr,mcc,npv,precision,recall,specificity,tn,tp,val_accuracy,val_auc,val_f1_score,val_fn,val_fp,val_loss,val_mcc,val_npv,val_precision,val_recall,val_specificity,val_tn,val_tp
0,0.5614583492279053,0.559870183467865,0.5632085800170898,1073.0,1085.0,0.7091113924980164,0.01,0.12640810012817383,0.5637440085411072,0.5501658320426941,0.5529166460037231,0.5598958134651184,1315.0,1327.0,0.5,0.5,0.5,240.0,240.0,8.314640998840332,0.0,0.5,0.5,0.5,0.5,240.0,240.0
1,0.6427083611488342,0.6753154397010803,0.624259352684021,729.0,702.0,0.6585274934768677,0.01,0.2550870478153229,0.6261628270149231,0.6291600465774536,0.620312511920929,0.6343749761581421,1218.0,1191.0,0.6000000238418579,0.6774435043334961,0.20879599452018738,408.0,12.0,0.7538343667984009,0.13570652902126312,0.5429223775863647,0.8571428656578064,0.15000000596046448,0.9750000238418579,468.0,72.0
2,0.6479166746139526,0.6939334869384766,0.6460126638412476,678.0,680.0,0.6383494734764099,0.01,0.2929241955280304,0.6473726034164429,0.6462018489837646,0.6468750238418579,0.6458333134651184,1240.0,1242.0,0.5,0.5391232967376709,0.5,240.0,240.0,3.2036595344543457,0.0,0.5,0.5,0.5,0.5,240.0,240.0
3,0.6567708253860474,0.7105115056037903,0.6525865793228149,663.0,675.0,0.6262490153312683,0.01,0.303341269493103,0.6525335311889648,0.6506211161613464,0.6546875238418579,0.6484375,1245.0,1257.0,0.5,0.5539996027946472,0.5,240.0,228.0,2.4574639797210693,0.02288978174328804,0.5206947326660156,0.5128205418586731,0.5,0.5249999761581421,252.0,240.0
4,0.6869791746139526,0.7481092214584351,0.6838988661766052,610.0,600.0,0.5939590334892273,0.01,0.3698420524597168,0.6842778921127319,0.6858638525009155,0.6822916865348816,0.6875,1320.0,1310.0,0.5,0.5,0.5,240.0,240.0,6.597170352935791,0.0,0.5,0.5,0.5,0.5,240.0,240.0
5,0.7098958492279053,0.7654628753662109,0.7088392972946167,559.0,559.0,0.576410710811615,0.0009999999,0.41776275634765625,0.7089086771011353,0.7088541388511658,0.7088541388511658,0.7088541388511658,1361.0,1361.0,0.5,0.5266276001930237,0.5,240.0,240.0,3.082623243331909,0.0,0.5,0.5,0.5,0.5,240.0,240.0
6,0.729687511920929,0.8077908158302307,0.7295235991477966,520.0,518.0,0.5303472876548767,0.0009999999,0.45940348505973816,0.7295042872428894,0.7299270033836365,0.7291666865348816,0.7302083373069763,1402.0,1400.0,0.5,0.6287565231323242,0.5,240.0,240.0,1.7079906463623047,0.0,0.5,0.5,0.5,0.5,240.0,240.0
