epoch,accuracy,auc,f1_score,fn,fp,loss,lr,mcc,npv,precision,recall,specificity,tn,tp,val_accuracy,val_auc,val_f1_score,val_fn,val_fp,val_loss,val_mcc,val_npv,val_precision,val_recall,val_specificity,val_tn,val_tp
0,0.551562488079071,0.5452120900154114,0.5392610430717468,1118.0,1129.0,0.7203699350357056,0.01,0.08016256242990494,0.5419909358024597,0.5317295789718628,0.534166693687439,0.5369791388511658,1271.0,1282.0,0.5,0.5,0.5,240.0,240.0,23.423368453979492,0.0,0.5,0.5,0.5,0.5,240.0,240.0
1,0.6265624761581421,0.6473991870880127,0.6130319237709045,741.0,745.0,0.6731159687042236,0.01,0.22624094784259796,0.6137155294418335,0.6127858757972717,0.614062488079071,0.6119791865348816,1175.0,1179.0,0.5,0.5553081035614014,0.0,480.0,0.0,4.482315540313721,0.0,0.5,0.0,0.0,1.0,480.0,0.0
2,0.6244791746139526,0.6640211343765259,0.6184287667274475,730.0,738.0,0.652213454246521,0.01,0.23555083572864532,0.6181856393814087,0.6172199249267578,0.6197916865348816,0.6156250238418579,1182.0,1190.0,0.5,0.5632616877555847,0.21066133677959442,416.0,17.0,2.140852212905884,0.12257052958011627,0.5290090441703796,0.790123462677002,0.13333334028720856,0.9645833373069763,463.0,64.0
3,0.6192708611488342,0.6758362054824829,0.6177130341529846,734.0,735.0,0.6496511101722717,0.01,0.23505529761314392,0.6168674826622009,0.6173867583274841,0.6177083253860474,0.6171875,1185.0,1186.0,0.5,0.5,0.5,240.0,240.0,13432.716796875,0.0,0.5,0.5,0.5,0.5,240.0,240.0
4,0.6151041388511658,0.6489085555076599,0.6076158881187439,759.0,743.0,0.6703417897224426,0.0009999999,0.21798007190227509,0.6069843769073486,0.6097689270973206,0.604687511920929,0.6130208373069763,1177.0,1161.0,0.5,0.5485395193099976,0.5,240.0,240.0,2.8900949954986572,0.0,0.5,0.5,0.5,0.5,240.0,240.0
5,0.6291666626930237,0.6666982769966125,0.624468207359314,727.0,705.0,0.6511294841766357,0.0009999999,0.2543128430843353,0.626331627368927,0.6285563707351685,0.6213541626930237,0.6328125,1215.0,1193.0,0.5,0.5608029365539551,0.5,240.0,240.0,2.218189001083374,0.0,0.5,0.5,0.5,0.5,240.0,240.0
