epoch,accuracy,auc,f1_score,fn,fp,loss,lr,mcc,npv,precision,recall,specificity,tn,tp,val_accuracy,val_auc,val_f1_score,val_fn,val_fp,val_loss,val_mcc,val_npv,val_precision,val_recall,val_specificity,val_tn,val_tp
0,0.5661458373069763,0.5604333877563477,0.5528897643089294,1102.0,1075.0,0.7095777988433838,0.01,0.1160999983549118,0.5584644675254822,0.5469869375228882,0.5408333539962769,0.5651041865348816,1325.0,1298.0,0.5,0.5,0.5,240.0,240.0,13.123825073242188,0.0,0.5,0.5,0.5,0.5,240.0,240.0
1,0.6223958134651184,0.6512516140937805,0.6050787568092346,760.0,751.0,0.6657741069793701,0.01,0.21338872611522675,0.606553316116333,0.6070120334625244,0.6041666865348816,0.6088541746139526,1169.0,1160.0,0.5,0.5,0.5,240.0,240.0,7.075838565826416,0.0,0.5,0.5,0.5,0.5,240.0,240.0
2,0.6473958492279053,0.6953466534614563,0.6377544403076172,702.0,680.0,0.6330289244651794,0.01,0.28035768866539,0.6389968991279602,0.6417281627655029,0.6343749761581421,0.6458333134651184,1240.0,1218.0,0.5,0.5,0.5,240.0,240.0,7.417559623718262,0.0,0.5,0.5,0.5,0.5,240.0,240.0
3,0.6697916388511658,0.7221291065216064,0.669215738773346,633.0,639.0,0.6163683533668518,0.01,0.3375846743583679,0.6693754196166992,0.6682242751121521,0.6703125238418579,0.667187511920929,1281.0,1287.0,0.5,0.5,0.5,240.0,240.0,5.958311557769775,0.0,0.5,0.5,0.5,0.5,240.0,240.0
4,0.6640625,0.7156266570091248,0.6556001901626587,662.0,659.0,0.615571916103363,0.0009999999,0.312152236700058,0.6559468507766724,0.6562337279319763,0.6552083492279053,0.6567708253860474,1261.0,1258.0,0.5,0.5,0.5,240.0,240.0,4.40173864364624,0.0,0.5,0.5,0.5,0.5,240.0,240.0
5,0.6953125,0.7633391618728638,0.6957854628562927,585.0,582.0,0.5788153409957886,0.0009999999,0.39224931597709656,0.695935070514679,0.6964006423950195,0.6953125,0.6968749761581421,1338.0,1335.0,0.5,0.5,0.5,240.0,240.0,4.427940845489502,0.0,0.5,0.5,0.5,0.5,240.0,240.0
