epoch,accuracy,auc,f1_score,fn,fp,loss,lr,mcc,npv,precision,recall,specificity,tn,tp,val_accuracy,val_auc,val_f1_score,val_fn,val_fp,val_loss,val_mcc,val_npv,val_precision,val_recall,val_specificity,val_tn,val_tp
0,0.5901041626930237,0.570127010345459,0.5812290906906128,1042.0,1045.0,0.7026723623275757,0.01,0.16340897977352142,0.581894040107727,0.565126895904541,0.565833330154419,0.5807291865348816,1355.0,1358.0,0.5,0.5351366996765137,0.0,480.0,0.0,2.4311976432800293,0.0,0.5,0.0,0.0,1.0,480.0,0.0
1,0.6312500238418579,0.6572120785713196,0.6138505339622498,752.0,714.0,0.6599855422973633,0.01,0.23717278242111206,0.6165083050727844,0.6206163763999939,0.6083333492279053,0.628125011920929,1206.0,1168.0,0.5,0.539585530757904,0.5,240.0,240.0,1.9322227239608765,0.0,0.5,0.5,0.5,0.5,240.0,240.0
2,0.6447916626930237,0.6946297883987427,0.6396033763885498,691.0,693.0,0.6373573541641235,0.01,0.2793926000595093,0.6399732232093811,0.6394380927085876,0.6401041746139526,0.6390625238418579,1227.0,1229.0,0.5,0.5444726943969727,0.5,240.0,240.0,2.618793249130249,0.0,0.5,0.5,0.5,0.5,240.0,240.0
3,0.6755208373069763,0.7322570085525513,0.6706651449203491,632.0,630.0,0.6059855222702026,0.01,0.3429201543331146,0.6722031831741333,0.6715328693389893,0.6708333492279053,0.671875,1290.0,1288.0,0.5,0.5395529270172119,0.5,240.0,240.0,2.6257822513580322,0.0,0.5,0.5,0.5,0.5,240.0,240.0
4,0.675000011920929,0.7365854382514954,0.6729554533958435,627.0,629.0,0.6017525792121887,0.0009999999,0.345925509929657,0.6733492612838745,0.6727367043495178,0.6734374761581421,0.6723958253860474,1291.0,1293.0,0.5,0.5167751312255859,0.5,240.0,240.0,3.3948512077331543,0.0,0.5,0.5,0.5,0.5,240.0,240.0
5,0.7098958492279053,0.7683296203613281,0.709254801273346,555.0,564.0,0.5720688700675964,0.0009999999,0.41726768016815186,0.7096441388130188,0.7076205015182495,0.7109375,0.706250011920929,1356.0,1365.0,0.5,0.5697135329246521,0.5,240.0,240.0,1.9435696601867676,0.0,0.5,0.5,0.5,0.5,240.0,240.0
