epoch,accuracy,auc,f1_score,fn,fp,loss,lr,mcc,npv,precision,recall,specificity,tn,tp,val_accuracy,val_auc,val_f1_score,val_fn,val_fp,val_loss,val_mcc,val_npv,val_precision,val_recall,val_specificity,val_tn,val_tp
0,0.578125,0.5641766786575317,0.5575223565101624,1095.0,1057.0,0.7019021511077881,0.01,0.12714846432209015,0.5620205402374268,0.5524978637695312,0.543749988079071,0.5744791626930237,1343.0,1305.0,0.5,0.5,0.5,240.0,240.0,15.98967456817627,0.0,0.5,0.5,0.5,0.5,240.0,240.0
1,0.621874988079071,0.6435375213623047,0.6056711673736572,757.0,755.0,0.6713487505912781,0.01,0.21299880743026733,0.6065703630447388,0.6063607931137085,0.6057291626930237,0.6067708134651184,1165.0,1163.0,0.5,0.5,0.5,240.0,240.0,5.278799057006836,0.0,0.5,0.5,0.5,0.5,240.0,240.0
2,0.6468750238418579,0.6758456826210022,0.6445388197898865,677.0,694.0,0.6524200439453125,0.01,0.28611844778060913,0.6442050933837891,0.6417139768600464,0.6473958492279053,0.6385416388511658,1226.0,1243.0,0.5,0.5,0.5,240.0,240.0,6.263813495635986,0.0,0.5,0.5,0.5,0.5,240.0,240.0
3,0.6494791507720947,0.7102962136268616,0.6500422358512878,670.0,676.0,0.6233653426170349,0.01,0.29902902245521545,0.6498755812644958,0.6490135192871094,0.6510416865348816,0.6479166746139526,1244.0,1250.0,0.5,0.5246809720993042,0.5,240.0,240.0,3.575881242752075,0.0,0.5,0.5,0.5,0.5,240.0,240.0
4,0.6536458134651184,0.6953166723251343,0.6511090993881226,677.0,655.0,0.6351577043533325,0.0009999999,0.30643102526664734,0.6514096856117249,0.6548998951911926,0.6473958492279053,0.6588541865348816,1265.0,1243.0,0.5,0.5,0.5,240.0,240.0,4.516849040985107,0.0,0.5,0.5,0.5,0.5,240.0,240.0
5,0.6619791388511658,0.7144685983657837,0.6621188521385193,650.0,646.0,0.6138986349105835,0.0009999999,0.32505500316619873,0.6622133851051331,0.6628392338752747,0.6614583134651184,0.6635416746139526,1274.0,1270.0,0.5,0.5015624761581421,0.5,240.0,240.0,3.858731508255005,0.0,0.5,0.5,0.5,0.5,240.0,240.0
