epoch,accuracy,auc,f1_score,fn,fp,loss,lr,mcc,npv,precision,recall,specificity,tn,tp,val_accuracy,val_auc,val_f1_score,val_fn,val_fp,val_loss,val_mcc,val_npv,val_precision,val_recall,val_specificity,val_tn,val_tp
0,0.5765625238418579,0.5621482729911804,0.5562560558319092,1092.0,1084.0,0.7102314233779907,0.01,0.11690729111433029,0.5584049224853516,0.546822726726532,0.5450000166893005,0.5604166388511658,1316.0,1308.0,0.5,0.5,0.5,240.0,240.0,33.38337326049805,0.0,0.5,0.5,0.5,0.5,240.0,240.0
1,0.6130208373069763,0.6454184651374817,0.6082049608230591,750.0,754.0,0.6686438322067261,0.01,0.2170310914516449,0.6090272665023804,0.6081081032752991,0.609375,0.6072916388511658,1166.0,1170.0,0.5,0.5010524988174438,0.5,240.0,240.0,5.596061706542969,0.0,0.5,0.5,0.5,0.5,240.0,240.0
2,0.6385416388511658,0.6762915253639221,0.6254748106002808,723.0,711.0,0.6492197513580322,0.01,0.25343942642211914,0.6253904104232788,0.6273584961891174,0.6234375238418579,0.629687488079071,1209.0,1197.0,0.5,0.5026041269302368,0.5,240.0,240.0,4.607140064239502,0.0,0.5,0.5,0.5,0.5,240.0,240.0
3,0.6458333134651184,0.6953513026237488,0.6431583166122437,691.0,672.0,0.6318589448928833,0.01,0.290357768535614,0.6437974572181702,0.6465018391609192,0.6401041746139526,0.6499999761581421,1248.0,1229.0,0.5,0.5,0.5,240.0,240.0,6.42538595199585,0.0,0.5,0.5,0.5,0.5,240.0,240.0
4,0.676562488079071,0.7432695627212524,0.6770461201667786,618.0,624.0,0.5976819396018982,0.0009999999,0.3531550168991089,0.6771628260612488,0.6760124564170837,0.6781250238418579,0.675000011920929,1296.0,1302.0,0.5,0.5052083730697632,0.5,240.0,240.0,3.784736156463623,0.0,0.5,0.5,0.5,0.5,240.0,240.0
5,0.6880208253860474,0.7519910335540771,0.6884949207305908,594.0,605.0,0.5875065326690674,0.0009999999,0.3756326735019684,0.6891868710517883,0.6866908073425293,0.690625011920929,0.6848958134651184,1315.0,1326.0,0.5,0.5041666626930237,0.5,240.0,240.0,3.9305341243743896,0.0,0.5,0.5,0.5,0.5,240.0,240.0
