epoch,accuracy,auc,f1_score,fn,fp,loss,lr,mcc,npv,precision,recall,specificity,tn,tp,val_accuracy,val_auc,val_f1_score,val_fn,val_fp,val_loss,val_mcc,val_npv,val_precision,val_recall,val_specificity,val_tn,val_tp
0,0.5838541388511658,0.5593221187591553,0.5617017149925232,1080.0,1079.0,0.7143259644508362,0.01,0.12666098773479462,0.5631422400474548,0.5502292513847351,0.550000011920929,0.5630208253860474,1321.0,1320.0,0.5,0.5,0.5,240.0,240.0,29.087472915649414,0.0,0.5,0.5,0.5,0.5,240.0,240.0
1,0.6171875,0.6484637260437012,0.6117641925811768,734.0,769.0,0.6672645807266235,0.01,0.21762943267822266,0.6110712289810181,0.60664963722229,0.6177083253860474,0.5994791388511658,1151.0,1186.0,0.5,0.5,0.5,240.0,240.0,8.514487266540527,0.0,0.5,0.5,0.5,0.5,240.0,240.0
2,0.6421874761581421,0.6819875836372375,0.6339339017868042,707.0,690.0,0.6434072256088257,0.01,0.2725664973258972,0.6360642910003662,0.6374146342277527,0.6317708492279053,0.640625,1230.0,1213.0,0.5,0.5,0.5,240.0,240.0,5.1785478591918945,0.0,0.5,0.5,0.5,0.5,240.0,240.0
3,0.6635416746139526,0.7099308371543884,0.6641594171524048,651.0,633.0,0.6272963285446167,0.01,0.33143895864486694,0.6638433337211609,0.6671923995018005,0.660937488079071,0.6703125238418579,1287.0,1269.0,0.5,0.6198784708976746,0.5,240.0,240.0,1.062623143196106,0.0,0.5,0.5,0.5,0.5,240.0,240.0
4,0.6755208373069763,0.7364392280578613,0.6720372438430786,632.0,625.0,0.6036226749420166,0.0009999999,0.3455542027950287,0.6720008254051208,0.6732880473136902,0.6708333492279053,0.6744791865348816,1295.0,1288.0,0.5,0.6133940815925598,0.5,240.0,240.0,2.4055941104888916,0.0,0.5,0.5,0.5,0.5,240.0,240.0
5,0.7010416388511658,0.7714307904243469,0.700819730758667,576.0,571.0,0.5726022124290466,0.0009999999,0.4026370048522949,0.7009678483009338,0.7018277049064636,0.699999988079071,0.7026041746139526,1349.0,1344.0,0.5,0.6098806858062744,0.5,240.0,240.0,1.52741539478302,0.0,0.5,0.5,0.5,0.5,240.0,240.0
