epoch,accuracy,auc,f1_score,fn,fp,loss,lr,mcc,npv,precision,recall,specificity,tn,tp,val_accuracy,val_auc,val_f1_score,val_fn,val_fp,val_loss,val_mcc,val_npv,val_precision,val_recall,val_specificity,val_tn,val_tp
0,0.606249988079071,0.5800508856773376,0.5980215668678284,1004.0,1024.0,0.6882018446922302,0.01,0.19424991309642792,0.5988225936889648,0.5768595337867737,0.5816666483879089,0.5916666388511658,1376.0,1396.0,0.5,0.5,0.5,240.0,240.0,44.85749435424805,0.0,0.5,0.5,0.5,0.5,240.0,240.0
1,0.643750011920929,0.6892930269241333,0.6345584392547607,705.0,694.0,0.6429397463798523,0.01,0.27173563838005066,0.6349276900291443,0.6364588737487793,0.6328125,0.6385416388511658,1226.0,1215.0,0.5,0.5,0.5,240.0,240.0,10.402762413024902,0.0,0.5,0.5,0.5,0.5,240.0,240.0
2,0.6833333373069763,0.7383419871330261,0.6805902719497681,612.0,615.0,0.6058710217475891,0.01,0.3611161410808563,0.681056797504425,0.6801872253417969,0.6812499761581421,0.6796875,1305.0,1308.0,0.5,0.5494227409362793,0.5,240.0,240.0,2.83298659324646,0.0,0.5,0.5,0.5,0.5,240.0,240.0
3,0.6927083134651184,0.7575990557670593,0.693447470664978,592.0,581.0,0.5859009623527527,0.01,0.3892146944999695,0.693858802318573,0.695652186870575,0.6916666626930237,0.6973958611488342,1339.0,1328.0,0.5,0.5726128220558167,0.5025641322135925,238.0,241.0,1.4469571113586426,0.0020843506790697575,0.501075267791748,0.501035213470459,0.5041666626930237,0.49791666865348816,239.0,242.0
4,0.7572916746139526,0.8275713324546814,0.7577553391456604,466.0,464.0,0.5113738775253296,0.0009999999,0.5156570672988892,0.7574209570884705,0.758081316947937,0.7572916746139526,0.7583333253860474,1456.0,1454.0,0.5,0.5005164742469788,0.5,240.0,240.0,4.090937614440918,0.0,0.5,0.5,0.5,0.5,240.0,240.0
5,0.7708333134651184,0.8514702916145325,0.7716871500015259,438.0,439.0,0.477525532245636,0.0009999999,0.5432507991790771,0.7717421054840088,0.7714731693267822,0.7718750238418579,0.7713541388511658,1481.0,1482.0,0.5,0.5864193439483643,0.5,240.0,240.0,2.1873435974121094,0.0,0.5,0.5,0.5,0.5,240.0,240.0
