epoch,accuracy,auc,f1_score,fn,fp,loss,lr,mcc,npv,precision,recall,specificity,tn,tp,val_accuracy,val_auc,val_f1_score,val_fn,val_fp,val_loss,val_mcc,val_npv,val_precision,val_recall,val_specificity,val_tn,val_tp
0,0.5682291388511658,0.6134134531021118,0.570638120174408,992.0,1041.0,0.7011322379112244,0.01,0.13221211731433868,0.5686019062995911,0.5749285221099854,0.5866666436195374,0.5520833134651184,1359.0,1408.0,0.5,0.5,0.5,240.0,240.0,8.246661186218262,0.0,0.5,0.5,0.5,0.5,240.0,240.0
1,0.640625,0.6765396595001221,0.6251699924468994,732.0,686.0,0.6504047513008118,0.01,0.26191046833992004,0.6292715072631836,0.6339380741119385,0.6187499761581421,0.6427083611488342,1234.0,1188.0,0.5,0.5,0.5,240.0,240.0,5.610473155975342,0.0,0.5,0.5,0.5,0.5,240.0,240.0
2,0.6729166507720947,0.7124006152153015,0.6614749431610107,661.0,625.0,0.626326322555542,0.01,0.33059433102607727,0.662837564945221,0.6682590246200562,0.6557291746139526,0.6744791865348816,1295.0,1259.0,0.5,0.5,0.5,240.0,240.0,5.356882572174072,0.0,0.5,0.5,0.5,0.5,240.0,240.0
3,0.6677083373069763,0.7172203063964844,0.6616887450218201,654.0,641.0,0.6202895045280457,0.01,0.3257104754447937,0.6615318655967712,0.6638699769973755,0.659375011920929,0.6661458611488342,1279.0,1266.0,0.5,0.5057291388511658,0.5,240.0,240.0,3.727461814880371,0.0,0.5,0.5,0.5,0.5,240.0,240.0
4,0.7057291865348816,0.7709704041481018,0.703698992729187,569.0,569.0,0.5725436806678772,0.0009999999,0.4073757231235504,0.7035650014877319,0.7036458253860474,0.7036458253860474,0.7036458253860474,1351.0,1351.0,0.5,0.5263823866844177,0.5,240.0,240.0,3.461361885070801,0.0,0.5,0.5,0.5,0.5,240.0,240.0
5,0.7208333611488342,0.7981707453727722,0.720518171787262,534.0,540.0,0.5441187024116516,0.0009999999,0.4407304525375366,0.7215119004249573,0.7196261882781982,0.721875011920929,0.71875,1380.0,1386.0,0.5,0.5,0.5,240.0,240.0,4.269093990325928,0.0,0.5,0.5,0.5,0.5,240.0,240.0
