epoch,accuracy,auc,f1_score,fn,fp,loss,lr,mcc,npv,precision,recall,specificity,tn,tp,val_accuracy,val_auc,val_f1_score,val_fn,val_fp,val_loss,val_mcc,val_npv,val_precision,val_recall,val_specificity,val_tn,val_tp
0,0.542187511920929,0.5427033305168152,0.5313443541526794,1144.0,1113.0,0.7055049538612366,0.01,0.07492943108081818,0.5385711193084717,0.5301815271377563,0.5233333110809326,0.5453125238418579,1287.0,1256.0,0.5,0.5,0.5,240.0,240.0,32.0351448059082,0.0,0.5,0.5,0.5,0.5,240.0,240.0
1,0.604687511920929,0.6464452147483826,0.5994474291801453,779.0,747.0,0.6702519059181213,0.01,0.2056904137134552,0.6001346707344055,0.6043432354927063,0.5942708253860474,0.6109374761581421,1173.0,1141.0,0.5,0.5,0.5,240.0,240.0,7.873501300811768,0.0,0.5,0.5,0.5,0.5,240.0,240.0
2,0.6161458492279053,0.6588922739028931,0.6161890625953674,726.0,760.0,0.6588318943977356,0.01,0.22635313868522644,0.6149470210075378,0.6110542416572571,0.621874988079071,0.6041666865348816,1160.0,1194.0,0.5,0.5,0.5,240.0,240.0,5.948403358459473,0.0,0.5,0.5,0.5,0.5,240.0,240.0
3,0.6348958611488342,0.6739950776100159,0.6250436902046204,718.0,721.0,0.6490556597709656,0.01,0.2506610155105591,0.6262916922569275,0.62506502866745,0.6260416507720947,0.6244791746139526,1199.0,1202.0,0.5,0.5,0.5,240.0,240.0,4.307427406311035,0.0,0.5,0.5,0.5,0.5,240.0,240.0
4,0.6484375,0.7045317888259888,0.6449195146560669,686.0,671.0,0.6277864575386047,0.0009999999,0.2933851480484009,0.6460403203964233,0.647769033908844,0.6427083611488342,0.6505208611488342,1249.0,1234.0,0.5,0.6048784255981445,0.5,240.0,240.0,1.2149518728256226,0.0,0.5,0.5,0.5,0.5,240.0,240.0
5,0.667187511920929,0.7282434105873108,0.6659188866615295,644.0,636.0,0.6063805222511292,0.0009999999,0.33337047696113586,0.666068434715271,0.6673640012741089,0.6645833253860474,0.668749988079071,1284.0,1276.0,0.5,0.5145833492279053,0.5,240.0,240.0,3.7439522743225098,0.0,0.5,0.5,0.5,0.5,240.0,240.0
