epoch,accuracy,auc,f1_score,fn,fp,loss,lr,mcc,npv,precision,recall,specificity,tn,tp,val_accuracy,val_auc,val_f1_score,val_fn,val_fp,val_loss,val_mcc,val_npv,val_precision,val_recall,val_specificity,val_tn,val_tp
0,0.6270833611488342,0.6292638182640076,0.6283022165298462,948.0,958.0,0.6652571558952332,0.01,0.2555176317691803,0.6280786991119385,0.6024896502494812,0.6050000190734863,0.6255208253860474,1442.0,1452.0,0.5,0.5,0.5,240.0,240.0,9.815831184387207,0.0,0.5,0.5,0.5,0.5,240.0,240.0
1,0.6604166626930237,0.7108265161514282,0.6580138802528381,657.0,656.0,0.6159709692001343,0.01,0.31637561321258545,0.6579186916351318,0.6581552624702454,0.6578124761581421,0.6583333611488342,1264.0,1263.0,0.5,0.5,0.5,240.0,240.0,10.982104301452637,0.0,0.5,0.5,0.5,0.5,240.0,240.0
2,0.6583333611488342,0.7325345277786255,0.661029577255249,654.0,644.0,0.5983265042304993,0.01,0.3241037130355835,0.6612744927406311,0.6628272533416748,0.659375011920929,0.6645833253860474,1276.0,1266.0,0.5,0.5,0.5,240.0,240.0,7.3840789794921875,0.0,0.5,0.5,0.5,0.5,240.0,240.0
3,0.6656249761581421,0.7434105277061462,0.6660548448562622,641.0,642.0,0.5874887704849243,0.01,0.331900030374527,0.6657640933990479,0.665799081325531,0.6661458611488342,0.6656249761581421,1278.0,1279.0,0.5,0.5,0.5,240.0,240.0,4.2501606941223145,0.0,0.5,0.5,0.5,0.5,240.0,240.0
4,0.6880208253860474,0.757945716381073,0.6854773163795471,606.0,599.0,0.5749721527099609,0.0009999999,0.3725352883338928,0.6858405470848083,0.6868792176246643,0.684374988079071,0.6880208253860474,1321.0,1314.0,0.5,0.5104166865348816,0.5,240.0,240.0,3.133500099182129,0.0,0.5,0.5,0.5,0.5,240.0,240.0
5,0.7005208134651184,0.7763432264328003,0.6979917287826538,581.0,577.0,0.5603342652320862,0.0009999999,0.3969646394252777,0.6983159780502319,0.6988517642021179,0.6973958611488342,0.6994791626930237,1343.0,1339.0,0.5,0.5591167211532593,0.5,240.0,240.0,2.013423442840576,0.0,0.5,0.5,0.5,0.5,240.0,240.0
