epoch,accuracy,auc,f1_score,fn,fp,loss,lr,mcc,npv,precision,recall,specificity,tn,tp,val_accuracy,val_auc,val_f1_score,val_fn,val_fp,val_loss,val_mcc,val_npv,val_precision,val_recall,val_specificity,val_tn,val_tp
0,0.5864583253860474,0.5871748328208923,0.5827702283859253,1051.0,1016.0,0.7006040811538696,0.01,0.17377619445323944,0.5842863917350769,0.570401668548584,0.5620833039283752,0.5958333611488342,1384.0,1349.0,0.5,0.5,0.5,240.0,240.0,5.91301965713501,0.0,0.5,0.5,0.5,0.5,240.0,240.0
1,0.6421874761581421,0.6966623067855835,0.640389621257782,687.0,696.0,0.6266375780105591,0.01,0.2799381911754608,0.6409713625907898,0.6391912698745728,0.6421874761581421,0.637499988079071,1224.0,1233.0,0.5,0.5442447662353516,0.5,240.0,240.0,0.7727491855621338,0.0,0.5,0.5,0.5,0.5,240.0,240.0
2,0.6567708253860474,0.7151280045509338,0.6546178460121155,662.0,664.0,0.610216498374939,0.01,0.3095668852329254,0.6553787589073181,0.6545265316963196,0.6552083492279053,0.6541666388511658,1256.0,1258.0,0.5,0.5171874761581421,0.5,240.0,240.0,2.4762654304504395,0.0,0.5,0.5,0.5,0.5,240.0,240.0
3,0.6677083373069763,0.7403062582015991,0.6717410683631897,629.0,632.0,0.5922077298164368,0.01,0.3433670103549957,0.6721215844154358,0.6713468432426453,0.6723958253860474,0.6708333492279053,1288.0,1291.0,0.5,0.5864583253860474,0.4446890950202942,289.0,152.0,0.8316566944122314,0.06892610341310501,0.5475937724113464,0.556851327419281,0.39791667461395264,0.6833333373069763,328.0,191.0
4,0.6697916388511658,0.7447183132171631,0.6712446808815002,629.0,634.0,0.5844972133636475,0.0009999999,0.3423285484313965,0.6720283627510071,0.6706493496894836,0.6723958253860474,0.6697916388511658,1286.0,1291.0,0.5,0.5937087535858154,0.49786654114723206,243.0,225.0,0.7219180464744568,0.024239055812358856,0.5212517380714417,0.5129870176315308,0.4937500059604645,0.53125,255.0,237.0
5,0.6963541507720947,0.7678198218345642,0.6956138014793396,581.0,591.0,0.5654154419898987,0.0009999999,0.3897908329963684,0.6957852244377136,0.693782389163971,0.6973958611488342,0.692187488079071,1329.0,1339.0,0.5,0.5866752862930298,0.5,240.0,240.0,0.7697944641113281,0.0,0.5,0.5,0.5,0.5,240.0,240.0
