epoch,accuracy,auc,f1_score,fn,fp,loss,lr,mcc,npv,precision,recall,specificity,tn,tp,val_accuracy,val_auc,val_f1_score,val_fn,val_fp,val_loss,val_mcc,val_npv,val_precision,val_recall,val_specificity,val_tn,val_tp
0,0.5666666626930237,0.6154473423957825,0.5573291778564453,1019.0,984.0,0.7452383637428284,0.01,0.1252279430627823,0.5609137415885925,0.5839323401451111,0.5754166841506958,0.5708333253860474,1416.0,1381.0,0.5,0.5,0.5,240.0,240.0,3.1399357318878174,0.0,0.5,0.5,0.5,0.5,240.0,240.0
1,0.6197916865348816,0.651660144329071,0.6133782267570496,741.0,746.0,0.6768446564674377,0.01,0.2263944298028946,0.6110399961471558,0.6124675273895264,0.614062488079071,0.6114583611488342,1174.0,1179.0,0.5,0.5192708373069763,0.5,240.0,240.0,2.572622776031494,0.0,0.5,0.5,0.5,0.5,240.0,240.0
2,0.6380208134651184,0.6859385967254639,0.6387155055999756,691.0,699.0,0.6361112594604492,0.01,0.2763567566871643,0.6385848522186279,0.6374481320381165,0.6401041746139526,0.635937511920929,1221.0,1229.0,0.5,0.594626784324646,0.5,240.0,240.0,0.8462758660316467,0.0,0.5,0.5,0.5,0.5,240.0,240.0
3,0.6541666388511658,0.711280882358551,0.6570531129837036,652.0,670.0,0.6136971116065979,0.01,0.31165310740470886,0.6577903032302856,0.6542827486991882,0.6604166626930237,0.6510416865348816,1250.0,1268.0,0.5,0.5922960042953491,0.5,240.0,240.0,0.8449313044548035,0.0,0.5,0.5,0.5,0.5,240.0,240.0
4,0.682812511920929,0.7501594424247742,0.682849645614624,609.0,610.0,0.5854154825210571,0.0009999999,0.36524444818496704,0.6821929812431335,0.6824570298194885,0.682812511920929,0.6822916865348816,1310.0,1311.0,0.5,0.5981033444404602,0.5,240.0,240.0,0.7556477785110474,0.0,0.5,0.5,0.5,0.5,240.0,240.0
5,0.6901041865348816,0.7611991167068481,0.6900392174720764,598.0,588.0,0.5755394697189331,0.0009999999,0.3824334144592285,0.6907140612602234,0.6921465992927551,0.6885416507720947,0.6937500238418579,1332.0,1322.0,0.5,0.5936393141746521,0.5,240.0,240.0,0.6890970468521118,0.0,0.5,0.5,0.5,0.5,240.0,240.0
