epoch,accuracy,auc,f1_score,fn,fp,loss,lr,mcc,npv,precision,recall,specificity,tn,tp,val_accuracy,val_auc,val_f1_score,val_fn,val_fp,val_loss,val_mcc,val_npv,val_precision,val_recall,val_specificity,val_tn,val_tp
0,0.5848958492279053,0.6037140488624573,0.5797184705734253,1049.0,1036.0,0.7109828591346741,0.01,0.1645178496837616,0.5822418332099915,0.5659824013710022,0.5629166960716248,0.5854166746139526,1364.0,1351.0,0.5,0.5,0.5,240.0,240.0,4.621309280395508,0.0,0.5,0.5,0.5,0.5,240.0,240.0
1,0.6166666746139526,0.6725704669952393,0.6171923875808716,728.0,749.0,0.6366672515869141,0.01,0.23101893067359924,0.6169735789299011,0.6141164302825928,0.6208333373069763,0.6098958253860474,1171.0,1192.0,0.5,0.5,0.5,240.0,240.0,5.121406555175781,0.0,0.5,0.5,0.5,0.5,240.0,240.0
2,0.6536458134651184,0.7133482098579407,0.6519196033477783,669.0,668.0,0.6129320859909058,0.01,0.30373162031173706,0.6513462662696838,0.6519020199775696,0.651562511920929,0.6520833373069763,1252.0,1251.0,0.5,0.5996788144111633,0.5,240.0,240.0,1.3860639333724976,0.0,0.5,0.5,0.5,0.5,240.0,240.0
3,0.6604166626930237,0.7217358946800232,0.66037517786026,653.0,649.0,0.6065129041671753,0.01,0.32203972339630127,0.6609688401222229,0.6612734794616699,0.6598958373069763,0.6619791388511658,1271.0,1267.0,0.5,0.5,0.5,240.0,240.0,2.860335111618042,0.0,0.5,0.5,0.5,0.5,240.0,240.0
4,0.6447916626930237,0.7167390584945679,0.6402595043182373,691.0,689.0,0.6085215210914612,0.0009999999,0.28138554096221924,0.6407771706581116,0.6407716274261475,0.6401041746139526,0.6411458253860474,1231.0,1229.0,0.5,0.5411458015441895,0.5,240.0,240.0,2.5221030712127686,0.0,0.5,0.5,0.5,0.5,240.0,240.0
5,0.6708333492279053,0.7438391447067261,0.673201858997345,625.0,632.0,0.5900083184242249,0.0009999999,0.34549394249916077,0.6733734011650085,0.6720290780067444,0.6744791865348816,0.6708333492279053,1288.0,1295.0,0.5,0.5764908790588379,0.5,240.0,240.0,2.1055257320404053,0.0,0.5,0.5,0.5,0.5,240.0,240.0
