epoch,accuracy,auc,f1_score,fn,fp,loss,lr,mcc,npv,precision,recall,specificity,tn,tp,val_accuracy,val_auc,val_f1_score,val_fn,val_fp,val_loss,val_mcc,val_npv,val_precision,val_recall,val_specificity,val_tn,val_tp
0,0.5989583134651184,0.5787615776062012,0.5905179381370544,1023.0,1028.0,0.6990159749984741,0.01,0.18206185102462769,0.5922444462776184,0.5725571513175964,0.5737500190734863,0.5895833373069763,1372.0,1377.0,0.5,0.5,0.5,240.0,240.0,7.189334392547607,0.0,0.5,0.5,0.5,0.5,240.0,240.0
1,0.651562511920929,0.7043654918670654,0.6524295806884766,666.0,672.0,0.6191661357879639,0.01,0.3032549321651459,0.6513833403587341,0.6510903239250183,0.653124988079071,0.6499999761581421,1248.0,1254.0,0.5,0.5,0.5,240.0,240.0,5.853240966796875,0.0,0.5,0.5,0.5,0.5,240.0,240.0
2,0.6635416746139526,0.7192257046699524,0.6625012159347534,646.0,653.0,0.6077558994293213,0.01,0.323649138212204,0.6620299220085144,0.6611312627792358,0.6635416746139526,0.6598958373069763,1267.0,1274.0,0.5,0.5020833015441895,0.5,240.0,240.0,2.9818780422210693,0.0,0.5,0.5,0.5,0.5,240.0,240.0
3,0.6937500238418579,0.7474402189254761,0.6923066973686218,591.0,591.0,0.5881197452545166,0.01,0.3844773471355438,0.6919636130332947,0.692187488079071,0.692187488079071,0.692187488079071,1329.0,1329.0,0.5,0.5298046469688416,0.5,240.0,240.0,0.9135838747024536,0.0,0.5,0.5,0.5,0.5,240.0,240.0
4,0.6567708253860474,0.729701578617096,0.6579180955886841,652.0,666.0,0.5993898510932922,0.0009999999,0.3136517107486725,0.6581050753593445,0.6556360125541687,0.6604166626930237,0.653124988079071,1254.0,1268.0,0.5,0.548361599445343,0.5,240.0,240.0,0.7875707149505615,0.0,0.5,0.5,0.5,0.5,240.0,240.0
5,0.6854166388511658,0.7634589672088623,0.6837886571884155,603.0,615.0,0.5725274682044983,0.0009999999,0.3657503128051758,0.6839993000030518,0.6816770434379578,0.6859375238418579,0.6796875,1305.0,1317.0,0.5,0.5680056810379028,0.5,240.0,240.0,0.8548094630241394,0.0,0.5,0.5,0.5,0.5,240.0,240.0
