epoch,accuracy,auc,f1_score,fn,fp,loss,lr,mcc,npv,precision,recall,specificity,tn,tp,val_accuracy,val_auc,val_f1_score,val_fn,val_fp,val_loss,val_mcc,val_npv,val_precision,val_recall,val_specificity,val_tn,val_tp
0,0.6187499761581421,0.6036942005157471,0.6142988801002502,967.0,1005.0,0.6980006694793701,0.01,0.22346708178520203,0.6138068437576294,0.5877768397331238,0.597083330154419,0.6015625,1395.0,1433.0,0.5,0.5,0.5,240.0,240.0,7.0961761474609375,0.0,0.5,0.5,0.5,0.5,240.0,240.0
1,0.6630208492279053,0.7141634821891785,0.6568584442138672,667.0,641.0,0.6101407408714294,0.01,0.3189157247543335,0.6575965881347656,0.6615628004074097,0.6526041626930237,0.6661458611488342,1279.0,1253.0,0.5,0.5,0.5,240.0,240.0,5.5197224617004395,0.0,0.5,0.5,0.5,0.5,240.0,240.0
2,0.6614583134651184,0.7277226448059082,0.660718560218811,649.0,655.0,0.6003291010856628,0.01,0.3209668695926666,0.6613662242889404,0.6599169373512268,0.6619791388511658,0.6588541865348816,1265.0,1271.0,0.5,0.5,0.5,240.0,240.0,3.894620180130005,0.0,0.5,0.5,0.5,0.5,240.0,240.0
3,0.6739583611488342,0.7422585487365723,0.6746928095817566,623.0,629.0,0.5901106595993042,0.01,0.3480047583580017,0.6740459203720093,0.6734164357185364,0.6755208373069763,0.6723958253860474,1291.0,1297.0,0.5,0.521032989025116,0.5,240.0,240.0,2.8570523262023926,0.0,0.5,0.5,0.5,0.5,240.0,240.0
4,0.6953125,0.7590218782424927,0.6926159262657166,595.0,581.0,0.5807903409004211,0.0009999999,0.38765430450439453,0.6923874020576477,0.6951731443405151,0.6901041865348816,0.6973958611488342,1339.0,1325.0,0.5,0.5374522805213928,0.5,240.0,240.0,2.0261647701263428,0.0,0.5,0.5,0.5,0.5,240.0,240.0
5,0.6953125,0.7726566791534424,0.6951465010643005,587.0,582.0,0.5653136372566223,0.0009999999,0.39128920435905457,0.6951536536216736,0.6960835456848145,0.6942708492279053,0.6968749761581421,1338.0,1333.0,0.5,0.5645117163658142,0.5,240.0,240.0,1.5639859437942505,0.0,0.5,0.5,0.5,0.5,240.0,240.0
