epoch,accuracy,auc,f1_score,fn,fp,loss,lr,mcc,npv,precision,recall,specificity,tn,tp,val_accuracy,val_auc,val_f1_score,val_fn,val_fp,val_loss,val_mcc,val_npv,val_precision,val_recall,val_specificity,val_tn,val_tp
0,0.6177083253860474,0.6445720195770264,0.6082654595375061,901.0,960.0,0.6793041229248047,0.01,0.21783024072647095,0.6095322966575623,0.609597384929657,0.6245833039283752,0.6088541746139526,1440.0,1499.0,0.5,0.5,0.5,240.0,240.0,9.62658977508545,0.0,0.5,0.5,0.5,0.5,240.0,240.0
1,0.6484375,0.7020189762115479,0.6424633860588074,688.0,681.0,0.6207168698310852,0.01,0.2870854139328003,0.6436694860458374,0.6440146565437317,0.6416666507720947,0.645312488079071,1239.0,1232.0,0.5,0.5,0.5,240.0,240.0,6.156508445739746,0.0,0.5,0.5,0.5,0.5,240.0,240.0
2,0.6640625,0.7242693901062012,0.6629909873008728,646.0,648.0,0.6026039123535156,0.01,0.3261660635471344,0.6636025905609131,0.6628512144088745,0.6635416746139526,0.6625000238418579,1272.0,1274.0,0.5,0.5,0.5,240.0,240.0,4.408937931060791,0.0,0.5,0.5,0.5,0.5,240.0,240.0
3,0.6942708492279053,0.7512640953063965,0.6937902569770813,591.0,582.0,0.5836248993873596,0.01,0.38920143246650696,0.6936977505683899,0.6954473853111267,0.692187488079071,0.6968749761581421,1338.0,1329.0,0.5,0.5010416507720947,0.5,240.0,240.0,3.3017983436584473,0.0,0.5,0.5,0.5,0.5,240.0,240.0
4,0.6833333373069763,0.7509108185768127,0.682919442653656,616.0,596.0,0.5839859247207642,0.0009999999,0.36887219548225403,0.6820999979972839,0.6863157749176025,0.6791666746139526,0.6895833611488342,1324.0,1304.0,0.5,0.5722092390060425,0.5,240.0,240.0,1.666904330253601,0.0,0.5,0.5,0.5,0.5,240.0,240.0
5,0.7041666507720947,0.7829801440238953,0.7044164538383484,572.0,559.0,0.5551405549049377,0.0009999999,0.4110698103904724,0.7042203545570374,0.7068694233894348,0.7020833492279053,0.7088541388511658,1361.0,1348.0,0.5,0.5837738513946533,0.5,240.0,240.0,0.935295045375824,0.0,0.5,0.5,0.5,0.5,240.0,240.0
