epoch,accuracy,auc,f1_score,fn,fp,loss,lr,mcc,npv,precision,recall,specificity,tn,tp,val_accuracy,val_auc,val_f1_score,val_fn,val_fp,val_loss,val_mcc,val_npv,val_precision,val_recall,val_specificity,val_tn,val_tp
0,0.6020833253860474,0.6282766461372375,0.5988104343414307,952.0,969.0,0.7011507153511047,0.01,0.19650398194789886,0.599105179309845,0.5990898013114929,0.6033333539962769,0.5953124761581421,1431.0,1448.0,0.5,0.5,0.5,240.0,240.0,38.30992889404297,0.0,0.5,0.5,0.5,0.5,240.0,240.0
1,0.6395833492279053,0.6872390508651733,0.63984614610672,695.0,686.0,0.6314513683319092,0.01,0.2808629274368286,0.639055073261261,0.6410256624221802,0.6380208134651184,0.6427083611488342,1234.0,1225.0,0.5,0.5,0.5,240.0,240.0,18.39178466796875,0.0,0.5,0.5,0.5,0.5,240.0,240.0
2,0.6494791507720947,0.704809844493866,0.651202917098999,668.0,673.0,0.6177371740341187,0.01,0.30166053771972656,0.6511821746826172,0.6503896117210388,0.6520833373069763,0.6494791507720947,1247.0,1252.0,0.5,0.5,0.5,240.0,240.0,10.851210594177246,0.0,0.5,0.5,0.5,0.5,240.0,240.0
3,0.6484375,0.7222926020622253,0.6506360769271851,671.0,671.0,0.6056433320045471,0.01,0.30123335123062134,0.6502795815467834,0.6505208611488342,0.6505208611488342,0.6505208611488342,1249.0,1249.0,0.5,0.5,0.5,240.0,240.0,6.586618423461914,0.0,0.5,0.5,0.5,0.5,240.0,240.0
4,0.6848958134651184,0.7456349730491638,0.683853805065155,607.0,607.0,0.5967565774917603,0.0009999999,0.3677724599838257,0.6838690042495728,0.6838541626930237,0.6838541626930237,0.6838541626930237,1313.0,1313.0,0.5,0.5,0.5,240.0,240.0,4.130478858947754,0.0,0.5,0.5,0.5,0.5,240.0,240.0
5,0.6895833611488342,0.7699745297431946,0.6911804676055908,588.0,602.0,0.5687564611434937,0.0009999999,0.38032498955726624,0.6915963888168335,0.6887280344963074,0.6937500238418579,0.6864583492279053,1318.0,1332.0,0.5,0.526562511920929,0.5,240.0,240.0,2.9517977237701416,0.0,0.5,0.5,0.5,0.5,240.0,240.0
