epoch,accuracy,auc,f1_score,fn,fp,loss,lr,mcc,npv,precision,recall,specificity,tn,tp,val_accuracy,val_auc,val_f1_score,val_fn,val_fp,val_loss,val_mcc,val_npv,val_precision,val_recall,val_specificity,val_tn,val_tp
0,0.598437488079071,0.5851095914840698,0.5898130536079407,1029.0,1024.0,0.6823609471321106,0.01,0.18099144101142883,0.5895311832427979,0.5724425911903381,0.5712500214576721,0.5916666388511658,1376.0,1371.0,0.5,0.5,0.5,240.0,240.0,15.39861011505127,0.0,0.5,0.5,0.5,0.5,240.0,240.0
1,0.6260416507720947,0.6846824884414673,0.625243604183197,722.0,713.0,0.6336036920547485,0.01,0.2527262270450592,0.6260098218917847,0.6268969178199768,0.6239583492279053,0.6286458373069763,1207.0,1198.0,0.5,0.5,0.5,240.0,240.0,7.601104736328125,0.0,0.5,0.5,0.5,0.5,240.0,240.0
2,0.6473958492279053,0.7096448540687561,0.647050142288208,677.0,680.0,0.6231142282485962,0.01,0.29331550002098083,0.6464658975601196,0.6463858485221863,0.6473958492279053,0.6458333134651184,1240.0,1243.0,0.5,0.5,0.5,240.0,240.0,4.115224838256836,0.0,0.5,0.5,0.5,0.5,240.0,240.0
3,0.651562511920929,0.7137206792831421,0.6492779850959778,674.0,672.0,0.6120809316635132,0.01,0.2991158366203308,0.6493588089942932,0.6496350169181824,0.6489583253860474,0.6499999761581421,1248.0,1246.0,0.5,0.5104166865348816,0.5,240.0,240.0,2.949904203414917,0.0,0.5,0.5,0.5,0.5,240.0,240.0
4,0.6791666746139526,0.741136372089386,0.6770757436752319,619.0,621.0,0.5927069187164307,0.0009999999,0.35428330302238464,0.677639901638031,0.6768990755081177,0.6776041388511658,0.676562488079071,1299.0,1301.0,0.5,0.5742231011390686,0.5,240.0,240.0,1.8546534776687622,0.0,0.5,0.5,0.5,0.5,240.0,240.0
5,0.6869791746139526,0.7570940852165222,0.6882520318031311,597.0,602.0,0.5804553627967834,0.0009999999,0.3756377100944519,0.6880984902381897,0.6872727274894714,0.6890624761581421,0.6864583492279053,1318.0,1323.0,0.5,0.5929383039474487,0.5,240.0,240.0,1.7251200675964355,0.0,0.5,0.5,0.5,0.5,240.0,240.0
