epoch,accuracy,auc,f1_score,fn,fp,loss,lr,mcc,npv,precision,recall,specificity,tn,tp,val_accuracy,val_auc,val_f1_score,val_fn,val_fp,val_loss,val_mcc,val_npv,val_precision,val_recall,val_specificity,val_tn,val_tp
0,0.6104166507720947,0.6495676636695862,0.6072980761528015,937.0,911.0,0.7021194100379944,0.01,0.21620622277259827,0.6086589097976685,0.6162594556808472,0.60958331823349,0.6072916388511658,1489.0,1463.0,0.5,0.5,0.5,240.0,240.0,8.286776542663574,0.0,0.5,0.5,0.5,0.5,240.0,240.0
1,0.6588541865348816,0.717585563659668,0.6563755869865417,660.0,660.0,0.6076090931892395,0.01,0.31269070506095886,0.6559863686561584,0.65625,0.65625,0.65625,1260.0,1260.0,0.5,0.5,0.5,240.0,240.0,4.0225725173950195,0.0,0.5,0.5,0.5,0.5,240.0,240.0
2,0.6604166626930237,0.7247530817985535,0.6574761867523193,664.0,644.0,0.6026583313941956,0.01,0.31896716356277466,0.657904326915741,0.6610526442527771,0.6541666388511658,0.6645833253860474,1276.0,1256.0,0.5,0.5323697924613953,0.5,240.0,240.0,2.626106023788452,0.0,0.5,0.5,0.5,0.5,240.0,240.0
3,0.684374988079071,0.7425028681755066,0.6830278635025024,610.0,605.0,0.5948293209075928,0.01,0.367428183555603,0.6834619045257568,0.6840730905532837,0.6822916865348816,0.6848958134651184,1315.0,1310.0,0.5,0.5020833015441895,0.5,240.0,240.0,3.4995906352996826,0.0,0.5,0.5,0.5,0.5,240.0,240.0
4,0.7015625238418579,0.7628701329231262,0.6996871829032898,575.0,581.0,0.573085367679596,0.0009999999,0.39811089634895325,0.6990886330604553,0.698338508605957,0.7005208134651184,0.6973958611488342,1339.0,1345.0,0.5,0.523144543170929,0.5,240.0,240.0,2.66648006439209,0.0,0.5,0.5,0.5,0.5,240.0,240.0
5,0.703125,0.7726771235466003,0.7070561647415161,563.0,561.0,0.5647090673446655,0.0009999999,0.41476568579673767,0.7072951197624207,0.707507848739624,0.7067708373069763,0.707812488079071,1359.0,1357.0,0.5,0.5537717342376709,0.5,240.0,240.0,1.7123428583145142,0.0,0.5,0.5,0.5,0.5,240.0,240.0
