epoch,accuracy,auc,f1_score,fn,fp,loss,lr,mcc,npv,precision,recall,specificity,tn,tp,val_accuracy,val_auc,val_f1_score,val_fn,val_fp,val_loss,val_mcc,val_npv,val_precision,val_recall,val_specificity,val_tn,val_tp
0,0.5963541865348816,0.588671088218689,0.5903536677360535,1024.0,1029.0,0.6870329976081848,0.01,0.18101845681667328,0.591135561466217,0.5721413493156433,0.5733333230018616,0.589062511920929,1371.0,1376.0,0.5,0.5,0.5,240.0,240.0,12.905367851257324,0.0,0.5,0.5,0.5,0.5,240.0,240.0
1,0.6447916626930237,0.706222414970398,0.6413664221763611,689.0,687.0,0.6182250380516052,0.01,0.28350937366485596,0.6416509747505188,0.6418144106864929,0.6411458253860474,0.6421874761581421,1233.0,1231.0,0.5,0.5494921803474426,0.5,240.0,240.0,1.800674557685852,0.0,0.5,0.5,0.5,0.5,240.0,240.0
2,0.6604166626930237,0.7225625514984131,0.6603108048439026,652.0,652.0,0.6055089235305786,0.01,0.32104384899139404,0.6606274247169495,0.6604166626930237,0.6604166626930237,0.6604166626930237,1268.0,1268.0,0.5,0.5715125799179077,0.6666666269302368,0.0,480.0,1.1636908054351807,0.0,0.0,0.5,1.0,0.0,0.0,480.0
3,0.6708333492279053,0.7349095344543457,0.668314516544342,634.0,642.0,0.5951235890388489,0.01,0.33552971482276917,0.6685879230499268,0.6670124530792236,0.6697916388511658,0.6656249761581421,1278.0,1286.0,0.5,0.5736653804779053,0.5,240.0,240.0,1.9949885606765747,0.0,0.5,0.5,0.5,0.5,240.0,240.0
4,0.6875,0.7549071907997131,0.6873995661735535,593.0,613.0,0.5825955867767334,0.0009999999,0.37203919887542725,0.6882571578025818,0.6840206384658813,0.6911458373069763,0.6807291507720947,1307.0,1327.0,0.5,0.5954904556274414,0.6379643082618713,138.0,274.0,0.9380607008934021,0.11579176783561707,0.5023809671401978,0.5551947951316833,0.7124999761581421,0.42916667461395264,206.0,342.0
5,0.7026041746139526,0.7831522822380066,0.7007989287376404,576.0,571.0,0.5551163554191589,0.0009999999,0.4027344286441803,0.70099937915802,0.7018277049064636,0.699999988079071,0.7026041746139526,1349.0,1344.0,0.5,0.5909244418144226,0.5314604640007019,222.0,242.0,0.8159645199775696,0.032765235751867294,0.5061728358268738,0.515999972820282,0.5375000238418579,0.4958333373069763,238.0,258.0
