epoch,accuracy,auc,f1_score,fn,fp,loss,lr,mcc,npv,precision,recall,specificity,tn,tp,val_accuracy,val_auc,val_f1_score,val_fn,val_fp,val_loss,val_mcc,val_npv,val_precision,val_recall,val_specificity,val_tn,val_tp
0,0.5817708373069763,0.5788024663925171,0.584224283695221,1033.0,1031.0,0.7291241884231567,0.01,0.16643588244915009,0.5853121280670166,0.5700584053993225,0.5695833563804626,0.578125,1369.0,1367.0,0.5,0.5,0.5,240.0,240.0,11.744599342346191,0.0,0.5,0.5,0.5,0.5,240.0,240.0
1,0.6427083611488342,0.700831413269043,0.6395428776741028,696.0,684.0,0.6184024810791016,0.01,0.28141334652900696,0.6395990252494812,0.6415094137191772,0.637499988079071,0.643750011920929,1236.0,1224.0,0.5,0.5,0.5,240.0,240.0,4.341766357421875,0.0,0.5,0.5,0.5,0.5,240.0,240.0
2,0.6541666388511658,0.7214154601097107,0.6563846468925476,660.0,660.0,0.6039997339248657,0.01,0.31264930963516235,0.6558782458305359,0.65625,0.65625,0.65625,1260.0,1260.0,0.5,0.5197917222976685,0.5,240.0,240.0,2.857600688934326,0.0,0.5,0.5,0.5,0.5,240.0,240.0
3,0.6635416746139526,0.7357988953590393,0.6659665703773499,640.0,643.0,0.5949142575263977,0.01,0.33187490701675415,0.6664873957633972,0.6656266450881958,0.6666666865348816,0.6651041507720947,1277.0,1280.0,0.5,0.5673025846481323,0.5,240.0,240.0,1.6401417255401611,0.0,0.5,0.5,0.5,0.5,240.0,240.0
4,0.6854166388511658,0.7640951871871948,0.6875125169754028,599.0,601.0,0.5724989771842957,0.0009999999,0.37508347630500793,0.688006579875946,0.6873049139976501,0.6880208253860474,0.6869791746139526,1319.0,1321.0,0.5,0.5765972137451172,0.5,240.0,240.0,0.9282471537590027,0.0,0.5,0.5,0.5,0.5,240.0,240.0
5,0.707812488079071,0.7869179844856262,0.7097324132919312,556.0,559.0,0.5500776171684265,0.0009999999,0.4194067120552063,0.7102698087692261,0.709308385848999,0.7104166746139526,0.7088541388511658,1361.0,1364.0,0.5,0.5720529556274414,0.5,240.0,240.0,0.7676224112510681,0.0,0.5,0.5,0.5,0.5,240.0,240.0
