epoch,accuracy,auc,f1_score,fn,fp,loss,lr,mcc,npv,precision,recall,specificity,tn,tp,val_accuracy,val_auc,val_f1_score,val_fn,val_fp,val_loss,val_mcc,val_npv,val_precision,val_recall,val_specificity,val_tn,val_tp
0,0.5973958373069763,0.5943962931632996,0.5936704277992249,1024.0,1003.0,0.6918525695800781,0.01,0.1914614737033844,0.5937767028808594,0.5783942937850952,0.5733333230018616,0.6005208492279053,1397.0,1376.0,0.5,0.4834570288658142,0.0,480.0,0.0,7.821363925933838,0.0,0.5,0.0,0.0,1.0,480.0,0.0
1,0.640625,0.6952313780784607,0.6392703652381897,691.0,695.0,0.6260489821434021,0.01,0.27827391028404236,0.6395524144172668,0.6387733817100525,0.6401041746139526,0.6380208134651184,1225.0,1229.0,0.5,0.5,0.5,240.0,240.0,5.157310962677002,0.0,0.5,0.5,0.5,0.5,240.0,240.0
2,0.6447916626930237,0.7110635042190552,0.6464458107948303,675.0,684.0,0.6148756742477417,0.01,0.2924264669418335,0.6477358937263489,0.6454121470451355,0.6484375,0.643750011920929,1236.0,1245.0,0.5,0.5422200560569763,0.5,240.0,240.0,2.160393238067627,0.0,0.5,0.5,0.5,0.5,240.0,240.0
3,0.6723958253860474,0.7341979146003723,0.6745231747627258,627.0,619.0,0.5996022820472717,0.01,0.35120683908462524,0.675407350063324,0.6762552261352539,0.6734374761581421,0.6776041388511658,1301.0,1293.0,0.5,0.5852148532867432,0.5,240.0,240.0,0.8586499094963074,0.0,0.5,0.5,0.5,0.5,240.0,240.0
4,0.6421874761581421,0.7186797261238098,0.641046404838562,690.0,687.0,0.6082962155342102,0.0009999999,0.2830265164375305,0.6413003206253052,0.6416275501251221,0.640625,0.6421874761581421,1233.0,1230.0,0.5,0.5815495252609253,0.5,240.0,240.0,1.1164555549621582,0.0,0.5,0.5,0.5,0.5,240.0,240.0
5,0.6838541626930237,0.7587205767631531,0.6851420998573303,604.0,605.0,0.5801389813423157,0.0009999999,0.3704436719417572,0.6854753494262695,0.6850598454475403,0.6854166388511658,0.6848958134651184,1315.0,1316.0,0.5,0.5612868666648865,0.5,240.0,240.0,2.3469784259796143,0.0,0.5,0.5,0.5,0.5,240.0,240.0
