epoch,accuracy,auc,f1_score,fn,fp,loss,lr,mcc,npv,precision,recall,specificity,tn,tp,val_accuracy,val_auc,val_f1_score,val_fn,val_fp,val_loss,val_mcc,val_npv,val_precision,val_recall,val_specificity,val_tn,val_tp
0,0.59375,0.6087609529495239,0.5725967884063721,1058.0,1051.0,0.7299259901046753,0.01,0.14999456703662872,0.575846254825592,0.5608023405075073,0.559166669845581,0.5765625238418579,1349.0,1342.0,0.5,0.5,0.5,240.0,240.0,5.841005325317383,0.0,0.5,0.5,0.5,0.5,240.0,240.0
1,0.6348958611488342,0.6870487928390503,0.6368426084518433,689.0,709.0,0.6343597173690796,0.01,0.27270016074180603,0.6391324996948242,0.63453608751297,0.6411458253860474,0.6307291388511658,1211.0,1231.0,0.5,0.5,0.5,240.0,240.0,4.525546073913574,0.0,0.5,0.5,0.5,0.5,240.0,240.0
2,0.6729166507720947,0.7296990752220154,0.6729854345321655,627.0,627.0,0.6064656376838684,0.01,0.3470228910446167,0.6742029190063477,0.6734374761581421,0.6734374761581421,0.6734374761581421,1293.0,1293.0,0.5,0.5,0.5,240.0,240.0,5.794347763061523,0.0,0.5,0.5,0.5,0.5,240.0,240.0
3,0.6895833611488342,0.7432470321655273,0.6838089823722839,608.0,606.0,0.5907533168792725,0.01,0.3679359555244446,0.6834768652915955,0.6840459108352661,0.6833333373069763,0.684374988079071,1314.0,1312.0,0.5,0.5415798425674438,0.5,240.0,240.0,2.8352301120758057,0.0,0.5,0.5,0.5,0.5,240.0,240.0
4,0.6859375238418579,0.7524354457855225,0.6844053864479065,607.0,602.0,0.5807036757469177,0.0009999999,0.3704136312007904,0.6853622794151306,0.6856396794319153,0.6838541626930237,0.6864583492279053,1318.0,1313.0,0.5,0.5439193248748779,0.5,240.0,240.0,2.9434762001037598,0.0,0.5,0.5,0.5,0.5,240.0,240.0
5,0.7286458611488342,0.7900999784469604,0.7308290600776672,513.0,522.0,0.5543583631515503,0.0009999999,0.4611641466617584,0.73219233751297,0.729393482208252,0.7328125238418579,0.7281249761581421,1398.0,1407.0,0.5,0.5781792402267456,0.5,240.0,240.0,1.9088190793991089,0.0,0.5,0.5,0.5,0.5,240.0,240.0
