epoch,accuracy,auc,f1_score,fn,fp,loss,lr,mcc,npv,precision,recall,specificity,tn,tp,val_accuracy,val_auc,val_f1_score,val_fn,val_fp,val_loss,val_mcc,val_npv,val_precision,val_recall,val_specificity,val_tn,val_tp
0,0.5182291865348816,0.51227205991745,0.5123628377914429,1181.0,1151.0,0.7400752902030945,0.01,0.03551115468144417,0.5179258584976196,0.5143460035324097,0.5079166889190674,0.5255208611488342,1249.0,1219.0,0.5,0.5038411617279053,0.6666666269302368,0.0,480.0,8.43893814086914,0.0,0.0,0.5,1.0,0.0,0.0,480.0
1,0.5026041865348816,0.5030304789543152,0.5067755579948425,930.0,991.0,0.7234824299812317,0.01,-0.0005923201679252088,0.4991750717163086,0.4997476041316986,0.515625,0.48385417461395264,929.0,990.0,0.5,0.5,0.5,240.0,240.0,18.22786521911621,0.0,0.5,0.5,0.5,0.5,240.0,240.0
2,0.5494791865348816,0.5584914088249207,0.5411379337310791,878.0,879.0,0.7037155032157898,0.01,0.08517031371593475,0.5434859395027161,0.542425811290741,0.5427083373069763,0.542187511920929,1041.0,1042.0,0.5,0.5288020372390747,0.5,240.0,240.0,4.111393451690674,0.0,0.5,0.5,0.5,0.5,240.0,240.0
3,0.6104166507720947,0.6423105001449585,0.6057112812995911,751.0,769.0,0.666525661945343,0.01,0.20860899984836578,0.6055890321731567,0.6031991839408875,0.6088541746139526,0.5994791388511658,1151.0,1169.0,0.5,0.5,0.5,240.0,240.0,6.179527759552002,0.0,0.5,0.5,0.5,0.5,240.0,240.0
4,0.6286458373069763,0.6658757925033569,0.6286231279373169,711.0,717.0,0.6672655344009399,0.0009999999,0.2562728822231293,0.6286855340003967,0.6277258396148682,0.629687488079071,0.6265624761581421,1203.0,1209.0,0.5,0.5,0.5,240.0,240.0,4.863190174102783,0.0,0.5,0.5,0.5,0.5,240.0,240.0
5,0.645312488079071,0.6844635605812073,0.6445887684822083,679.0,690.0,0.6408564448356628,0.0009999999,0.2870206832885742,0.6441429257392883,0.6426721811294556,0.6463541388511658,0.640625,1230.0,1241.0,0.5,0.5120313167572021,0.5,240.0,240.0,3.6764373779296875,0.0,0.5,0.5,0.5,0.5,240.0,240.0
