epoch,accuracy,auc,f1_score,fn,fp,loss,lr,mcc,npv,precision,recall,specificity,tn,tp,val_accuracy,val_auc,val_f1_score,val_fn,val_fp,val_loss,val_mcc,val_npv,val_precision,val_recall,val_specificity,val_tn,val_tp
0,0.5380208492279053,0.5430039763450623,0.5317890644073486,1137.0,1108.0,0.7312175631523132,0.01,0.07134310901165009,0.5357924699783325,0.5326866507530212,0.5262500047683716,0.5406249761581421,1292.0,1263.0,0.5,0.5,0.5,240.0,240.0,38.110206604003906,0.0,0.5,0.5,0.5,0.5,240.0,240.0
1,0.5739583373069763,0.6006934642791748,0.5639330744743347,841.0,826.0,0.693666398525238,0.01,0.13212993741035461,0.5648157000541687,0.5664042234420776,0.5619791746139526,0.5697916746139526,1094.0,1079.0,0.5,0.5421245694160461,0.5,240.0,240.0,2.60129714012146,0.0,0.5,0.5,0.5,0.5,240.0,240.0
2,0.5921875238418579,0.6358667016029358,0.5856069326400757,796.0,794.0,0.6700473427772522,0.01,0.17210520803928375,0.5855578780174255,0.5860270857810974,0.5854166746139526,0.5864583253860474,1126.0,1124.0,0.5,0.5861067771911621,0.5,240.0,240.0,1.7995471954345703,0.0,0.5,0.5,0.5,0.5,240.0,240.0
3,0.6270833611488342,0.6636516451835632,0.6257533431053162,721.0,713.0,0.6566091179847717,0.01,0.2532610297203064,0.6260776519775391,0.6270920634269714,0.6244791746139526,0.6286458373069763,1207.0,1199.0,0.5,0.5005208253860474,0.5,240.0,240.0,3.8759026527404785,0.0,0.5,0.5,0.5,0.5,240.0,240.0
4,0.6468750238418579,0.6875153183937073,0.6407073140144348,691.0,687.0,0.6394665241241455,0.0009999999,0.28248584270477295,0.6409267783164978,0.6414405107498169,0.6401041746139526,0.6421874761581421,1233.0,1229.0,0.5,0.5,0.5,240.0,240.0,7.251011371612549,0.0,0.5,0.5,0.5,0.5,240.0,240.0
5,0.6557291746139526,0.7102857232093811,0.656085729598999,659.0,663.0,0.6251422762870789,0.0009999999,0.3115011155605316,0.6560491323471069,0.6554054021835327,0.6567708253860474,0.6546875238418579,1257.0,1261.0,0.5,0.5,0.5,240.0,240.0,6.266415596008301,0.0,0.5,0.5,0.5,0.5,240.0,240.0
