epoch,accuracy,auc,f1_score,fn,fp,loss,lr,mcc,npv,precision,recall,specificity,tn,tp,val_accuracy,val_auc,val_f1_score,val_fn,val_fp,val_loss,val_mcc,val_npv,val_precision,val_recall,val_specificity,val_tn,val_tp
0,0.49166667461395264,0.5020623207092285,0.48948514461517334,1221.0,1203.0,0.7492895126342773,0.01,-0.012679407373070717,0.4943539798259735,0.494962215423584,0.49125000834465027,0.4984374940395355,1197.0,1179.0,0.5,0.5007378458976746,0.6666666269302368,0.0,480.0,3.955972194671631,0.0,0.0,0.5,1.0,0.0,0.0,480.0
1,0.48489582538604736,0.4880959987640381,0.49099621176719666,965.0,999.0,0.7206770181655884,0.01,-0.022891579195857048,0.48851868510246277,0.48874104022979736,0.4973958432674408,0.47968751192092896,921.0,955.0,0.5,0.5066666603088379,0.6666666269302368,0.0,480.0,1.223602294921875,0.0,0.0,0.5,1.0,0.0,0.0,480.0
2,0.5520833134651184,0.567715048789978,0.5412895679473877,879.0,881.0,0.695338785648346,0.01,0.08345270901918411,0.5420781970024109,0.5416232943534851,0.542187511920929,0.5411458611488342,1039.0,1041.0,0.5,0.5238671898841858,0.5,240.0,240.0,1.520143985748291,0.0,0.5,0.5,0.5,0.5,240.0,240.0
3,0.6088541746139526,0.6482866406440735,0.6079967617988586,756.0,744.0,0.6616318225860596,0.01,0.2188754677772522,0.6088638305664062,0.6100628972053528,0.606249988079071,0.612500011920929,1176.0,1164.0,0.5,0.5566796660423279,0.5942648649215698,161.0,282.0,1.5767852067947388,0.063361756503582,0.5060606002807617,0.5307820439338684,0.6645833253860474,0.4124999940395355,198.0,319.0
4,0.6380208134651184,0.6861395835876465,0.6361091136932373,698.0,699.0,0.6444212794303894,0.0009999999,0.27243945002555847,0.6366249918937683,0.6361269950866699,0.6364583373069763,0.635937511920929,1221.0,1222.0,0.5,0.553135871887207,0.5,240.0,240.0,2.085144281387329,0.0,0.5,0.5,0.5,0.5,240.0,240.0
5,0.6479166746139526,0.700127899646759,0.6467878818511963,680.0,674.0,0.6328925490379333,0.0009999999,0.29481860995292664,0.6470480561256409,0.6478579044342041,0.6458333134651184,0.6489583253860474,1246.0,1240.0,0.5,0.5429080128669739,0.5,240.0,240.0,2.4246699810028076,0.0,0.5,0.5,0.5,0.5,240.0,240.0
