epoch,accuracy,auc,f1_score,fn,fp,loss,lr,mcc,npv,precision,recall,specificity,tn,tp,val_accuracy,val_auc,val_f1_score,val_fn,val_fp,val_loss,val_mcc,val_npv,val_precision,val_recall,val_specificity,val_tn,val_tp
0,0.515625,0.5204461812973022,0.5175260305404663,1172.0,1141.0,0.7363219857215881,0.01,0.045590367168188095,0.5220245718955994,0.5183621644973755,0.5116666555404663,0.5307291746139526,1259.0,1228.0,0.5,0.5,0.5,240.0,240.0,119.24642944335938,0.0,0.5,0.5,0.5,0.5,240.0,240.0
1,0.5692708492279053,0.5759486556053162,0.5468303561210632,876.0,850.0,0.7032667398452759,0.01,0.10163011401891708,0.5494913458824158,0.551214337348938,0.543749988079071,0.5572916865348816,1070.0,1044.0,0.5,0.5,0.5,240.0,240.0,8.060711860656738,0.0,0.5,0.5,0.5,0.5,240.0,240.0
2,0.6119791865348816,0.6329090595245361,0.5915164947509766,788.0,774.0,0.6738770008087158,0.01,0.18673326075077057,0.5924608707427979,0.5939139723777771,0.5895833373069763,0.596875011920929,1146.0,1132.0,0.5,0.5,0.5,240.0,240.0,6.272618293762207,0.0,0.5,0.5,0.5,0.5,240.0,240.0
3,0.6489583253860474,0.6913272142410278,0.644243061542511,686.0,678.0,0.6404941082000732,0.01,0.2898436188697815,0.6436861753463745,0.6453974843025208,0.6427083611488342,0.6468750238418579,1242.0,1234.0,0.5,0.5,0.5,240.0,240.0,9.574289321899414,0.0,0.5,0.5,0.5,0.5,240.0,240.0
4,0.6432291865348816,0.6992648839950562,0.6436031460762024,683.0,686.0,0.6447665691375732,0.0009999999,0.287002295255661,0.6440422534942627,0.6432657241821289,0.6442708373069763,0.6427083611488342,1234.0,1237.0,0.5,0.5,0.5,240.0,240.0,4.754369258880615,0.0,0.5,0.5,0.5,0.5,240.0,240.0
5,0.6739583611488342,0.7303699254989624,0.6731053590774536,628.0,627.0,0.6093767881393433,0.0009999999,0.3463849425315857,0.6730693578720093,0.6732673048973083,0.6729166507720947,0.6734374761581421,1293.0,1292.0,0.5,0.5,0.5,240.0,240.0,6.163694381713867,0.0,0.5,0.5,0.5,0.5,240.0,240.0
