epoch,accuracy,auc,f1_score,fn,fp,loss,lr,mcc,npv,precision,recall,specificity,tn,tp,val_accuracy,val_auc,val_f1_score,val_fn,val_fp,val_loss,val_mcc,val_npv,val_precision,val_recall,val_specificity,val_tn,val_tp
0,0.5208333134651184,0.5159243941307068,0.5204197764396667,1154.0,1172.0,0.7381238341331482,0.01,0.03866029530763626,0.5192468166351318,0.5153018832206726,0.5191666483879089,0.5145833492279053,1228.0,1246.0,0.5,0.5068901777267456,0.0,480.0,0.0,4.382824420928955,0.0,0.5,0.0,0.0,1.0,480.0,0.0
1,0.5932291746139526,0.6159648895263672,0.576184868812561,818.0,797.0,0.6835238337516785,0.01,0.15922336280345917,0.5794436931610107,0.5803053975105286,0.5739583373069763,0.5848958492279053,1123.0,1102.0,0.5,0.5156749486923218,0.05929838865995407,464.0,12.0,3.429722785949707,0.009468563832342625,0.5023729801177979,0.5714285969734192,0.03333333507180214,0.9750000238418579,468.0,16.0
2,0.629687488079071,0.6586974859237671,0.619147002696991,739.0,713.0,0.6615695357322693,0.01,0.24422945082187653,0.6201269626617432,0.6235480308532715,0.6151041388511658,0.6286458373069763,1207.0,1181.0,0.5,0.5122373700141907,0.5,240.0,240.0,1.799015760421753,0.0,0.5,0.5,0.5,0.5,240.0,240.0
3,0.6536458134651184,0.6936578154563904,0.6472002267837524,682.0,665.0,0.6392048597335815,0.01,0.29868707060813904,0.6487396955490112,0.6505517363548279,0.6447916626930237,0.6536458134651184,1255.0,1238.0,0.5,0.5,0.5,240.0,240.0,5.946396827697754,0.0,0.5,0.5,0.5,0.5,240.0,240.0
4,0.6661458611488342,0.709376335144043,0.6586771607398987,659.0,648.0,0.630986213684082,0.0009999999,0.319433331489563,0.6586339473724365,0.6605552434921265,0.6567708253860474,0.6625000238418579,1272.0,1261.0,0.5,0.55182945728302,0.5,240.0,240.0,1.884708046913147,0.0,0.5,0.5,0.5,0.5,240.0,240.0
5,0.6781250238418579,0.7349517345428467,0.6771782636642456,620.0,619.0,0.6065771579742432,0.0009999999,0.3547345697879791,0.6774309277534485,0.6774361729621887,0.6770833134651184,0.6776041388511658,1301.0,1300.0,0.5,0.5,0.5,240.0,240.0,4.351550102233887,0.0,0.5,0.5,0.5,0.5,240.0,240.0
