epoch,accuracy,auc,f1_score,fn,fp,loss,lr,mcc,npv,precision,recall,specificity,tn,tp,val_accuracy,val_auc,val_f1_score,val_fn,val_fp,val_loss,val_mcc,val_npv,val_precision,val_recall,val_specificity,val_tn,val_tp
0,0.5255208611488342,0.5118700861930847,0.5140021443367004,1159.0,1205.0,0.7469899654388428,0.01,0.018762171268463135,0.5095916390419006,0.507358968257904,0.5170833468437195,0.4973958432674408,1195.0,1241.0,0.5,0.5,0.5,240.0,240.0,9.559147834777832,0.0,0.5,0.5,0.5,0.5,240.0,240.0
1,0.578125,0.5892056822776794,0.5664491653442383,833.0,819.0,0.6925281882286072,0.01,0.1398816555738449,0.5710676908493042,0.570304274559021,0.5661458373069763,0.573437511920929,1101.0,1087.0,0.5,0.5584830641746521,0.5,240.0,240.0,1.8628288507461548,0.0,0.5,0.5,0.5,0.5,240.0,240.0
2,0.621874988079071,0.6463619470596313,0.6088525056838989,753.0,748.0,0.6665751934051514,0.01,0.2185002714395523,0.6080095767974854,0.6093994975090027,0.6078125238418579,0.6104166507720947,1172.0,1167.0,0.5,0.5308789014816284,0.5,240.0,240.0,3.0334296226501465,0.0,0.5,0.5,0.5,0.5,240.0,240.0
3,0.629687488079071,0.6743311882019043,0.6246131062507629,725.0,710.0,0.6500023603439331,0.01,0.25277772545814514,0.6256415843963623,0.6272965669631958,0.6223958134651184,0.6302083134651184,1210.0,1195.0,0.5,0.5234917402267456,0.5,240.0,240.0,3.4206008911132812,0.0,0.5,0.5,0.5,0.5,240.0,240.0
4,0.6885416507720947,0.7490329146385193,0.6868053674697876,606.0,593.0,0.5923914313316345,0.0009999999,0.37561705708503723,0.6863291263580322,0.6890403628349304,0.684374988079071,0.6911458373069763,1327.0,1314.0,0.5,0.503125011920929,0.5,240.0,240.0,3.717651128768921,0.0,0.5,0.5,0.5,0.5,240.0,240.0
5,0.7015625238418579,0.7676174640655518,0.7003771066665649,577.0,572.0,0.5784364342689514,0.0009999999,0.40159836411476135,0.7002876400947571,0.7013055086135864,0.6994791626930237,0.7020833492279053,1348.0,1343.0,0.5,0.5005208253860474,0.5,240.0,240.0,3.9798202514648438,0.0,0.5,0.5,0.5,0.5,240.0,240.0
