epoch,accuracy,auc,f1_score,fn,fp,loss,lr,mcc,npv,precision,recall,specificity,tn,tp,val_accuracy,val_auc,val_f1_score,val_fn,val_fp,val_loss,val_mcc,val_npv,val_precision,val_recall,val_specificity,val_tn,val_tp
0,0.5536458492279053,0.54795902967453,0.5441632866859436,1104.0,1125.0,0.7189637422561646,0.01,0.08536699414253235,0.5438969731330872,0.535315990447998,0.5400000214576721,0.5364583134651184,1275.0,1296.0,0.5,0.5,0.5,240.0,240.0,18.32853889465332,0.0,0.5,0.5,0.5,0.5,240.0,240.0
1,0.6208333373069763,0.6469597816467285,0.6080585718154907,751.0,753.0,0.6688652634620667,0.01,0.2169550061225891,0.6089213490486145,0.6082205772399902,0.6088541746139526,0.6078125238418579,1167.0,1169.0,0.5041666626930237,0.5656553506851196,0.3944702446460724,323.0,118.0,1.345914602279663,0.06444426625967026,0.5410682559013367,0.5709090828895569,0.3270833194255829,0.7541666626930237,362.0,157.0
2,0.6463541388511658,0.6814433336257935,0.6422275304794312,689.0,681.0,0.6446656584739685,0.01,0.28657200932502747,0.6430650949478149,0.6438284516334534,0.6411458253860474,0.645312488079071,1239.0,1231.0,0.5,0.5189974308013916,0.5,240.0,240.0,3.6738083362579346,0.0,0.5,0.5,0.5,0.5,240.0,240.0
3,0.6734374761581421,0.7252962589263916,0.6731544733047485,628.0,627.0,0.6176754832267761,0.01,0.3464033305644989,0.6729723215103149,0.6732673048973083,0.6729166507720947,0.6734374761581421,1293.0,1292.0,0.5,0.506176233291626,0.5,240.0,240.0,3.281127691268921,0.0,0.5,0.5,0.5,0.5,240.0,240.0
4,0.6744791865348816,0.7335498929023743,0.6744410395622253,624.0,627.0,0.6056890487670898,0.01,0.34848716855049133,0.6745545864105225,0.6739469766616821,0.675000011920929,0.6734374761581421,1293.0,1296.0,0.5,0.5,0.5,240.0,240.0,5.392103672027588,0.0,0.5,0.5,0.5,0.5,240.0,240.0
5,0.6677083373069763,0.7279216647148132,0.6667584180831909,640.0,639.0,0.6114695072174072,0.0009999999,0.3338874876499176,0.6670011281967163,0.6670140624046326,0.6666666865348816,0.667187511920929,1281.0,1280.0,0.5,0.5956553816795349,0.49791666865348816,241.0,239.0,1.2864018678665161,-0.00012241999502293766,0.5018382668495178,0.5,0.49791666865348816,0.5020833611488342,241.0,239.0
6,0.7093750238418579,0.7790576219558716,0.7111802697181702,554.0,555.0,0.5657494068145752,0.0009999999,0.42243069410324097,0.7115023136138916,0.7110880017280579,0.7114583253860474,0.7109375,1365.0,1366.0,0.5,0.5561459064483643,0.5,240.0,240.0,2.743467092514038,0.0,0.5,0.5,0.5,0.5,240.0,240.0
