epoch,accuracy,auc,f1_score,fn,fp,loss,lr,mcc,npv,precision,recall,specificity,tn,tp,val_accuracy,val_auc,val_f1_score,val_fn,val_fp,val_loss,val_mcc,val_npv,val_precision,val_recall,val_specificity,val_tn,val_tp
0,0.4937500059604645,0.5039265751838684,0.5053532123565674,1177.0,1217.0,0.7339299917221069,0.01,0.0029749409295618534,0.5006473660469055,0.5012295246124268,0.5095833539962769,0.4911458194255829,1183.0,1223.0,0.5,0.524379312992096,0.5,240.0,240.0,2.542419195175171,0.0,0.5,0.5,0.5,0.5,240.0,240.0
1,0.5953124761581421,0.6106978058815002,0.5766351222991943,816.0,802.0,0.6821652054786682,0.01,0.15755997598171234,0.5780973434448242,0.5792235136032104,0.574999988079071,0.5822916626930237,1118.0,1104.0,0.5,0.5972829461097717,0.496791273355484,243.0,236.0,0.7135115265846252,0.0021110454108566046,0.5021390318870544,0.5010570883750916,0.4937500059604645,0.5083333253860474,244.0,237.0
2,0.6239583492279053,0.6554208397865295,0.6227113008499146,722.0,724.0,0.6645323038101196,0.01,0.24728511273860931,0.6251145601272583,0.6233090758323669,0.6239583492279053,0.6229166388511658,1196.0,1198.0,0.5,0.5,0.5,240.0,240.0,10.679784774780273,0.0,0.5,0.5,0.5,0.5,240.0,240.0
3,0.6447916626930237,0.7038211226463318,0.644963264465332,679.0,687.0,0.6285527944564819,0.01,0.2885757386684418,0.6449568271636963,0.6436722278594971,0.6463541388511658,0.6421874761581421,1233.0,1241.0,0.5,0.5,0.5,240.0,240.0,5.484084129333496,0.0,0.5,0.5,0.5,0.5,240.0,240.0
4,0.6890624761581421,0.7488231062889099,0.6876097321510315,602.0,595.0,0.5912519097328186,0.0009999999,0.37658819556236267,0.687793493270874,0.6889702081680298,0.6864583492279053,0.6901041865348816,1325.0,1318.0,0.5,0.5,0.5,240.0,240.0,4.3966851234436035,0.0,0.5,0.5,0.5,0.5,240.0,240.0
5,0.7145833373069763,0.7916582822799683,0.714697003364563,548.0,547.0,0.5497305393218994,0.0009999999,0.4297274351119995,0.714891791343689,0.7149556875228882,0.7145833373069763,0.7151041626930237,1373.0,1372.0,0.5,0.5,0.5,240.0,240.0,4.611224174499512,0.0,0.5,0.5,0.5,0.5,240.0,240.0
