epoch,accuracy,auc,f1_score,fn,fp,loss,lr,mcc,npv,precision,recall,specificity,tn,tp,val_accuracy,val_auc,val_f1_score,val_fn,val_fp,val_loss,val_mcc,val_npv,val_precision,val_recall,val_specificity,val_tn,val_tp
0,0.5223958492279053,0.5131596922874451,0.5143924951553345,1166.0,1182.0,0.7387794852256775,0.01,0.027300583198666573,0.5144160985946655,0.5107616186141968,0.5141666531562805,0.5093749761581421,1218.0,1234.0,0.5,0.5059657096862793,0.6666666269302368,0.0,480.0,4.0494256019592285,0.0,0.0,0.5,1.0,0.0,0.0,480.0
1,0.5067708492279053,0.5000072121620178,0.5118643641471863,926.0,952.0,0.7191250920295715,0.01,0.02187967859208584,0.5132236480712891,0.5107913613319397,0.5177083611488342,0.5041666626930237,968.0,994.0,0.5,0.5074175596237183,0.5,240.0,240.0,2.15841007232666,0.0,0.5,0.5,0.5,0.5,240.0,240.0
2,0.5505208373069763,0.5473687052726746,0.540955662727356,868.0,911.0,0.6989524364471436,0.01,0.07377186417579651,0.5378378629684448,0.535914421081543,0.5479166507720947,0.5255208611488342,1009.0,1052.0,0.5,0.5154882669448853,0.5,240.0,240.0,2.1448705196380615,0.0,0.5,0.5,0.5,0.5,240.0,240.0
3,0.59375,0.6357671618461609,0.5962326526641846,771.0,785.0,0.6657872796058655,0.01,0.18972794711589813,0.5953109264373779,0.5941054821014404,0.598437488079071,0.5911458134651184,1135.0,1149.0,0.5,0.5243402719497681,0.5,240.0,240.0,2.10127854347229,0.0,0.5,0.5,0.5,0.5,240.0,240.0
4,0.6067708134651184,0.6428739428520203,0.6061028242111206,761.0,746.0,0.6619012355804443,0.0009999999,0.215210422873497,0.6064589619636536,0.608398973941803,0.6036458611488342,0.6114583611488342,1174.0,1159.0,0.5,0.5330359935760498,0.5,240.0,240.0,2.1800026893615723,0.0,0.5,0.5,0.5,0.5,240.0,240.0
5,0.6260416507720947,0.6612999439239502,0.625126838684082,722.0,715.0,0.6540026068687439,0.0009999999,0.25167229771614075,0.6252464056015015,0.6262415051460266,0.6239583492279053,0.6276041865348816,1205.0,1198.0,0.5,0.5554231405258179,0.5,240.0,240.0,1.5831701755523682,0.0,0.5,0.5,0.5,0.5,240.0,240.0
