epoch,accuracy,auc,f1_score,fn,fp,loss,lr,mcc,npv,precision,recall,specificity,tn,tp,val_accuracy,val_auc,val_f1_score,val_fn,val_fp,val_loss,val_mcc,val_npv,val_precision,val_recall,val_specificity,val_tn,val_tp
0,0.581250011920929,0.5628295540809631,0.5651203989982605,1072.0,1077.0,0.7024755477905273,0.01,0.13161316514015198,0.5654916167259216,0.5521829724311829,0.5533333420753479,0.5640624761581421,1323.0,1328.0,0.5,0.5,0.5,240.0,240.0,15.188695907592773,0.0,0.5,0.5,0.5,0.5,240.0,240.0
1,0.6171875,0.6428217887878418,0.6007806062698364,775.0,739.0,0.671918511390686,0.01,0.21192148327827454,0.6051105856895447,0.6077494621276855,0.5963541865348816,0.6151041388511658,1181.0,1145.0,0.5520833134651184,0.49791666865348816,0.0,480.0,0.0,4.164698600769043,0.0,0.5,0.0,0.0,1.0,480.0,0.0
2,0.6197916865348816,0.6559202671051025,0.6081781983375549,755.0,745.0,0.6577917337417603,0.01,0.2190706580877304,0.6086894273757935,0.6099476218223572,0.6067708134651184,0.6119791865348816,1175.0,1165.0,0.5,0.5432682037353516,0.0,480.0,0.0,3.5554802417755127,0.0,0.5,0.0,0.0,1.0,480.0,0.0
3,0.6505208611488342,0.705817461013794,0.6489996314048767,681.0,659.0,0.6260928511619568,0.01,0.3022787272930145,0.6493088006973267,0.6527923941612244,0.645312488079071,0.6567708253860474,1261.0,1239.0,0.5,0.5,0.6666666269302368,0.0,480.0,37.071956634521484,0.0,0.0,0.5,1.0,0.0,0.0,480.0
4,0.6645833253860474,0.7199835777282715,0.6614428758621216,642.0,665.0,0.6208479404449463,0.01,0.3195416331291199,0.6620547771453857,0.6577457785606384,0.6656249761581421,0.6536458134651184,1255.0,1278.0,0.5,0.5403342247009277,0.6666666269302368,0.0,480.0,10.305875778198242,0.0,0.0,0.5,1.0,0.0,0.0,480.0
5,0.6656249761581421,0.7061089277267456,0.655260443687439,663.0,657.0,0.6303893327713013,0.0009999999,0.31282901763916016,0.6565030217170715,0.6567398309707642,0.6546875238418579,0.6578124761581421,1263.0,1257.0,0.5,0.5470746755599976,0.6721982359886169,17.0,436.0,3.2738165855407715,0.07355792075395584,0.5151515603065491,0.5150166749954224,0.9645833373069763,0.09166666865348816,44.0,463.0
6,0.6796875,0.7436671257019043,0.6819747686386108,609.0,614.0,0.5965278744697571,0.0009999999,0.36306384205818176,0.6818868517875671,0.6810389757156372,0.682812511920929,0.6802083253860474,1306.0,1311.0,0.5,0.5528971552848816,0.5,240.0,240.0,2.667320966720581,0.0,0.5,0.5,0.5,0.5,240.0,240.0
