epoch,accuracy,auc,f1_score,fn,fp,loss,lr,mcc,npv,precision,recall,specificity,tn,tp,val_accuracy,val_auc,val_f1_score,val_fn,val_fp,val_loss,val_mcc,val_npv,val_precision,val_recall,val_specificity,val_tn,val_tp
0,0.5625,0.549770176410675,0.5494124889373779,1108.0,1093.0,0.7377488613128662,0.01,0.1040547788143158,0.5507822632789612,0.5417190790176392,0.5383333563804626,0.5557291507720947,1307.0,1292.0,0.5,0.5,0.5,240.0,240.0,9.96424674987793,0.0,0.5,0.5,0.5,0.5,240.0,240.0
1,0.5874999761581421,0.6050048470497131,0.5794562101364136,804.0,814.0,0.6944707036018372,0.01,0.1577749401330948,0.5783054232597351,0.5782383680343628,0.581250011920929,0.5760416388511658,1106.0,1116.0,0.5,0.5412261486053467,0.0,480.0,0.0,6.414557933807373,0.0,0.5,0.0,0.0,1.0,480.0,0.0
2,0.6130208373069763,0.6567206978797913,0.6054905652999878,760.0,749.0,0.6647863984107971,0.01,0.21421507000923157,0.6070111393928528,0.6076479554176331,0.6041666865348816,0.6098958253860474,1171.0,1160.0,0.5,0.5,0.5,240.0,240.0,6.526866436004639,0.0,0.5,0.5,0.5,0.5,240.0,240.0
3,0.6557291746139526,0.6918110251426697,0.6475865840911865,674.0,682.0,0.6383691430091858,0.01,0.2938724458217621,0.6474734544754028,0.6462655663490295,0.6489583253860474,0.6447916626930237,1238.0,1246.0,0.5,0.5,0.5,240.0,240.0,9.926522254943848,0.0,0.5,0.5,0.5,0.5,240.0,240.0
4,0.6635416746139526,0.7031506896018982,0.662571370601654,653.0,638.0,0.6323955655097961,0.0009999999,0.3277057707309723,0.6623622179031372,0.665091872215271,0.6598958373069763,0.6677083373069763,1282.0,1267.0,0.5,0.5,0.5,240.0,240.0,5.351761341094971,0.0,0.5,0.5,0.5,0.5,240.0,240.0
5,0.6864583492279053,0.741969108581543,0.685486912727356,607.0,598.0,0.6022752523422241,0.0009999999,0.37249231338500977,0.6852911710739136,0.6870748400688171,0.6838541626930237,0.6885416507720947,1322.0,1313.0,0.5,0.5,0.5,240.0,240.0,4.346833229064941,0.0,0.5,0.5,0.5,0.5,240.0,240.0
