epoch,accuracy,auc,f1_score,fn,fp,loss,lr,mcc,npv,precision,recall,specificity,tn,tp,val_accuracy,val_auc,val_f1_score,val_fn,val_fp,val_loss,val_mcc,val_npv,val_precision,val_recall,val_specificity,val_tn,val_tp
0,0.4973958432674408,0.6161394119262695,0.49360939860343933,1069.0,1035.0,0.7447431087493896,0.01,9.257991769118235e-05,0.500458300113678,0.562552809715271,0.5545833110809326,0.5098958611488342,1365.0,1331.0,0.5,0.5,0.5,240.0,240.0,10733.8212890625,0.0,0.5,0.5,0.5,0.5,240.0,240.0
1,0.53125,0.5394874215126038,0.5296797752380371,890.0,926.0,0.710150957107544,0.01,0.05439930781722069,0.5276315212249756,0.5265848636627197,0.5364583134651184,0.5177083611488342,994.0,1030.0,0.5,0.5,0.5,240.0,240.0,9.396390914916992,0.0,0.5,0.5,0.5,0.5,240.0,240.0
2,0.5958333611488342,0.6230648756027222,0.5931465029716492,773.0,798.0,0.6784834265708923,0.01,0.181996151804924,0.5924186706542969,0.5897172093391418,0.5973958373069763,0.5843750238418579,1122.0,1147.0,0.5,0.5374783277511597,0.5,240.0,240.0,2.40783953666687,0.0,0.5,0.5,0.5,0.5,240.0,240.0
3,0.621874988079071,0.6517452001571655,0.6132330298423767,748.0,730.0,0.6630473732948303,0.01,0.2305581420660019,0.6139507293701172,0.6161934733390808,0.6104166507720947,0.6197916865348816,1190.0,1172.0,0.5,0.6054839491844177,0.2430991232395172,404.0,31.0,0.993378221988678,0.1014779657125473,0.528849720954895,0.7102803587913513,0.15833333134651184,0.9354166388511658,449.0,76.0
4,0.6151041388511658,0.6522068381309509,0.6010711789131165,786.0,712.0,0.6574145555496216,0.0009999999,0.22006458044052124,0.607350766658783,0.6143012046813965,0.590624988079071,0.6291666626930237,1208.0,1134.0,0.5,0.6111133694648743,0.5,240.0,240.0,1.7398850917816162,0.0,0.5,0.5,0.5,0.5,240.0,240.0
5,0.6395833492279053,0.6889356970787048,0.637283205986023,702.0,685.0,0.6386414170265198,0.0009999999,0.27767521142959595,0.6374136209487915,0.6400420665740967,0.6343749761581421,0.6432291865348816,1235.0,1218.0,0.5,0.6097482442855835,0.5,240.0,240.0,2.086216449737549,0.0,0.5,0.5,0.5,0.5,240.0,240.0
