epoch,accuracy,auc,f1_score,fn,fp,loss,lr,mcc,npv,precision,recall,specificity,tn,tp,val_accuracy,val_auc,val_f1_score,val_fn,val_fp,val_loss,val_mcc,val_npv,val_precision,val_recall,val_specificity,val_tn,val_tp
0,0.5296875238418579,0.5276097655296326,0.5169893503189087,1177.0,1125.0,0.7396112084388733,0.01,0.05136981979012489,0.5254008769989014,0.5208688378334045,0.5095833539962769,0.5390625,1275.0,1223.0,0.5,0.5405446887016296,0.5,240.0,240.0,2.1943297386169434,0.0,0.5,0.5,0.5,0.5,240.0,240.0
1,0.5223958492279053,0.5386437177658081,0.5298792719841003,894.0,915.0,0.7148095965385437,0.01,0.057892050594091415,0.5288438200950623,0.5285934805870056,0.534375011920929,0.5234375,1005.0,1026.0,0.5395833253860474,0.5806553363800049,0.6730639934539795,9.0,449.0,0.8309724926948547,0.09058967232704163,0.5666666626930237,0.511956512928009,0.981249988079071,0.06458333134651184,31.0,471.0
2,0.5953124761581421,0.6356585025787354,0.58669114112854,798.0,772.0,0.6677668690681458,0.01,0.18258871138095856,0.5915358066558838,0.5923970341682434,0.5843750238418579,0.5979166626930237,1148.0,1122.0,0.5,0.5536805391311646,0.5,240.0,240.0,2.44437837600708,0.0,0.5,0.5,0.5,0.5,240.0,240.0
3,0.6302083134651184,0.6799786686897278,0.6262062788009644,720.0,713.0,0.6479254961013794,0.01,0.2538166344165802,0.6262122392654419,0.627286970615387,0.625,0.6286458373069763,1207.0,1200.0,0.5,0.5627908110618591,0.5,240.0,240.0,2.3562307357788086,0.0,0.5,0.5,0.5,0.5,240.0,240.0
4,0.6708333492279053,0.7218652367591858,0.6714737415313721,634.0,623.0,0.616174578666687,0.01,0.34541651606559753,0.6721303462982178,0.6736510992050171,0.6697916388511658,0.6755208373069763,1297.0,1286.0,0.5,0.5583311319351196,0.5,240.0,240.0,2.4920523166656494,0.0,0.5,0.5,0.5,0.5,240.0,240.0
5,0.6734374761581421,0.7445874214172363,0.6729792356491089,628.0,627.0,0.6024461388587952,0.0009999999,0.346368670463562,0.6733137965202332,0.6732673048973083,0.6729166507720947,0.6734374761581421,1293.0,1292.0,0.5,0.5078125,0.5,240.0,240.0,3.226093053817749,0.0,0.5,0.5,0.5,0.5,240.0,240.0
6,0.7208333611488342,0.7941140532493591,0.7215303778648376,534.0,536.0,0.550054132938385,0.0009999999,0.4427134096622467,0.7215221524238586,0.7211238145828247,0.721875011920929,0.7208333611488342,1384.0,1386.0,0.5,0.5166666507720947,0.5,240.0,240.0,3.0648245811462402,0.0,0.5,0.5,0.5,0.5,240.0,240.0
