epoch,accuracy,auc,f1_score,fn,fp,loss,lr,mcc,npv,precision,recall,specificity,tn,tp,val_accuracy,val_auc,val_f1_score,val_fn,val_fp,val_loss,val_mcc,val_npv,val_precision,val_recall,val_specificity,val_tn,val_tp
0,0.5135416388511658,0.5191908478736877,0.5145208239555359,1162.0,1195.0,0.7438923120498657,0.01,0.022521477192640305,0.5111300349235535,0.5088368058204651,0.51583331823349,0.5026041865348816,1205.0,1238.0,0.5,0.497717022895813,0.0,480.0,0.0,15.519217491149902,0.0,0.5,0.0,0.0,1.0,480.0,0.0
1,0.5677083134651184,0.5881876945495605,0.5624213814735413,831.0,858.0,0.6971856951713562,0.01,0.12060365825891495,0.5613529086112976,0.5593220591545105,0.567187488079071,0.5531250238418579,1062.0,1089.0,0.5,0.5117555856704712,0.5,240.0,240.0,2.64979887008667,0.0,0.5,0.5,0.5,0.5,240.0,240.0
2,0.6005208492279053,0.6290432810783386,0.5836525559425354,813.0,763.0,0.6767282485961914,0.01,0.17960061132907867,0.5877001881599426,0.5919786095619202,0.5765625238418579,0.6026041507720947,1157.0,1107.0,0.5,0.5,0.5,240.0,240.0,4.874185085296631,0.0,0.5,0.5,0.5,0.5,240.0,240.0
3,0.6244791746139526,0.6755135655403137,0.6233804821968079,722.0,724.0,0.6498993635177612,0.01,0.2470279335975647,0.6240283250808716,0.6233090758323669,0.6239583492279053,0.6229166388511658,1196.0,1198.0,0.5,0.5,0.5,240.0,240.0,7.521244525909424,0.0,0.5,0.5,0.5,0.5,240.0,240.0
4,0.590624988079071,0.6262608170509338,0.5803053379058838,808.0,800.0,0.6645500063896179,0.0009999999,0.1627480834722519,0.5798094272613525,0.581589937210083,0.5791666507720947,0.5833333134651184,1120.0,1112.0,0.5,0.5,0.5,240.0,240.0,5.6438446044921875,0.0,0.5,0.5,0.5,0.5,240.0,240.0
5,0.628125011920929,0.6721616387367249,0.6269079446792603,718.0,712.0,0.6486260890960693,0.0009999999,0.25523993372917175,0.6274074912071228,0.6280041933059692,0.6260416507720947,0.6291666626930237,1208.0,1202.0,0.5,0.5,0.5,240.0,240.0,4.345033645629883,0.0,0.5,0.5,0.5,0.5,240.0,240.0
