epoch,accuracy,auc,f1_score,fn,fp,loss,lr,mcc,npv,precision,recall,specificity,tn,tp,val_accuracy,val_auc,val_f1_score,val_fn,val_fp,val_loss,val_mcc,val_npv,val_precision,val_recall,val_specificity,val_tn,val_tp
0,0.5145833492279053,0.5168774127960205,0.5074548125267029,1191.0,1160.0,0.7321528792381287,0.01,0.025446534156799316,0.5125685930252075,0.5103419423103333,0.5037500262260437,0.5208333134651184,1240.0,1209.0,0.5,0.5322960019111633,0.6666666269302368,0.0,480.0,35.166526794433594,0.0,0.0,0.5,1.0,0.0,0.0,480.0
1,0.5729166865348816,0.5965820550918579,0.5672645568847656,825.0,843.0,0.7002366185188293,0.01,0.13153713941574097,0.5657333135604858,0.5650154948234558,0.5703125,0.5609375238418579,1077.0,1095.0,0.5,0.5,0.5,240.0,240.0,7.965730667114258,0.0,0.5,0.5,0.5,0.5,240.0,240.0
2,0.5953124761581421,0.6210550665855408,0.5844609141349792,803.0,781.0,0.6842230558395386,0.01,0.17518512904644012,0.5874641537666321,0.5885142087936401,0.5817708373069763,0.5932291746139526,1139.0,1117.0,0.5,0.5522894859313965,0.5,240.0,240.0,3.20271372795105,0.0,0.5,0.5,0.5,0.5,240.0,240.0
3,0.6208333373069763,0.6558879017829895,0.6149057745933533,732.0,753.0,0.6620128750801086,0.01,0.2268562763929367,0.6153906583786011,0.6120556592941284,0.6187499761581421,0.6078125238418579,1167.0,1188.0,0.5,0.5078125,0.5,240.0,240.0,5.119385242462158,0.0,0.5,0.5,0.5,0.5,240.0,240.0
4,0.6427083611488342,0.6926653981208801,0.6383085250854492,699.0,683.0,0.6428434252738953,0.0009999999,0.2802562117576599,0.6394830346107483,0.6412814855575562,0.635937511920929,0.6442708373069763,1237.0,1221.0,0.5,0.5568077564239502,0.5,240.0,240.0,3.5048105716705322,0.0,0.5,0.5,0.5,0.5,240.0,240.0
5,0.6614583134651184,0.7159571647644043,0.6597585082054138,655.0,650.0,0.6198388338088989,0.0009999999,0.32037436962127686,0.6596394777297974,0.6605744361877441,0.6588541865348816,0.6614583134651184,1270.0,1265.0,0.5,0.5506836175918579,0.5,240.0,240.0,3.689136266708374,0.0,0.5,0.5,0.5,0.5,240.0,240.0
