epoch,accuracy,auc,f1_score,fn,fp,loss,lr,mcc,npv,precision,recall,specificity,tn,tp,val_accuracy,val_auc,val_f1_score,val_fn,val_fp,val_loss,val_mcc,val_npv,val_precision,val_recall,val_specificity,val_tn,val_tp
0,0.49531251192092896,0.5012986063957214,0.5022680163383484,1185.0,1211.0,0.7473717927932739,0.01,0.0018705971306189895,0.5013394951820374,0.5008243918418884,0.5062500238418579,0.49427083134651184,1189.0,1215.0,0.5,0.5402864813804626,0.6666666269302368,0.0,480.0,3.463510274887085,0.0,0.0,0.5,1.0,0.0,0.0,480.0
1,0.5786458253860474,0.5958311557769775,0.567388117313385,823.0,845.0,0.6919749975204468,0.01,0.13171809911727905,0.5664493441581726,0.5648815631866455,0.5713541507720947,0.5598958134651184,1075.0,1097.0,0.5229166746139526,0.5859331488609314,0.669493556022644,0.0,474.0,1.659201979637146,0.04074579477310181,0.2666666805744171,0.5031446814537048,1.0,0.012500000186264515,6.0,480.0
2,0.6171875,0.6488698720932007,0.6103461384773254,746.0,752.0,0.6674246191978455,0.01,0.22020119428634644,0.6102801561355591,0.6095534563064575,0.6114583611488342,0.6083333492279053,1168.0,1174.0,0.5,0.5,0.5,240.0,240.0,4.8098907470703125,0.0,0.5,0.5,0.5,0.5,240.0,240.0
3,0.6427083611488342,0.6877663731575012,0.6397474408149719,692.0,690.0,0.6408664584159851,0.01,0.28034162521362305,0.6402397751808167,0.6402502655982971,0.6395833492279053,0.640625,1230.0,1228.0,0.5,0.5,0.5,240.0,240.0,5.277482032775879,0.0,0.5,0.5,0.5,0.5,240.0,240.0
4,0.643750011920929,0.694080650806427,0.6408593058586121,691.0,688.0,0.6383546590805054,0.01,0.2818993926048279,0.6401106119155884,0.6411058902740479,0.6401041746139526,0.6416666507720947,1232.0,1229.0,0.5,0.5565624833106995,0.5178917646408081,230.0,241.0,1.9125806093215942,0.01707865484058857,0.5,0.5091649889945984,0.5208333134651184,0.49791666865348816,239.0,250.0
5,0.6682291626930237,0.7228742837905884,0.6678855419158936,637.0,639.0,0.6171715259552002,0.0009999999,0.3354741632938385,0.6678803563117981,0.667533814907074,0.6682291626930237,0.667187511920929,1281.0,1283.0,0.5,0.5485438108444214,0.5,240.0,240.0,2.836005926132202,0.0,0.5,0.5,0.5,0.5,240.0,240.0
6,0.6875,0.7429713010787964,0.6860776543617249,602.0,604.0,0.5999749898910522,0.0009999999,0.3718983829021454,0.6861889362335205,0.6857439875602722,0.6864583492279053,0.6854166388511658,1316.0,1318.0,0.5,0.548849880695343,0.5,240.0,240.0,2.7759926319122314,0.0,0.5,0.5,0.5,0.5,240.0,240.0
