epoch,accuracy,auc,f1_score,fn,fp,loss,lr,mcc,npv,precision,recall,specificity,tn,tp,val_accuracy,val_auc,val_f1_score,val_fn,val_fp,val_loss,val_mcc,val_npv,val_precision,val_recall,val_specificity,val_tn,val_tp
0,0.5567708611488342,0.5415034890174866,0.539447546005249,1126.0,1117.0,0.7137601971626282,0.01,0.08204179257154465,0.5394909977912903,0.5328314304351807,0.5308333039283752,0.5432291626930237,1283.0,1274.0,0.5,0.5,0.5,240.0,240.0,29.096464157104492,0.0,0.5,0.5,0.5,0.5,240.0,240.0
1,0.5895833373069763,0.619477391242981,0.5839575529098511,793.0,814.0,0.683301568031311,0.01,0.16336794197559357,0.581344485282898,0.580628514289856,0.5869791507720947,0.5760416388511658,1106.0,1127.0,0.637499988079071,0.5,0.0,480.0,0.0,5.248960971832275,0.0,0.5,0.0,0.0,1.0,480.0,0.0
2,0.621874988079071,0.6538287997245789,0.6088053584098816,759.0,729.0,0.6623715758323669,0.01,0.22529250383377075,0.6117628812789917,0.6142857074737549,0.604687511920929,0.620312511920929,1191.0,1161.0,0.5,0.5400108695030212,0.0040404037572443485,479.0,0.0,3.534317970275879,0.008399209938943386,0.5005291104316711,1.0,0.0020833334419876337,1.0,480.0,1.0
3,0.6307291388511658,0.6810775995254517,0.6269773840904236,720.0,708.0,0.6427152752876282,0.01,0.2563171982765198,0.6272789239883423,0.6289308071136475,0.625,0.6312500238418579,1212.0,1200.0,0.5,0.5,0.5,240.0,240.0,6.048617362976074,0.0,0.5,0.5,0.5,0.5,240.0,240.0
4,0.6645833253860474,0.725016176700592,0.6645698547363281,643.0,646.0,0.6198193430900574,0.01,0.3286822438240051,0.6646113991737366,0.6640665531158447,0.6651041507720947,0.6635416746139526,1274.0,1277.0,0.5,0.5,0.5,240.0,240.0,10.067739486694336,0.0,0.5,0.5,0.5,0.5,240.0,240.0
5,0.6734374761581421,0.7210298776626587,0.6725520491600037,627.0,632.0,0.6274120807647705,0.0009999999,0.34430113434791565,0.6725978851318359,0.6716883182525635,0.6734374761581421,0.6708333492279053,1288.0,1293.0,0.5,0.5,0.5,240.0,240.0,7.788883686065674,0.0,0.5,0.5,0.5,0.5,240.0,240.0
6,0.714062511920929,0.7789791822433472,0.7141884565353394,545.0,555.0,0.5705039501190186,0.0009999999,0.42713069915771484,0.7148767709732056,0.712435245513916,0.7161458134651184,0.7109375,1365.0,1375.0,0.5,0.5,0.5,240.0,240.0,5.273477077484131,0.0,0.5,0.5,0.5,0.5,240.0,240.0
