epoch,accuracy,auc,f1_score,fn,fp,loss,lr,mcc,npv,precision,recall,specificity,tn,tp,val_accuracy,val_auc,val_f1_score,val_fn,val_fp,val_loss,val_mcc,val_npv,val_precision,val_recall,val_specificity,val_tn,val_tp
0,0.6401041746139526,0.6159084439277649,0.6245254874229431,958.0,939.0,0.7454303503036499,0.01,0.2545067369937897,0.626200795173645,0.6056278944015503,0.6008333563804626,0.6317708492279053,1461.0,1442.0,0.5,0.5302994847297668,0.6562675833702087,43.0,417.0,0.8430681228637695,0.04296348989009857,0.4888888895511627,0.5117096304893494,0.9104166626930237,0.13124999403953552,63.0,437.0
1,0.7270833253860474,0.7985442280769348,0.7183459401130676,547.0,528.0,0.5463503003120422,0.01,0.4407934248447418,0.7187293767929077,0.7222514748573303,0.7151041626930237,0.7250000238418579,1392.0,1373.0,0.5,0.5149175524711609,0.5,240.0,240.0,0.9971511960029602,0.0,0.5,0.5,0.5,0.5,240.0,240.0
2,0.7838541865348816,0.859029233455658,0.7769134044647217,422.0,438.0,0.4697922170162201,0.01,0.5525760054588318,0.778722882270813,0.7737603187561035,0.7802083492279053,0.7718750238418579,1482.0,1498.0,0.5,0.5131163597106934,0.5,240.0,240.0,1.302966833114624,0.0,0.5,0.5,0.5,0.5,240.0,240.0
3,0.8062499761581421,0.8864790201187134,0.8015226125717163,381.0,381.0,0.42479372024536133,0.01,0.6034421920776367,0.8018252849578857,0.801562488079071,0.801562488079071,0.801562488079071,1539.0,1539.0,0.5,0.5620225667953491,0.5,240.0,240.0,1.517724871635437,0.0,0.5,0.5,0.5,0.5,240.0,240.0
4,0.8531249761581421,0.9284336566925049,0.8514057397842407,286.0,284.0,0.35358497500419617,0.0009999999,0.7036534547805786,0.851779043674469,0.8519290685653687,0.8510416746139526,0.8520833253860474,1636.0,1634.0,0.5,0.6021549701690674,0.5,240.0,240.0,1.393808364868164,0.0,0.5,0.5,0.5,0.5,240.0,240.0
5,0.8916666507720947,0.9547159075737,0.8915340900421143,203.0,215.0,0.2867034375667572,0.0009999999,0.7826233506202698,0.893783450126648,0.8887163400650024,0.8942708373069763,0.8880208134651184,1705.0,1717.0,0.5,0.60755854845047,0.5,240.0,240.0,1.2558690309524536,0.0,0.5,0.5,0.5,0.5,240.0,240.0
