epoch,accuracy,auc,f1_score,fn,fp,loss,lr,mcc,npv,precision,recall,specificity,tn,tp,val_accuracy,val_auc,val_f1_score,val_fn,val_fp,val_loss,val_mcc,val_npv,val_precision,val_recall,val_specificity,val_tn,val_tp
0,0.5484374761581421,0.5375053286552429,0.534399688243866,1137.0,1121.0,0.7190662026405334,0.01,0.07423071563243866,0.535569429397583,0.5297818779945374,0.5262500047683716,0.5411458611488342,1279.0,1263.0,0.5,0.5,0.5,240.0,240.0,63.735599517822266,0.0,0.5,0.5,0.5,0.5,240.0,240.0
1,0.6072916388511658,0.6358770132064819,0.6000295877456665,762.0,775.0,0.6831603646278381,0.01,0.1997995525598526,0.6016998291015625,0.599068820476532,0.6031249761581421,0.5963541865348816,1145.0,1158.0,0.5,0.5010416507720947,0.5,240.0,240.0,4.32403564453125,0.0,0.5,0.5,0.5,0.5,240.0,240.0
2,0.6494791507720947,0.6978231072425842,0.6459655165672302,672.0,695.0,0.6366223692893982,0.01,0.288303941488266,0.6460364460945129,0.6423057317733765,0.6499999761581421,0.6380208134651184,1225.0,1248.0,0.5,0.519761323928833,0.5,240.0,240.0,2.203003168106079,0.0,0.5,0.5,0.5,0.5,240.0,240.0
3,0.6859375238418579,0.7503485679626465,0.6867195963859558,600.0,603.0,0.5971927642822266,0.01,0.37351471185684204,0.6875055432319641,0.6864274740219116,0.6875,0.6859375238418579,1317.0,1320.0,0.5,0.5,0.5,240.0,240.0,4.699343204498291,0.0,0.5,0.5,0.5,0.5,240.0,240.0
4,0.7161458134651184,0.7875779867172241,0.7191232442855835,535.0,547.0,0.5580440163612366,0.0009999999,0.4365025758743286,0.7195767760276794,0.7168737053871155,0.7213541865348816,0.7151041626930237,1373.0,1385.0,0.5,0.5,0.5,240.0,240.0,6.323694229125977,0.0,0.5,0.5,0.5,0.5,240.0,240.0
5,0.7411458492279053,0.810857892036438,0.7406204342842102,498.0,498.0,0.5291494727134705,0.0009999999,0.4812805950641632,0.7406565546989441,0.7406250238418579,0.7406250238418579,0.7406250238418579,1422.0,1422.0,0.5,0.5,0.5,240.0,240.0,4.99098539352417,0.0,0.5,0.5,0.5,0.5,240.0,240.0
