epoch,accuracy,auc,f1_score,fn,fp,loss,lr,mcc,npv,precision,recall,specificity,tn,tp,val_accuracy,val_auc,val_f1_score,val_fn,val_fp,val_loss,val_mcc,val_npv,val_precision,val_recall,val_specificity,val_tn,val_tp
0,0.4911458194255829,0.5004305839538574,0.4975559115409851,1195.0,1212.0,0.7488680481910706,0.01,-0.0038689335342496634,0.4997698664665222,0.4985519349575043,0.5020833611488342,0.4937500059604645,1188.0,1205.0,0.5,0.5046592950820923,0.0,480.0,0.0,7.632466793060303,0.0,0.5,0.0,0.0,1.0,480.0,0.0
1,0.5833333134651184,0.6043866276741028,0.5700834393501282,825.0,826.0,0.694202184677124,0.01,0.14030680060386658,0.5693378448486328,0.5700156092643738,0.5703125,0.5697916746139526,1094.0,1095.0,0.5020833611488342,0.5405837893486023,0.6678403615951538,36.0,411.0,0.7382883429527283,0.0735485702753067,0.5515872836112976,0.519298255443573,0.925000011920929,0.14374999701976776,69.0,444.0
2,0.6338541507720947,0.6790794730186462,0.6316584944725037,707.0,706.0,0.6508353352546692,0.01,0.2642591595649719,0.6323810815811157,0.6321000456809998,0.6317708492279053,0.6322916746139526,1214.0,1213.0,0.5,0.5705511569976807,0.4989418089389801,241.0,239.0,1.1166479587554932,-7.947286384535346e-09,0.5,0.5,0.49791666865348816,0.5020833611488342,241.0,239.0
3,0.6614583134651184,0.6994947791099548,0.6547586917877197,660.0,668.0,0.6369184851646423,0.01,0.30848416686058044,0.6550537943840027,0.6535269618034363,0.65625,0.6520833373069763,1252.0,1260.0,0.5,0.5,0.5,240.0,240.0,5.738430500030518,0.0,0.5,0.5,0.5,0.5,240.0,240.0
4,0.6807291507720947,0.7383217811584473,0.680873453617096,613.0,612.0,0.6048111319541931,0.01,0.3620109558105469,0.6809643507003784,0.6810839176177979,0.6807291507720947,0.6812499761581421,1308.0,1307.0,0.5,0.5930924415588379,0.5,240.0,240.0,1.2816470861434937,0.0,0.5,0.5,0.5,0.5,240.0,240.0
5,0.7041666507720947,0.7712014317512512,0.7025789022445679,571.0,571.0,0.572867751121521,0.0009999999,0.4052378237247467,0.7026662826538086,0.7026041746139526,0.7026041746139526,0.7026041746139526,1349.0,1349.0,0.5,0.4995008707046509,0.5,240.0,240.0,3.2229669094085693,0.0,0.5,0.5,0.5,0.5,240.0,240.0
6,0.7302083373069763,0.8067842721939087,0.7293298244476318,519.0,521.0,0.5335233211517334,0.0009999999,0.45835113525390625,0.7293636798858643,0.7289282083511353,0.729687511920929,0.7286458611488342,1399.0,1401.0,0.5,0.49947044253349304,0.5,240.0,240.0,3.5053365230560303,0.0,0.5,0.5,0.5,0.5,240.0,240.0
