epoch,accuracy,auc,f1_score,fn,fp,loss,lr,mcc,npv,precision,recall,specificity,tn,tp,val_accuracy,val_auc,val_f1_score,val_fn,val_fp,val_loss,val_mcc,val_npv,val_precision,val_recall,val_specificity,val_tn,val_tp
0,0.5296875238418579,0.5267911553382874,0.5241849422454834,1146.0,1157.0,0.7299599051475525,0.01,0.05103069916367531,0.5277357697486877,0.5201161503791809,0.5224999785423279,0.5223958492279053,1243.0,1254.0,0.5,0.5,0.5,240.0,240.0,6.744889736175537,0.0,0.5,0.5,0.5,0.5,240.0,240.0
1,0.5958333611488342,0.6281125545501709,0.5921787619590759,775.0,799.0,0.6865264177322388,0.01,0.1805792897939682,0.591591477394104,0.5889917612075806,0.5963541865348816,0.5838541388511658,1121.0,1145.0,0.5791666507720947,0.5,0.6666666269302368,0.0,480.0,5.59228515625,0.0,0.0,0.5,1.0,0.0,0.0,480.0
2,0.6458333134651184,0.6745156049728394,0.6354592442512512,705.0,691.0,0.6544854044914246,0.01,0.2734001874923706,0.6346580982208252,0.6374606490135193,0.6328125,0.6401041746139526,1229.0,1215.0,0.5,0.5434505343437195,0.5,240.0,240.0,5.0204691886901855,0.0,0.5,0.5,0.5,0.5,240.0,240.0
3,0.6427083611488342,0.6913655400276184,0.6382051110267639,702.0,677.0,0.6397156119346619,0.01,0.28210702538490295,0.6395590901374817,0.6427440643310547,0.6343749761581421,0.6473958492279053,1243.0,1218.0,0.5,0.5512239933013916,0.5287363529205322,223.0,244.0,2.0461602210998535,0.0253466684371233,0.501075267791748,0.5129740238189697,0.5354166626930237,0.49166667461395264,236.0,257.0
4,0.6677083373069763,0.7171021699905396,0.6689627170562744,640.0,627.0,0.6184267401695251,0.01,0.34018436074256897,0.6688522100448608,0.671211302280426,0.6666666865348816,0.6734374761581421,1293.0,1280.0,0.5,0.6000694632530212,0.5,240.0,240.0,1.993276834487915,0.0,0.5,0.5,0.5,0.5,240.0,240.0
5,0.6947916746139526,0.7547241449356079,0.694769561290741,586.0,586.0,0.5894100069999695,0.0009999999,0.3895924985408783,0.6948333978652954,0.6947916746139526,0.6947916746139526,0.6947916746139526,1334.0,1334.0,0.5,0.5,0.5,240.0,240.0,5.775497913360596,0.0,0.5,0.5,0.5,0.5,240.0,240.0
6,0.7213541865348816,0.7852101922035217,0.7222866415977478,534.0,532.0,0.5621740221977234,0.0009999999,0.44481098651885986,0.7221056222915649,0.7226277589797974,0.721875011920929,0.7229166626930237,1388.0,1386.0,0.5,0.5651931762695312,0.5,240.0,240.0,2.8310625553131104,0.0,0.5,0.5,0.5,0.5,240.0,240.0
