epoch,accuracy,auc,f1_score,fn,fp,loss,lr,mcc,npv,precision,recall,specificity,tn,tp,val_accuracy,val_auc,val_f1_score,val_fn,val_fp,val_loss,val_mcc,val_npv,val_precision,val_recall,val_specificity,val_tn,val_tp
0,0.5213541388511658,0.5188065767288208,0.507964551448822,942.0,1422.0,0.7330357432365417,0.01,0.018783895298838615,0.5099872946739197,0.5062500238418579,0.6075000166893005,0.5093749761581421,978.0,1458.0,0.5,0.5039886832237244,0.5,240.0,240.0,1.9897311925888062,0.0,0.5,0.5,0.5,0.5,240.0,240.0
1,0.5223958492279053,0.5270704627037048,0.5097931623458862,950.0,903.0,0.7041062116622925,0.01,0.03518713265657425,0.5178298354148865,0.5178857445716858,0.5052083134651184,0.5296875238418579,1017.0,970.0,0.5,0.5,0.5,240.0,240.0,6.3263726234436035,0.0,0.5,0.5,0.5,0.5,240.0,240.0
2,0.5942708253860474,0.6165351271629333,0.5858083367347717,802.0,776.0,0.681483805179596,0.01,0.1784346103668213,0.5882039666175842,0.5902851223945618,0.5822916626930237,0.5958333611488342,1144.0,1118.0,0.5,0.5571180582046509,0.37737399339675903,338.0,98.0,1.1410001516342163,0.08259053528308868,0.537071168422699,0.5916666388511658,0.2958333194255829,0.7958333492279053,382.0,142.0
3,0.6234375238418579,0.6644416451454163,0.6218909025192261,728.0,721.0,0.6540864109992981,0.01,0.24537238478660583,0.6222996115684509,0.6231050491333008,0.6208333373069763,0.6244791746139526,1199.0,1192.0,0.5,0.5202257037162781,0.5,240.0,240.0,2.7199974060058594,0.0,0.5,0.5,0.5,0.5,240.0,240.0
4,0.6588541865348816,0.7117035388946533,0.6588350534439087,653.0,659.0,0.6239987015724182,0.0009999999,0.316728800535202,0.6588359475135803,0.6578400731086731,0.6598958373069763,0.6567708253860474,1261.0,1267.0,0.5,0.5,0.5,240.0,240.0,6.796035289764404,0.0,0.5,0.5,0.5,0.5,240.0,240.0
5,0.6692708134651184,0.7230736613273621,0.669455885887146,636.0,632.0,0.6153555512428284,0.0009999999,0.3396245539188385,0.6694251298904419,0.6701461672782898,0.668749988079071,0.6708333492279053,1288.0,1284.0,0.5,0.5,0.5,240.0,240.0,4.013211727142334,0.0,0.5,0.5,0.5,0.5,240.0,240.0
