epoch,accuracy,auc,f1_score,fn,fp,loss,lr,mcc,npv,precision,recall,specificity,tn,tp,val_accuracy,val_auc,val_f1_score,val_fn,val_fp,val_loss,val_mcc,val_npv,val_precision,val_recall,val_specificity,val_tn,val_tp
0,0.5463541746139526,0.5350127220153809,0.5282489657402039,1144.0,1149.0,0.7227382063865662,0.01,0.05597212538123131,0.5263004899024963,0.5222453474998474,0.5233333110809326,0.526562511920929,1251.0,1256.0,0.5,0.5,0.5,240.0,240.0,46.41456604003906,0.0,0.5,0.5,0.5,0.5,240.0,240.0
1,0.5942708253860474,0.6305932998657227,0.5756227970123291,832.0,765.0,0.6794657111167908,0.01,0.1688225269317627,0.5821954607963562,0.5871559381484985,0.5666666626930237,0.6015625,1155.0,1088.0,0.5,0.5,0.6666666269302368,0.0,480.0,72.87594604492188,0.0,0.0,0.5,1.0,0.0,0.0,480.0
2,0.6401041746139526,0.6810250282287598,0.634446918964386,699.0,705.0,0.646480143070221,0.01,0.26893383264541626,0.6356827616691589,0.6339563727378845,0.635937511920929,0.6328125,1215.0,1221.0,0.5,0.5103168487548828,0.5,240.0,240.0,5.387185096740723,0.0,0.5,0.5,0.5,0.5,240.0,240.0
3,0.6661458611488342,0.7213299870491028,0.6628050208091736,646.0,650.0,0.6184138059616089,0.01,0.32515284419059753,0.6629103422164917,0.662162184715271,0.6635416746139526,0.6614583134651184,1270.0,1274.0,0.5,0.5,0.5,240.0,240.0,9.589381217956543,0.0,0.5,0.5,0.5,0.5,240.0,240.0
4,0.6817708611488342,0.7477644681930542,0.6824460625648499,608.0,613.0,0.5969501733779907,0.0009999999,0.3640856444835663,0.6825025081634521,0.6815584301948547,0.6833333373069763,0.6807291507720947,1307.0,1312.0,0.5,0.5318771600723267,0.49897435307502747,240.0,241.0,3.024122714996338,-0.0020517667289823294,0.5,0.4989604949951172,0.5,0.49791666865348816,239.0,240.0
5,0.7119791507720947,0.7752619981765747,0.7113674283027649,555.0,553.0,0.571909487247467,0.0009999999,0.4229436218738556,0.7111269235610962,0.7116788029670715,0.7109375,0.7119791507720947,1367.0,1365.0,0.49791666865348816,0.558923602104187,0.5224746465682983,221.0,254.0,1.808447241783142,0.009293039329349995,0.501075267791748,0.5048732757568359,0.5395833253860474,0.47083333134651184,226.0,259.0
