epoch,accuracy,auc,f1_score,fn,fp,loss,lr,mcc,npv,precision,recall,specificity,tn,tp,val_accuracy,val_auc,val_f1_score,val_fn,val_fp,val_loss,val_mcc,val_npv,val_precision,val_recall,val_specificity,val_tn,val_tp
0,0.5567708611488342,0.5369955897331238,0.5453583002090454,1111.0,1106.0,0.7248236536979675,0.01,0.09573716670274734,0.5488488078117371,0.5382046103477478,0.5370833277702332,0.5489583611488342,1294.0,1289.0,0.5,0.5,0.5,240.0,240.0,13.868828773498535,0.0,0.5,0.5,0.5,0.5,240.0,240.0
1,0.6057291626930237,0.6249039173126221,0.5916673541069031,788.0,767.0,0.6783115267753601,0.01,0.19042593240737915,0.5954453945159912,0.5961031913757324,0.5895833373069763,0.6005208492279053,1153.0,1132.0,0.5,0.5,0.5,240.0,240.0,6.434207439422607,0.0,0.5,0.5,0.5,0.5,240.0,240.0
2,0.6317708492279053,0.6637402176856995,0.6301745176315308,704.0,718.0,0.6602357625961304,0.01,0.2598719298839569,0.6322063207626343,0.6287487149238586,0.6333333253860474,0.6260416507720947,1202.0,1216.0,0.5,0.5296505689620972,0.5,240.0,240.0,4.2303056716918945,0.0,0.5,0.5,0.5,0.5,240.0,240.0
3,0.6578124761581421,0.7054660320281982,0.6587779521942139,648.0,668.0,0.6319200992584229,0.01,0.31479722261428833,0.6596201062202454,0.6556701064109802,0.6625000238418579,0.6520833373069763,1252.0,1272.0,0.5,0.5193771719932556,0.5,240.0,240.0,4.66103982925415,0.0,0.5,0.5,0.5,0.5,240.0,240.0
4,0.6619791388511658,0.7133052945137024,0.6646016240119934,633.0,667.0,0.624496340751648,0.0009999999,0.3231911361217499,0.6640138030052185,0.6586489081382751,0.6703125238418579,0.6526041626930237,1253.0,1287.0,0.5,0.5104166269302368,0.5,240.0,240.0,4.607466697692871,0.0,0.5,0.5,0.5,0.5,240.0,240.0
5,0.6968749761581421,0.7499799728393555,0.6957166790962219,582.0,588.0,0.5947625041007996,0.0009999999,0.3906947076320648,0.6960828304290771,0.6947040557861328,0.6968749761581421,0.6937500238418579,1332.0,1338.0,0.5,0.503125011920929,0.5,240.0,240.0,4.739199161529541,0.0,0.5,0.5,0.5,0.5,240.0,240.0
