epoch,accuracy,auc,f1_score,fn,fp,loss,lr,mcc,npv,precision,recall,specificity,tn,tp,val_accuracy,val_auc,val_f1_score,val_fn,val_fp,val_loss,val_mcc,val_npv,val_precision,val_recall,val_specificity,val_tn,val_tp
0,0.5380208492279053,0.5285214185714722,0.52867591381073,1139.0,1147.0,0.7422264814376831,0.01,0.05967714637517929,0.5311322808265686,0.5236710906028748,0.5254166722297668,0.528124988079071,1253.0,1261.0,0.5,0.5,0.6666666269302368,0.0,480.0,19.581932067871094,0.0,0.0,0.5,1.0,0.0,0.0,480.0
1,0.5729166865348816,0.6068331003189087,0.5694378018379211,813.0,859.0,0.696760356426239,0.01,0.12954793870449066,0.5657574534416199,0.5630722045898438,0.5765625238418579,0.5526041388511658,1061.0,1107.0,0.5,0.5901410579681396,0.5,240.0,240.0,2.0433106422424316,0.0,0.5,0.5,0.5,0.5,240.0,240.0
2,0.6177083253860474,0.6533688902854919,0.6101698279380798,740.0,766.0,0.6561979651451111,0.01,0.21580010652542114,0.6094053983688354,0.606372058391571,0.6145833134651184,0.6010416746139526,1154.0,1180.0,0.5,0.5250130295753479,0.5,240.0,240.0,3.2933080196380615,0.0,0.5,0.5,0.5,0.5,240.0,240.0
3,0.6552083492279053,0.7016386389732361,0.6538049578666687,667.0,660.0,0.6331788301467896,0.01,0.3089476525783539,0.6538434624671936,0.6549921631813049,0.6526041626930237,0.65625,1260.0,1253.0,0.5,0.5850130319595337,0.5010256171226501,239.0,241.0,1.6163182258605957,0.0,0.5,0.5,0.5020833611488342,0.49791666865348816,239.0,241.0
4,0.6848958134651184,0.7531917691230774,0.6849008798599243,605.0,605.0,0.5905317068099976,0.0009999999,0.3697957396507263,0.6848836541175842,0.6848958134651184,0.6848958134651184,0.6848958134651184,1315.0,1315.0,0.5,0.5,0.5,240.0,240.0,4.681982517242432,0.0,0.5,0.5,0.5,0.5,240.0,240.0
5,0.7088541388511658,0.7670380473136902,0.7074472904205322,561.0,563.0,0.5803495049476624,0.0009999999,0.41460368037223816,0.7075074911117554,0.7070759534835815,0.707812488079071,0.7067708373069763,1357.0,1359.0,0.5,0.5031054615974426,0.5,240.0,240.0,3.5157291889190674,0.0,0.5,0.5,0.5,0.5,240.0,240.0
