epoch,accuracy,auc,f1_score,fn,fp,loss,lr,mcc,npv,precision,recall,specificity,tn,tp,val_accuracy,val_auc,val_f1_score,val_fn,val_fp,val_loss,val_mcc,val_npv,val_precision,val_recall,val_specificity,val_tn,val_tp
0,0.5130208134651184,0.5171523690223694,0.5022069215774536,1206.0,1149.0,0.7406753897666931,0.01,0.022939054295420647,0.511590301990509,0.5096030831336975,0.4975000023841858,0.5260416865348816,1251.0,1194.0,0.5,0.5151063203811646,0.5,240.0,240.0,1.7099652290344238,0.0,0.5,0.5,0.5,0.5,240.0,240.0
1,0.5234375,0.5180213451385498,0.5123683214187622,948.0,891.0,0.7164379954338074,0.01,0.042750436812639236,0.5199424028396606,0.52173912525177,0.5062500238418579,0.535937488079071,1029.0,972.0,0.5,0.5,0.6666666269302368,0.0,480.0,54.747535705566406,0.0,0.0,0.5,1.0,0.0,0.0,480.0
2,0.5260416865348816,0.5260064005851746,0.5099999308586121,957.0,878.0,0.6993858814239502,0.01,0.04455958306789398,0.523004412651062,0.5230852961540222,0.5015624761581421,0.5427083373069763,1042.0,963.0,0.5,0.5171419382095337,0.0,480.0,0.0,1.2312281131744385,0.0,0.5,0.0,0.0,1.0,480.0,0.0
3,0.5369791388511658,0.5420872569084167,0.5212810635566711,922.0,906.0,0.6957082748413086,0.01,0.04784697666764259,0.523105263710022,0.5241596698760986,0.5197916626930237,0.528124988079071,1014.0,998.0,0.5,0.51276695728302,0.4718862771987915,265.0,210.0,1.5817034244537354,0.010480757802724838,0.509518563747406,0.5058823823928833,0.4479166567325592,0.5625,270.0,215.0
4,0.5609375238418579,0.5826875567436218,0.5603302121162415,847.0,836.0,0.701367974281311,0.0009999999,0.12351425737142563,0.5614940524101257,0.5620743632316589,0.5588541626930237,0.5645833611488342,1084.0,1073.0,0.5,0.525585949420929,0.48093563318252563,258.0,210.0,1.2673327922821045,0.02356771193444729,0.5199053287506104,0.5138888955116272,0.4625000059604645,0.5625,270.0,222.0
5,0.5635416507720947,0.5851060748100281,0.5563163757324219,856.0,838.0,0.6857432126998901,0.0009999999,0.11784348636865616,0.5588124394416809,0.5594111680984497,0.5541666746139526,0.5635416507720947,1082.0,1064.0,0.5,0.5348567962646484,0.4862414002418518,253.0,228.0,1.1057102680206299,-0.001905934070236981,0.4971971809864044,0.4989010989665985,0.4729166626930237,0.5249999761581421,252.0,227.0
