epoch,accuracy,auc,f1_score,fn,fp,loss,lr,mcc,npv,precision,recall,specificity,tn,tp,val_accuracy,val_auc,val_f1_score,val_fn,val_fp,val_loss,val_mcc,val_npv,val_precision,val_recall,val_specificity,val_tn,val_tp
0,0.5192708373069763,0.5163577795028687,0.5138923525810242,1166.0,1178.0,0.7440049648284912,0.01,0.029090095311403275,0.5157263278961182,0.5116086006164551,0.5141666531562805,0.5114583373069763,1222.0,1234.0,0.5,0.5,0.5,240.0,240.0,10.452311515808105,0.0,0.5,0.5,0.5,0.5,240.0,240.0
1,0.5739583373069763,0.5930761098861694,0.5675355195999146,823.0,842.0,0.6978538632392883,0.01,0.1331496387720108,0.567768931388855,0.5657555460929871,0.5713541507720947,0.5614583492279053,1078.0,1097.0,0.5,0.5,0.5,240.0,240.0,44.35626983642578,0.0,0.5,0.5,0.5,0.5,240.0,240.0
2,0.629687488079071,0.6542591452598572,0.6167470216751099,736.0,733.0,0.6660832762718201,0.01,0.23545809090137482,0.6178595423698425,0.617631733417511,0.6166666746139526,0.6182291507720947,1187.0,1184.0,0.5,0.5,0.5,240.0,240.0,243.2103729248047,0.0,0.5,0.5,0.5,0.5,240.0,240.0
3,0.651562511920929,0.7001608610153198,0.6387298107147217,700.0,676.0,0.6350412964820862,0.01,0.2836562991142273,0.64087975025177,0.6434599161148071,0.6354166865348816,0.6479166746139526,1244.0,1220.0,0.5,0.5470594763755798,0.5,240.0,240.0,2.4697465896606445,0.0,0.5,0.5,0.5,0.5,240.0,240.0
4,0.684374988079071,0.7434742450714111,0.6826463937759399,610.0,608.0,0.603965163230896,0.0009999999,0.36564433574676514,0.6826200485229492,0.6830031275749207,0.6822916865348816,0.6833333373069763,1312.0,1310.0,0.5,0.5879361629486084,0.5,240.0,240.0,1.9336187839508057,0.0,0.5,0.5,0.5,0.5,240.0,240.0
5,0.7213541865348816,0.7856146693229675,0.7223625779151917,533.0,533.0,0.5633059144020081,0.0009999999,0.44482168555259705,0.7224747538566589,0.7223958373069763,0.7223958373069763,0.7223958373069763,1387.0,1387.0,0.5,0.5,0.5,240.0,240.0,7.252262592315674,0.0,0.5,0.5,0.5,0.5,240.0,240.0
