epoch,accuracy,auc,f1_score,fn,fp,loss,lr,mcc,npv,precision,recall,specificity,tn,tp,val_accuracy,val_auc,val_f1_score,val_fn,val_fp,val_loss,val_mcc,val_npv,val_precision,val_recall,val_specificity,val_tn,val_tp
0,0.559374988079071,0.5458784103393555,0.5472005605697632,1119.0,1077.0,0.7232975363731384,0.01,0.10680591315031052,0.5525287985801697,0.5432569980621338,0.5337499976158142,0.5640624761581421,1323.0,1281.0,0.5,0.5,0.5,240.0,240.0,10.79870319366455,0.0,0.5,0.5,0.5,0.5,240.0,240.0
1,0.6197916865348816,0.6515949368476868,0.609553873538971,749.0,752.0,0.6653524041175842,0.01,0.21840082108974457,0.6088330745697021,0.6089443564414978,0.6098958253860474,0.6083333492279053,1168.0,1171.0,0.5,0.5795681476593018,0.5,240.0,240.0,1.7556995153427124,0.0,0.5,0.5,0.5,0.5,240.0,240.0
2,0.6546875238418579,0.7062527537345886,0.6527536511421204,669.0,661.0,0.6350910067558289,0.01,0.3074365556240082,0.6532831192016602,0.6542887091636658,0.651562511920929,0.6557291746139526,1259.0,1251.0,0.5,0.6110655069351196,0.5,240.0,238.0,1.2091366052627563,0.004044246859848499,0.5039215683937073,0.5020920634269714,0.5,0.5041666626930237,242.0,240.0
3,0.6864583492279053,0.7427737712860107,0.6856045126914978,603.0,605.0,0.601722002029419,0.01,0.37085264921188354,0.6855663061141968,0.6852236986160278,0.6859375238418579,0.6848958134651184,1315.0,1317.0,0.5,0.56717449426651,0.5,240.0,240.0,2.307157039642334,0.0,0.5,0.5,0.5,0.5,240.0,240.0
4,0.7026041746139526,0.7664336562156677,0.7028411626815796,573.0,566.0,0.582197904586792,0.0009999999,0.4068174660205841,0.7026568055152893,0.7041296362876892,0.7015625238418579,0.7052083611488342,1354.0,1347.0,0.5,0.5897699594497681,0.5,240.0,240.0,2.4794046878814697,0.0,0.5,0.5,0.5,0.5,240.0,240.0
5,0.7427083253860474,0.8150827288627625,0.7438859939575195,492.0,491.0,0.5269861221313477,0.0009999999,0.488052636384964,0.7440177202224731,0.7441375851631165,0.7437499761581421,0.7442708611488342,1429.0,1428.0,0.5,0.5,0.5,240.0,240.0,3.900301933288574,0.0,0.5,0.5,0.5,0.5,240.0,240.0
