epoch,accuracy,auc,f1_score,fn,fp,loss,lr,mcc,npv,precision,recall,specificity,tn,tp,val_accuracy,val_auc,val_f1_score,val_fn,val_fp,val_loss,val_mcc,val_npv,val_precision,val_recall,val_specificity,val_tn,val_tp
0,0.5151041746139526,0.5078948140144348,0.5047299265861511,1187.0,1182.0,0.7453566193580627,0.01,0.016115905717015266,0.5095425844192505,0.5064718127250671,0.5054166913032532,0.5093749761581421,1218.0,1213.0,0.5,0.5,0.5,240.0,240.0,90.28577423095703,0.0,0.5,0.5,0.5,0.5,240.0,240.0
1,0.5052083134651184,0.5143106579780579,0.5166848301887512,918.0,945.0,0.719215452671051,0.01,0.02988443523645401,0.515038251876831,0.5146378874778748,0.5218750238418579,0.5078125,975.0,1002.0,0.5,0.5,0.0,480.0,0.0,16.527128219604492,0.0,0.5,0.0,0.0,1.0,480.0,0.0
2,0.5463541746139526,0.5489998459815979,0.5364890694618225,880.0,907.0,0.6995344758033752,0.01,0.0699538066983223,0.5364028811454773,0.5341551303863525,0.5416666865348816,0.5276041626930237,1013.0,1040.0,0.5,0.5,0.5,240.0,240.0,5.9522881507873535,0.0,0.5,0.5,0.5,0.5,240.0,240.0
3,0.5927083492279053,0.621433436870575,0.5859809517860413,799.0,781.0,0.6736217141151428,0.01,0.1773325353860855,0.5886346101760864,0.589379608631134,0.5838541388511658,0.5932291746139526,1139.0,1121.0,0.5,0.5,0.5,240.0,240.0,4.456369876861572,0.0,0.5,0.5,0.5,0.5,240.0,240.0
4,0.5953124761581421,0.6346651315689087,0.5974052548408508,767.0,786.0,0.6669008135795593,0.0009999999,0.1912747025489807,0.5967408418655396,0.5946364402770996,0.6005208492279053,0.590624988079071,1134.0,1153.0,0.5,0.5,0.5,240.0,240.0,5.33873176574707,0.0,0.5,0.5,0.5,0.5,240.0,240.0
5,0.620312511920929,0.6685336232185364,0.6205909252166748,724.0,737.0,0.6483417749404907,0.0009999999,0.23920613527297974,0.620746910572052,0.6187273859977722,0.6229166388511658,0.6161458492279053,1183.0,1196.0,0.5,0.5005208253860474,0.5,240.0,240.0,4.043906211853027,0.0,0.5,0.5,0.5,0.5,240.0,240.0
