epoch,accuracy,auc,f1_score,fn,fp,loss,lr,mcc,npv,precision,recall,specificity,tn,tp,val_accuracy,val_auc,val_f1_score,val_fn,val_fp,val_loss,val_mcc,val_npv,val_precision,val_recall,val_specificity,val_tn,val_tp
0,0.5520833134651184,0.5389537811279297,0.54827880859375,1103.0,1109.0,0.7262402176856995,0.01,0.09843790531158447,0.5495275259017944,0.5390689969062805,0.5404166579246521,0.5473958253860474,1291.0,1297.0,0.5,0.4942599833011627,0.5,240.0,240.0,4.3389973640441895,0.0,0.5,0.5,0.5,0.5,240.0,240.0
1,0.6098958253860474,0.6336353421211243,0.5956680774688721,779.0,771.0,0.680124044418335,0.01,0.1933383047580719,0.5949978232383728,0.5967572927474976,0.5942708253860474,0.598437488079071,1149.0,1141.0,0.5,0.5,0.5,240.0,240.0,9.354735374450684,0.0,0.5,0.5,0.5,0.5,240.0,240.0
2,0.6333333253860474,0.6761249303817749,0.6236660480499268,726.0,716.0,0.6477782130241394,0.01,0.2492520660161972,0.6234198808670044,0.6251308917999268,0.621874988079071,0.6270833611488342,1204.0,1194.0,0.5,0.5,0.5,240.0,240.0,9.332180976867676,0.0,0.5,0.5,0.5,0.5,240.0,240.0
3,0.6536458134651184,0.7024430632591248,0.6486768126487732,676.0,670.0,0.6301149725914001,0.01,0.29908719658851624,0.6493853330612183,0.6499477624893188,0.6479166746139526,0.6510416865348816,1250.0,1244.0,0.5,0.5,0.5,240.0,240.0,7.9456281661987305,0.0,0.5,0.5,0.5,0.5,240.0,240.0
4,0.6901041865348816,0.748691201210022,0.6906958818435669,593.0,596.0,0.5948650240898132,0.0009999999,0.38076046109199524,0.6904855370521545,0.6900675892829895,0.6911458373069763,0.6895833611488342,1324.0,1327.0,0.5,0.5,0.5,240.0,240.0,6.631990432739258,0.0,0.5,0.5,0.5,0.5,240.0,240.0
5,0.6958333253860474,0.7560036778450012,0.6965017914772034,583.0,582.0,0.5859363675117493,0.0009999999,0.3932584226131439,0.6965867877006531,0.6967170238494873,0.6963541507720947,0.6968749761581421,1338.0,1337.0,0.5,0.5269922018051147,0.5,240.0,240.0,4.019575119018555,0.0,0.5,0.5,0.5,0.5,240.0,240.0
