epoch,accuracy,auc,f1_score,fn,fp,loss,lr,mcc,npv,precision,recall,specificity,tn,tp,val_accuracy,val_auc,val_f1_score,val_fn,val_fp,val_loss,val_mcc,val_npv,val_precision,val_recall,val_specificity,val_tn,val_tp
0,0.5260416865348816,0.5148960947990417,0.5210622549057007,1155.0,1155.0,0.7474204897880554,0.01,0.04694909602403641,0.5248635411262512,0.518750011920929,0.518750011920929,0.5234375,1245.0,1245.0,0.5,0.5,0.5,240.0,240.0,20.539630889892578,0.0,0.5,0.5,0.5,0.5,240.0,240.0
1,0.5677083134651184,0.5837756395339966,0.5579052567481995,837.0,869.0,0.7048799991607666,0.01,0.1116359531879425,0.5565980672836304,0.5548155903816223,0.5640624761581421,0.5473958253860474,1051.0,1083.0,0.5,0.5,0.5,240.0,240.0,7.862550735473633,0.0,0.5,0.5,0.5,0.5,240.0,240.0
2,0.6265624761581421,0.6615427136421204,0.6231793165206909,723.0,724.0,0.6617444753646851,0.01,0.24668169021606445,0.6233347654342651,0.6231129765510559,0.6234375238418579,0.6229166388511658,1196.0,1197.0,0.5,0.5931206345558167,0.5759921669960022,191.0,248.0,0.8481929898262024,0.07792378962039948,0.5151515603065491,0.5381750464439392,0.6020833253860474,0.4833333194255829,232.0,289.0
3,0.643750011920929,0.6854572296142578,0.6364765167236328,700.0,692.0,0.6444987058639526,0.01,0.27515774965286255,0.6373246908187866,0.6380752921104431,0.6354166865348816,0.6395833492279053,1228.0,1220.0,0.5,0.5,0.5,240.0,240.0,9.177724838256836,0.0,0.5,0.5,0.5,0.5,240.0,240.0
4,0.676562488079071,0.7268599271774292,0.6758684515953064,625.0,617.0,0.6133583188056946,0.0009999999,0.3531656861305237,0.6758700609207153,0.6773012280464172,0.6744791865348816,0.6786458492279053,1303.0,1295.0,0.5,0.5,0.5,240.0,240.0,7.296635627746582,0.0,0.5,0.5,0.5,0.5,240.0,240.0
5,0.6963541507720947,0.7582405805587769,0.6970231533050537,583.0,579.0,0.5880459547042847,0.0009999999,0.3948308825492859,0.6971099376678467,0.6978079080581665,0.6963541507720947,0.698437511920929,1341.0,1337.0,0.5,0.5,0.5,240.0,240.0,4.590403079986572,0.0,0.5,0.5,0.5,0.5,240.0,240.0
