epoch,accuracy,auc,f1_score,fn,fp,loss,lr,mcc,npv,precision,recall,specificity,tn,tp,val_accuracy,val_auc,val_f1_score,val_fn,val_fp,val_loss,val_mcc,val_npv,val_precision,val_recall,val_specificity,val_tn,val_tp
0,0.526562511920929,0.5122949481010437,0.5186641812324524,1150.0,1183.0,0.7491784691810608,0.01,0.03520220145583153,0.5196797847747803,0.5137690305709839,0.5208333134651184,0.5088541507720947,1217.0,1250.0,0.5,0.5131358504295349,0.5,240.0,240.0,2.458221435546875,0.0,0.5,0.5,0.5,0.5,240.0,240.0
1,0.5463541746139526,0.5551631450653076,0.5249026417732239,910.0,910.0,0.7063823938369751,0.01,0.05230438709259033,0.5266989469528198,0.5260416865348816,0.5260416865348816,0.5260416865348816,1010.0,1010.0,0.5,0.4932313561439514,0.0,480.0,0.0,1.9300925731658936,0.0,0.5,0.0,0.0,1.0,480.0,0.0
2,0.5958333611488342,0.6213467121124268,0.5835989713668823,797.0,802.0,0.6768505573272705,0.01,0.1674649864435196,0.5835519433021545,0.5833766460418701,0.5848958492279053,0.5822916626930237,1118.0,1123.0,0.5,0.5537109375,0.5,240.0,240.0,2.521754503250122,0.0,0.5,0.5,0.5,0.5,240.0,240.0
3,0.6447916626930237,0.6994333863258362,0.6412827968597412,695.0,674.0,0.6358369588851929,0.01,0.2871703803539276,0.6423088312149048,0.645076334476471,0.6380208134651184,0.6489583253860474,1246.0,1225.0,0.5,0.518153190612793,0.5,240.0,240.0,2.9225263595581055,0.0,0.5,0.5,0.5,0.5,240.0,240.0
4,0.6510416865348816,0.7003660202026367,0.6512110829353333,668.0,672.0,0.6319025754928589,0.0009999999,0.30222654342651367,0.651704728603363,0.6507276296615601,0.6520833373069763,0.6499999761581421,1248.0,1252.0,0.5,0.5,0.5,240.0,240.0,5.100763320922852,0.0,0.5,0.5,0.5,0.5,240.0,240.0
5,0.7130208611488342,0.7760916948318481,0.7123928666114807,552.0,552.0,0.571311354637146,0.0009999999,0.425027459859848,0.7127229571342468,0.7124999761581421,0.7124999761581421,0.7124999761581421,1368.0,1368.0,0.5,0.5,0.5,240.0,240.0,4.780131816864014,0.0,0.5,0.5,0.5,0.5,240.0,240.0
