epoch,accuracy,auc,f1_score,fn,fp,loss,lr,mcc,npv,precision,recall,specificity,tn,tp,val_accuracy,val_auc,val_f1_score,val_fn,val_fp,val_loss,val_mcc,val_npv,val_precision,val_recall,val_specificity,val_tn,val_tp
0,0.6244791746139526,0.6870423555374146,0.6205410361289978,868.0,890.0,0.7270695567131042,0.01,0.23894433677196503,0.6196227669715881,0.6325350999832153,0.6383333206176758,0.6145833134651184,1510.0,1532.0,0.5,0.5734418034553528,0.5891903042793274,165.0,286.0,0.7576997876167297,0.05363936722278595,0.5093333125114441,0.5241264700889587,0.65625,0.40416666865348816,194.0,315.0
1,0.6916666626930237,0.7684813141822815,0.6886938214302063,599.0,595.0,0.5770374536514282,0.01,0.37872326374053955,0.6888230443000793,0.6894571781158447,0.6880208253860474,0.6901041865348816,1325.0,1321.0,0.5,0.5412716865539551,0.5,240.0,240.0,1.4394996166229248,0.0,0.5,0.5,0.5,0.5,240.0,240.0
2,0.739062488079071,0.8240683078765869,0.7404632568359375,505.0,487.0,0.5174168348312378,0.01,0.4839431047439575,0.739650547504425,0.7439537048339844,0.7369791865348816,0.7463541626930237,1433.0,1415.0,0.5,0.5348133444786072,0.5,240.0,240.0,2.344480037689209,0.0,0.5,0.5,0.5,0.5,240.0,240.0
3,0.8010416626930237,0.881053626537323,0.7975847125053406,390.0,386.0,0.4340229034423828,0.01,0.5963136553764343,0.797850489616394,0.7985386252403259,0.796875,0.7989583611488342,1534.0,1530.0,0.5,0.5430078506469727,0.5,240.0,240.0,2.4898955821990967,0.0,0.5,0.5,0.5,0.5,240.0,240.0
4,0.8145833611488342,0.888884425163269,0.8107684254646301,364.0,363.0,0.4209277331829071,0.0009999999,0.6219428181648254,0.8106187582015991,0.8108389973640442,0.8104166388511658,0.8109375238418579,1557.0,1556.0,0.5,0.5520941615104675,0.5,240.0,240.0,2.3141462802886963,0.0,0.5,0.5,0.5,0.5,240.0,240.0
5,0.8729166388511658,0.938617467880249,0.8693697452545166,253.0,248.0,0.3265517055988312,0.0009999999,0.7393215298652649,0.8687525987625122,0.8704960942268372,0.8682291507720947,0.8708333373069763,1672.0,1667.0,0.5,0.5729274749755859,0.5,240.0,240.0,2.4000401496887207,0.0,0.5,0.5,0.5,0.5,240.0,240.0
