epoch,accuracy,auc,f1_score,fn,fp,loss,lr,mcc,npv,precision,recall,specificity,tn,tp,val_accuracy,val_auc,val_f1_score,val_fn,val_fp,val_loss,val_mcc,val_npv,val_precision,val_recall,val_specificity,val_tn,val_tp
0,0.6265624761581421,0.6208549737930298,0.6098677515983582,1000.0,964.0,0.7623279690742493,0.01,0.2280755341053009,0.610896646976471,0.5922166109085083,0.5833333134651184,0.6229166388511658,1436.0,1400.0,0.5604166388511658,0.5881792306900024,0.2938811480998993,383.0,56.0,0.6969295144081116,0.09018608927726746,0.5283632278442383,0.6339869499206543,0.20208333432674408,0.8833333253860474,424.0,97.0
1,0.7083333134651184,0.7653592824935913,0.7051476240158081,556.0,584.0,0.5827319025993347,0.01,0.4073226749897003,0.7065492868423462,0.7002053260803223,0.7104166746139526,0.6958333253860474,1336.0,1364.0,0.5,0.5505208373069763,0.5,240.0,240.0,1.1786770820617676,0.0,0.5,0.5,0.5,0.5,240.0,240.0
2,0.7494791746139526,0.8197664618492126,0.7424182891845703,489.0,503.0,0.5212420225143433,0.01,0.4838622808456421,0.7440822124481201,0.7399172782897949,0.745312511920929,0.7380208373069763,1417.0,1431.0,0.5,0.5761914253234863,0.5,240.0,240.0,1.004897952079773,0.0,0.5,0.5,0.5,0.5,240.0,240.0
3,0.7671874761581421,0.8514407873153687,0.7683480978012085,448.0,439.0,0.4804176986217499,0.01,0.5384761691093445,0.7682103514671326,0.7702773213386536,0.7666666507720947,0.7713541388511658,1481.0,1472.0,0.5020833611488342,0.5730078220367432,0.5010581612586975,240.0,238.0,0.8402913808822632,0.004168701358139515,0.5020201802253723,0.5020920634269714,0.5,0.5041666626930237,242.0,240.0
4,0.8119791746139526,0.8867479562759399,0.8092805743217468,353.0,384.0,0.4251576364040375,0.0009999999,0.6166542172431946,0.8141141533851624,0.8031778335571289,0.8161458373069763,0.800000011920929,1536.0,1567.0,0.5062500238418579,0.5877690315246582,0.5231170058250427,231.0,233.0,0.7262093424797058,0.034185100346803665,0.505557656288147,0.5165975093841553,0.518750011920929,0.5145833492279053,247.0,249.0
5,0.8697916865348816,0.9450325965881348,0.867292046546936,251.0,259.0,0.3142407536506653,0.0009999999,0.7349092960357666,0.8695204257965088,0.8656638860702515,0.8692708611488342,0.8651041388511658,1661.0,1669.0,0.5375000238418579,0.6259440779685974,0.5286405086517334,230.0,217.0,0.7239673733711243,0.06866347044706345,0.531579315662384,0.5353319048881531,0.5208333134651184,0.5479166507720947,263.0,250.0
