epoch,accuracy,auc,f1_score,fn,fp,loss,lr,mcc,npv,precision,recall,specificity,tn,tp,val_accuracy,val_auc,val_f1_score,val_fn,val_fp,val_loss,val_mcc,val_npv,val_precision,val_recall,val_specificity,val_tn,val_tp
0,0.6343749761581421,0.6470676064491272,0.6097998023033142,977.0,965.0,0.7404622435569763,0.01,0.22223742306232452,0.6120468974113464,0.5958961248397827,0.5929166674613953,0.6104166507720947,1435.0,1423.0,0.5,0.5018055438995361,0.0,480.0,0.0,1.436177134513855,0.0,0.5,0.0,0.0,1.0,480.0,0.0
1,0.7010416388511658,0.7681347131729126,0.6996625065803528,571.0,585.0,0.5752285122871399,0.01,0.3984977900981903,0.7014473080635071,0.6975181102752686,0.7026041746139526,0.6953125,1335.0,1349.0,0.5,0.532593309879303,0.5,240.0,240.0,1.1471201181411743,0.0,0.5,0.5,0.5,0.5,240.0,240.0
2,0.7635416388511658,0.8350008130073547,0.7582511901855469,464.0,465.0,0.499549925327301,0.01,0.5166431069374084,0.7582144141197205,0.7579385638237,0.7583333253860474,0.7578125,1455.0,1456.0,0.5,0.5180230140686035,0.5,240.0,240.0,0.8361057639122009,0.0,0.5,0.5,0.5,0.5,240.0,240.0
3,0.8072916865348816,0.8787494897842407,0.8028488755226135,379.0,376.0,0.43813613057136536,0.01,0.6071909666061401,0.803963840007782,0.8038601875305176,0.8026041388511658,0.8041666746139526,1544.0,1541.0,0.5,0.5276540517807007,0.5,240.0,240.0,0.9629284739494324,0.0,0.5,0.5,0.5,0.5,240.0,240.0
4,0.801562488079071,0.8873212933540344,0.805782675743103,369.0,378.0,0.42392557859420776,0.0009999999,0.6113095879554749,0.8074439764022827,0.8040435314178467,0.807812511920929,0.8031250238418579,1542.0,1551.0,0.5,0.5113346576690674,0.5,240.0,240.0,0.9887654185295105,0.0,0.5,0.5,0.5,0.5,240.0,240.0
5,0.8708333373069763,0.9430256485939026,0.8668336868286133,256.0,255.0,0.32035356760025024,0.0009999999,0.7341229915618896,0.8670626878738403,0.8671182990074158,0.8666666746139526,0.8671875,1665.0,1664.0,0.5,0.5246983170509338,0.5,240.0,240.0,0.9506580829620361,0.0,0.5,0.5,0.5,0.5,240.0,240.0
