epoch,accuracy,auc,f1_score,fn,fp,loss,lr,mcc,npv,precision,recall,specificity,tn,tp,val_accuracy,val_auc,val_f1_score,val_fn,val_fp,val_loss,val_mcc,val_npv,val_precision,val_recall,val_specificity,val_tn,val_tp
0,0.6145833134651184,0.613684356212616,0.5916601419448853,991.0,1023.0,0.7615175843238831,0.01,0.17792803049087524,0.59064120054245,0.5793585777282715,0.5870833396911621,0.5786458253860474,1377.0,1409.0,0.5,0.4650108814239502,0.48927974700927734,250.0,238.0,1.1307373046875,-0.016182295978069305,0.4843035340309143,0.49145299196243286,0.4791666567325592,0.5041666626930237,242.0,230.0
1,0.6963541507720947,0.7524397969245911,0.6875354647636414,586.0,622.0,0.5974475741386414,0.01,0.37172526121139526,0.6907994151115417,0.6820040941238403,0.6947916746139526,0.6760416626930237,1298.0,1334.0,0.5,0.4939171075820923,0.5,240.0,240.0,1.3505710363388062,0.0,0.5,0.5,0.5,0.5,240.0,240.0
2,0.7567708492279053,0.8085206151008606,0.7426837682723999,487.0,505.0,0.5359629392623901,0.01,0.4840245246887207,0.7446178793907166,0.739422082901001,0.7463541626930237,0.7369791865348816,1415.0,1433.0,0.5,0.5231705904006958,0.5,240.0,240.0,1.0591126680374146,0.0,0.5,0.5,0.5,0.5,240.0,240.0
3,0.7640625238418579,0.8356618285179138,0.7588000893592834,463.0,464.0,0.5023991465568542,0.01,0.5177499055862427,0.7587376832962036,0.7584591507911682,0.7588541507720947,0.7583333253860474,1456.0,1457.0,0.5,0.5061480402946472,0.5,240.0,240.0,0.9829866886138916,0.0,0.5,0.5,0.5,0.5,240.0,240.0
4,0.7755208611488342,0.8493478298187256,0.7608953714370728,475.0,432.0,0.4848937690258026,0.0009999999,0.5286340117454529,0.7588260173797607,0.7698454856872559,0.7526041865348816,0.7749999761581421,1488.0,1445.0,0.5,0.5131272077560425,0.5,240.0,239.0,0.8525046110153198,0.0020517667289823294,0.5020201802253723,0.5010438561439514,0.5,0.5020833611488342,241.0,240.0
5,0.846875011920929,0.9131045937538147,0.8385666608810425,313.0,306.0,0.3962119221687317,0.0009999999,0.6783379316329956,0.8380040526390076,0.8400418162345886,0.8369791507720947,0.840624988079071,1614.0,1607.0,0.5,0.5355663895606995,0.5,240.0,239.0,0.8440385460853577,0.0020517667289823294,0.5020201802253723,0.5010438561439514,0.5,0.5020833611488342,241.0,240.0
