epoch,accuracy,auc,f1_score,fn,fp,loss,lr,mcc,npv,precision,recall,specificity,tn,tp,val_accuracy,val_auc,val_f1_score,val_fn,val_fp,val_loss,val_mcc,val_npv,val_precision,val_recall,val_specificity,val_tn,val_tp
0,0.6098958253860474,0.5984747409820557,0.5902139544487,1028.0,1021.0,0.7760716080665588,0.01,0.1829652339220047,0.5907531380653381,0.5733389258384705,0.5716666579246521,0.5927083492279053,1379.0,1372.0,0.5,0.5175368785858154,0.5,240.0,240.0,1.9464229345321655,0.0,0.5,0.5,0.5,0.5,240.0,240.0
1,0.6942708492279053,0.7490110397338867,0.6829937100410461,608.0,608.0,0.5908966660499573,0.01,0.36731529235839844,0.6840411424636841,0.6833333373069763,0.6833333373069763,0.6833333373069763,1312.0,1312.0,0.5,0.5429947972297668,0.5,240.0,240.0,2.2682485580444336,0.0,0.5,0.5,0.5,0.5,240.0,240.0
2,0.7421875,0.8152655959129333,0.7375164031982422,504.0,502.0,0.522232711315155,0.01,0.4765719771385193,0.7387284636497498,0.738269031047821,0.737500011920929,0.7385416626930237,1418.0,1416.0,0.5,0.5356184244155884,0.5,240.0,240.0,2.3006112575531006,0.0,0.5,0.5,0.5,0.5,240.0,240.0
3,0.7739583253860474,0.8438326120376587,0.7702394723892212,441.0,441.0,0.4898110032081604,0.01,0.5410518050193787,0.7707252502441406,0.770312488079071,0.770312488079071,0.770312488079071,1479.0,1479.0,0.5,0.5235785245895386,0.5,240.0,240.0,2.2081801891326904,0.0,0.5,0.5,0.5,0.5,240.0,240.0
4,0.7927083373069763,0.881242036819458,0.7920874953269958,401.0,396.0,0.4347406327724457,0.0009999999,0.5851395726203918,0.7920171618461609,0.7932114601135254,0.7911458611488342,0.793749988079071,1524.0,1519.0,0.5,0.5357942581176758,0.5,240.0,240.0,2.3669984340667725,0.0,0.5,0.5,0.5,0.5,240.0,240.0
5,0.84375,0.9308387637138367,0.8426682949066162,296.0,310.0,0.34273502230644226,0.0009999999,0.6848315000534058,0.8452343344688416,0.8397104740142822,0.8458333611488342,0.8385416865348816,1610.0,1624.0,0.5,0.5243902206420898,0.5,240.0,240.0,2.573089122772217,0.0,0.5,0.5,0.5,0.5,240.0,240.0
