epoch,accuracy,auc,f1_score,fn,fp,loss,lr,mcc,npv,precision,recall,specificity,tn,tp,val_accuracy,val_auc,val_f1_score,val_fn,val_fp,val_loss,val_mcc,val_npv,val_precision,val_recall,val_specificity,val_tn,val_tp
0,0.6473958492279053,0.6099811792373657,0.6271117329597473,941.0,981.0,0.7355911135673523,0.01,0.2502548396587372,0.6287783980369568,0.59795081615448,0.6079166531562805,0.614062488079071,1419.0,1459.0,0.5,0.5272699594497681,0.5,240.0,240.0,2.196280002593994,0.0,0.5,0.5,0.5,0.5,240.0,240.0
1,0.6973958611488342,0.7539456486701965,0.6845381259918213,602.0,614.0,0.5908370614051819,0.01,0.3675086796283722,0.6841474175453186,0.6821945905685425,0.6864583492279053,0.6802083253860474,1306.0,1318.0,0.5,0.5232856273651123,0.5,240.0,240.0,1.8174192905426025,0.0,0.5,0.5,0.5,0.5,240.0,240.0
2,0.7588541507720947,0.8305872678756714,0.7503538727760315,479.0,478.0,0.507695734500885,0.01,0.5021350979804993,0.7515996098518372,0.7509119510650635,0.7505208253860474,0.7510416507720947,1442.0,1441.0,0.5,0.5616775155067444,0.5,240.0,240.0,1.6541340351104736,0.0,0.5,0.5,0.5,0.5,240.0,240.0
3,0.778124988079071,0.8637155294418335,0.7763004899024963,433.0,425.0,0.46160879731178284,0.01,0.5536253452301025,0.77528315782547,0.7777196764945984,0.7744791507720947,0.7786458134651184,1495.0,1487.0,0.5,0.575390636920929,0.5,240.0,240.0,1.8139021396636963,0.0,0.5,0.5,0.5,0.5,240.0,240.0
4,0.8125,0.8932701349258423,0.8121474981307983,355.0,368.0,0.4113977253437042,0.0009999999,0.6239414811134338,0.814583957195282,0.8096223473548889,0.8151041865348816,0.8083333373069763,1552.0,1565.0,0.5,0.5402430295944214,0.5,240.0,240.0,1.7992147207260132,0.0,0.5,0.5,0.5,0.5,240.0,240.0
5,0.8473958373069763,0.9296422600746155,0.8461126089096069,293.0,299.0,0.3450079560279846,0.0009999999,0.6919363737106323,0.8470569849014282,0.8447559475898743,0.8473958373069763,0.8442708253860474,1621.0,1627.0,0.5,0.5700803399085999,0.5,240.0,240.0,1.7690494060516357,0.0,0.5,0.5,0.5,0.5,240.0,240.0
