epoch,accuracy,auc,f1_score,fn,fp,loss,lr,mcc,npv,precision,recall,specificity,tn,tp,val_accuracy,val_auc,val_f1_score,val_fn,val_fp,val_loss,val_mcc,val_npv,val_precision,val_recall,val_specificity,val_tn,val_tp
0,0.6260416507720947,0.6113733649253845,0.6100403070449829,986.0,988.0,0.7402694821357727,0.01,0.22252939641475677,0.6128866672515869,0.5886760950088501,0.5891666412353516,0.6104166507720947,1412.0,1414.0,0.5,0.46670791506767273,0.5822044610977173,132.0,361.0,0.9453721642494202,-0.020676875486969948,0.5013333559036255,0.4908321499824524,0.7250000238418579,0.24791666865348816,119.0,348.0
1,0.7088541388511658,0.7771978974342346,0.7028363943099976,567.0,575.0,0.5667140483856201,0.01,0.4063292145729065,0.704498291015625,0.7017635107040405,0.7046874761581421,0.7005208134651184,1345.0,1353.0,0.5,0.452808141708374,0.49897435307502747,240.0,241.0,1.0258533954620361,-0.0020517746452242136,0.5,0.4989604949951172,0.5,0.49791666865348816,239.0,240.0
2,0.739062488079071,0.8137505650520325,0.735569953918457,513.0,499.0,0.529591977596283,0.01,0.4734242558479309,0.7348098754882812,0.7381951808929443,0.7328125238418579,0.7401041388511658,1421.0,1407.0,0.5,0.4687630236148834,0.5,240.0,240.0,0.9530994296073914,0.0,0.5,0.5,0.5,0.5,240.0,240.0
3,0.7994791865348816,0.8770608901977539,0.7964321970939636,388.0,395.0,0.43993139266967773,0.01,0.5926548838615417,0.7975327968597412,0.7950181365013123,0.7979166507720947,0.7942708134651184,1525.0,1532.0,0.5,0.4999978244304657,0.5,240.0,240.0,1.215965986251831,0.0,0.5,0.5,0.5,0.5,240.0,240.0
4,0.8067708611488342,0.8856374025344849,0.802927553653717,377.0,381.0,0.429749459028244,0.0009999999,0.605661153793335,0.803288996219635,0.8019750714302063,0.8036458492279053,0.801562488079071,1539.0,1543.0,0.5,0.5183854103088379,0.5,240.0,240.0,1.02269446849823,0.0,0.5,0.5,0.5,0.5,240.0,240.0
5,0.8791666626930237,0.9483411908149719,0.8776282668113708,232.0,239.0,0.31270352005958557,0.0009999999,0.7550520300865173,0.8788931965827942,0.8759729862213135,0.8791666626930237,0.8755208253860474,1681.0,1688.0,0.49791666865348816,0.530188798904419,0.4989418089389801,241.0,240.0,1.0437281131744385,-0.0020517667289823294,0.4979797899723053,0.4989561438560486,0.49791666865348816,0.5,240.0,239.0
