epoch,accuracy,auc,f1_score,fn,fp,loss,lr,mcc,npv,precision,recall,specificity,tn,tp,val_accuracy,val_auc,val_f1_score,val_fn,val_fp,val_loss,val_mcc,val_npv,val_precision,val_recall,val_specificity,val_tn,val_tp
0,0.5052083134651184,0.5054892301559448,0.4954543113708496,1204.0,1203.0,0.7578677535057068,0.01,-0.009310628287494183,0.4947578012943268,0.49854105710983276,0.4983333349227905,0.49270832538604736,1197.0,1196.0,0.5,0.5,0.0,480.0,0.0,123.64322662353516,0.0,0.5,0.0,0.0,1.0,480.0,0.0
1,0.5057291388511658,0.4970189034938812,0.4996172785758972,953.0,981.0,0.7351372838020325,0.01,-0.007369713857769966,0.49438926577568054,0.49640658497810364,0.5036458373069763,0.48906248807907104,939.0,967.0,0.5,0.5,0.6666666269302368,0.0,480.0,6.107512474060059,0.0,0.0,0.5,1.0,0.0,0.0,480.0
2,0.5062500238418579,0.5002038478851318,0.5061890482902527,913.0,1035.0,0.718662440776825,0.01,-0.014521815814077854,0.4932667315006256,0.4931439757347107,0.5244791507720947,0.4609375,885.0,1007.0,0.5,0.5389388203620911,0.5668395161628723,182.0,282.0,0.8638305068016052,0.03075997903943062,0.5051282048225403,0.5137931108474731,0.6208333373069763,0.4124999940395355,198.0,298.0
3,0.5510416626930237,0.5669156312942505,0.5520251393318176,848.0,886.0,0.6941869854927063,0.01,0.09727542102336884,0.5496512651443481,0.5474974513053894,0.5583333373069763,0.5385416746139526,1034.0,1072.0,0.5,0.5,0.5,240.0,240.0,5.0047478675842285,0.0,0.5,0.5,0.5,0.5,240.0,240.0
4,0.6182291507720947,0.6408226490020752,0.6135705709457397,731.0,767.0,0.670297384262085,0.0009999999,0.22001077234745026,0.6117229461669922,0.6078732013702393,0.6192708611488342,0.6005208492279053,1153.0,1189.0,0.5,0.5036457777023315,0.5,240.0,240.0,3.284233570098877,0.0,0.5,0.5,0.5,0.5,240.0,240.0
5,0.6302083134651184,0.6631259918212891,0.626906156539917,714.0,722.0,0.6555853486061096,0.0009999999,0.25218674540519714,0.6263732314109802,0.6255186796188354,0.628125011920929,0.6239583492279053,1198.0,1206.0,0.5,0.5623263716697693,0.5,240.0,240.0,2.6735925674438477,0.0,0.5,0.5,0.5,0.5,240.0,240.0
