epoch,accuracy,auc,f1_score,fn,fp,loss,lr,mcc,npv,precision,recall,specificity,tn,tp,val_accuracy,val_auc,val_f1_score,val_fn,val_fp,val_loss,val_mcc,val_npv,val_precision,val_recall,val_specificity,val_tn,val_tp
0,0.518750011920929,0.5180919766426086,0.5023093819618225,1199.0,1169.0,0.7415868639945984,0.01,0.01659640483558178,0.5095281004905701,0.5067510604858398,0.5004166960716248,0.5161458253860474,1231.0,1201.0,0.5,0.5104817748069763,0.6666666269302368,0.0,480.0,1.313722014427185,0.0,0.0,0.5,1.0,0.0,0.0,480.0
1,0.5,0.47528302669525146,0.4781869649887085,1003.0,981.0,0.7225698232650757,0.01,-0.03350047394633293,0.48463889956474304,0.48314014077186584,0.4776041805744171,0.48906248807907104,939.0,917.0,0.5249999761581421,0.5416340827941895,0.0,480.0,0.0,0.9760414361953735,0.0,0.5,0.0,0.0,1.0,480.0,0.0
2,0.5145833492279053,0.5041102170944214,0.4864144027233124,1000.0,924.0,0.7044182419776917,0.01,-0.0018080746522173285,0.5003537535667419,0.4989154040813446,0.4791666567325592,0.518750011920929,996.0,920.0,0.5,0.5288151502609253,0.0,480.0,0.0,0.7927024960517883,0.0,0.5,0.0,0.0,1.0,480.0,0.0
3,0.5140625238418579,0.5123943090438843,0.5015976428985596,959.0,945.0,0.7023065090179443,0.01,0.008264611475169659,0.5036450028419495,0.5041972994804382,0.5005208253860474,0.5078125,975.0,961.0,0.5,0.5052322149276733,0.0,480.0,0.0,0.98795485496521,0.0,0.5,0.0,0.0,1.0,480.0,0.0
4,0.565625011920929,0.590370237827301,0.5630741119384766,828.0,862.0,0.6863355040550232,0.01,0.12007414549589157,0.561883270740509,0.5588536262512207,0.5687500238418579,0.5510416626930237,1058.0,1092.0,0.5,0.5364583730697632,0.5,240.0,240.0,2.677154541015625,0.0,0.5,0.5,0.5,0.5,240.0,240.0
5,0.6182291507720947,0.6611190438270569,0.6178966760635376,730.0,740.0,0.6530796885490417,0.0009999999,0.23447449505329132,0.618366003036499,0.6165803074836731,0.6197916865348816,0.6145833134651184,1180.0,1190.0,0.5,0.5438498258590698,0.5,240.0,240.0,2.7732596397399902,0.0,0.5,0.5,0.5,0.5,240.0,240.0
6,0.629687488079071,0.6815674304962158,0.6310365200042725,707.0,711.0,0.6401523351669312,0.0009999999,0.26148325204849243,0.6311614513397217,0.6304574012756348,0.6317708492279053,0.629687488079071,1209.0,1213.0,0.5,0.5534852147102356,0.5,240.0,240.0,2.6593847274780273,0.0,0.5,0.5,0.5,0.5,240.0,240.0
