epoch,accuracy,auc,f1_score,fn,fp,loss,lr,mcc,npv,precision,recall,specificity,tn,tp,val_accuracy,val_auc,val_f1_score,val_fn,val_fp,val_loss,val_mcc,val_npv,val_precision,val_recall,val_specificity,val_tn,val_tp
0,0.518750011920929,0.5147017240524292,0.5202860236167908,1145.0,1195.0,0.760859489440918,0.01,0.03141022473573685,0.5165800452232361,0.5122448801994324,0.5229166746139526,0.5026041865348816,1205.0,1255.0,0.5,0.49427083134651184,0.5,240.0,240.0,5.434034824371338,0.0,0.5,0.5,0.5,0.5,240.0,240.0
1,0.5765625238418579,0.5952022671699524,0.5570992231369019,858.0,826.0,0.6917135715484619,0.01,0.12318318337202072,0.5605919361114502,0.5625,0.5531250238418579,0.5697916746139526,1094.0,1062.0,0.5,0.5,0.5,240.0,240.0,6.291046142578125,0.0,0.5,0.5,0.5,0.5,240.0,240.0
2,0.6088541746139526,0.6386232376098633,0.5975121259689331,767.0,782.0,0.6734291315078735,0.01,0.1934853196144104,0.5978857278823853,0.5958656072616577,0.6005208492279053,0.5927083492279053,1138.0,1153.0,0.5,0.5041666626930237,0.5,240.0,240.0,3.438950538635254,0.0,0.5,0.5,0.5,0.5,240.0,240.0
3,0.6536458134651184,0.6869499087333679,0.6494234204292297,668.0,685.0,0.6404922604560852,0.01,0.29547011852264404,0.6484377980232239,0.6463603377342224,0.6520833373069763,0.6432291865348816,1235.0,1252.0,0.5,0.5,0.5,240.0,240.0,3.775186061859131,0.0,0.5,0.5,0.5,0.5,240.0,240.0
4,0.6270833611488342,0.6683409810066223,0.6270783543586731,712.0,724.0,0.6518129110336304,0.0009999999,0.25217413902282715,0.6271180510520935,0.6252588033676147,0.6291666626930237,0.6229166388511658,1196.0,1208.0,0.5,0.6097655892372131,0.5,240.0,240.0,1.6178650856018066,0.0,0.5,0.5,0.5,0.5,240.0,240.0
5,0.675000011920929,0.7267024517059326,0.6727606654167175,629.0,627.0,0.6124677062034607,0.0009999999,0.3458608090877533,0.6726998090744019,0.6730969548225403,0.6723958253860474,0.6734374761581421,1293.0,1291.0,0.5,0.5961350202560425,0.5,240.0,240.0,2.36271071434021,0.0,0.5,0.5,0.5,0.5,240.0,240.0
