epoch,accuracy,auc,f1_score,fn,fp,loss,lr,mcc,npv,precision,recall,specificity,tn,tp,val_accuracy,val_auc,val_f1_score,val_fn,val_fp,val_loss,val_mcc,val_npv,val_precision,val_recall,val_specificity,val_tn,val_tp
0,0.5526041388511658,0.6078256964683533,0.5356244444847107,1040.0,1008.0,0.7275936007499695,0.01,0.08457943797111511,0.543847382068634,0.5743243098258972,0.5666666626930237,0.550000011920929,1392.0,1360.0,0.5,0.5,0.5,240.0,240.0,13.910284042358398,0.0,0.5,0.5,0.5,0.5,240.0,240.0
1,0.6255208253860474,0.6588158011436462,0.6139944195747375,747.0,726.0,0.6618425846099854,0.01,0.2333141267299652,0.6155771017074585,0.6176935434341431,0.6109374761581421,0.621874988079071,1194.0,1173.0,0.5,0.5446006059646606,0.49405956268310547,247.0,218.0,2.175140619277954,0.029898755252361298,0.5250874161720276,0.516629695892334,0.4854166805744171,0.5458333492279053,262.0,233.0
2,0.65625,0.7099847793579102,0.6522840857505798,670.0,661.0,0.6261383295059204,0.01,0.30700409412384033,0.6531683802604675,0.6541078090667725,0.6510416865348816,0.6557291746139526,1259.0,1250.0,0.5,0.5104861259460449,0.5,240.0,240.0,3.246013641357422,0.0,0.5,0.5,0.5,0.5,240.0,240.0
3,0.6958333253860474,0.7499971985816956,0.6934651732444763,592.0,580.0,0.5977500081062317,0.01,0.38966667652130127,0.6942364573478699,0.696016788482666,0.6916666626930237,0.6979166865348816,1340.0,1328.0,0.5,0.5,0.5,240.0,240.0,6.4451422691345215,0.0,0.5,0.5,0.5,0.5,240.0,240.0
4,0.6890624761581421,0.7559341192245483,0.6879797577857971,601.0,595.0,0.5850952863693237,0.0009999999,0.37714800238609314,0.6881178617477417,0.6891326904296875,0.6869791746139526,0.6901041865348816,1325.0,1319.0,0.5,0.5855859518051147,0.5,240.0,240.0,2.5169787406921387,0.0,0.5,0.5,0.5,0.5,240.0,240.0
5,0.739062488079071,0.8014109134674072,0.7376649975776672,505.0,501.0,0.5417523980140686,0.0009999999,0.4760681390762329,0.7376886010169983,0.7385177612304688,0.7369791865348816,0.739062488079071,1419.0,1415.0,0.5,0.5976171493530273,0.5,240.0,240.0,2.3915913105010986,0.0,0.5,0.5,0.5,0.5,240.0,240.0
