epoch,accuracy,auc,f1_score,fn,fp,loss,lr,mcc,npv,precision,recall,specificity,tn,tp,val_accuracy,val_auc,val_f1_score,val_fn,val_fp,val_loss,val_mcc,val_npv,val_precision,val_recall,val_specificity,val_tn,val_tp
0,0.5270833373069763,0.5159303545951843,0.5190148949623108,1156.0,1179.0,0.7423304915428162,0.01,0.03387339040637016,0.5161391496658325,0.51341313123703,0.5183333158493042,0.510937511920929,1221.0,1244.0,0.5,0.5,0.5,240.0,240.0,48.543766021728516,0.0,0.5,0.5,0.5,0.5,240.0,240.0
1,0.590624988079071,0.6162419319152832,0.5730189085006714,816.0,829.0,0.6847072243690491,0.01,0.14356456696987152,0.5713302493095398,0.5711329579353333,0.574999988079071,0.5682291388511658,1091.0,1104.0,0.5,0.5,0.5,240.0,240.0,23.874300003051758,0.0,0.5,0.5,0.5,0.5,240.0,240.0
2,0.6114583611488342,0.6597628593444824,0.6039248704910278,763.0,749.0,0.6547441482543945,0.01,0.21269851922988892,0.6066883206367493,0.60703045129776,0.6026041507720947,0.6098958253860474,1171.0,1157.0,0.5,0.5514605045318604,0.5,240.0,240.0,2.465388536453247,0.0,0.5,0.5,0.5,0.5,240.0,240.0
3,0.6182291507720947,0.6689111590385437,0.6145960688591003,747.0,720.0,0.6537483334541321,0.01,0.2361101657152176,0.6174148917198181,0.6196513175964355,0.6109374761581421,0.625,1200.0,1173.0,0.5,0.5,0.5,240.0,240.0,4.320314884185791,0.0,0.5,0.5,0.5,0.5,240.0,240.0
4,0.6401041746139526,0.6854100227355957,0.6394909024238586,691.0,694.0,0.6374492049217224,0.0009999999,0.2786919176578522,0.6397029161453247,0.6391055583953857,0.6401041746139526,0.6385416388511658,1226.0,1229.0,0.5,0.5,0.5,240.0,240.0,6.360128402709961,0.0,0.5,0.5,0.5,0.5,240.0,240.0
5,0.6692708134651184,0.7338233590126038,0.6696205139160156,634.0,635.0,0.6036859750747681,0.0009999999,0.3390851616859436,0.6696113348007202,0.6694430112838745,0.6697916388511658,0.6692708134651184,1285.0,1286.0,0.5,0.5,0.5,240.0,240.0,5.9675517082214355,0.0,0.5,0.5,0.5,0.5,240.0,240.0
