epoch,accuracy,auc,f1_score,fn,fp,loss,lr,mcc,npv,precision,recall,specificity,tn,tp,val_accuracy,val_auc,val_f1_score,val_fn,val_fp,val_loss,val_mcc,val_npv,val_precision,val_recall,val_specificity,val_tn,val_tp
0,0.5244791507720947,0.5179307460784912,0.517068088054657,1166.0,1157.0,0.7537381052970886,0.01,0.040245071053504944,0.5207295417785645,0.5161020755767822,0.5141666531562805,0.5223958492279053,1243.0,1234.0,0.5,0.5294878482818604,0.5,240.0,240.0,9.706905364990234,0.0,0.5,0.5,0.5,0.5,240.0,240.0
1,0.596875011920929,0.6099011301994324,0.5705192685127258,837.0,785.0,0.7001141309738159,0.01,0.15568237006664276,0.5769372582435608,0.5797644257545471,0.5640624761581421,0.5911458134651184,1135.0,1083.0,0.5,0.5,0.5,240.0,240.0,9.375885963439941,0.0,0.5,0.5,0.5,0.5,240.0,240.0
2,0.6333333253860474,0.6643373370170593,0.6240431666374207,711.0,742.0,0.6640214323997498,0.01,0.24368909001350403,0.6247383952140808,0.6196821928024292,0.629687488079071,0.6135416626930237,1178.0,1209.0,0.5,0.5711631774902344,0.5,240.0,240.0,2.1696581840515137,0.0,0.5,0.5,0.5,0.5,240.0,240.0
3,0.6447916626930237,0.6803852915763855,0.6350186467170715,705.0,690.0,0.649730920791626,0.01,0.2738000750541687,0.6359956860542297,0.6377952694892883,0.6328125,0.640625,1230.0,1215.0,0.5,0.5307921171188354,0.5,240.0,240.0,3.445223093032837,0.0,0.5,0.5,0.5,0.5,240.0,240.0
4,0.6776041388511658,0.7286277413368225,0.6754152774810791,630.0,609.0,0.6189061403274536,0.0009999999,0.35474833846092224,0.6757176518440247,0.6793048977851868,0.671875,0.682812511920929,1311.0,1290.0,0.5,0.5,0.5,240.0,240.0,4.646146297454834,0.0,0.5,0.5,0.5,0.5,240.0,240.0
5,0.682812511920929,0.7367890477180481,0.6794671416282654,620.0,606.0,0.6045914888381958,0.0009999999,0.36152350902557373,0.6796042323112488,0.6820566654205322,0.6770833134651184,0.684374988079071,1314.0,1300.0,0.5,0.5494335889816284,0.5,240.0,240.0,2.669675588607788,0.0,0.5,0.5,0.5,0.5,240.0,240.0
