epoch,accuracy,auc,f1_score,fn,fp,loss,lr,mcc,npv,precision,recall,specificity,tn,tp,val_accuracy,val_auc,val_f1_score,val_fn,val_fp,val_loss,val_mcc,val_npv,val_precision,val_recall,val_specificity,val_tn,val_tp
0,0.5583333373069763,0.5463773012161255,0.5494877696037292,1298.0,890.0,0.7301281690597534,0.01,0.09622268378734589,0.5481129884719849,0.5532128810882568,0.45916667580604553,0.5432291626930237,1510.0,1102.0,0.5,0.5,0.5,240.0,240.0,33.48076629638672,0.0,0.5,0.5,0.5,0.5,240.0,240.0
1,0.5848958492279053,0.6121675968170166,0.5613601207733154,845.0,829.0,0.6817953586578369,0.01,0.12855057418346405,0.5641959309577942,0.5646008253097534,0.5598958134651184,0.5682291388511658,1091.0,1075.0,0.5,0.5,0.5,240.0,240.0,9.531462669372559,0.0,0.5,0.5,0.5,0.5,240.0,240.0
2,0.6338541507720947,0.6744741797447205,0.629794180393219,704.0,724.0,0.6550333499908447,0.01,0.25647595524787903,0.6297670602798462,0.6268041133880615,0.6333333253860474,0.6229166388511658,1196.0,1216.0,0.5,0.5733528137207031,0.5,240.0,240.0,1.5438889265060425,0.0,0.5,0.5,0.5,0.5,240.0,240.0
3,0.6505208611488342,0.6937770843505859,0.6465416550636292,679.0,677.0,0.638988733291626,0.01,0.29386579990386963,0.6469581127166748,0.6470281481742859,0.6463541388511658,0.6473958492279053,1243.0,1241.0,0.5,0.5,0.5,240.0,240.0,4.277959823608398,0.0,0.5,0.5,0.5,0.5,240.0,240.0
4,0.690625011920929,0.7432630658149719,0.6900216937065125,596.0,594.0,0.6069474816322327,0.0009999999,0.3802531063556671,0.6897579431533813,0.6903023719787598,0.6895833611488342,0.690625011920929,1326.0,1324.0,0.5,0.5,0.5,240.0,240.0,6.05638313293457,0.0,0.5,0.5,0.5,0.5,240.0,240.0
5,0.7203124761581421,0.7805038690567017,0.718300461769104,543.0,537.0,0.5658396482467651,0.0009999999,0.43755754828453064,0.7180907726287842,0.7194357514381409,0.7171875238418579,0.7203124761581421,1383.0,1377.0,0.5,0.5,0.5,240.0,240.0,5.481690406799316,0.0,0.5,0.5,0.5,0.5,240.0,240.0
