epoch,accuracy,auc,f1_score,fn,fp,loss,lr,mcc,npv,precision,recall,specificity,tn,tp,val_accuracy,val_auc,val_f1_score,val_fn,val_fp,val_loss,val_mcc,val_npv,val_precision,val_recall,val_specificity,val_tn,val_tp
0,0.5,0.49299418926239014,0.4857980012893677,1228.0,1217.0,0.7626521587371826,0.01,-0.02361127734184265,0.4874085485935211,0.49058184027671814,0.4883333444595337,0.4911458194255829,1183.0,1172.0,0.5,0.5,0.0,480.0,0.0,6.42044734954834,0.0,0.5,0.0,0.0,1.0,480.0,0.0
1,0.5677083134651184,0.5831871628761292,0.5594434142112732,840.0,856.0,0.7001368403434753,0.01,0.11705829948186874,0.5588212609291077,0.557851254940033,0.5625,0.5541666746139526,1064.0,1080.0,0.5,0.5,0.5,240.0,240.0,5.63296365737915,0.0,0.5,0.5,0.5,0.5,240.0,240.0
2,0.6083333492279053,0.6436091065406799,0.6068471670150757,756.0,752.0,0.6657716631889343,0.01,0.21472032368183136,0.6068183779716492,0.6075156331062317,0.606249988079071,0.6083333492279053,1168.0,1164.0,0.5,0.5826823115348816,0.5,240.0,240.0,1.3394562005996704,0.0,0.5,0.5,0.5,0.5,240.0,240.0
3,0.6385416388511658,0.6815642714500427,0.6344991326332092,697.0,712.0,0.6450014710426331,0.01,0.26624876260757446,0.6340360045433044,0.632041335105896,0.6369791626930237,0.6291666626930237,1208.0,1223.0,0.5,0.5,0.5,240.0,240.0,6.149979591369629,0.0,0.5,0.5,0.5,0.5,240.0,240.0
4,0.6583333611488342,0.7072270512580872,0.6589699983596802,654.0,657.0,0.6261249780654907,0.0009999999,0.3172360956668854,0.6586174368858337,0.6583463549613953,0.659375011920929,0.6578124761581421,1263.0,1266.0,0.5,0.5,0.5,240.0,240.0,4.699004173278809,0.0,0.5,0.5,0.5,0.5,240.0,240.0
5,0.6869791746139526,0.7433687448501587,0.6863025426864624,600.0,607.0,0.6003025770187378,0.0009999999,0.3713737428188324,0.6862424612045288,0.6850025653839111,0.6875,0.6838541626930237,1313.0,1320.0,0.5,0.5,0.5,240.0,240.0,4.296450138092041,0.0,0.5,0.5,0.5,0.5,240.0,240.0
