epoch,accuracy,auc,f1_score,fn,fp,loss,lr,mcc,npv,precision,recall,specificity,tn,tp,val_accuracy,val_auc,val_f1_score,val_fn,val_fp,val_loss,val_mcc,val_npv,val_precision,val_recall,val_specificity,val_tn,val_tp
0,0.5151041746139526,0.5155854225158691,0.5022552013397217,1203.0,1162.0,0.7354786992073059,0.01,0.018542852252721786,0.5085380673408508,0.5074183940887451,0.4987500011920929,0.5197916626930237,1238.0,1197.0,0.5,0.5171918272972107,0.5,240.0,240.0,4.128989219665527,0.0,0.5,0.5,0.5,0.5,240.0,240.0
1,0.5541666746139526,0.5568386912345886,0.538688063621521,891.0,868.0,0.7011964321136475,0.01,0.08444634824991226,0.5409265160560608,0.5424354076385498,0.535937488079071,0.5479166507720947,1052.0,1029.0,0.5,0.5788411498069763,0.654856264591217,65.0,377.0,1.369446039199829,0.07244591414928436,0.5185185074806213,0.5239899158477783,0.8645833134651184,0.21458333730697632,103.0,415.0
2,0.589062511920929,0.6199512481689453,0.5885087251663208,779.0,815.0,0.6857128143310547,0.01,0.17006400227546692,0.5865337252616882,0.5833333134651184,0.5942708253860474,0.5755208134651184,1105.0,1141.0,0.5,0.5209027528762817,0.5,240.0,240.0,4.109290599822998,0.0,0.5,0.5,0.5,0.5,240.0,240.0
3,0.6182291507720947,0.6508760452270508,0.6104718446731567,750.0,740.0,0.6632584929466248,0.01,0.22419779002666473,0.6122182607650757,0.6125654578208923,0.609375,0.6145833134651184,1180.0,1170.0,0.5,0.5,0.5,240.0,240.0,6.783267021179199,0.0,0.5,0.5,0.5,0.5,240.0,240.0
4,0.6458333134651184,0.6887788772583008,0.6420527696609497,694.0,672.0,0.6423659920692444,0.0009999999,0.288629412651062,0.6429217457771301,0.6459431052207947,0.6385416388511658,0.6499999761581421,1248.0,1226.0,0.5,0.5,0.5,240.0,240.0,7.741152763366699,0.0,0.5,0.5,0.5,0.5,240.0,240.0
5,0.6598958373069763,0.7049453258514404,0.6596910357475281,655.0,650.0,0.6320415735244751,0.0009999999,0.32036516070365906,0.659777045249939,0.6605744361877441,0.6588541865348816,0.6614583134651184,1270.0,1265.0,0.5,0.5,0.5,240.0,240.0,7.940262794494629,0.0,0.5,0.5,0.5,0.5,240.0,240.0
