epoch,accuracy,auc,f1_score,fn,fp,loss,lr,mcc,npv,precision,recall,specificity,tn,tp,val_accuracy,val_auc,val_f1_score,val_fn,val_fp,val_loss,val_mcc,val_npv,val_precision,val_recall,val_specificity,val_tn,val_tp
0,0.534375011920929,0.5355584621429443,0.5317016839981079,1128.0,1146.0,0.7309263944625854,0.01,0.06425414979457855,0.533223569393158,0.5260545611381531,0.5299999713897705,0.5291666388511658,1254.0,1272.0,0.5,0.5,0.5,240.0,240.0,9.08028507232666,0.0,0.5,0.5,0.5,0.5,240.0,240.0
1,0.6171875,0.6344808340072632,0.5993760824203491,768.0,769.0,0.6788187623023987,0.01,0.1998918652534485,0.6004064083099365,0.5996876358985901,0.6000000238418579,0.5994791388511658,1151.0,1152.0,0.543749988079071,0.5,0.0,480.0,0.0,30.284154891967773,0.0,0.5,0.0,0.0,1.0,480.0,0.0
2,0.621874988079071,0.6480340361595154,0.6062929630279541,750.0,765.0,0.6731585264205933,0.01,0.21139658987522125,0.6070484519004822,0.604651153087616,0.609375,0.6015625,1155.0,1170.0,0.5,0.5005208253860474,0.5,240.0,240.0,4.889804363250732,0.0,0.5,0.5,0.5,0.5,240.0,240.0
3,0.6463541388511658,0.698034942150116,0.6445150375366211,673.0,704.0,0.6389081478118896,0.01,0.28301486372947693,0.6430132389068604,0.6391593813896179,0.6494791507720947,0.6333333253860474,1216.0,1247.0,0.5229166746139526,0.6238628029823303,0.07282911986112595,461.0,5.0,1.2602423429489136,0.06628665328025818,0.5076496601104736,0.7916666865348816,0.03958333283662796,0.9895833134651184,475.0,19.0
4,0.6739583611488342,0.7223256230354309,0.6697329878807068,636.0,631.0,0.6176524758338928,0.01,0.3402174115180969,0.6693786978721619,0.6704961061477661,0.668749988079071,0.6713541746139526,1289.0,1284.0,0.5,0.5260741710662842,0.5,240.0,240.0,3.9221739768981934,0.0,0.5,0.5,0.5,0.5,240.0,240.0
5,0.643750011920929,0.6769965887069702,0.6410227417945862,688.0,691.0,0.6446064710617065,0.0009999999,0.2819388508796692,0.6413399577140808,0.6406656503677368,0.6416666507720947,0.6401041746139526,1229.0,1232.0,0.5,0.5663954615592957,0.5,240.0,235.0,2.1448843479156494,0.010086273774504662,0.5097547173500061,0.5052631497383118,0.5,0.5104166865348816,245.0,240.0
6,0.676562488079071,0.7327053546905518,0.6757166981697083,624.0,620.0,0.6085265278816223,0.0009999999,0.3521515429019928,0.6756537556648254,0.6764091849327087,0.675000011920929,0.6770833134651184,1300.0,1296.0,0.5375000238418579,0.6225477457046509,0.4624589681625366,285.0,121.0,0.9868139624595642,0.13824167847633362,0.5747777819633484,0.6170886158943176,0.40625,0.7479166388511658,359.0,195.0
