epoch,accuracy,auc,f1_score,fn,fp,loss,lr,mcc,npv,precision,recall,specificity,tn,tp,val_accuracy,val_auc,val_f1_score,val_fn,val_fp,val_loss,val_mcc,val_npv,val_precision,val_recall,val_specificity,val_tn,val_tp
0,0.5427083373069763,0.5598778128623962,0.5277414917945862,1188.0,1027.0,0.7321074604988098,0.01,0.0581350140273571,0.5298284292221069,0.541313111782074,0.5049999952316284,0.528124988079071,1373.0,1212.0,0.5,0.5275325775146484,0.5,240.0,240.0,8.63477611541748,0.0,0.5,0.5,0.5,0.5,240.0,240.0
1,0.5973958373069763,0.6151402592658997,0.5781433582305908,815.0,790.0,0.6907808184623718,0.01,0.1645715981721878,0.5820475816726685,0.583113431930542,0.5755208134651184,0.5885416865348816,1130.0,1105.0,0.5,0.5,0.5,240.0,240.0,4.565889835357666,0.0,0.5,0.5,0.5,0.5,240.0,240.0
2,0.6427083611488342,0.6782451868057251,0.6309705376625061,710.0,704.0,0.648972749710083,0.01,0.2638639211654663,0.6317201852798462,0.6321839094161987,0.6302083134651184,0.6333333253860474,1216.0,1210.0,0.5,0.5,0.5,240.0,240.0,11.279216766357422,0.0,0.5,0.5,0.5,0.5,240.0,240.0
3,0.6546875238418579,0.711114764213562,0.6543280482292175,665.0,660.0,0.6294898986816406,0.01,0.31002140045166016,0.6548644304275513,0.6553524732589722,0.6536458134651184,0.65625,1260.0,1255.0,0.5,0.5,0.5,240.0,240.0,4.306550025939941,0.0,0.5,0.5,0.5,0.5,240.0,240.0
4,0.6703125238418579,0.7326264977455139,0.670391857624054,629.0,640.0,0.6057522296905518,0.0009999999,0.33912643790245056,0.6706964373588562,0.6685655117034912,0.6723958253860474,0.6666666865348816,1280.0,1291.0,0.5,0.5,0.5,240.0,240.0,5.945219039916992,0.0,0.5,0.5,0.5,0.5,240.0,240.0
5,0.6973958611488342,0.7676337361335754,0.6972395777702332,581.0,582.0,0.5772119164466858,0.0009999999,0.39428839087486267,0.6971936821937561,0.6970328092575073,0.6973958611488342,0.6968749761581421,1338.0,1339.0,0.5,0.5,0.5,240.0,240.0,4.268788814544678,0.0,0.5,0.5,0.5,0.5,240.0,240.0
