epoch,accuracy,auc,f1_score,fn,fp,loss,lr,mcc,npv,precision,recall,specificity,tn,tp,val_accuracy,val_auc,val_f1_score,val_fn,val_fp,val_loss,val_mcc,val_npv,val_precision,val_recall,val_specificity,val_tn,val_tp
0,0.5463541746139526,0.5484061241149902,0.5458296537399292,1108.0,1115.0,0.7167203426361084,0.01,0.09240994602441788,0.5464602112770081,0.5367677807807922,0.5383333563804626,0.5442708134651184,1285.0,1292.0,0.5,0.5,0.6666666269302368,0.0,480.0,56.445186614990234,0.0,0.0,0.5,1.0,0.0,0.0,480.0
1,0.6010416746139526,0.6291891932487488,0.584394097328186,800.0,792.0,0.6800079345703125,0.01,0.1712106168270111,0.5849262475967407,0.5857740640640259,0.5833333134651184,0.5874999761581421,1128.0,1120.0,0.5,0.5,0.5,240.0,240.0,6.313893795013428,0.0,0.5,0.5,0.5,0.5,240.0,240.0
2,0.6635416746139526,0.7064793705940247,0.6601030826568604,648.0,662.0,0.6328358054161072,0.01,0.31789064407348633,0.6599717736244202,0.65770423412323,0.6625000238418579,0.6552083492279053,1258.0,1272.0,0.5,0.547191858291626,0.5,240.0,240.0,2.7463979721069336,0.0,0.5,0.5,0.5,0.5,240.0,240.0
3,0.6708333492279053,0.7257654666900635,0.6682754158973694,632.0,646.0,0.6163784265518188,0.01,0.33453670144081116,0.6686727404594421,0.6659772396087646,0.6708333492279053,0.6635416746139526,1274.0,1288.0,0.5,0.5625303387641907,0.5,240.0,240.0,2.382283926010132,0.0,0.5,0.5,0.5,0.5,240.0,240.0
4,0.6869791746139526,0.7433632612228394,0.6872451305389404,600.0,602.0,0.6012452840805054,0.0009999999,0.3740127682685852,0.6869684457778931,0.6867846250534058,0.6875,0.6864583492279053,1318.0,1320.0,0.5,0.5,0.5,240.0,240.0,4.198843955993652,0.0,0.5,0.5,0.5,0.5,240.0,240.0
5,0.7250000238418579,0.7969368696212769,0.724988579750061,531.0,523.0,0.5509320497512817,0.0009999999,0.45107778906822205,0.7245143055915833,0.7264644503593445,0.723437488079071,0.7276041507720947,1397.0,1389.0,0.5,0.5411198139190674,0.5,240.0,240.0,2.923290967941284,0.0,0.5,0.5,0.5,0.5,240.0,240.0
