epoch,accuracy,auc,f1_score,fn,fp,loss,lr,mcc,npv,precision,recall,specificity,tn,tp,val_accuracy,val_auc,val_f1_score,val_fn,val_fp,val_loss,val_mcc,val_npv,val_precision,val_recall,val_specificity,val_tn,val_tp
0,0.4932291805744171,0.4988850951194763,0.4892950654029846,1215.0,1221.0,0.7572633028030396,0.01,-0.018988318741321564,0.4905276298522949,0.49251869320869446,0.4937500059604645,0.48906248807907104,1179.0,1185.0,0.5,0.5,0.5,240.0,240.0,18.124595642089844,0.0,0.5,0.5,0.5,0.5,240.0,240.0
1,0.5072916746139526,0.5071850419044495,0.5015720725059509,965.0,919.0,0.7225658297538757,0.01,0.018710428848862648,0.5098658800125122,0.5096051096916199,0.4973958432674408,0.5213541388511658,1001.0,955.0,0.5,0.5,0.5,240.0,240.0,6.305073261260986,0.0,0.5,0.5,0.5,0.5,240.0,240.0
2,0.5296875238418579,0.5268702507019043,0.5087984204292297,952.0,906.0,0.7090082764625549,0.01,0.03238419443368912,0.5158732533454895,0.5165421366691589,0.5041666626930237,0.528124988079071,1014.0,968.0,0.5,0.5847244262695312,0.5,240.0,240.0,2.154784679412842,0.0,0.5,0.5,0.5,0.5,240.0,240.0
3,0.5843750238418579,0.6147254705429077,0.5724294781684875,823.0,813.0,0.6759041547775269,0.01,0.14821141958236694,0.5738329291343689,0.5743455290794373,0.5713541507720947,0.5765625238418579,1107.0,1097.0,0.5,0.5,0.5,240.0,240.0,4.110034465789795,0.0,0.5,0.5,0.5,0.5,240.0,240.0
4,0.5921875238418579,0.6091773509979248,0.5873673558235168,783.0,813.0,0.6767914891242981,0.0009999999,0.16892069578170776,0.5859069228172302,0.5830768942832947,0.5921875238418579,0.5765625238418579,1107.0,1137.0,0.5,0.5349674820899963,0.5,240.0,240.0,2.500843048095703,0.0,0.5,0.5,0.5,0.5,240.0,240.0
5,0.6171875,0.6719114184379578,0.6182237267494202,732.0,735.0,0.6478919386863708,0.0009999999,0.23598766326904297,0.6181907653808594,0.6177847385406494,0.6187499761581421,0.6171875,1185.0,1188.0,0.5,0.5005208253860474,0.5,240.0,240.0,3.387953996658325,0.0,0.5,0.5,0.5,0.5,240.0,240.0
