epoch,accuracy,auc,f1_score,fn,fp,loss,lr,mcc,npv,precision,recall,specificity,tn,tp,val_accuracy,val_auc,val_f1_score,val_fn,val_fp,val_loss,val_mcc,val_npv,val_precision,val_recall,val_specificity,val_tn,val_tp
0,0.512499988079071,0.516230583190918,0.5051213502883911,1180.0,1187.0,0.7486579418182373,0.01,0.012043249793350697,0.5065557360649109,0.5068550109863281,0.5083333253860474,0.5041666626930237,1213.0,1220.0,0.5,0.5274262428283691,0.0,480.0,0.0,2.5268819332122803,0.0,0.5,0.0,0.0,1.0,480.0,0.0
1,0.5130208134651184,0.5053393244743347,0.5136615633964539,916.0,973.0,0.7251750826835632,0.01,0.01634986884891987,0.5080946087837219,0.5078401565551758,0.5229166746139526,0.4932291805744171,947.0,1004.0,0.5,0.5114865303039551,0.6666666269302368,0.0,480.0,1.138519048690796,0.0,0.0,0.5,1.0,0.0,0.0,480.0
2,0.5229166746139526,0.5235264301300049,0.5162390470504761,923.0,931.0,0.7022038698196411,0.01,0.03449549153447151,0.5178077220916748,0.5171161890029907,0.5192708373069763,0.5151041746139526,989.0,997.0,0.5,0.5243315696716309,0.5,240.0,240.0,0.781183123588562,0.0,0.5,0.5,0.5,0.5,240.0,240.0
3,0.520312488079071,0.5284841060638428,0.5081523060798645,943.0,937.0,0.7007171511650085,0.01,0.02086893655359745,0.5112813711166382,0.5104493498802185,0.5088541507720947,0.5119791626930237,983.0,977.0,0.5,0.519618034362793,0.5,240.0,240.0,1.4315029382705688,0.0,0.5,0.5,0.5,0.5,240.0,240.0
4,0.606249988079071,0.6297774314880371,0.6047431230545044,749.0,780.0,0.6718679666519165,0.0009999999,0.20388199388980865,0.6039015650749207,0.6002050042152405,0.6098958253860474,0.59375,1140.0,1171.0,0.5,0.537402331829071,0.5,240.0,240.0,1.5034332275390625,0.0,0.5,0.5,0.5,0.5,240.0,240.0
5,0.6213541626930237,0.6569191813468933,0.6171676516532898,728.0,750.0,0.6593238115310669,0.0009999999,0.2303139716386795,0.6166320443153381,0.6138002276420593,0.6208333373069763,0.609375,1170.0,1192.0,0.5,0.5462760925292969,0.5,240.0,240.0,1.51643705368042,0.0,0.5,0.5,0.5,0.5,240.0,240.0
