epoch,accuracy,auc,f1_score,fn,fp,loss,lr,mcc,npv,precision,recall,specificity,tn,tp,val_accuracy,val_auc,val_f1_score,val_fn,val_fp,val_loss,val_mcc,val_npv,val_precision,val_recall,val_specificity,val_tn,val_tp
0,0.5692708492279053,0.5551236271858215,0.5620834827423096,1071.0,1094.0,0.7179580926895142,0.01,0.12319604307413101,0.5638717412948608,0.5484936237335205,0.5537499785423279,0.5552083253860474,1306.0,1329.0,0.5,0.5,0.5,240.0,240.0,10.54658317565918,0.0,0.5,0.5,0.5,0.5,240.0,240.0
1,0.598437488079071,0.6440138816833496,0.5919849872589111,780.0,786.0,0.6658545136451721,0.01,0.18484240770339966,0.5933414697647095,0.5919002890586853,0.59375,0.590624988079071,1134.0,1140.0,0.5,0.5005208253860474,0.5,240.0,240.0,3.968409776687622,0.0,0.5,0.5,0.5,0.5,240.0,240.0
2,0.6333333253860474,0.6787872314453125,0.6231018304824829,717.0,739.0,0.6470012664794922,0.01,0.24188119173049927,0.6217391490936279,0.6194644570350647,0.6265624761581421,0.6151041388511658,1181.0,1203.0,0.5,0.5,0.5,240.0,240.0,6.972578525543213,0.0,0.5,0.5,0.5,0.5,240.0,240.0
3,0.6729166507720947,0.7223290801048279,0.673140823841095,625.0,632.0,0.6179149150848389,0.01,0.3454023599624634,0.6735048294067383,0.6720290780067444,0.6744791865348816,0.6708333492279053,1288.0,1295.0,0.5,0.5905425548553467,0.5,240.0,240.0,2.293991804122925,0.0,0.5,0.5,0.5,0.5,240.0,240.0
4,0.7041666507720947,0.7640990018844604,0.7045124769210815,568.0,566.0,0.583763837814331,0.0009999999,0.4094075560569763,0.704524576663971,0.7049009203910828,0.7041666507720947,0.7052083611488342,1354.0,1352.0,0.5,0.5,0.5,240.0,240.0,5.067923069000244,0.0,0.5,0.5,0.5,0.5,240.0,240.0
5,0.7317708134651184,0.7908762097358704,0.730084240436554,518.0,518.0,0.5540612936019897,0.0009999999,0.4604741930961609,0.7304778695106506,0.7302083373069763,0.7302083373069763,0.7302083373069763,1402.0,1402.0,0.5,0.5,0.5,240.0,240.0,4.775746822357178,0.0,0.5,0.5,0.5,0.5,240.0,240.0
