epoch,accuracy,auc,f1_score,fn,fp,loss,lr,mcc,npv,precision,recall,specificity,tn,tp,val_accuracy,val_auc,val_f1_score,val_fn,val_fp,val_loss,val_mcc,val_npv,val_precision,val_recall,val_specificity,val_tn,val_tp
0,0.5026041865348816,0.512454092502594,0.5099432468414307,1175.0,1190.0,0.7690607905387878,0.01,0.018177835270762444,0.508966326713562,0.5072463750839233,0.5104166865348816,0.5052083134651184,1210.0,1225.0,0.5,0.507799506187439,0.0,480.0,0.0,3.7270147800445557,0.0,0.5,0.0,0.0,1.0,480.0,0.0
1,0.5677083134651184,0.5667682886123657,0.5439592003822327,886.0,835.0,0.7086277008056641,0.01,0.10398689657449722,0.5519428253173828,0.5532370209693909,0.5385416746139526,0.5651041865348816,1085.0,1034.0,0.5,0.5558528304100037,0.5,240.0,240.0,1.820435643196106,0.0,0.5,0.5,0.5,0.5,240.0,240.0
2,0.5895833373069763,0.6122909784317017,0.5776033401489258,807.0,817.0,0.6845164895057678,0.01,0.1543860286474228,0.5780820250511169,0.5766839385032654,0.5796874761581421,0.5744791626930237,1103.0,1113.0,0.5,0.5716688632965088,0.5,240.0,240.0,1.5089761018753052,0.0,0.5,0.5,0.5,0.5,240.0,240.0
3,0.6098958253860474,0.649942934513092,0.602971076965332,759.0,760.0,0.6652545928955078,0.01,0.20900923013687134,0.60661381483078,0.6043727397918701,0.604687511920929,0.6041666865348816,1160.0,1161.0,0.5,0.5005208253860474,0.5,240.0,240.0,3.919034242630005,0.0,0.5,0.5,0.5,0.5,240.0,240.0
4,0.635937511920929,0.6757350564002991,0.6387040019035339,688.0,705.0,0.6464592814445496,0.0009999999,0.2745644450187683,0.6387027502059937,0.6360350847244263,0.6416666507720947,0.6328125,1215.0,1232.0,0.5,0.5010416507720947,0.5,240.0,240.0,3.553534984588623,0.0,0.5,0.5,0.5,0.5,240.0,240.0
5,0.6557291746139526,0.7003636956214905,0.6559368968009949,658.0,666.0,0.6354102492332458,0.0009999999,0.3104497194290161,0.6558278799057007,0.6545643210411072,0.6572916507720947,0.653124988079071,1254.0,1262.0,0.5,0.5574544072151184,0.5,240.0,240.0,2.693206310272217,0.0,0.5,0.5,0.5,0.5,240.0,240.0
