epoch,accuracy,auc,f1_score,fn,fp,loss,lr,mcc,npv,precision,recall,specificity,tn,tp,val_accuracy,val_auc,val_f1_score,val_fn,val_fp,val_loss,val_mcc,val_npv,val_precision,val_recall,val_specificity,val_tn,val_tp
0,0.5166666507720947,0.5171358585357666,0.4989160895347595,1206.0,1174.0,0.7329133152961731,0.01,0.010189414024353027,0.5051542520523071,0.5042229890823364,0.4975000023841858,0.5135416388511658,1226.0,1194.0,0.5,0.5,0.5,240.0,240.0,5.472248554229736,0.0,0.5,0.5,0.5,0.5,240.0,240.0
1,0.5213541388511658,0.5323781967163086,0.5272386074066162,898.0,932.0,0.7160891890525818,0.01,0.04701407998800278,0.522796094417572,0.5230296850204468,0.5322916507720947,0.5145833492279053,988.0,1022.0,0.5,0.5,0.5,240.0,240.0,5.660741329193115,0.0,0.5,0.5,0.5,0.5,240.0,240.0
2,0.5874999761581421,0.6067253947257996,0.5774381160736084,820.0,783.0,0.6866234540939331,0.01,0.16547416150569916,0.5818675756454468,0.5841742157936096,0.5729166865348816,0.5921875238418579,1137.0,1100.0,0.5,0.5447309017181396,0.5,240.0,240.0,3.146355152130127,0.0,0.5,0.5,0.5,0.5,240.0,240.0
3,0.5687500238418579,0.6042978167533875,0.5691707134246826,827.0,825.0,0.6853964924812317,0.01,0.1397140473127365,0.569556474685669,0.5698644518852234,0.5692708492279053,0.5703125,1095.0,1093.0,0.5,0.5,0.5,240.0,240.0,5.0436015129089355,0.0,0.5,0.5,0.5,0.5,240.0,240.0
4,0.6322916746139526,0.6746266484260559,0.6334245800971985,702.0,710.0,0.6497833132743835,0.0009999999,0.2646990418434143,0.6320493817329407,0.6317427158355713,0.6343749761581421,0.6302083134651184,1210.0,1218.0,0.5,0.5,0.5,240.0,240.0,4.818302631378174,0.0,0.5,0.5,0.5,0.5,240.0,240.0
5,0.6364583373069763,0.6784458160400391,0.6383839845657349,690.0,703.0,0.6456296443939209,0.0009999999,0.2745380103588104,0.638334333896637,0.6363165974617004,0.640625,0.6338541507720947,1217.0,1230.0,0.5,0.5,0.5,240.0,240.0,4.037339687347412,0.0,0.5,0.5,0.5,0.5,240.0,240.0
