epoch,accuracy,auc,f1_score,fn,fp,loss,lr,mcc,npv,precision,recall,specificity,tn,tp,val_accuracy,val_auc,val_f1_score,val_fn,val_fp,val_loss,val_mcc,val_npv,val_precision,val_recall,val_specificity,val_tn,val_tp
0,0.5703125,0.5884048938751221,0.563063383102417,1035.0,1045.0,0.8291680812835693,0.01,0.12584157288074493,0.5631958842277527,0.5663900375366211,0.5687500238418579,0.5604166388511658,1355.0,1365.0,0.5208333134651184,0.5010417103767395,0.0,480.0,0.0,0.6935275793075562,0.0,0.5,0.0,0.0,1.0,480.0,0.0
1,0.5859375,0.6201419830322266,0.5831842422485352,794.0,814.0,0.6911302208900452,0.01,0.16307802498340607,0.5817480683326721,0.5804123878479004,0.5864583253860474,0.5760416388511658,1106.0,1126.0,0.5,0.4748654365539551,0.5,240.0,240.0,0.6948074102401733,0.0,0.5,0.5,0.5,0.5,240.0,240.0
2,0.6265624761581421,0.668236494064331,0.6258072257041931,708.0,735.0,0.656109094619751,0.01,0.2489943951368332,0.6279247403144836,0.6224961280822754,0.6312500238418579,0.6171875,1185.0,1212.0,0.5,0.4527387022972107,0.5,240.0,240.0,0.6969473361968994,0.0,0.5,0.5,0.5,0.5,240.0,240.0
3,0.6505208611488342,0.6985201239585876,0.6405564546585083,691.0,686.0,0.6318141222000122,0.01,0.28331834077835083,0.6416085362434387,0.6417754292488098,0.6401041746139526,0.6427083611488342,1234.0,1229.0,0.4895833432674408,0.4988563656806946,0.6018496155738831,153.0,299.0,0.6966139674186707,0.044814448803663254,0.4870278537273407,0.5223641991615295,0.6812499761581421,0.37708333134651184,181.0,327.0
4,0.651562511920929,0.7093457579612732,0.6402037143707275,697.0,674.0,0.6191650032997131,0.0009999999,0.28639742732048035,0.6423634886741638,0.644702136516571,0.6369791626930237,0.6489583253860474,1246.0,1223.0,0.5208333134651184,0.5364388227462769,0.44907626509666443,282.0,184.0,0.6947313547134399,0.022311855107545853,0.5202032923698425,0.518324613571167,0.4124999940395355,0.6166666746139526,296.0,198.0
5,0.6661458611488342,0.7428698539733887,0.6648313999176025,641.0,642.0,0.5878170728683472,0.0009999999,0.3323206305503845,0.6682536602020264,0.665799081325531,0.6661458611488342,0.6656249761581421,1278.0,1279.0,0.5104166865348816,0.52608722448349,0.5052579045295715,238.0,231.0,0.753474771976471,0.02259034290909767,0.515878438949585,0.5116279125213623,0.5041666626930237,0.518750011920929,249.0,242.0
