epoch,accuracy,auc,f1_score,fn,fp,loss,lr,mcc,npv,precision,recall,specificity,tn,tp,val_accuracy,val_auc,val_f1_score,val_fn,val_fp,val_loss,val_mcc,val_npv,val_precision,val_recall,val_specificity,val_tn,val_tp
0,0.542187511920929,0.6090056300163269,0.5322200059890747,1011.0,1029.0,0.8472296595573425,0.01,0.0639055147767067,0.5340614914894104,0.57444167137146,0.5787500143051147,0.5270833373069763,1371.0,1389.0,0.5,0.4763563573360443,0.5,240.0,240.0,0.7021583914756775,0.0,0.5,0.5,0.5,0.5,240.0,240.0
1,0.5682291388511658,0.6123610734939575,0.5748916864395142,807.0,834.0,0.6922500133514404,0.01,0.1460442990064621,0.5745643973350525,0.5716487169265747,0.5796874761581421,0.565625011920929,1086.0,1113.0,0.5,0.5066623091697693,0.5,240.0,240.0,0.6999287009239197,0.0,0.5,0.5,0.5,0.5,240.0,240.0
2,0.6270833611488342,0.66456538438797,0.6197818517684937,730.0,723.0,0.6560653448104858,0.01,0.24383607506752014,0.6227414011955261,0.6220595836639404,0.6197916865348816,0.6234375238418579,1197.0,1190.0,0.5,0.4913845658302307,0.5,240.0,240.0,0.708638608455658,0.0,0.5,0.5,0.5,0.5,240.0,240.0
3,0.6291666626930237,0.6904430389404297,0.6278694868087769,699.0,748.0,0.6312717199325562,0.01,0.24672791361808777,0.6264775991439819,0.6201117038726807,0.635937511920929,0.6104166507720947,1172.0,1221.0,0.5,0.5915777087211609,0.5,240.0,240.0,0.7414215803146362,0.0,0.5,0.5,0.5,0.5,240.0,240.0
4,0.6473958492279053,0.7149890661239624,0.6440715789794922,684.0,684.0,0.6125221252441406,0.0009999999,0.2879762351512909,0.6430789828300476,0.643750011920929,0.643750011920929,0.643750011920929,1236.0,1236.0,0.4625000059604645,0.4308159649372101,0.4748007655143738,247.0,269.0,0.7046440243721008,-0.07561720162630081,0.4587426483631134,0.46414342522621155,0.4854166805744171,0.43958333134651184,211.0,233.0
5,0.6567708253860474,0.7276105880737305,0.6545020341873169,658.0,674.0,0.605021595954895,0.0009999999,0.3066033124923706,0.6545711755752563,0.6518595218658447,0.6572916507720947,0.6489583253860474,1246.0,1262.0,0.44583332538604736,0.44579213857650757,0.4419858753681183,269.0,261.0,0.7148686647415161,-0.10472992062568665,0.4491734504699707,0.44703391194343567,0.43958333134651184,0.45625001192092896,219.0,211.0
