epoch,accuracy,auc,f1_score,fn,fp,loss,lr,mcc,npv,precision,recall,specificity,tn,tp,val_accuracy,val_auc,val_f1_score,val_fn,val_fp,val_loss,val_mcc,val_npv,val_precision,val_recall,val_specificity,val_tn,val_tp
0,0.5505208373069763,0.5833345055580139,0.5508562922477722,1044.0,1068.0,0.8254429697990417,0.01,0.10032002627849579,0.5514499545097351,0.5594059228897095,0.5649999976158142,0.5453125238418579,1332.0,1356.0,0.5208333134651184,0.5385416746139526,0.6666666269302368,0.0,480.0,0.6936654448509216,0.0,0.0,0.5,1.0,0.0,0.0,480.0
1,0.609375,0.6425454020500183,0.6047361493110657,757.0,760.0,0.6818909049034119,0.01,0.2107314169406891,0.6052398681640625,0.6047841906547546,0.6057291626930237,0.6041666865348816,1160.0,1163.0,0.5,0.5591862201690674,0.6737659573554993,15.0,438.0,0.6899083256721497,0.057018302381038666,0.46666666865348816,0.514950156211853,0.96875,0.08749999850988388,42.0,465.0
2,0.6333333253860474,0.6884765625,0.6335923075675964,705.0,700.0,0.6420927047729492,0.01,0.2686777412891388,0.6336610913276672,0.6344647407531738,0.6328125,0.6354166865348816,1220.0,1215.0,0.5,0.5390516519546509,0.526370108127594,226.0,240.0,0.6966730356216431,0.02766501158475876,0.5022222399711609,0.5141700506210327,0.5291666388511658,0.5,240.0,254.0
3,0.6463541388511658,0.7013252973556519,0.6425570845603943,689.0,676.0,0.6293684244155884,0.01,0.28950178623199463,0.6448459625244141,0.6455165147781372,0.6411458253860474,0.6479166746139526,1244.0,1231.0,0.512499988079071,0.5959613919258118,0.5809728503227234,185.0,253.0,0.6868641972541809,0.07679726183414459,0.5098428130149841,0.5383211970329285,0.6145833134651184,0.4729166626930237,227.0,295.0
4,0.6499999761581421,0.7262697815895081,0.651924192905426,656.0,691.0,0.6032713055610657,0.0009999999,0.2990098297595978,0.6529351472854614,0.6465473175048828,0.6583333611488342,0.6401041746139526,1229.0,1264.0,0.5020833611488342,0.5357725620269775,0.5142045617103577,233.0,239.0,0.6919910907745361,0.016299398615956306,0.5020833611488342,0.508230447769165,0.5145833492279053,0.5020833611488342,241.0,247.0
5,0.6588541865348816,0.735046923160553,0.6630064845085144,647.0,645.0,0.5952689051628113,0.0009999999,0.327748566865921,0.6640506386756897,0.663712203502655,0.6630208492279053,0.6640625,1275.0,1273.0,0.5166666507720947,0.541258692741394,0.5166666507720947,232.0,232.0,0.7150980830192566,0.03333333507180214,0.5166666507720947,0.5166666507720947,0.5166666507720947,0.5166666507720947,248.0,248.0
