epoch,accuracy,auc,f1_score,fn,fp,loss,lr,mcc,npv,precision,recall,specificity,tn,tp,val_accuracy,val_auc,val_f1_score,val_fn,val_fp,val_loss,val_mcc,val_npv,val_precision,val_recall,val_specificity,val_tn,val_tp
0,0.5333333611488342,0.5179732441902161,0.5215399265289307,1153.0,1159.0,0.738102376461029,0.01,0.046139251440763474,0.5246344804763794,0.5182875990867615,0.5195833444595337,0.5213541388511658,1241.0,1247.0,0.5,0.5,0.5,240.0,240.0,8.513134002685547,0.0,0.5,0.5,0.5,0.5,240.0,240.0
1,0.5395833253860474,0.5315902829170227,0.5376507639884949,875.0,913.0,0.7191970348358154,0.01,0.06902889162302017,0.5359439849853516,0.533707857131958,0.5442708134651184,0.5244791507720947,1007.0,1045.0,0.5,0.5177018642425537,0.5,240.0,240.0,7.538774490356445,0.0,0.5,0.5,0.5,0.5,240.0,240.0
2,0.5786458253860474,0.5942285060882568,0.5728014707565308,811.0,840.0,0.6862762570381165,0.01,0.14031057059764862,0.57091224193573,0.5690097212791443,0.5776041746139526,0.5625,1080.0,1109.0,0.5,0.5276952981948853,0.5,240.0,240.0,4.252277374267578,0.0,0.5,0.5,0.5,0.5,240.0,240.0
3,0.6098958253860474,0.6394696831703186,0.6030532121658325,759.0,769.0,0.6677172183990479,0.01,0.2042800635099411,0.6026231050491333,0.6015543937683105,0.604687511920929,0.5994791388511658,1151.0,1161.0,0.5,0.5388606786727905,0.6666666269302368,0.0,480.0,4.004597187042236,0.0,0.0,0.5,1.0,0.0,0.0,480.0
4,0.5973958373069763,0.6369993090629578,0.5893962979316711,803.0,747.0,0.6654029488563538,0.0009999999,0.19297608733177185,0.5948406457901001,0.5992489457130432,0.5817708373069763,0.6109374761581421,1173.0,1117.0,0.5,0.541516900062561,0.5,240.0,240.0,3.8393380641937256,0.0,0.5,0.5,0.5,0.5,240.0,240.0
5,0.6427083611488342,0.6837620139122009,0.6423719525337219,688.0,684.0,0.6430591940879822,0.0009999999,0.28543904423713684,0.6423397660255432,0.6430062651634216,0.6416666507720947,0.643750011920929,1236.0,1232.0,0.5,0.542810320854187,0.5,240.0,240.0,3.226717472076416,0.0,0.5,0.5,0.5,0.5,240.0,240.0
