epoch,accuracy,auc,f1_score,fn,fp,loss,lr,mcc,npv,precision,recall,specificity,tn,tp,val_accuracy,val_auc,val_f1_score,val_fn,val_fp,val_loss,val_mcc,val_npv,val_precision,val_recall,val_specificity,val_tn,val_tp
0,0.5406249761581421,0.5329749584197998,0.5262624621391296,1153.0,1134.0,0.7353000044822693,0.01,0.05899181216955185,0.5280383825302124,0.5237295031547546,0.5195833444595337,0.534375011920929,1266.0,1247.0,0.5,0.5,0.5,240.0,240.0,30.430620193481445,0.0,0.5,0.5,0.5,0.5,240.0,240.0
1,0.596875011920929,0.613075315952301,0.5854694843292236,791.0,802.0,0.6898519396781921,0.01,0.1708211600780487,0.5867860317230225,0.584671139717102,0.5880208611488342,0.5822916626930237,1118.0,1129.0,0.5,0.5,0.0,480.0,0.0,23.23801040649414,0.0,0.5,0.0,0.0,1.0,480.0,0.0
2,0.606249988079071,0.6323272585868835,0.5934191346168518,779.0,778.0,0.6738157868385315,0.01,0.1893635243177414,0.5953125357627869,0.5945805311203003,0.5942708253860474,0.5947916507720947,1142.0,1141.0,0.5,0.5,0.6666666269302368,0.0,480.0,17.221534729003906,0.0,0.0,0.5,1.0,0.0,0.0,480.0
3,0.6473958492279053,0.6804254651069641,0.6380366086959839,694.0,694.0,0.6474922299385071,0.01,0.27734172344207764,0.6394315958023071,0.6385416388511658,0.6385416388511658,0.6385416388511658,1226.0,1226.0,0.5,0.5614562034606934,0.5078431367874146,236.0,240.0,4.564218044281006,0.007872199639678001,0.5,0.5041322112083435,0.5083333253860474,0.5,240.0,244.0
4,0.6557291746139526,0.7093785405158997,0.6583172678947449,651.0,667.0,0.6293343305587769,0.0009999999,0.31360480189323425,0.657828688621521,0.6554751992225647,0.660937488079071,0.6526041626930237,1253.0,1269.0,0.5,0.5557378530502319,0.6494613885879517,134.0,268.0,2.284010410308838,0.13456113636493683,0.5047619342803955,0.5635179281234741,0.7208333611488342,0.4416666626930237,212.0,346.0
5,0.6833333373069763,0.7442858219146729,0.6838926672935486,602.0,617.0,0.597554624080658,0.0009999999,0.365166574716568,0.6837810277938843,0.681136965751648,0.6864583492279053,0.6786458492279053,1303.0,1318.0,0.5,0.5777647495269775,0.5324245095252991,223.0,240.0,2.0082268714904785,0.03275444358587265,0.5,0.5171025991439819,0.5354166626930237,0.5,240.0,257.0
