epoch,accuracy,auc,f1_score,fn,fp,loss,lr,mcc,npv,precision,recall,specificity,tn,tp,val_accuracy,val_auc,val_f1_score,val_fn,val_fp,val_loss,val_mcc,val_npv,val_precision,val_recall,val_specificity,val_tn,val_tp
0,0.5062500238418579,0.5119916200637817,0.5142440795898438,1172.0,1166.0,0.748765766620636,0.01,0.0324864387512207,0.5147997736930847,0.5129490494728088,0.5116666555404663,0.5177083611488342,1234.0,1228.0,0.5,0.4765625,0.5,240.0,240.0,4.084360122680664,0.0,0.5,0.5,0.5,0.5,240.0,240.0
1,0.49531251192092896,0.5072645545005798,0.48883146047592163,1000.0,916.0,0.7242638468742371,0.01,0.002380328020080924,0.4993955194950104,0.501089334487915,0.4791666567325592,0.5229166746139526,1004.0,920.0,0.5,0.4492295980453491,0.5,240.0,240.0,1.9792062044143677,0.0,0.5,0.5,0.5,0.5,240.0,240.0
2,0.5088541507720947,0.5070222616195679,0.4922507703304291,973.0,959.0,0.7143977880477905,0.01,-0.0061560398899018764,0.49936673045158386,0.4968520402908325,0.4932291805744171,0.5005208253860474,961.0,947.0,0.5,0.46232423186302185,0.5,240.0,240.0,1.2244030237197876,0.0,0.5,0.5,0.5,0.5,240.0,240.0
3,0.5062500238418579,0.5168739557266235,0.4941285252571106,993.0,893.0,0.7086849212646484,0.01,0.0177922323346138,0.5088000297546387,0.5093406438827515,0.4828124940395355,0.5348958373069763,1027.0,927.0,0.5,0.47339195013046265,0.496791273355484,243.0,237.0,0.7315112352371216,0.0,0.5,0.5,0.4937500059604645,0.5062500238418579,243.0,237.0
4,0.5182291865348816,0.5270656943321228,0.5223329663276672,916.0,916.0,0.7020713090896606,0.0009999999,0.04586394876241684,0.5223810076713562,0.5229166746139526,0.5229166746139526,0.5229166746139526,1004.0,1004.0,0.5,0.47925132513046265,0.5,240.0,240.0,0.7850017547607422,0.0,0.5,0.5,0.5,0.5,240.0,240.0
5,0.5302083492279053,0.5399771332740784,0.5274850130081177,899.0,925.0,0.6955443620681763,0.0009999999,0.05031544715166092,0.524734377861023,0.5246659517288208,0.5317708253860474,0.5182291865348816,995.0,1021.0,0.5,0.48211371898651123,0.4989418089389801,241.0,240.0,0.7823610305786133,-0.0020517667289823294,0.4979797899723053,0.4989561438560486,0.49791666865348816,0.5,240.0,239.0
