epoch,accuracy,auc,f1_score,fn,fp,loss,lr,mcc,npv,precision,recall,specificity,tn,tp,val_accuracy,val_auc,val_f1_score,val_fn,val_fp,val_loss,val_mcc,val_npv,val_precision,val_recall,val_specificity,val_tn,val_tp
0,0.5395833253860474,0.5354795455932617,0.5273136496543884,1153.0,1116.0,0.7273067235946655,0.01,0.0684056207537651,0.5343062281608582,0.5277190208435059,0.5195833444595337,0.543749988079071,1284.0,1247.0,0.5,0.5,0.5,240.0,240.0,14.166815757751465,0.0,0.5,0.5,0.5,0.5,240.0,240.0
1,0.5786458253860474,0.5965664386749268,0.5669199228286743,834.0,823.0,0.6997613310813904,0.01,0.13746671378612518,0.5676883459091187,0.5688842535018921,0.565625011920929,0.5713541507720947,1097.0,1086.0,0.5,0.5,0.5,240.0,240.0,4.842236518859863,0.0,0.5,0.5,0.5,0.5,240.0,240.0
2,0.6161458492279053,0.6520058512687683,0.6083424687385559,757.0,737.0,0.663750946521759,0.01,0.2224041372537613,0.6107812523841858,0.6121052503585815,0.6057291626930237,0.6161458492279053,1183.0,1163.0,0.5,0.5,0.5,240.0,240.0,5.336836338043213,0.0,0.5,0.5,0.5,0.5,240.0,240.0
3,0.6484375,0.6935152411460876,0.6461132764816284,683.0,670.0,0.6358689069747925,0.01,0.295401930809021,0.6473305821418762,0.648662805557251,0.6442708373069763,0.6510416865348816,1250.0,1237.0,0.5,0.5041666626930237,0.5,240.0,240.0,3.558270215988159,0.0,0.5,0.5,0.5,0.5,240.0,240.0
4,0.6645833253860474,0.7202416062355042,0.6619278788566589,651.0,646.0,0.6155946850776672,0.0009999999,0.3245272934436798,0.6615458130836487,0.6626631617546082,0.660937488079071,0.6635416746139526,1274.0,1269.0,0.5,0.5,0.5,240.0,240.0,5.685949802398682,0.0,0.5,0.5,0.5,0.5,240.0,240.0
5,0.6848958134651184,0.7430194616317749,0.6845937967300415,607.0,603.0,0.5961771607398987,0.0009999999,0.3698374330997467,0.6844691038131714,0.6852818131446838,0.6838541626930237,0.6859375238418579,1317.0,1313.0,0.5,0.5,0.5,240.0,240.0,5.272507190704346,0.0,0.5,0.5,0.5,0.5,240.0,240.0
