epoch,accuracy,auc,f1_score,fn,fp,loss,lr,mcc,npv,precision,recall,specificity,tn,tp,val_accuracy,val_auc,val_f1_score,val_fn,val_fp,val_loss,val_mcc,val_npv,val_precision,val_recall,val_specificity,val_tn,val_tp
0,0.5145833492279053,0.5254174470901489,0.5287148356437683,1121.0,1196.0,0.7377527952194214,0.01,0.042843595147132874,0.5227702260017395,0.516767680644989,0.5329166650772095,0.5015624761581421,1204.0,1279.0,0.5,0.5,0.5,240.0,240.0,9.649457931518555,0.0,0.5,0.5,0.5,0.5,240.0,240.0
1,0.6031249761581421,0.622832715511322,0.5834222435951233,812.0,769.0,0.6855732798576355,0.01,0.17715522646903992,0.5857741832733154,0.5903036594390869,0.5770833492279053,0.5994791388511658,1151.0,1108.0,0.5,0.5329058170318604,0.41957390308380127,307.0,140.0,1.7666343450546265,0.05597279220819473,0.5294085144996643,0.5527156591415405,0.3604166805744171,0.7083333134651184,340.0,173.0
2,0.6484375,0.6870919466018677,0.6391719579696655,703.0,670.0,0.644679605960846,0.01,0.2851931154727936,0.6402425169944763,0.6449390649795532,0.6338541507720947,0.6510416865348816,1250.0,1217.0,0.5,0.5339692234992981,0.5,240.0,239.0,2.0910446643829346,0.0020517667289823294,0.5020201802253723,0.5010438561439514,0.5,0.5020833611488342,241.0,240.0
3,0.6385416388511658,0.6950551867485046,0.6410124897956848,692.0,679.0,0.6395998001098633,0.01,0.2861180305480957,0.6426528096199036,0.6439433693885803,0.6395833492279053,0.6463541388511658,1241.0,1228.0,0.5,0.5,0.5,240.0,240.0,5.074444770812988,0.0,0.5,0.5,0.5,0.5,240.0,240.0
4,0.6307291388511658,0.6688040494918823,0.6265527009963989,720.0,710.0,0.6590149998664856,0.0009999999,0.2552526295185089,0.6270776987075806,0.6282722353935242,0.625,0.6302083134651184,1210.0,1200.0,0.5,0.5047222375869751,0.5,240.0,240.0,3.965867042541504,0.0,0.5,0.5,0.5,0.5,240.0,240.0
5,0.6526041626930237,0.6941642761230469,0.6482855677604675,681.0,663.0,0.6359120607376099,0.0009999999,0.3000636696815491,0.6487101316452026,0.6514195799827576,0.645312488079071,0.6546875238418579,1257.0,1239.0,0.5,0.5719769597053528,0.5,240.0,239.0,1.5327956676483154,0.0020517667289823294,0.5020201802253723,0.5010438561439514,0.5,0.5020833611488342,241.0,240.0
