epoch,accuracy,auc,f1_score,fn,fp,loss,lr,mcc,npv,precision,recall,specificity,tn,tp,val_accuracy,val_auc,val_f1_score,val_fn,val_fp,val_loss,val_mcc,val_npv,val_precision,val_recall,val_specificity,val_tn,val_tp
0,0.5505208373069763,0.5359547734260559,0.5304202437400818,1138.0,1140.0,0.7300397753715515,0.01,0.06334122270345688,0.5313881039619446,0.5253955125808716,0.5258333086967468,0.5307291746139526,1260.0,1262.0,0.5,0.5,0.0,480.0,0.0,62.45140075683594,0.0,0.5,0.0,0.0,1.0,480.0,0.0
1,0.6088541746139526,0.635921061038971,0.593774139881134,777.0,781.0,0.6786465048789978,0.01,0.18893985450267792,0.5957738161087036,0.5940748453140259,0.5953124761581421,0.5932291746139526,1139.0,1143.0,0.5,0.5477321743965149,0.2383282333612442,402.0,27.0,1.8904459476470947,0.10242605209350586,0.5354098081588745,0.7428571581840515,0.16249999403953552,0.9437500238418579,453.0,78.0
2,0.6432291865348816,0.6935259103775024,0.6420013904571533,690.0,680.0,0.6420677304267883,0.01,0.28674715757369995,0.643043577671051,0.6439790725708008,0.640625,0.6458333134651184,1240.0,1230.0,0.5,0.5,0.5,240.0,240.0,3.7378218173980713,0.0,0.5,0.5,0.5,0.5,240.0,240.0
3,0.6567708253860474,0.7035028338432312,0.6491097807884216,669.0,683.0,0.6323162317276001,0.01,0.29622122645378113,0.6490351557731628,0.6468459367752075,0.651562511920929,0.6442708373069763,1237.0,1251.0,0.5,0.5010416507720947,0.5,240.0,240.0,4.336674690246582,0.0,0.5,0.5,0.5,0.5,240.0,240.0
4,0.692187488079071,0.7438924312591553,0.6923805475234985,592.0,588.0,0.600874662399292,0.0009999999,0.38544055819511414,0.6923249363899231,0.6931106448173523,0.6916666626930237,0.6937500238418579,1332.0,1328.0,0.5,0.6054621934890747,0.5,240.0,239.0,2.023439407348633,0.0020517667289823294,0.5020201802253723,0.5010438561439514,0.5,0.5020833611488342,241.0,240.0
5,0.7124999761581421,0.7759787440299988,0.7118517160415649,555.0,550.0,0.5709580779075623,0.0009999999,0.4244987368583679,0.711713433265686,0.7127937078475952,0.7109375,0.7135416865348816,1370.0,1365.0,0.5,0.5358225107192993,0.5,240.0,240.0,3.1523046493530273,0.0,0.5,0.5,0.5,0.5,240.0,240.0
