epoch,accuracy,auc,f1_score,fn,fp,loss,lr,mcc,npv,precision,recall,specificity,tn,tp,val_accuracy,val_auc,val_f1_score,val_fn,val_fp,val_loss,val_mcc,val_npv,val_precision,val_recall,val_specificity,val_tn,val_tp
0,0.5026041865348816,0.5099775195121765,0.4997800588607788,1202.0,1184.0,0.7474187016487122,0.01,0.007439385633915663,0.5037074685096741,0.5029386878013611,0.49916666746139526,0.5083333253860474,1216.0,1198.0,0.5,0.5,0.5,240.0,240.0,6.365189075469971,0.0,0.5,0.5,0.5,0.5,240.0,240.0
1,0.49791666865348816,0.5031278729438782,0.49953120946884155,965.0,939.0,0.7251661419868469,0.01,0.008436605334281921,0.5038800239562988,0.5042238831520081,0.4973958432674408,0.510937511920929,981.0,955.0,0.5,0.5023025274276733,0.4969541132450104,239.0,245.0,1.1915297508239746,-0.00814779568463564,0.5,0.4958847761154175,0.5020833611488342,0.4895833432674408,235.0,241.0
2,0.5375000238418579,0.5488690733909607,0.5408686995506287,883.0,874.0,0.7045309543609619,0.01,0.08537483215332031,0.5419836640357971,0.5426478385925293,0.5401041507720947,0.5447916388511658,1046.0,1037.0,0.5,0.4750499129295349,0.5,240.0,240.0,1.1944283246994019,0.0,0.5,0.5,0.5,0.5,240.0,240.0
3,0.5630208253860474,0.5898515582084656,0.5696620941162109,814.0,857.0,0.6924833655357361,0.01,0.129644975066185,0.5648087859153748,0.5634233355522156,0.5760416388511658,0.5536458492279053,1063.0,1106.0,0.5,0.5456987619400024,0.5,240.0,240.0,1.0907272100448608,0.0,0.5,0.5,0.5,0.5,240.0,240.0
4,0.604687511920929,0.653889000415802,0.6045818328857422,757.0,763.0,0.6529671549797058,0.0009999999,0.20841124653816223,0.604717493057251,0.6038421392440796,0.6057291626930237,0.6026041507720947,1157.0,1163.0,0.5,0.5638172626495361,0.5,240.0,240.0,1.6505719423294067,0.0,0.5,0.5,0.5,0.5,240.0,240.0
5,0.6322916746139526,0.6910479068756104,0.6331931352615356,701.0,711.0,0.6356905698776245,0.0009999999,0.26463887095451355,0.6330816745758057,0.6316062211990356,0.6348958611488342,0.629687488079071,1209.0,1219.0,0.5,0.5613932609558105,0.5,240.0,240.0,2.4205844402313232,0.0,0.5,0.5,0.5,0.5,240.0,240.0
