epoch,accuracy,auc,f1_score,fn,fp,loss,lr,mcc,npv,precision,recall,specificity,tn,tp,val_accuracy,val_auc,val_f1_score,val_fn,val_fp,val_loss,val_mcc,val_npv,val_precision,val_recall,val_specificity,val_tn,val_tp
0,0.518750011920929,0.518171489238739,0.5088920593261719,1184.0,1165.0,0.7364540100097656,0.01,0.02508675679564476,0.5130218267440796,0.5107097625732422,0.5066666603088379,0.5166666507720947,1235.0,1216.0,0.5,0.49910157918930054,0.5,240.0,240.0,3.336168050765991,0.0,0.5,0.5,0.5,0.5,240.0,240.0
1,0.4802083373069763,0.5014108419418335,0.490285187959671,975.0,979.0,0.7193689942359924,0.01,-0.01772262342274189,0.49159765243530273,0.4911642372608185,0.4921875,0.49010416865348816,941.0,945.0,0.5,0.5235676765441895,0.5,240.0,240.0,1.4366002082824707,0.0,0.5,0.5,0.5,0.5,240.0,240.0
2,0.515625,0.513032853603363,0.5064132213592529,952.0,933.0,0.7129768133163452,0.01,0.018152309581637383,0.5081207156181335,0.50920569896698,0.5041666626930237,0.5140625238418579,987.0,968.0,0.5,0.47893017530441284,0.5,240.0,240.0,1.3728052377700806,0.0,0.5,0.5,0.5,0.5,240.0,240.0
3,0.5380208492279053,0.5581040382385254,0.5343874096870422,893.0,888.0,0.6966371536254883,0.01,0.07213408499956131,0.5370585322380066,0.5362924337387085,0.5348958373069763,0.5375000238418579,1032.0,1027.0,0.5,0.5448241829872131,0.5,240.0,240.0,1.8225003480911255,0.0,0.5,0.5,0.5,0.5,240.0,240.0
4,0.59375,0.6107044816017151,0.5733137726783752,823.0,804.0,0.672312319278717,0.0009999999,0.1527537703514099,0.5761536359786987,0.5770646929740906,0.5713541507720947,0.581250011920929,1116.0,1097.0,0.5,0.5654578804969788,0.5,240.0,240.0,1.1937636137008667,0.0,0.5,0.5,0.5,0.5,240.0,240.0
5,0.6510416865348816,0.6926069259643555,0.6503556966781616,671.0,672.0,0.6376699805259705,0.0009999999,0.3005516231060028,0.6503324508666992,0.6501821875572205,0.6505208611488342,0.6499999761581421,1248.0,1249.0,0.5,0.5708463788032532,0.5,240.0,240.0,1.4559340476989746,0.0,0.5,0.5,0.5,0.5,240.0,240.0
