epoch,accuracy,auc,f1_score,fn,fp,loss,lr,mcc,npv,precision,recall,specificity,tn,tp,val_accuracy,val_auc,val_f1_score,val_fn,val_fp,val_loss,val_mcc,val_npv,val_precision,val_recall,val_specificity,val_tn,val_tp
0,0.5718749761581421,0.5602173805236816,0.5609071254730225,1077.0,1091.0,0.710898220539093,0.01,0.11874830722808838,0.5581129193305969,0.5480530261993408,0.5512499809265137,0.5557291507720947,1309.0,1323.0,0.5,0.5,0.5,240.0,240.0,36.69637680053711,0.0,0.5,0.5,0.5,0.5,240.0,240.0
1,0.621874988079071,0.6521890759468079,0.6054303646087646,755.0,761.0,0.6674750447273254,0.01,0.21078412234783173,0.6057153940200806,0.6048805713653564,0.6067708134651184,0.6036458611488342,1159.0,1165.0,0.5,0.6044639348983765,0.5,240.0,240.0,2.253680944442749,0.0,0.5,0.5,0.5,0.5,240.0,240.0
2,0.6302083134651184,0.6814795732498169,0.6253554224967957,718.0,721.0,0.6479267477989197,0.01,0.2506825625896454,0.6256600022315979,0.62506502866745,0.6260416507720947,0.6244791746139526,1199.0,1202.0,0.5,0.5,0.5,240.0,240.0,4.8693318367004395,0.0,0.5,0.5,0.5,0.5,240.0,240.0
3,0.6270833611488342,0.6868433952331543,0.626133143901825,713.0,728.0,0.6368650197982788,0.01,0.24964626133441925,0.6257867813110352,0.6237726211547852,0.6286458373069763,0.6208333373069763,1192.0,1207.0,0.5,0.5537803769111633,0.5,240.0,240.0,2.729477643966675,0.0,0.5,0.5,0.5,0.5,240.0,240.0
4,0.6494791507720947,0.6941430568695068,0.6486788988113403,674.0,676.0,0.6343404054641724,0.0009999999,0.2969457805156708,0.6484747529029846,0.648283064365387,0.6489583253860474,0.6479166746139526,1244.0,1246.0,0.5,0.5010416507720947,0.5,240.0,240.0,3.548712968826294,0.0,0.5,0.5,0.5,0.5,240.0,240.0
5,0.6697916388511658,0.7225123047828674,0.6706749200820923,631.0,635.0,0.6167848706245422,0.0009999999,0.3406423032283783,0.6706230640411377,0.6699584126472473,0.6713541746139526,0.6692708134651184,1285.0,1289.0,0.5,0.590210497379303,0.5,240.0,240.0,1.4608930349349976,0.0,0.5,0.5,0.5,0.5,240.0,240.0
