epoch,accuracy,auc,f1_score,fn,fp,loss,lr,mcc,npv,precision,recall,specificity,tn,tp,val_accuracy,val_auc,val_f1_score,val_fn,val_fp,val_loss,val_mcc,val_npv,val_precision,val_recall,val_specificity,val_tn,val_tp
0,0.6130208373069763,0.5889750719070435,0.5960700511932373,1022.0,991.0,0.6839635968208313,0.01,0.20195557177066803,0.6010034680366516,0.5816800594329834,0.5741666555404663,0.6088541746139526,1409.0,1378.0,0.5,0.5,0.5,240.0,240.0,16.34380531311035,0.0,0.5,0.5,0.5,0.5,240.0,240.0
1,0.6348958611488342,0.6784963011741638,0.6188313961029053,736.0,720.0,0.6435612440109253,0.01,0.24185295403003693,0.6200987100601196,0.6218487620353699,0.6166666746139526,0.625,1200.0,1184.0,0.5,0.5096657872200012,0.5,240.0,240.0,4.460803508758545,0.0,0.5,0.5,0.5,0.5,240.0,240.0
2,0.6625000238418579,0.7116184830665588,0.6550658941268921,667.0,653.0,0.6257067918777466,0.01,0.3127199113368988,0.6549643278121948,0.6573976874351501,0.6526041626930237,0.6598958373069763,1267.0,1253.0,0.5,0.5026041865348816,0.5,240.0,240.0,6.243098258972168,0.0,0.5,0.5,0.5,0.5,240.0,240.0
3,0.6578124761581421,0.7203803658485413,0.6532512903213501,674.0,649.0,0.6158462762832642,0.01,0.3111526668071747,0.6533526182174683,0.6575198173522949,0.6489583253860474,0.6619791388511658,1271.0,1246.0,0.5,0.510937511920929,0.5,240.0,240.0,4.138232707977295,0.0,0.5,0.5,0.5,0.5,240.0,240.0
4,0.6666666865348816,0.7259305715560913,0.6650275588035583,643.0,643.0,0.609161913394928,0.0009999999,0.3302597403526306,0.6652539968490601,0.6651041507720947,0.6651041507720947,0.6651041507720947,1277.0,1277.0,0.5,0.5288020372390747,0.5,240.0,240.0,3.1859445571899414,0.0,0.5,0.5,0.5,0.5,240.0,240.0
5,0.7046874761581421,0.7706838846206665,0.7047602534294128,564.0,572.0,0.5723415017127991,0.0009999999,0.4083796441555023,0.705077052116394,0.7033194899559021,0.706250011920929,0.7020833492279053,1348.0,1356.0,0.5,0.5119791626930237,0.5,240.0,240.0,3.729750871658325,0.0,0.5,0.5,0.5,0.5,240.0,240.0
