epoch,accuracy,auc,f1_score,fn,fp,loss,lr,mcc,npv,precision,recall,specificity,tn,tp,val_accuracy,val_auc,val_f1_score,val_fn,val_fp,val_loss,val_mcc,val_npv,val_precision,val_recall,val_specificity,val_tn,val_tp
0,0.578125,0.593262791633606,0.5715097784996033,1050.0,1009.0,0.7027979493141174,0.01,0.15482662618160248,0.5759564638137817,0.5722764134407043,0.5625,0.5880208611488342,1391.0,1350.0,0.5,0.5,0.5,240.0,240.0,28.18620491027832,0.0,0.5,0.5,0.5,0.5,240.0,240.0
1,0.6369791626930237,0.6674861311912537,0.6230682730674744,726.0,715.0,0.655278742313385,0.01,0.2501237094402313,0.6250912547111511,0.6254583597183228,0.621874988079071,0.6276041865348816,1205.0,1194.0,0.5,0.536584198474884,0.5,240.0,240.0,4.404937744140625,0.0,0.5,0.5,0.5,0.5,240.0,240.0
2,0.651562511920929,0.7040978670120239,0.6508989334106445,661.0,689.0,0.6335086226463318,0.01,0.2972697913646698,0.6507807374000549,0.6463038921356201,0.6557291746139526,0.6411458253860474,1231.0,1259.0,0.5,0.5342599749565125,0.6666666269302368,0.0,480.0,9.589282035827637,0.0,0.0,0.5,1.0,0.0,0.0,480.0
3,0.6119791865348816,0.6445985436439514,0.6059591174125671,759.0,750.0,0.6661871075630188,0.01,0.21446119248867035,0.6065394878387451,0.6075353026390076,0.604687511920929,0.609375,1170.0,1161.0,0.5,0.5,0.5,240.0,240.0,2223.690185546875,0.0,0.5,0.5,0.5,0.5,240.0,240.0
4,0.6541666388511658,0.6971113681793213,0.652665913105011,660.0,679.0,0.6549873352050781,0.0009999999,0.30280444025993347,0.6535549163818359,0.6498194932937622,0.65625,0.6463541388511658,1241.0,1260.0,0.5,0.5,0.5,240.0,240.0,15.225319862365723,0.0,0.5,0.5,0.5,0.5,240.0,240.0
5,0.6572916507720947,0.7097821235656738,0.6566314101219177,652.0,670.0,0.6281260251998901,0.0009999999,0.31178200244903564,0.6586199998855591,0.6542827486991882,0.6604166626930237,0.6510416865348816,1250.0,1268.0,0.5,0.5490755438804626,0.5,240.0,232.0,4.003302097320557,0.015744399279356003,0.5148147940635681,0.508474588394165,0.5,0.5166666507720947,248.0,240.0
