epoch,accuracy,auc,f1_score,fn,fp,loss,lr,mcc,npv,precision,recall,specificity,tn,tp,val_accuracy,val_auc,val_f1_score,val_fn,val_fp,val_loss,val_mcc,val_npv,val_precision,val_recall,val_specificity,val_tn,val_tp
0,0.5901041626930237,0.5743759870529175,0.5744840502738953,1055.0,1059.0,0.6935268640518188,0.01,0.1490984857082367,0.5740125775337219,0.5594841837882996,0.5604166388511658,0.573437511920929,1341.0,1345.0,0.5,0.5,0.5,240.0,240.0,75.28813171386719,0.0,0.5,0.5,0.5,0.5,240.0,240.0
1,0.6333333253860474,0.6677191257476807,0.6203573346138,733.0,717.0,0.6538543105125427,0.01,0.24505601823329926,0.6221135854721069,0.6234243512153625,0.6182291507720947,0.6265624761581421,1203.0,1187.0,0.5,0.5,0.5,240.0,240.0,8.668925285339355,0.0,0.5,0.5,0.5,0.5,240.0,240.0
2,0.6463541388511658,0.6955143809318542,0.6428316831588745,679.0,700.0,0.6364688873291016,0.01,0.2820209562778473,0.6424201726913452,0.6393611431121826,0.6463541388511658,0.6354166865348816,1220.0,1241.0,0.5,0.5020833015441895,0.5,240.0,240.0,5.379861831665039,0.0,0.5,0.5,0.5,0.5,240.0,240.0
3,0.6364583373069763,0.6943674087524414,0.6336036920547485,701.0,706.0,0.6293485164642334,0.01,0.26730605959892273,0.6347025632858276,0.6332467794418335,0.6348958611488342,0.6322916746139526,1214.0,1219.0,0.5,0.5,0.5,240.0,240.0,10.261655807495117,0.0,0.5,0.5,0.5,0.5,240.0,240.0
4,0.6755208373069763,0.724956214427948,0.6740354299545288,630.0,617.0,0.6147760152816772,0.0009999999,0.35057970881462097,0.674315869808197,0.6764551401138306,0.671875,0.6786458492279053,1303.0,1290.0,0.5,0.5447655916213989,0.5,240.0,240.0,3.1670472621917725,0.0,0.5,0.5,0.5,0.5,240.0,240.0
5,0.6822916865348816,0.7416508197784424,0.6822021007537842,612.0,607.0,0.5979264974594116,0.0009999999,0.36516091227531433,0.6819495558738708,0.6830286979675293,0.6812499761581421,0.6838541626930237,1313.0,1308.0,0.5,0.5,0.5,240.0,240.0,5.537048816680908,0.0,0.5,0.5,0.5,0.5,240.0,240.0
