epoch,accuracy,auc,f1_score,fn,fp,loss,lr,mcc,npv,precision,recall,specificity,tn,tp,val_accuracy,val_auc,val_f1_score,val_fn,val_fp,val_loss,val_mcc,val_npv,val_precision,val_recall,val_specificity,val_tn,val_tp
0,0.5479166507720947,0.5368751287460327,0.5363412499427795,1121.0,1148.0,0.7104741930961609,0.01,0.06852149963378906,0.5354359745979309,0.5269880294799805,0.5329166650772095,0.5270833373069763,1252.0,1279.0,0.5,0.5,0.5,240.0,240.0,10.137494087219238,0.0,0.5,0.5,0.5,0.5,240.0,240.0
1,0.6135416626930237,0.6534327268600464,0.6114166378974915,747.0,741.0,0.6668055653572083,0.01,0.2252318114042282,0.6127058267593384,0.6128526926040649,0.6109374761581421,0.614062488079071,1179.0,1173.0,0.5,0.5,0.5,240.0,240.0,4.712996959686279,0.0,0.5,0.5,0.5,0.5,240.0,240.0
2,0.6291666626930237,0.6722339987754822,0.6183803677558899,734.0,730.0,0.646386444568634,0.01,0.23798438906669617,0.6179061532020569,0.6189979314804077,0.6177083253860474,0.6197916865348816,1190.0,1186.0,0.5,0.5,0.5,240.0,240.0,8.552450180053711,0.0,0.5,0.5,0.5,0.5,240.0,240.0
3,0.6447916626930237,0.6748766303062439,0.6336068511009216,699.0,710.0,0.6512290239334106,0.01,0.26649361848831177,0.6346140503883362,0.6323148608207703,0.635937511920929,0.6302083134651184,1210.0,1221.0,0.5,0.5005208253860474,0.5,240.0,240.0,7.120599746704102,0.0,0.5,0.5,0.5,0.5,240.0,240.0
4,0.6307291388511658,0.6789477467536926,0.6275973916053772,701.0,742.0,0.6445671319961548,0.0009999999,0.2487591803073883,0.6280531287193298,0.6216216087341309,0.6348958611488342,0.6135416626930237,1178.0,1219.0,0.5,0.5,0.5,240.0,240.0,7.7454657554626465,0.0,0.5,0.5,0.5,0.5,240.0,240.0
5,0.6484375,0.6987956762313843,0.6501061320304871,663.0,691.0,0.6265366673469543,0.0009999999,0.2950265109539032,0.6492313146591187,0.645277202129364,0.6546875238418579,0.6401041746139526,1229.0,1257.0,0.5,0.5,0.5,240.0,240.0,6.521971225738525,0.0,0.5,0.5,0.5,0.5,240.0,240.0
