epoch,accuracy,auc,f1_score,fn,fp,loss,lr,mcc,npv,precision,recall,specificity,tn,tp,val_accuracy,val_auc,val_f1_score,val_fn,val_fp,val_loss,val_mcc,val_npv,val_precision,val_recall,val_specificity,val_tn,val_tp
0,0.589062511920929,0.5733683705329895,0.5652317404747009,1084.0,1031.0,0.694984495639801,0.01,0.14645986258983612,0.5726608633995056,0.5607157945632935,0.5483333468437195,0.5869791507720947,1369.0,1316.0,0.5,0.5,0.5,240.0,240.0,30.791635513305664,0.0,0.5,0.5,0.5,0.5,240.0,240.0
1,0.6223958134651184,0.6556470990180969,0.612577497959137,744.0,742.0,0.6658793091773987,0.01,0.22644241154193878,0.6132098436355591,0.6131386756896973,0.612500011920929,0.6135416626930237,1178.0,1176.0,0.5,0.5,0.5,240.0,240.0,11.16894817352295,0.0,0.5,0.5,0.5,0.5,240.0,240.0
2,0.6328125,0.6842191815376282,0.62691330909729,722.0,703.0,0.6382279992103577,0.01,0.2581559419631958,0.6277198195457458,0.6301946640014648,0.6239583492279053,0.6338541507720947,1217.0,1198.0,0.5,0.5300954580307007,0.5,240.0,240.0,5.24525785446167,0.0,0.5,0.5,0.5,0.5,240.0,240.0
3,0.6588541865348816,0.7101497054100037,0.6567202210426331,660.0,655.0,0.6274807453155518,0.01,0.3152579665184021,0.6578620076179504,0.6579634547233582,0.65625,0.6588541865348816,1265.0,1260.0,0.5,0.5,0.5,240.0,240.0,6.36683988571167,0.0,0.5,0.5,0.5,0.5,240.0,240.0
4,0.6880208253860474,0.7501999139785767,0.6889145374298096,597.0,598.0,0.589576780796051,0.0009999999,0.37767109274864197,0.6888613104820251,0.6887037754058838,0.6890624761581421,0.6885416507720947,1322.0,1323.0,0.5,0.5,0.5,240.0,240.0,7.530705451965332,0.0,0.5,0.5,0.5,0.5,240.0,240.0
5,0.7046874761581421,0.7723132371902466,0.7054454684257507,564.0,568.0,0.5707111358642578,0.0009999999,0.41045379638671875,0.7057831287384033,0.704781711101532,0.706250011920929,0.7041666507720947,1352.0,1356.0,0.5,0.5,0.5,240.0,240.0,6.660387992858887,0.0,0.5,0.5,0.5,0.5,240.0,240.0
