epoch,accuracy,auc,f1_score,fn,fp,loss,lr,mcc,npv,precision,recall,specificity,tn,tp,val_accuracy,val_auc,val_f1_score,val_fn,val_fp,val_loss,val_mcc,val_npv,val_precision,val_recall,val_specificity,val_tn,val_tp
0,0.590624988079071,0.580112874507904,0.574487030506134,1055.0,1062.0,0.6951990127563477,0.01,0.14758214354515076,0.5726860165596008,0.5587868690490723,0.5604166388511658,0.5718749761581421,1338.0,1345.0,0.5,0.5,0.5,240.0,240.0,29.31659698486328,0.0,0.5,0.5,0.5,0.5,240.0,240.0
1,0.6442708373069763,0.6899048089981079,0.6362895369529724,703.0,688.0,0.6444304585456848,0.01,0.2757721245288849,0.6366623044013977,0.6388451457023621,0.6338541507720947,0.6416666507720947,1232.0,1217.0,0.5,0.5,0.5,240.0,240.0,8.893162727355957,0.0,0.5,0.5,0.5,0.5,240.0,240.0
2,0.65625,0.7053892612457275,0.6513870358467102,670.0,667.0,0.6307402849197388,0.01,0.3037550747394562,0.6518571972846985,0.6520605087280273,0.6510416865348816,0.6526041626930237,1253.0,1250.0,0.5,0.5669726729393005,0.49947088956832886,241.0,239.0,1.35954749584198,3.257592470617965e-05,0.49898990988731384,0.5,0.49791666865348816,0.5020833611488342,241.0,239.0
3,0.6645833253860474,0.7187865376472473,0.6613308191299438,655.0,640.0,0.6186425089836121,0.01,0.325594425201416,0.6616680026054382,0.6640419960021973,0.6588541865348816,0.6666666865348816,1280.0,1265.0,0.5,0.5,0.5,240.0,240.0,14.347009658813477,0.0,0.5,0.5,0.5,0.5,240.0,240.0
4,0.6776041388511658,0.73170006275177,0.6745620965957642,629.0,616.0,0.6123459339141846,0.0009999999,0.35161057114601135,0.6748272776603699,0.6769795417785645,0.6723958253860474,0.6791666746139526,1304.0,1291.0,0.5,0.5,0.5,240.0,240.0,10.945184707641602,0.0,0.5,0.5,0.5,0.5,240.0,240.0
5,0.6880208253860474,0.7574018239974976,0.6865847110748291,605.0,596.0,0.5845412611961365,0.0009999999,0.3745552897453308,0.6862146258354187,0.6881213784217834,0.6848958134651184,0.6895833611488342,1324.0,1315.0,0.5,0.5,0.5,240.0,240.0,11.670379638671875,0.0,0.5,0.5,0.5,0.5,240.0,240.0
