epoch,accuracy,auc,f1_score,fn,fp,loss,lr,mcc,npv,precision,recall,specificity,tn,tp,val_accuracy,val_auc,val_f1_score,val_fn,val_fp,val_loss,val_mcc,val_npv,val_precision,val_recall,val_specificity,val_tn,val_tp
0,0.5874999761581421,0.5724325180053711,0.5721675753593445,1060.0,1056.0,0.6876636147499084,0.01,0.14836640655994415,0.5751197338104248,0.5592654347419739,0.5583333373069763,0.574999988079071,1344.0,1340.0,0.5,0.5,0.5,240.0,240.0,16.019933700561523,0.0,0.5,0.5,0.5,0.5,240.0,240.0
1,0.6484375,0.6924959421157837,0.6480860114097595,667.0,692.0,0.6406661868095398,0.01,0.2924554944038391,0.648543655872345,0.6442159414291382,0.6526041626930237,0.6395833492279053,1228.0,1253.0,0.512499988079071,0.5692622065544128,0.655631422996521,76.0,358.0,0.8730060458183289,0.07890880852937698,0.5074074268341064,0.530183732509613,0.8416666388511658,0.2541666626930237,122.0,404.0
2,0.6625000238418579,0.7084800601005554,0.6589466333389282,659.0,647.0,0.6255229115486145,0.01,0.320071280002594,0.6586506962776184,0.6609014868736267,0.6567708253860474,0.6630208492279053,1273.0,1261.0,0.5,0.5708290338516235,0.5,240.0,240.0,1.521350383758545,0.0,0.5,0.5,0.5,0.5,240.0,240.0
3,0.6713541746139526,0.7322571277618408,0.6704782843589783,635.0,628.0,0.6090664267539978,0.01,0.3422585129737854,0.6705037355422974,0.6717197895050049,0.6692708134651184,0.6729166507720947,1292.0,1285.0,0.5,0.5520833730697632,0.5,240.0,240.0,1.6361984014511108,0.0,0.5,0.5,0.5,0.5,240.0,240.0
4,0.6807291507720947,0.7417007684707642,0.6815661787986755,611.0,612.0,0.59384685754776,0.01,0.36308780312538147,0.6816685795783997,0.6814159154891968,0.6817708611488342,0.6812499761581421,1308.0,1309.0,0.5,0.5247894525527954,0.5,240.0,240.0,3.1470770835876465,0.0,0.5,0.5,0.5,0.5,240.0,240.0
5,0.7166666388511658,0.7796504497528076,0.7156476378440857,548.0,542.0,0.5649627447128296,0.0009999999,0.4323176145553589,0.7155853509902954,0.716823399066925,0.7145833373069763,0.7177083492279053,1378.0,1372.0,0.5,0.5473068952560425,0.5,240.0,240.0,2.7307002544403076,0.0,0.5,0.5,0.5,0.5,240.0,240.0
6,0.7338541746139526,0.8047624230384827,0.7343643307685852,511.0,508.0,0.5423411726951599,0.0009999999,0.46928533911705017,0.7343973517417908,0.7350026369094849,0.7338541746139526,0.7354166507720947,1412.0,1409.0,0.5,0.5259765386581421,0.5,240.0,240.0,3.1599130630493164,0.0,0.5,0.5,0.5,0.5,240.0,240.0
