epoch,accuracy,auc,f1_score,fn,fp,loss,lr,mcc,npv,precision,recall,specificity,tn,tp,val_accuracy,val_auc,val_f1_score,val_fn,val_fp,val_loss,val_mcc,val_npv,val_precision,val_recall,val_specificity,val_tn,val_tp
0,0.6239583492279053,0.6087340116500854,0.6099995374679565,989.0,986.0,0.7471444010734558,0.01,0.22226324677467346,0.6103821992874146,0.588652491569519,0.5879166722297668,0.6114583611488342,1414.0,1411.0,0.5,0.4985763728618622,0.5,240.0,240.0,1.1717422008514404,0.0,0.5,0.5,0.5,0.5,240.0,240.0
1,0.714062511920929,0.7846622467041016,0.7054248452186584,565.0,568.0,0.5603193640708923,0.01,0.41055914759635925,0.7049148678779602,0.7046281695365906,0.7057291865348816,0.7041666507720947,1352.0,1355.0,0.5,0.5525846481323242,0.49794870615005493,240.0,242.0,1.1082662343978882,-0.004103533457964659,0.5,0.4979253113269806,0.5,0.4958333373069763,238.0,240.0
2,0.7645833492279053,0.8449825048446655,0.7647846937179565,451.0,453.0,0.48645517230033875,0.01,0.5300706624984741,0.7652222514152527,0.7643080353736877,0.7651041746139526,0.7640625238418579,1467.0,1469.0,0.5,0.5701236724853516,0.5,240.0,240.0,1.5931226015090942,0.0,0.5,0.5,0.5,0.5,240.0,240.0
3,0.8203125,0.8948445320129395,0.8168566226959229,360.0,340.0,0.4098969101905823,0.01,0.6358051300048828,0.8144778609275818,0.821052610874176,0.8125,0.8229166865348816,1580.0,1560.0,0.5,0.6172091960906982,0.5,240.0,240.0,1.56234610080719,0.0,0.5,0.5,0.5,0.5,240.0,240.0
4,0.823437511920929,0.9055748581886292,0.8183848261833191,356.0,337.0,0.38771316409111023,0.0009999999,0.6395149827003479,0.8171342015266418,0.8227248787879944,0.8145833611488342,0.8244791626930237,1583.0,1564.0,0.5,0.6099370718002319,0.5,240.0,240.0,1.998057246208191,0.0,0.5,0.5,0.5,0.5,240.0,240.0
5,0.895312488079071,0.957453191280365,0.8927940130233765,207.0,204.0,0.27806034684181213,0.0009999999,0.7863234877586365,0.8928556442260742,0.8935837149620056,0.8921874761581421,0.893750011920929,1716.0,1713.0,0.5,0.6112543344497681,0.5,240.0,240.0,2.023167610168457,0.0,0.5,0.5,0.5,0.5,240.0,240.0
