epoch,accuracy,auc,f1_score,fn,fp,loss,lr,mcc,npv,precision,recall,specificity,tn,tp,val_accuracy,val_auc,val_f1_score,val_fn,val_fp,val_loss,val_mcc,val_npv,val_precision,val_recall,val_specificity,val_tn,val_tp
0,0.6463541388511658,0.6268612146377563,0.6257875561714172,966.0,938.0,0.7098992466926575,0.01,0.2591685354709625,0.6279125809669495,0.6045531034469604,0.5975000262260437,0.6364583373069763,1462.0,1434.0,0.5,0.46954643726348877,0.5,240.0,240.0,1.230322241783142,0.0,0.5,0.5,0.5,0.5,240.0,240.0
1,0.7432291507720947,0.8088782429695129,0.732822597026825,507.0,521.0,0.5356671214103699,0.01,0.465116947889328,0.735060453414917,0.7306101322174072,0.7359374761581421,0.7286458611488342,1399.0,1413.0,0.5,0.4777712821960449,0.5,240.0,240.0,1.049464225769043,0.0,0.5,0.5,0.5,0.5,240.0,240.0
2,0.778124988079071,0.8601412177085876,0.7762975096702576,437.0,418.0,0.4658023715019226,0.01,0.5551218390464783,0.7747060060501099,0.7801157236099243,0.7723958492279053,0.7822916507720947,1502.0,1483.0,0.5,0.5190125703811646,0.5,240.0,240.0,1.0563007593154907,0.0,0.5,0.5,0.5,0.5,240.0,240.0
3,0.817187488079071,0.9015163779258728,0.8174115419387817,350.0,352.0,0.3945903480052948,0.01,0.6348951458930969,0.817638635635376,0.8168574571609497,0.8177083134651184,0.8166666626930237,1568.0,1570.0,0.5,0.5424196720123291,0.5,240.0,240.0,1.5691715478897095,0.0,0.5,0.5,0.5,0.5,240.0,240.0
4,0.848437488079071,0.9298778176307678,0.8481668829917908,286.0,299.0,0.3378162980079651,0.0009999999,0.6955883502960205,0.8502417206764221,0.8453181385993958,0.8510416746139526,0.8442708253860474,1621.0,1634.0,0.5,0.5336610674858093,0.5,240.0,240.0,1.1830286979675293,0.0,0.5,0.5,0.5,0.5,240.0,240.0
5,0.9078124761581421,0.9705219864845276,0.9038267135620117,180.0,191.0,0.23879115283489227,0.0009999999,0.807208776473999,0.9057661890983582,0.9010875225067139,0.90625,0.9005208611488342,1729.0,1740.0,0.5,0.5359179973602295,0.49458780884742737,246.0,218.0,1.0569570064544678,0.031510017812252045,0.5274378657341003,0.517699122428894,0.48750001192092896,0.5458333492279053,262.0,234.0
