epoch,accuracy,auc,f1_score,fn,fp,loss,lr,mcc,npv,precision,recall,specificity,tn,tp,val_accuracy,val_auc,val_f1_score,val_fn,val_fp,val_loss,val_mcc,val_npv,val_precision,val_recall,val_specificity,val_tn,val_tp
0,0.6057291626930237,0.629125714302063,0.5986493825912476,956.0,976.0,0.751045823097229,0.01,0.19661180675029755,0.6008409857749939,0.5966942310333252,0.6016666889190674,0.5927083492279053,1424.0,1444.0,0.5,0.4837435185909271,0.25898465514183044,393.0,139.0,1.2294820547103882,-0.08898025006055832,0.45495519042015076,0.3849557638168335,0.18125000596046448,0.7104166746139526,341.0,87.0
1,0.6947916746139526,0.7560691237449646,0.6907079815864563,597.0,586.0,0.5918079018592834,0.01,0.384500652551651,0.6915814280509949,0.69303297996521,0.6890624761581421,0.6947916746139526,1334.0,1323.0,0.5,0.5300976634025574,0.5,240.0,240.0,1.2178057432174683,0.0,0.5,0.5,0.5,0.5,240.0,240.0
2,0.7651041746139526,0.8349704742431641,0.7534713745117188,480.0,459.0,0.502238392829895,0.01,0.5116615295410156,0.7543493509292603,0.758293867111206,0.75,0.760937511920929,1461.0,1440.0,0.5,0.5567817091941833,0.5,240.0,240.0,1.2148406505584717,0.0,0.5,0.5,0.5,0.5,240.0,240.0
3,0.8026041388511658,0.8817688226699829,0.8006083369255066,382.0,382.0,0.4347611963748932,0.01,0.6024495363235474,0.8021656274795532,0.8010416626930237,0.8010416626930237,0.8010416626930237,1538.0,1538.0,0.5,0.55831378698349,0.5,240.0,240.0,1.4575315713882446,0.0,0.5,0.5,0.5,0.5,240.0,240.0
4,0.8296874761581421,0.9011731147766113,0.8251055479049683,336.0,335.0,0.40891727805137634,0.0009999999,0.6510837078094482,0.8257529139518738,0.8254299163818359,0.824999988079071,0.8255208134651184,1585.0,1584.0,0.5,0.5712282657623291,0.5,240.0,240.0,1.2618520259857178,0.0,0.5,0.5,0.5,0.5,240.0,240.0
5,0.8807291388511658,0.9481510519981384,0.8780942559242249,227.0,243.0,0.30778151750564575,0.0009999999,0.7557521462440491,0.8812577128410339,0.8744834661483765,0.8817708492279053,0.8734375238418579,1677.0,1693.0,0.5,0.5795312523841858,0.5,240.0,240.0,1.3679546117782593,0.0,0.5,0.5,0.5,0.5,240.0,240.0
