epoch,accuracy,auc,f1_score,fn,fp,loss,lr,mcc,npv,precision,recall,specificity,tn,tp,val_accuracy,val_auc,val_f1_score,val_fn,val_fp,val_loss,val_mcc,val_npv,val_precision,val_recall,val_specificity,val_tn,val_tp
0,0.6260416507720947,0.6678216457366943,0.6141814589500427,888.0,933.0,0.7555919289588928,0.01,0.22697137296199799,0.6162868142127991,0.6184049248695374,0.6299999952316284,0.6067708134651184,1467.0,1512.0,0.5,0.4675412178039551,0.5,240.0,240.0,1.2361493110656738,0.0,0.5,0.5,0.5,0.5,240.0,240.0
1,0.7166666388511658,0.7774105668067932,0.7050303220748901,575.0,551.0,0.5708950757980347,0.01,0.41472533345222473,0.7042100429534912,0.7093881964683533,0.7005208134651184,0.7130208611488342,1369.0,1345.0,0.5,0.5308420062065125,0.5,240.0,240.0,0.9314368367195129,0.0,0.5,0.5,0.5,0.5,240.0,240.0
2,0.770312488079071,0.8502578735351562,0.7694694995880127,446.0,438.0,0.48064666986465454,0.01,0.540447473526001,0.7688968777656555,0.7709205150604248,0.7677083611488342,0.7718750238418579,1482.0,1474.0,0.5,0.5353059768676758,0.5,240.0,240.0,1.0597245693206787,0.0,0.5,0.5,0.5,0.5,240.0,240.0
3,0.824999988079071,0.9025392532348633,0.8176175951957703,356.0,341.0,0.3935410678386688,0.01,0.6374292373657227,0.816592812538147,0.8209973573684692,0.8145833611488342,0.8223958611488342,1579.0,1564.0,0.5,0.5008767247200012,0.5,240.0,240.0,1.0981711149215698,0.0,0.5,0.5,0.5,0.5,240.0,240.0
4,0.8541666865348816,0.9256101846694946,0.853300154209137,283.0,280.0,0.3481219708919525,0.0009999999,0.7072679996490479,0.8531587719917297,0.8539384603500366,0.8526041507720947,0.8541666865348816,1640.0,1637.0,0.5,0.5126367211341858,0.5,240.0,240.0,1.1587121486663818,0.0,0.5,0.5,0.5,0.5,240.0,240.0
5,0.8958333134651184,0.9579927921295166,0.8937490582466125,202.0,206.0,0.27042439579963684,0.0009999999,0.7877734303474426,0.8950188755989075,0.8929314017295837,0.8947916626930237,0.8927083611488342,1714.0,1718.0,0.5,0.5085113048553467,0.5,240.0,240.0,1.1534634828567505,0.0,0.5,0.5,0.5,0.5,240.0,240.0
