epoch,accuracy,auc,f1_score,fn,fp,loss,lr,mcc,npv,precision,recall,specificity,tn,tp,val_accuracy,val_auc,val_f1_score,val_fn,val_fp,val_loss,val_mcc,val_npv,val_precision,val_recall,val_specificity,val_tn,val_tp
0,0.6333333253860474,0.6287785768508911,0.6195183396339417,955.0,977.0,0.7432814240455627,0.01,0.23658743500709534,0.6202867031097412,0.5966143608093262,0.6020833253860474,0.6119791865348816,1423.0,1445.0,0.5,0.5124348402023315,0.5,240.0,240.0,1.6176903247833252,0.0,0.5,0.5,0.5,0.5,240.0,240.0
1,0.7265625,0.797340452671051,0.7242615222930908,527.0,533.0,0.555237889289856,0.01,0.44869327545166016,0.7251842617988586,0.7232606410980225,0.7255208492279053,0.7223958373069763,1387.0,1393.0,0.5,0.48721352219581604,0.5,240.0,240.0,1.99904203414917,0.0,0.5,0.5,0.5,0.5,240.0,240.0
2,0.7760416865348816,0.8528299331665039,0.7742806673049927,424.0,446.0,0.4790095090866089,0.01,0.5478203296661377,0.778115451335907,0.770339846611023,0.7791666388511658,0.7677083611488342,1474.0,1496.0,0.5,0.4882747530937195,0.5,240.0,240.0,1.9026885032653809,0.0,0.5,0.5,0.5,0.5,240.0,240.0
3,0.800000011920929,0.8807834386825562,0.7985661625862122,394.0,375.0,0.4341239631175995,0.01,0.6000249981880188,0.797502875328064,0.8027353882789612,0.7947916388511658,0.8046875,1545.0,1526.0,0.5,0.545776903629303,0.5,240.0,240.0,1.6016207933425903,0.0,0.5,0.5,0.5,0.5,240.0,240.0
4,0.848437488079071,0.9257542490959167,0.8443871140480042,298.0,300.0,0.35455751419067383,0.0009999999,0.6890907287597656,0.8449808359146118,0.8439126014709473,0.8447916507720947,0.84375,1620.0,1622.0,0.5,0.5231878757476807,0.5,240.0,240.0,1.8218646049499512,0.0,0.5,0.5,0.5,0.5,240.0,240.0
5,0.8828125,0.9523773789405823,0.8824378848075867,231.0,218.0,0.2899535000324249,0.0009999999,0.7665002942085266,0.8812277317047119,0.8856843113899231,0.879687488079071,0.8864583373069763,1702.0,1689.0,0.5,0.5322352647781372,0.5,240.0,240.0,1.6390842199325562,0.0,0.5,0.5,0.5,0.5,240.0,240.0
