epoch,accuracy,auc,f1_score,fn,fp,loss,lr,mcc,npv,precision,recall,specificity,tn,tp,val_accuracy,val_auc,val_f1_score,val_fn,val_fp,val_loss,val_mcc,val_npv,val_precision,val_recall,val_specificity,val_tn,val_tp
0,0.6223958134651184,0.6227017045021057,0.6163195371627808,988.0,963.0,0.7528657913208008,0.01,0.24143067002296448,0.6189331412315369,0.5945262908935547,0.5883333086967468,0.6291666626930237,1437.0,1412.0,0.5,0.5097504258155823,0.5056410431861877,237.0,239.0,0.8459053039550781,0.00823965109884739,0.5030954480171204,0.5041493773460388,0.5062500238418579,0.5020833611488342,241.0,243.0
1,0.7083333134651184,0.7778473496437073,0.7066431045532227,570.0,550.0,0.5711449980735779,0.01,0.4173201620578766,0.706558346748352,0.7105262875556946,0.703125,0.7135416865348816,1370.0,1350.0,0.5,0.5219488143920898,0.5,240.0,240.0,1.10725736618042,0.0,0.5,0.5,0.5,0.5,240.0,240.0
2,0.7708333134651184,0.8480548858642578,0.7646805047988892,451.0,453.0,0.4851958453655243,0.01,0.5297482013702393,0.7652356624603271,0.7643080353736877,0.7651041746139526,0.7640625238418579,1467.0,1469.0,0.5,0.5480446815490723,0.5,240.0,240.0,1.4612492322921753,0.0,0.5,0.5,0.5,0.5,240.0,240.0
3,0.8098958134651184,0.889089047908783,0.8049779534339905,367.0,386.0,0.42199093103408813,0.01,0.6082457900047302,0.8070144653320312,0.8009282946586609,0.8088541626930237,0.7989583611488342,1534.0,1553.0,0.5,0.598131537437439,0.5,240.0,240.0,1.4575531482696533,0.0,0.5,0.5,0.5,0.5,240.0,240.0
4,0.8343750238418579,0.9100262522697449,0.8355183005332947,314.0,319.0,0.3807417154312134,0.0009999999,0.6707255244255066,0.8360276818275452,0.8342857360839844,0.8364583253860474,0.8338541388511658,1601.0,1606.0,0.5,0.5691167712211609,0.5,240.0,240.0,1.7118605375289917,0.0,0.5,0.5,0.5,0.5,240.0,240.0
5,0.893750011920929,0.9548622965812683,0.8918476104736328,205.0,211.0,0.28485122323036194,0.0009999999,0.7836658358573914,0.8931618928909302,0.8904465436935425,0.8932291865348816,0.8901041746139526,1709.0,1715.0,0.5,0.5714995265007019,0.5,240.0,240.0,1.7848416566848755,0.0,0.5,0.5,0.5,0.5,240.0,240.0
