epoch,accuracy,auc,f1_score,fn,fp,loss,lr,mcc,npv,precision,recall,specificity,tn,tp,val_accuracy,val_auc,val_f1_score,val_fn,val_fp,val_loss,val_mcc,val_npv,val_precision,val_recall,val_specificity,val_tn,val_tp
0,0.5739583373069763,0.556067705154419,0.5636293888092041,1075.0,1080.0,0.7178464531898499,0.01,0.12789304554462433,0.5645767450332642,0.5509355664253235,0.5520833134651184,0.5625,1320.0,1325.0,0.5,0.5,0.5,240.0,240.0,8.929621696472168,0.0,0.5,0.5,0.5,0.5,240.0,240.0
1,0.629687488079071,0.6636943817138672,0.6143245100975037,740.0,739.0,0.6585438251495361,0.01,0.22996753454208374,0.6152259707450867,0.6149035692214966,0.6145833134651184,0.6151041388511658,1181.0,1180.0,0.53125,0.6056315302848816,0.21196435391902924,415.0,20.0,0.9630100131034851,0.10749035328626633,0.5282313823699951,0.7647058963775635,0.1354166716337204,0.9583333134651184,460.0,65.0
2,0.6770833134651184,0.7272800207138062,0.6734589338302612,626.0,629.0,0.6148517727851868,0.01,0.34650638699531555,0.673358678817749,0.6729069352149963,0.6739583611488342,0.6723958253860474,1291.0,1294.0,0.5,0.5630077719688416,0.5,240.0,240.0,2.561622142791748,0.0,0.5,0.5,0.5,0.5,240.0,240.0
3,0.668749988079071,0.7331979870796204,0.6667081713676453,643.0,632.0,0.6134094595909119,0.01,0.33598455786705017,0.6675837635993958,0.6689366102218628,0.6651041507720947,0.6708333492279053,1288.0,1277.0,0.5,0.5,0.5,240.0,240.0,5.107169151306152,0.0,0.5,0.5,0.5,0.5,240.0,240.0
4,0.7015625238418579,0.7638156414031982,0.7006904482841492,574.0,575.0,0.5829818248748779,0.01,0.401615172624588,0.7012324929237366,0.7006767392158508,0.7010416388511658,0.7005208134651184,1345.0,1346.0,0.5,0.5,0.5,240.0,240.0,5.924901962280273,0.0,0.5,0.5,0.5,0.5,240.0,240.0
5,0.7406250238418579,0.8169934749603271,0.7404616475105286,498.0,499.0,0.5229737758636475,0.0009999999,0.48075130581855774,0.740443766117096,0.7402394413948059,0.7406250238418579,0.7401041388511658,1421.0,1422.0,0.5,0.5,0.5,240.0,240.0,5.252908229827881,0.0,0.5,0.5,0.5,0.5,240.0,240.0
6,0.7635416388511658,0.8467570543289185,0.7648057341575623,450.0,454.0,0.4857241213321686,0.0009999999,0.529193639755249,0.7651968598365784,0.7640332579612732,0.765625,0.7635416388511658,1466.0,1470.0,0.5,0.5015624761581421,0.5,240.0,240.0,4.303640842437744,0.0,0.5,0.5,0.5,0.5,240.0,240.0
