epoch,accuracy,auc,f1_score,fn,fp,loss,lr,mcc,npv,precision,recall,specificity,tn,tp,val_accuracy,val_auc,val_f1_score,val_fn,val_fp,val_loss,val_mcc,val_npv,val_precision,val_recall,val_specificity,val_tn,val_tp
0,0.5859375,0.5615375638008118,0.5638081431388855,1084.0,1054.0,0.7074626684188843,0.01,0.13725808262825012,0.5675596594810486,0.555274248123169,0.5483333468437195,0.5760416388511658,1346.0,1316.0,0.5,0.5,0.5,240.0,240.0,8.85886287689209,0.0,0.5,0.5,0.5,0.5,240.0,240.0
1,0.6526041626930237,0.6870167851448059,0.6421592235565186,676.0,713.0,0.6425808668136597,0.01,0.27699849009513855,0.63993239402771,0.6356668472290039,0.6479166746139526,0.6286458373069763,1207.0,1244.0,0.5333333611488342,0.5640495419502258,0.030139228329062462,472.0,2.0,1.3252568244934082,0.02780662663280964,0.5033539533615112,0.800000011920929,0.01666666753590107,0.9958333373069763,478.0,8.0
2,0.6692708134651184,0.7274580001831055,0.6674124598503113,638.0,638.0,0.6147035956382751,0.01,0.3356219530105591,0.668271005153656,0.6677083373069763,0.6677083373069763,0.6677083373069763,1282.0,1282.0,0.5,0.5588172674179077,0.49841269850730896,241.0,236.0,2.0861074924468994,0.005787849426269531,0.5063973069190979,0.503157913684845,0.49791666865348816,0.5083333253860474,244.0,239.0
3,0.6848958134651184,0.749305784702301,0.686257541179657,603.0,601.0,0.597129225730896,0.01,0.3729604482650757,0.6863229274749756,0.6866527795791626,0.6859375238418579,0.6869791746139526,1319.0,1317.0,0.5,0.5,0.5,240.0,240.0,8.20592975616455,0.0,0.5,0.5,0.5,0.5,240.0,240.0
4,0.6875,0.741325318813324,0.6873511672019958,600.0,601.0,0.6021282076835632,0.01,0.3745574951171875,0.6872971057891846,0.6871421337127686,0.6875,0.6869791746139526,1319.0,1320.0,0.5,0.5,0.5,240.0,240.0,8.36426830291748,0.0,0.5,0.5,0.5,0.5,240.0,240.0
5,0.7302083373069763,0.7985833883285522,0.7293981313705444,521.0,517.0,0.5478278398513794,0.0009999999,0.45938974618911743,0.729229748249054,0.730167031288147,0.7286458611488342,0.7307291626930237,1403.0,1399.0,0.5,0.5,0.5,240.0,240.0,7.920528888702393,0.0,0.5,0.5,0.5,0.5,240.0,240.0
6,0.7489583492279053,0.8158113360404968,0.7480934262275696,486.0,480.0,0.5234186053276062,0.0009999999,0.49691519141197205,0.7475816607475281,0.7492163181304932,0.746874988079071,0.75,1440.0,1434.0,0.5,0.5,0.5,240.0,240.0,5.823266506195068,0.0,0.5,0.5,0.5,0.5,240.0,240.0
