epoch,accuracy,auc,f1_score,fn,fp,loss,lr,mcc,npv,precision,recall,specificity,tn,tp,val_accuracy,val_auc,val_f1_score,val_fn,val_fp,val_loss,val_mcc,val_npv,val_precision,val_recall,val_specificity,val_tn,val_tp
0,0.526562511920929,0.5201879739761353,0.5192973017692566,1163.0,1157.0,0.7401553988456726,0.01,0.04200779274106026,0.5200305581092834,0.5167084336280823,0.51541668176651,0.5223958492279053,1243.0,1237.0,0.5,0.5,0.5,240.0,240.0,12.294960975646973,0.0,0.5,0.5,0.5,0.5,240.0,240.0
1,0.6119791865348816,0.6417315006256104,0.5964882969856262,777.0,766.0,0.6736459732055664,0.01,0.1968158632516861,0.5979586839675903,0.5987427830696106,0.5953124761581421,0.6010416746139526,1154.0,1143.0,0.5,0.5,0.5,240.0,240.0,5.679102420806885,0.0,0.5,0.5,0.5,0.5,240.0,240.0
2,0.6229166388511658,0.6705345511436462,0.6179273128509521,736.0,726.0,0.6590372920036316,0.01,0.2386126071214676,0.618686318397522,0.6198952794075012,0.6166666746139526,0.621874988079071,1194.0,1184.0,0.5,0.5,0.5,240.0,240.0,20.343854904174805,0.0,0.5,0.5,0.5,0.5,240.0,240.0
3,0.5020833611488342,0.5136984586715698,0.502322256565094,949.0,965.0,0.7126502394676208,0.01,0.0031625255942344666,0.50169837474823,0.5015496015548706,0.5057291388511658,0.4973958432674408,955.0,971.0,0.5,0.5,0.5,240.0,240.0,5.640328884124756,0.0,0.5,0.5,0.5,0.5,240.0,240.0
4,0.5604166388511658,0.5853028893470764,0.5524619221687317,859.0,859.0,0.6943034529685974,0.0009999999,0.10538776963949203,0.5524002313613892,0.5526041388511658,0.5526041388511658,0.5526041388511658,1061.0,1061.0,0.5,0.5328949689865112,0.5,240.0,240.0,2.5598998069763184,0.0,0.5,0.5,0.5,0.5,240.0,240.0
5,0.5677083134651184,0.5942216515541077,0.5668160915374756,826.0,845.0,0.6811073422431946,0.0009999999,0.12986955046653748,0.5652682185173035,0.5642083287239075,0.5697916746139526,0.5598958134651184,1075.0,1094.0,0.5,0.5631640553474426,0.6485923528671265,77.0,367.0,1.582016110420227,0.06688758730888367,0.5222222208976746,0.5233766436576843,0.8395833373069763,0.23541666567325592,113.0,403.0
