epoch,accuracy,auc,f1_score,fn,fp,loss,lr,mcc,npv,precision,recall,specificity,tn,tp,val_accuracy,val_auc,val_f1_score,val_fn,val_fp,val_loss,val_mcc,val_npv,val_precision,val_recall,val_specificity,val_tn,val_tp
0,0.574999988079071,0.5595055222511292,0.5677183866500854,1067.0,1073.0,0.7206742167472839,0.01,0.13575443625450134,0.568397581577301,0.5540316104888916,0.5554166436195374,0.5661458373069763,1327.0,1333.0,0.5,0.5,0.5,240.0,240.0,10.638575553894043,0.0,0.5,0.5,0.5,0.5,240.0,240.0
1,0.6078125238418579,0.6388525366783142,0.596437394618988,772.0,779.0,0.6778583526611328,0.01,0.19257187843322754,0.596831738948822,0.5957446694374084,0.5979166626930237,0.5942708253860474,1141.0,1148.0,0.5,0.5,0.5,240.0,240.0,7.755239963531494,0.0,0.5,0.5,0.5,0.5,240.0,240.0
2,0.6255208253860474,0.677165150642395,0.6268195509910583,720.0,705.0,0.6482626795768738,0.01,0.25797349214553833,0.6289550065994263,0.6299212574958801,0.625,0.6328125,1215.0,1200.0,0.5,0.5454621911048889,0.5,240.0,240.0,2.82955002784729,0.0,0.5,0.5,0.5,0.5,240.0,240.0
3,0.6302083134651184,0.6732853651046753,0.6249433159828186,717.0,728.0,0.6569691896438599,0.01,0.24767588078975677,0.6239566802978516,0.6229932904243469,0.6265624761581421,0.6208333373069763,1192.0,1203.0,0.5,0.5,0.5,240.0,240.0,6.969662189483643,0.0,0.5,0.5,0.5,0.5,240.0,240.0
4,0.6468750238418579,0.70098477602005,0.6440104842185974,686.0,677.0,0.6326197981834412,0.0009999999,0.29024559259414673,0.6447939276695251,0.6457352042198181,0.6427083611488342,0.6473958492279053,1243.0,1234.0,0.5,0.5654469728469849,0.5227804183959961,227.0,243.0,1.939003825187683,0.019803475588560104,0.5,0.5100806355476379,0.5270833373069763,0.4937500059604645,237.0,253.0
5,0.6822916865348816,0.7400197982788086,0.6804015636444092,614.0,613.0,0.6039823889732361,0.0009999999,0.3610024154186249,0.6803468465805054,0.6805627942085266,0.6802083253860474,0.6807291507720947,1307.0,1306.0,0.5,0.5753016471862793,0.5,240.0,240.0,2.183718681335449,0.0,0.5,0.5,0.5,0.5,240.0,240.0
