epoch,accuracy,auc,f1_score,fn,fp,loss,lr,mcc,npv,precision,recall,specificity,tn,tp,val_accuracy,val_auc,val_f1_score,val_fn,val_fp,val_loss,val_mcc,val_npv,val_precision,val_recall,val_specificity,val_tn,val_tp
0,0.589062511920929,0.580169141292572,0.5765835046768188,1045.0,1063.0,0.7014645934104919,0.01,0.14999151229858398,0.5757017731666565,0.5603804588317871,0.5645833611488342,0.5692708492279053,1337.0,1355.0,0.5,0.5,0.5,240.0,240.0,14.861154556274414,0.0,0.5,0.5,0.5,0.5,240.0,240.0
1,0.6557291746139526,0.690222978591919,0.6456854343414307,685.0,670.0,0.643749475479126,0.01,0.29460611939430237,0.6460028886795044,0.6482939720153809,0.6432291865348816,0.6510416865348816,1250.0,1235.0,0.512499988079071,0.5455424785614014,0.2572132647037506,392.0,27.0,2.2528679370880127,0.1146150752902031,0.5441521406173706,0.7652173638343811,0.18333333730697632,0.9437500238418579,453.0,88.0
2,0.6796875,0.7407323718070984,0.6783531904220581,620.0,612.0,0.6061161160469055,0.01,0.35843464732170105,0.6787289381027222,0.6799163222312927,0.6770833134651184,0.6812499761581421,1308.0,1300.0,0.5,0.5026041865348816,0.5,240.0,240.0,5.134955406188965,0.0,0.5,0.5,0.5,0.5,240.0,240.0
3,0.6901041865348816,0.7534958124160767,0.6883915662765503,599.0,597.0,0.5931040048599243,0.01,0.3771337568759918,0.6883153915405273,0.6887382864952087,0.6880208253860474,0.6890624761581421,1323.0,1321.0,0.5,0.5251171588897705,0.5,240.0,240.0,3.7253525257110596,0.0,0.5,0.5,0.5,0.5,240.0,240.0
4,0.7135416865348816,0.7742224931716919,0.7138970494270325,548.0,552.0,0.5739419460296631,0.01,0.42712098360061646,0.713888943195343,0.7130976915359497,0.7145833373069763,0.7124999761581421,1368.0,1372.0,0.5,0.504687488079071,0.5,240.0,240.0,3.9174745082855225,0.0,0.5,0.5,0.5,0.5,240.0,240.0
5,0.7223958373069763,0.7859302163124084,0.7216184735298157,535.0,534.0,0.5599731802940369,0.0009999999,0.4432685971260071,0.7213529348373413,0.7217300534248352,0.7213541865348816,0.721875011920929,1386.0,1385.0,0.5,0.5451909899711609,0.5,240.0,240.0,3.0293045043945312,0.0,0.5,0.5,0.5,0.5,240.0,240.0
6,0.7427083253860474,0.817774772644043,0.7429990172386169,495.0,491.0,0.5231865644454956,0.0009999999,0.48649856448173523,0.7426658272743225,0.7437369227409363,0.7421875,0.7442708611488342,1429.0,1425.0,0.5,0.5036458373069763,0.5,240.0,240.0,4.092873573303223,0.0,0.5,0.5,0.5,0.5,240.0,240.0
