epoch,accuracy,auc,f1_score,fn,fp,loss,lr,mcc,npv,precision,recall,specificity,tn,tp,val_accuracy,val_auc,val_f1_score,val_fn,val_fp,val_loss,val_mcc,val_npv,val_precision,val_recall,val_specificity,val_tn,val_tp
0,0.5229166746139526,0.5135753750801086,0.5146565437316895,1169.0,1180.0,0.7502337694168091,0.01,0.026748407632112503,0.5103150010108948,0.5105765461921692,0.5129166841506958,0.5104166865348816,1220.0,1231.0,0.5,0.5060351490974426,0.6666666269302368,0.0,480.0,16.28312110900879,0.0,0.0,0.5,1.0,0.0,0.0,480.0
1,0.5958333611488342,0.6203070878982544,0.5752096772193909,825.0,787.0,0.6838786005973816,0.01,0.16076932847499847,0.579548180103302,0.5818278193473816,0.5703125,0.5901041626930237,1133.0,1095.0,0.5,0.5556184649467468,0.0,480.0,0.0,2.02555513381958,0.0,0.5,0.0,0.0,1.0,480.0,0.0
2,0.6328125,0.678607702255249,0.6238262057304382,720.0,724.0,0.651561975479126,0.01,0.24815775454044342,0.6250421404838562,0.6237006187438965,0.625,0.6229166388511658,1196.0,1200.0,0.5,0.5396115183830261,0.5,240.0,240.0,3.359622001647949,0.0,0.5,0.5,0.5,0.5,240.0,240.0
3,0.651562511920929,0.6997314691543579,0.6477059125900269,678.0,673.0,0.6377465724945068,0.01,0.29646649956703186,0.6478064060211182,0.6485639810562134,0.6468750238418579,0.6494791507720947,1247.0,1242.0,0.5,0.5,0.5,240.0,240.0,8.114656448364258,0.0,0.5,0.5,0.5,0.5,240.0,240.0
4,0.6854166388511658,0.7425347566604614,0.6866105198860168,600.0,605.0,0.6019953489303589,0.0009999999,0.3724103271961212,0.6866768002510071,0.6857143044471741,0.6875,0.6848958134651184,1315.0,1320.0,0.5,0.5,0.5,240.0,240.0,7.093340873718262,0.0,0.5,0.5,0.5,0.5,240.0,240.0
5,0.6947916746139526,0.7649479508399963,0.6938928961753845,588.0,587.0,0.579461395740509,0.0009999999,0.3880312740802765,0.6939800977706909,0.6941115260124207,0.6937500238418579,0.6942708492279053,1333.0,1332.0,0.5,0.5,0.5,240.0,240.0,6.349987506866455,0.0,0.5,0.5,0.5,0.5,240.0,240.0
