epoch,accuracy,auc,f1_score,fn,fp,loss,lr,mcc,npv,precision,recall,specificity,tn,tp,val_accuracy,val_auc,val_f1_score,val_fn,val_fp,val_loss,val_mcc,val_npv,val_precision,val_recall,val_specificity,val_tn,val_tp
0,0.5770833492279053,0.5592138767242432,0.5510083436965942,1085.0,1125.0,0.7197710275650024,0.01,0.09469331800937653,0.5489839315414429,0.5389344096183777,0.5479166507720947,0.5354166626930237,1275.0,1315.0,0.5,0.5,0.5,240.0,240.0,22.670019149780273,0.0,0.5,0.5,0.5,0.5,240.0,240.0
1,0.6307291388511658,0.6656938791275024,0.6135277152061462,755.0,712.0,0.6562097668647766,0.01,0.23632043600082397,0.6153589487075806,0.620671272277832,0.6067708134651184,0.6291666626930237,1208.0,1165.0,0.5,0.5,0.5,240.0,240.0,6.865992069244385,0.0,0.5,0.5,0.5,0.5,240.0,240.0
2,0.651562511920929,0.6996444463729858,0.6483516693115234,676.0,674.0,0.6385830044746399,0.01,0.2971688210964203,0.6480938792228699,0.6485922932624817,0.6479166746139526,0.6489583253860474,1246.0,1244.0,0.5,0.5634028315544128,0.5,240.0,240.0,2.468655824661255,0.0,0.5,0.5,0.5,0.5,240.0,240.0
3,0.6338541507720947,0.6898146271705627,0.6276956796646118,715.0,706.0,0.6452996730804443,0.01,0.2599545121192932,0.6315812468528748,0.6305599212646484,0.6276041865348816,0.6322916746139526,1214.0,1205.0,0.5,0.5405338406562805,0.5,240.0,240.0,2.114902973175049,0.0,0.5,0.5,0.5,0.5,240.0,240.0
4,0.5854166746139526,0.6147651672363281,0.5793226361274719,811.0,798.0,0.6775299906730652,0.0009999999,0.16208402812480927,0.580776035785675,0.5815417170524597,0.5776041746139526,0.5843750238418579,1122.0,1109.0,0.5,0.5469834804534912,0.5,240.0,240.0,1.8044986724853516,0.0,0.5,0.5,0.5,0.5,240.0,240.0
5,0.6098958253860474,0.661273181438446,0.60564124584198,757.0,756.0,0.651824414730072,0.0009999999,0.21213269233703613,0.606262743473053,0.6060448288917542,0.6057291626930237,0.606249988079071,1164.0,1163.0,0.5,0.576575517654419,0.5,240.0,240.0,1.535598874092102,0.0,0.5,0.5,0.5,0.5,240.0,240.0
