epoch,accuracy,auc,f1_score,fn,fp,loss,lr,mcc,npv,precision,recall,specificity,tn,tp,val_accuracy,val_auc,val_f1_score,val_fn,val_fp,val_loss,val_mcc,val_npv,val_precision,val_recall,val_specificity,val_tn,val_tp
0,0.5458333492279053,0.5417963266372681,0.5246941447257996,1137.0,1145.0,0.7305044531822205,0.01,0.05113894119858742,0.5254563689231873,0.5245016813278198,0.5262500047683716,0.5244791507720947,1255.0,1263.0,0.5,0.5,0.5,240.0,240.0,9.496207237243652,0.0,0.5,0.5,0.5,0.5,240.0,240.0
1,0.5958333611488342,0.6283431053161621,0.5835171341896057,802.0,791.0,0.671078085899353,0.01,0.17060503363609314,0.5848568081855774,0.58564692735672,0.5822916626930237,0.5880208611488342,1129.0,1118.0,0.5,0.5,0.5,240.0,240.0,12.417159080505371,0.0,0.5,0.5,0.5,0.5,240.0,240.0
2,0.620312511920929,0.6570959091186523,0.6159442663192749,735.0,739.0,0.6590219140052795,0.01,0.23258481919765472,0.6172649264335632,0.6159043908119202,0.6171875,0.6151041388511658,1181.0,1185.0,0.5,0.577341616153717,0.5,240.0,240.0,2.5354204177856445,0.0,0.5,0.5,0.5,0.5,240.0,240.0
3,0.6484375,0.7062904834747314,0.6474324464797974,675.0,682.0,0.6337222456932068,0.01,0.2934029698371887,0.6467940211296082,0.6460819840431213,0.6484375,0.6447916626930237,1238.0,1245.0,0.5,0.5512738823890686,0.5,240.0,240.0,2.8185200691223145,0.0,0.5,0.5,0.5,0.5,240.0,240.0
4,0.675000011920929,0.7259141206741333,0.6737726926803589,624.0,631.0,0.6130073666572571,0.0009999999,0.34641656279563904,0.6738024950027466,0.6725479960441589,0.675000011920929,0.6713541746139526,1289.0,1296.0,0.5,0.6303623914718628,0.5,240.0,240.0,1.6956732273101807,0.0,0.5,0.5,0.5,0.5,240.0,240.0
5,0.7052083611488342,0.7702541351318359,0.7048391699790955,567.0,566.0,0.5770796537399292,0.0009999999,0.40990933775901794,0.7049039006233215,0.7050547003746033,0.7046874761581421,0.7052083611488342,1354.0,1353.0,0.5,0.5246354341506958,0.5,240.0,240.0,3.2278456687927246,0.0,0.5,0.5,0.5,0.5,240.0,240.0
