epoch,accuracy,auc,f1_score,fn,fp,loss,lr,mcc,npv,precision,recall,specificity,tn,tp,val_accuracy,val_auc,val_f1_score,val_fn,val_fp,val_loss,val_mcc,val_npv,val_precision,val_recall,val_specificity,val_tn,val_tp
0,0.557812511920929,0.5504742860794067,0.5504278540611267,1100.0,1109.0,0.7399467825889587,0.01,0.09957656264305115,0.5493261218070984,0.5396429896354675,0.5416666865348816,0.5473958253860474,1291.0,1300.0,0.5,0.5,0.5,240.0,240.0,16.687612533569336,0.0,0.5,0.5,0.5,0.5,240.0,240.0
1,0.6171875,0.6397734880447388,0.5947183966636658,783.0,761.0,0.6774521470069885,0.01,0.19634771347045898,0.5978818535804749,0.5990516543388367,0.5921875238418579,0.6036458611488342,1159.0,1137.0,0.5,0.5,0.5,240.0,240.0,9.860291481018066,0.0,0.5,0.5,0.5,0.5,240.0,240.0
2,0.6546875238418579,0.6893175840377808,0.6454151272773743,686.0,671.0,0.6461798548698425,0.01,0.29351428151130676,0.6451051235198975,0.647769033908844,0.6427083611488342,0.6505208611488342,1249.0,1234.0,0.5,0.5743858814239502,0.6045548319816589,159.0,280.0,1.345863938331604,0.07090983539819717,0.5012345910072327,0.5341098308563232,0.668749988079071,0.4166666567325592,200.0,321.0
3,0.6781250238418579,0.7296448945999146,0.6728353500366211,627.0,632.0,0.6200034022331238,0.01,0.3444952368736267,0.6720327138900757,0.6716883182525635,0.6734374761581421,0.6708333492279053,1288.0,1293.0,0.5,0.5253927707672119,0.5,240.0,240.0,3.472008228302002,0.0,0.5,0.5,0.5,0.5,240.0,240.0
4,0.671875,0.7154014110565186,0.6633903980255127,642.0,655.0,0.6213019490242004,0.0009999999,0.3248181939125061,0.6630926728248596,0.6611484885215759,0.6656249761581421,0.6588541865348816,1265.0,1278.0,0.5,0.5,0.5,240.0,240.0,5.291032314300537,0.0,0.5,0.5,0.5,0.5,240.0,240.0
5,0.7244791388511658,0.7874878644943237,0.7245013117790222,529.0,529.0,0.5645536780357361,0.0009999999,0.448965460062027,0.7244374752044678,0.7244791388511658,0.7244791388511658,0.7244791388511658,1391.0,1391.0,0.5,0.504687488079071,0.5,240.0,240.0,3.9085800647735596,0.0,0.5,0.5,0.5,0.5,240.0,240.0
