epoch,accuracy,auc,f1_score,fn,fp,loss,lr,mcc,npv,precision,recall,specificity,tn,tp,val_accuracy,val_auc,val_f1_score,val_fn,val_fp,val_loss,val_mcc,val_npv,val_precision,val_recall,val_specificity,val_tn,val_tp
0,0.4963541626930237,0.5033538937568665,0.5045149922370911,1195.0,1176.0,0.743323564529419,0.01,0.015016657300293446,0.506136953830719,0.5060898661613464,0.5020833611488342,0.512499988079071,1224.0,1205.0,0.5,0.5,0.5,240.0,240.0,7.588473320007324,0.0,0.5,0.5,0.5,0.5,240.0,240.0
1,0.5625,0.5621039271354675,0.552545964717865,853.0,873.0,0.7059183120727539,0.01,0.10119404643774033,0.5502918362617493,0.550000011920929,0.5557291507720947,0.5453125238418579,1047.0,1067.0,0.5,0.5,0.5,240.0,240.0,8.873624801635742,0.0,0.5,0.5,0.5,0.5,240.0,240.0
2,0.625,0.6668076515197754,0.6220340132713318,717.0,743.0,0.6544560194015503,0.01,0.23976339399814606,0.6219222545623779,0.6181911826133728,0.6265624761581421,0.6130208373069763,1177.0,1203.0,0.5,0.5,0.5,240.0,240.0,5.065561771392822,0.0,0.5,0.5,0.5,0.5,240.0,240.0
3,0.6635416746139526,0.7030060291290283,0.661570131778717,652.0,646.0,0.6309307813644409,0.01,0.3241112530231476,0.6611919403076172,0.6624869108200073,0.6604166626930237,0.6635416746139526,1274.0,1268.0,0.5,0.5749109983444214,0.5,240.0,240.0,2.469135046005249,0.0,0.5,0.5,0.5,0.5,240.0,240.0
4,0.6567708253860474,0.7128763794898987,0.657112717628479,658.0,659.0,0.6278690695762634,0.0009999999,0.3140708804130554,0.6571292281150818,0.656949520111084,0.6572916507720947,0.6567708253860474,1261.0,1262.0,0.5,0.5875130295753479,0.5,240.0,240.0,2.03718900680542,0.0,0.5,0.5,0.5,0.5,240.0,240.0
5,0.6812499761581421,0.7467594742774963,0.68084716796875,611.0,616.0,0.5957267880439758,0.0009999999,0.3609616458415985,0.6810224652290344,0.6800000071525574,0.6817708611488342,0.6791666746139526,1304.0,1309.0,0.5,0.5930469036102295,0.5,240.0,240.0,1.8156594038009644,0.0,0.5,0.5,0.5,0.5,240.0,240.0
