epoch,accuracy,auc,f1_score,fn,fp,loss,lr,mcc,npv,precision,recall,specificity,tn,tp,val_accuracy,val_auc,val_f1_score,val_fn,val_fp,val_loss,val_mcc,val_npv,val_precision,val_recall,val_specificity,val_tn,val_tp
0,0.5427083373069763,0.5479938983917236,0.531863272190094,1145.0,1112.0,0.7275325655937195,0.01,0.0737154483795166,0.535766065120697,0.5302070379257202,0.5229166746139526,0.5447916388511658,1288.0,1255.0,0.5,0.5,0.5,240.0,240.0,17.90458869934082,0.0,0.5,0.5,0.5,0.5,240.0,240.0
1,0.6234375238418579,0.6661083102226257,0.617319643497467,736.0,730.0,0.6572930216789246,0.01,0.2368358075618744,0.6182881593704224,0.6185997724533081,0.6166666746139526,0.6197916865348816,1190.0,1184.0,0.5458333492279053,0.6226540803909302,0.4320520758628845,297.0,103.0,0.7899847626686096,0.1383412480354309,0.5886404514312744,0.6398601531982422,0.3812499940395355,0.7854166626930237,377.0,183.0
2,0.6458333134651184,0.6917230486869812,0.6408452987670898,691.0,686.0,0.6436338424682617,0.01,0.28292229771614075,0.6411983966827393,0.6417754292488098,0.6401041746139526,0.6427083611488342,1234.0,1229.0,0.5,0.6142382621765137,0.4885318875312805,252.0,181.0,0.9839061498641968,0.08457659184932709,0.5653977990150452,0.5574572086334229,0.4749999940395355,0.6229166388511658,299.0,228.0
3,0.643750011920929,0.6851755976676941,0.6377274990081787,698.0,689.0,0.6456114649772644,0.01,0.27774736285209656,0.6384639739990234,0.6394557952880859,0.6364583373069763,0.6411458253860474,1231.0,1222.0,0.5,0.5235828757286072,0.5,240.0,240.0,3.8975532054901123,0.0,0.5,0.5,0.5,0.5,240.0,240.0
4,0.6770833134651184,0.7388597130775452,0.6766289472579956,625.0,613.0,0.6041638851165771,0.01,0.35528066754341125,0.6764369606971741,0.6787211894989014,0.6744791865348816,0.6807291507720947,1307.0,1295.0,0.5,0.5,0.5,240.0,240.0,6.806051254272461,0.0,0.5,0.5,0.5,0.5,240.0,240.0
5,0.6822916865348816,0.7377690076828003,0.6816561818122864,612.0,610.0,0.60251384973526,0.0009999999,0.3635554015636444,0.6814749836921692,0.68196040391922,0.6812499761581421,0.6822916865348816,1310.0,1308.0,0.5,0.5,0.5,240.0,240.0,4.011775970458984,0.0,0.5,0.5,0.5,0.5,240.0,240.0
6,0.723437488079071,0.7894453406333923,0.7227736711502075,533.0,531.0,0.5544460415840149,0.0009999999,0.4458475708961487,0.7226865887641907,0.7231491208076477,0.7223958373069763,0.723437488079071,1389.0,1387.0,0.5,0.5,0.5,240.0,240.0,4.66903018951416,0.0,0.5,0.5,0.5,0.5,240.0,240.0
