epoch,accuracy,auc,f1_score,fn,fp,loss,lr,mcc,npv,precision,recall,specificity,tn,tp,val_accuracy,val_auc,val_f1_score,val_fn,val_fp,val_loss,val_mcc,val_npv,val_precision,val_recall,val_specificity,val_tn,val_tp
0,0.5802083611488342,0.5635315775871277,0.5658204555511475,1082.0,1050.0,0.7221051454544067,0.01,0.1399655044078827,0.5684157013893127,0.556587815284729,0.5491666793823242,0.578125,1350.0,1318.0,0.5,0.5351605415344238,0.5,240.0,240.0,4.981236457824707,0.0,0.5,0.5,0.5,0.5,240.0,240.0
1,0.6104166507720947,0.6377068758010864,0.5917640924453735,790.0,761.0,0.6724413633346558,0.01,0.19289006292819977,0.5952860713005066,0.5975674390792847,0.5885416865348816,0.6036458611488342,1159.0,1130.0,0.5,0.5459765195846558,0.4873553514480591,253.0,208.0,1.932605266571045,0.03650721535086632,0.5298487544059753,0.5218390822410583,0.4729166626930237,0.5666666626930237,272.0,227.0
2,0.6578124761581421,0.695299506187439,0.6510099172592163,670.0,670.0,0.6402655839920044,0.01,0.30235710740089417,0.650985598564148,0.6510416865348816,0.6510416865348816,0.6510416865348816,1250.0,1250.0,0.5,0.5088541507720947,0.5,240.0,240.0,3.3356175422668457,0.0,0.5,0.5,0.5,0.5,240.0,240.0
3,0.7046874761581421,0.7546678781509399,0.7005293369293213,576.0,573.0,0.5923478603363037,0.01,0.4016856551170349,0.7005382776260376,0.701095461845398,0.699999988079071,0.7015625238418579,1347.0,1344.0,0.5,0.6124870181083679,0.5,240.0,240.0,1.2584439516067505,0.0,0.5,0.5,0.5,0.5,240.0,240.0
4,0.6557291746139526,0.7063532471656799,0.6541431546211243,658.0,677.0,0.6292474269866943,0.0009999999,0.3047907054424286,0.6536306738853455,0.6508509516716003,0.6572916507720947,0.6473958492279053,1243.0,1262.0,0.5,0.5940581560134888,0.5,240.0,240.0,1.4736768007278442,0.0,0.5,0.5,0.5,0.5,240.0,240.0
5,0.7250000238418579,0.7821292877197266,0.7253240346908569,528.0,527.0,0.5666287541389465,0.0009999999,0.4506046175956726,0.7248947620391846,0.7253777980804443,0.7250000238418579,0.7255208492279053,1393.0,1392.0,0.5,0.5,0.5,240.0,240.0,7.171514511108398,0.0,0.5,0.5,0.5,0.5,240.0,240.0
