epoch,accuracy,auc,f1_score,fn,fp,loss,lr,mcc,npv,precision,recall,specificity,tn,tp,val_accuracy,val_auc,val_f1_score,val_fn,val_fp,val_loss,val_mcc,val_npv,val_precision,val_recall,val_specificity,val_tn,val_tp
0,0.5562499761581421,0.5353516340255737,0.5448118448257446,1103.0,1137.0,0.7326430678367615,0.01,0.08371302485466003,0.5428484678268433,0.5328677296638489,0.5404166579246521,0.5328124761581421,1263.0,1297.0,0.5,0.5,0.5,240.0,240.0,13.098362922668457,0.0,0.5,0.5,0.5,0.5,240.0,240.0
1,0.6421874761581421,0.6700607538223267,0.624853253364563,717.0,727.0,0.6600043773651123,0.01,0.24831523001194,0.6245545148849487,0.6233160495758057,0.6265624761581421,0.6213541626930237,1193.0,1203.0,0.5,0.5,0.5,240.0,240.0,6.925029277801514,0.0,0.5,0.5,0.5,0.5,240.0,240.0
2,0.667187511920929,0.7083297967910767,0.6612579822540283,645.0,662.0,0.6356940865516663,0.01,0.31945911049842834,0.6607847213745117,0.6582343578338623,0.6640625,0.6552083492279053,1258.0,1275.0,0.5,0.5453949570655823,0.48641127347946167,252.0,217.0,2.3916847705841064,0.02274622954428196,0.5215612053871155,0.5123595595359802,0.4749999940395355,0.5479166507720947,263.0,228.0
3,0.6812499761581421,0.7353573441505432,0.6814829707145691,607.0,622.0,0.6155585050582886,0.01,0.3599673807621002,0.6807278990745544,0.6785529851913452,0.6838541626930237,0.6760416626930237,1298.0,1313.0,0.5,0.5476106405258179,0.5,240.0,240.0,3.8484206199645996,0.0,0.5,0.5,0.5,0.5,240.0,240.0
4,0.6942708492279053,0.7596008777618408,0.6938761472702026,590.0,584.0,0.5866344571113586,0.0009999999,0.38859155774116516,0.6935054659843445,0.6948798298835754,0.6927083134651184,0.6958333253860474,1336.0,1330.0,0.5,0.5072786808013916,0.5,240.0,240.0,4.246701717376709,0.0,0.5,0.5,0.5,0.5,240.0,240.0
5,0.7208333611488342,0.7887306213378906,0.7213408350944519,535.0,535.0,0.557010293006897,0.0009999999,0.4427200257778168,0.7213821411132812,0.7213541865348816,0.7213541865348816,0.7213541865348816,1385.0,1385.0,0.5,0.5362803936004639,0.5,240.0,240.0,3.3765382766723633,0.0,0.5,0.5,0.5,0.5,240.0,240.0
