epoch,accuracy,auc,f1_score,fn,fp,loss,lr,mcc,npv,precision,recall,specificity,tn,tp,val_accuracy,val_auc,val_f1_score,val_fn,val_fp,val_loss,val_mcc,val_npv,val_precision,val_recall,val_specificity,val_tn,val_tp
0,0.5166666507720947,0.5186843276023865,0.5108076333999634,1169.0,1172.0,0.7392287850379944,0.01,0.02516895718872547,0.5135828852653503,0.512276291847229,0.5129166841506958,0.5119791626930237,1228.0,1231.0,0.5,0.5,0.5,240.0,240.0,10.702279090881348,0.0,0.5,0.5,0.5,0.5,240.0,240.0
1,0.6104166507720947,0.6431682109832764,0.6048112511634827,752.0,771.0,0.6750354170799255,0.01,0.20713871717453003,0.6050745844841003,0.6023723483085632,0.6083333492279053,0.598437488079071,1149.0,1168.0,0.5,0.5,0.5,240.0,240.0,7.332973957061768,0.0,0.5,0.5,0.5,0.5,240.0,240.0
2,0.6463541388511658,0.6841896176338196,0.6404710412025452,688.0,695.0,0.6442012190818787,0.01,0.27985772490501404,0.6403504014015198,0.6393357515335083,0.6416666507720947,0.6380208134651184,1225.0,1232.0,0.5,0.5005208253860474,0.5,240.0,240.0,3.1951868534088135,0.0,0.5,0.5,0.5,0.5,240.0,240.0
3,0.6546875238418579,0.7135027647018433,0.6535616517066956,665.0,665.0,0.6237198114395142,0.01,0.3074023425579071,0.6537246108055115,0.6536458134651184,0.6536458134651184,0.6536458134651184,1255.0,1255.0,0.5,0.5,0.5,240.0,240.0,4.605619430541992,0.0,0.5,0.5,0.5,0.5,240.0,240.0
4,0.7020833492279053,0.7615764737129211,0.7012983560562134,572.0,576.0,0.5886335968971252,0.0009999999,0.40211689472198486,0.701580286026001,0.7006236910820007,0.7020833492279053,0.699999988079071,1344.0,1348.0,0.5,0.4989583492279053,0.5,240.0,240.0,4.0799384117126465,0.0,0.5,0.5,0.5,0.5,240.0,240.0
5,0.7057291865348816,0.7750025987625122,0.7057410478591919,564.0,567.0,0.5708641409873962,0.0009999999,0.4109606444835663,0.7057119011878967,0.7051482200622559,0.706250011920929,0.7046874761581421,1353.0,1356.0,0.5,0.5985764265060425,0.5,240.0,240.0,1.872261643409729,0.0,0.5,0.5,0.5,0.5,240.0,240.0
