epoch,accuracy,auc,f1_score,fn,fp,loss,lr,mcc,npv,precision,recall,specificity,tn,tp,val_accuracy,val_auc,val_f1_score,val_fn,val_fp,val_loss,val_mcc,val_npv,val_precision,val_recall,val_specificity,val_tn,val_tp
0,0.5791666507720947,0.5620877146720886,0.5671025514602661,1068.0,1071.0,0.7018114924430847,0.01,0.13685239851474762,0.5687894225120544,0.5543071031570435,0.5550000071525574,0.567187488079071,1329.0,1332.0,0.5,0.5,0.6666666269302368,0.0,480.0,1758.559814453125,0.0,0.0,0.5,1.0,0.0,0.0,480.0
1,0.651562511920929,0.6841403841972351,0.635981559753418,691.0,712.0,0.6523064374923706,0.01,0.26959577202796936,0.637040376663208,0.6331787705421448,0.6401041746139526,0.6291666626930237,1208.0,1229.0,0.5,0.5,0.5,240.0,240.0,16.679128646850586,0.0,0.5,0.5,0.5,0.5,240.0,240.0
2,0.6656249761581421,0.7144201993942261,0.6648457646369934,645.0,639.0,0.6276447772979736,0.01,0.3314566910266876,0.6655883193016052,0.6661441922187805,0.6640625,0.667187511920929,1281.0,1275.0,0.5,0.5564561486244202,0.5059701800346375,237.0,240.0,2.8667185306549072,0.005982732865959406,0.5,0.5031055808067322,0.5062500238418579,0.5,240.0,243.0
3,0.7015625238418579,0.7520921230316162,0.7003753781318665,574.0,578.0,0.5954738855361938,0.01,0.4000682234764099,0.7002971768379211,0.6995841860771179,0.7010416388511658,0.6989583373069763,1342.0,1346.0,0.5,0.5,0.5,240.0,240.0,4.813080310821533,0.0,0.5,0.5,0.5,0.5,240.0,240.0
4,0.7333333492279053,0.8042211532592773,0.7342427968978882,511.0,509.0,0.5414109826087952,0.0009999999,0.46880802512168884,0.7341393232345581,0.7346193790435791,0.7338541746139526,0.7348958253860474,1411.0,1409.0,0.5,0.5020833015441895,0.5,240.0,240.0,4.462839126586914,0.0,0.5,0.5,0.5,0.5,240.0,240.0
5,0.768750011920929,0.8328970670700073,0.7690747380256653,443.0,444.0,0.5073816180229187,0.0009999999,0.5380586981773376,0.7691705226898193,0.7688703536987305,0.7692708373069763,0.768750011920929,1476.0,1477.0,0.5,0.5098958015441895,0.5,240.0,240.0,3.684319496154785,0.0,0.5,0.5,0.5,0.5,240.0,240.0
