epoch,accuracy,auc,f1_score,fn,fp,loss,lr,mcc,npv,precision,recall,specificity,tn,tp,val_accuracy,val_auc,val_f1_score,val_fn,val_fp,val_loss,val_mcc,val_npv,val_precision,val_recall,val_specificity,val_tn,val_tp
0,0.49947917461395264,0.5039651393890381,0.5075280070304871,1170.0,1217.0,0.7484470009803772,0.01,0.006979903671890497,0.5030540823936462,0.5026563405990601,0.512499988079071,0.4911458194255829,1183.0,1230.0,0.5,0.542237401008606,0.4945707619190216,245.0,239.0,1.3416292667388916,-0.007975212298333645,0.4923843443393707,0.4957805871963501,0.4895833432674408,0.5020833611488342,241.0,235.0
1,0.5505208373069763,0.5634614825248718,0.5354633927345276,901.0,862.0,0.7046995162963867,0.01,0.08209098130464554,0.5402348637580872,0.5417331457138062,0.5307291746139526,0.5510416626930237,1058.0,1019.0,0.5,0.5550282597541809,0.531581461429596,215.0,254.0,1.4738174676895142,0.02136661298573017,0.5060606002807617,0.510597288608551,0.5520833134651184,0.47083333134651184,226.0,265.0
2,0.6286458373069763,0.66373211145401,0.6224681735038757,721.0,733.0,0.6589635014533997,0.01,0.24295924603939056,0.6219330430030823,0.6206004023551941,0.6244791746139526,0.6182291507720947,1187.0,1199.0,0.5,0.5,0.5,240.0,240.0,5.021157741546631,0.0,0.5,0.5,0.5,0.5,240.0,240.0
3,0.6583333611488342,0.7140213847160339,0.6597961187362671,650.0,660.0,0.62223881483078,0.01,0.31777915358543396,0.6595119833946228,0.6580311059951782,0.6614583134651184,0.65625,1260.0,1270.0,0.5,0.596838116645813,0.5,240.0,240.0,1.845380425453186,0.0,0.5,0.5,0.5,0.5,240.0,240.0
4,0.6895833611488342,0.7339266538619995,0.6849501132965088,607.0,599.0,0.6133983135223389,0.0009999999,0.37216323614120483,0.6859098672866821,0.6867154836654663,0.6838541626930237,0.6880208253860474,1321.0,1313.0,0.5,0.5572352409362793,0.5,240.0,240.0,2.631408214569092,0.0,0.5,0.5,0.5,0.5,240.0,240.0
5,0.7114583253860474,0.7798193693161011,0.7104470729827881,560.0,548.0,0.5701049566268921,0.0009999999,0.4229578971862793,0.7103592157363892,0.7127882838249207,0.7083333134651184,0.7145833373069763,1372.0,1360.0,0.5,0.5632899403572083,0.5,240.0,240.0,2.674988269805908,0.0,0.5,0.5,0.5,0.5,240.0,240.0
