epoch,accuracy,auc,f1_score,fn,fp,loss,lr,mcc,npv,precision,recall,specificity,tn,tp,val_accuracy,val_auc,val_f1_score,val_fn,val_fp,val_loss,val_mcc,val_npv,val_precision,val_recall,val_specificity,val_tn,val_tp
0,0.5666666626930237,0.5517661571502686,0.5512708425521851,1095.0,1108.0,0.7203983068466187,0.01,0.10277260094881058,0.5532191395759583,0.5408205389976501,0.543749988079071,0.5479166507720947,1292.0,1305.0,0.5,0.5,0.5,240.0,240.0,32.9785270690918,0.0,0.5,0.5,0.5,0.5,240.0,240.0
1,0.6229166388511658,0.6481232047080994,0.6068723797798157,755.0,755.0,0.6705288290977478,0.01,0.21403343975543976,0.6060658097267151,0.6067708134651184,0.6067708134651184,0.6067708134651184,1165.0,1165.0,0.5,0.5,0.5,240.0,240.0,3.796048879623413,0.0,0.5,0.5,0.5,0.5,240.0,240.0
2,0.6427083611488342,0.6841917037963867,0.634695827960968,697.0,711.0,0.6398522853851318,0.01,0.2669465243816376,0.634000837802887,0.6323681473731995,0.6369791626930237,0.629687488079071,1209.0,1223.0,0.5,0.5,0.5,240.0,240.0,11.005191802978516,0.0,0.5,0.5,0.5,0.5,240.0,240.0
3,0.6552083492279053,0.7015541791915894,0.6546393036842346,665.0,657.0,0.6353592276573181,0.01,0.31167975068092346,0.6556930541992188,0.6563807725906372,0.6536458134651184,0.6578124761581421,1263.0,1255.0,0.5,0.5,0.5,240.0,240.0,5.170083522796631,0.0,0.5,0.5,0.5,0.5,240.0,240.0
4,0.6994791626930237,0.7583665251731873,0.6996257901191711,575.0,580.0,0.5917128324508667,0.0009999999,0.398462176322937,0.6997078061103821,0.6987013220787048,0.7005208134651184,0.6979166865348816,1340.0,1345.0,0.5,0.5,0.5,240.0,240.0,5.672812461853027,0.0,0.5,0.5,0.5,0.5,240.0,240.0
5,0.7291666865348816,0.7894994020462036,0.7291995882987976,522.0,516.0,0.5554415583610535,0.0009999999,0.45944494009017944,0.7291187047958374,0.7304075360298157,0.7281249761581421,0.731249988079071,1404.0,1398.0,0.5,0.5,0.5,240.0,240.0,6.564162254333496,0.0,0.5,0.5,0.5,0.5,240.0,240.0
