epoch,accuracy,auc,f1_score,fn,fp,loss,lr,mcc,npv,precision,recall,specificity,tn,tp,val_accuracy,val_auc,val_f1_score,val_fn,val_fp,val_loss,val_mcc,val_npv,val_precision,val_recall,val_specificity,val_tn,val_tp
0,0.5114583373069763,0.5066627264022827,0.5049514174461365,1190.0,1182.0,0.739747941493988,0.01,0.014566663652658463,0.506909966468811,0.5058528184890747,0.5041666626930237,0.5093749761581421,1218.0,1210.0,0.5,0.5,0.0,480.0,0.0,267.27801513671875,0.0,0.5,0.0,0.0,1.0,480.0,0.0
1,0.5677083134651184,0.584088146686554,0.5645468235015869,822.0,862.0,0.702543318271637,0.01,0.12351449579000473,0.5640628337860107,0.5602040886878967,0.5718749761581421,0.5510416626930237,1058.0,1098.0,0.5,0.5,0.5,240.0,240.0,4.306624889373779,0.0,0.5,0.5,0.5,0.5,240.0,240.0
2,0.5598958134651184,0.5662996172904968,0.5487520694732666,864.0,868.0,0.6948238611221313,0.01,0.09819639474153519,0.549531102180481,0.5488565564155579,0.550000011920929,0.5479166507720947,1052.0,1056.0,0.5,0.5,0.5,240.0,240.0,5.2049150466918945,0.0,0.5,0.5,0.5,0.5,240.0,240.0
3,0.635937511920929,0.6835728287696838,0.6281377673149109,715.0,713.0,0.6436308026313782,0.01,0.2563825845718384,0.6275399327278137,0.6282585859298706,0.6276041865348816,0.6286458373069763,1207.0,1205.0,0.5,0.5,0.5,240.0,240.0,3.1635022163391113,0.0,0.5,0.5,0.5,0.5,240.0,240.0
4,0.6630208492279053,0.7151299118995667,0.6606969237327576,656.0,642.0,0.624098539352417,0.0009999999,0.3241114914417267,0.6608723998069763,0.6631689667701721,0.6583333611488342,0.6656249761581421,1278.0,1264.0,0.5,0.6010242700576782,0.5,240.0,240.0,1.8791842460632324,0.0,0.5,0.5,0.5,0.5,240.0,240.0
5,0.6812499761581421,0.7420153617858887,0.6816459894180298,613.0,608.0,0.5994659662246704,0.0009999999,0.36410853266716003,0.6815153360366821,0.6825065016746521,0.6807291507720947,0.6833333373069763,1312.0,1307.0,0.5,0.6027387380599976,0.5,240.0,240.0,1.9267475605010986,0.0,0.5,0.5,0.5,0.5,240.0,240.0
