epoch,accuracy,auc,f1_score,fn,fp,loss,lr,mcc,npv,precision,recall,specificity,tn,tp,val_accuracy,val_auc,val_f1_score,val_fn,val_fp,val_loss,val_mcc,val_npv,val_precision,val_recall,val_specificity,val_tn,val_tp
0,0.5536458492279053,0.5528261065483093,0.542061448097229,1125.0,1101.0,0.7183953523635864,0.01,0.09093349426984787,0.5443512797355652,0.5366161465644836,0.53125,0.551562488079071,1299.0,1275.0,0.5,0.5,0.5,240.0,240.0,87.60499572753906,0.0,0.5,0.5,0.5,0.5,240.0,240.0
1,0.6244791746139526,0.6506708264350891,0.6136225461959839,736.0,753.0,0.6676362752914429,0.01,0.22495776414871216,0.613382875919342,0.6112545132637024,0.6166666746139526,0.6078125238418579,1167.0,1184.0,0.5,0.5175694823265076,0.6168802976608276,96.0,376.0,2.013697862625122,0.015297909267246723,0.5022222399711609,0.5052631497383118,0.800000011920929,0.21666666865348816,104.0,384.0
2,0.6395833492279053,0.6820851564407349,0.6306133270263672,715.0,696.0,0.6468344330787659,0.01,0.26548686623573303,0.6314312219619751,0.6338769197463989,0.6276041865348816,0.637499988079071,1224.0,1205.0,0.5,0.5,0.5,240.0,240.0,5.365350246429443,0.0,0.5,0.5,0.5,0.5,240.0,240.0
3,0.6625000238418579,0.7163973450660706,0.6614171266555786,652.0,646.0,0.6233713626861572,0.01,0.3240741193294525,0.6615534424781799,0.6624869108200073,0.6604166626930237,0.6635416746139526,1274.0,1268.0,0.5,0.5,0.5,240.0,240.0,7.040528774261475,0.0,0.5,0.5,0.5,0.5,240.0,240.0
4,0.6885416507720947,0.7443269491195679,0.6806414127349854,616.0,608.0,0.6029978394508362,0.0009999999,0.36264222860336304,0.6803784966468811,0.6820083856582642,0.6791666746139526,0.6833333373069763,1312.0,1304.0,0.5,0.5,0.5,240.0,240.0,4.964375972747803,0.0,0.5,0.5,0.5,0.5,240.0,240.0
5,0.6979166865348816,0.7653759121894836,0.6979355216026306,582.0,576.0,0.5774679183959961,0.0009999999,0.39691779017448425,0.6978946328163147,0.6990595459938049,0.6968749761581421,0.699999988079071,1344.0,1338.0,0.5,0.5,0.5,240.0,240.0,5.419529914855957,0.0,0.5,0.5,0.5,0.5,240.0,240.0
