epoch,accuracy,auc,f1_score,fn,fp,loss,lr,mcc,npv,precision,recall,specificity,tn,tp,val_accuracy,val_auc,val_f1_score,val_fn,val_fp,val_loss,val_mcc,val_npv,val_precision,val_recall,val_specificity,val_tn,val_tp
0,0.5218750238418579,0.5218232274055481,0.5177663564682007,1168.0,1151.0,0.733213484287262,0.01,0.04243866354227066,0.5210903882980347,0.516995370388031,0.5133333206176758,0.5255208611488342,1249.0,1232.0,0.5,0.5,0.5,240.0,240.0,16.569379806518555,0.0,0.5,0.5,0.5,0.5,240.0,240.0
1,0.629687488079071,0.656890869140625,0.6169525980949402,733.0,738.0,0.6687538027763367,0.01,0.23421688377857208,0.6178402304649353,0.6166234016418457,0.6182291507720947,0.6156250238418579,1182.0,1187.0,0.5291666388511658,0.5100803375244141,0.07099565118551254,461.0,17.0,1.2513972520828247,0.01067329291254282,0.5011308193206787,0.5277777910232544,0.03958333283662796,0.9645833373069763,463.0,19.0
2,0.6494791507720947,0.6944246292114258,0.6444302797317505,685.0,677.0,0.6376188397407532,0.01,0.2909988462924957,0.6452160477638245,0.6459205150604248,0.6432291865348816,0.6473958492279053,1243.0,1235.0,0.5,0.5,0.5,240.0,240.0,4.4685282707214355,0.0,0.5,0.5,0.5,0.5,240.0,240.0
3,0.6796875,0.7372570633888245,0.6809202432632446,608.0,621.0,0.6092675924301147,0.01,0.359966903924942,0.6814136505126953,0.6787376999855042,0.6833333373069763,0.676562488079071,1299.0,1312.0,0.5,0.5283941030502319,0.5,240.0,240.0,2.3860106468200684,0.0,0.5,0.5,0.5,0.5,240.0,240.0
4,0.6895833611488342,0.7576853632926941,0.6898958086967468,594.0,598.0,0.5843279361724854,0.01,0.3791793882846832,0.6900033354759216,0.6891891956329346,0.690625011920929,0.6885416507720947,1322.0,1326.0,0.5,0.5,0.5,240.0,240.0,11.58094596862793,0.0,0.5,0.5,0.5,0.5,240.0,240.0
5,0.7057291865348816,0.7787203192710876,0.704699695110321,568.0,565.0,0.5647422671318054,0.0009999999,0.4099210798740387,0.7046710252761841,0.7052686214447021,0.7041666507720947,0.7057291865348816,1355.0,1352.0,0.5,0.5,0.5,240.0,240.0,9.748637199401855,0.0,0.5,0.5,0.5,0.5,240.0,240.0
6,0.734375,0.8093408346176147,0.7345402836799622,510.0,509.0,0.5330665111541748,0.0009999999,0.4692731201648712,0.7345644235610962,0.734757661819458,0.734375,0.7348958253860474,1411.0,1410.0,0.5,0.5,0.5,240.0,240.0,8.482048034667969,0.0,0.5,0.5,0.5,0.5,240.0,240.0
