epoch,accuracy,auc,f1_score,fn,fp,loss,lr,mcc,npv,precision,recall,specificity,tn,tp,val_accuracy,val_auc,val_f1_score,val_fn,val_fp,val_loss,val_mcc,val_npv,val_precision,val_recall,val_specificity,val_tn,val_tp
0,0.528124988079071,0.5186116695404053,0.5092270374298096,1181.0,1177.0,0.7421061396598816,0.01,0.02200687676668167,0.5098869800567627,0.5087646245956421,0.5079166889190674,0.5119791626930237,1223.0,1219.0,0.5,0.5,0.5,240.0,240.0,20.48541831970215,0.0,0.5,0.5,0.5,0.5,240.0,240.0
1,0.609375,0.637179970741272,0.602472186088562,762.0,764.0,0.6746722459793091,0.01,0.20578573644161224,0.6027104258537292,0.602497398853302,0.6031249761581421,0.6020833253860474,1156.0,1158.0,0.5,0.5906293392181396,0.4989418089389801,242.0,213.0,1.169373631477356,0.04859406128525734,0.5426617860794067,0.5277161598205566,0.4958333373069763,0.5562499761581421,267.0,238.0
2,0.6380208134651184,0.6859817504882812,0.6304445862770081,720.0,687.0,0.6439504623413086,0.01,0.26759475469589233,0.6309589147567749,0.635930061340332,0.625,0.6421874761581421,1233.0,1200.0,0.5,0.5591949224472046,0.5,240.0,240.0,2.822550058364868,0.0,0.5,0.5,0.5,0.5,240.0,240.0
3,0.6520833373069763,0.7007623910903931,0.6475524306297302,682.0,666.0,0.6355527639389038,0.01,0.29814615845680237,0.6475956439971924,0.6502100825309753,0.6447916626930237,0.653124988079071,1254.0,1238.0,0.5,0.5,0.5,240.0,240.0,5.362219333648682,0.0,0.5,0.5,0.5,0.5,240.0,240.0
4,0.692187488079071,0.7405542135238647,0.6923125982284546,590.0,592.0,0.6080452799797058,0.0009999999,0.38442033529281616,0.6924763917922974,0.6919875144958496,0.6927083134651184,0.6916666626930237,1328.0,1330.0,0.5,0.5,0.5,240.0,240.0,4.614482402801514,0.0,0.5,0.5,0.5,0.5,240.0,240.0
5,0.7088541388511658,0.7678700089454651,0.7098919153213501,554.0,562.0,0.5787538886070251,0.0009999999,0.41881561279296875,0.7104508280754089,0.7085062265396118,0.7114583253860474,0.7072916626930237,1358.0,1366.0,0.5,0.5,0.5,240.0,240.0,4.265917778015137,0.0,0.5,0.5,0.5,0.5,240.0,240.0
