epoch,accuracy,auc,f1_score,fn,fp,loss,lr,mcc,npv,precision,recall,specificity,tn,tp,val_accuracy,val_auc,val_f1_score,val_fn,val_fp,val_loss,val_mcc,val_npv,val_precision,val_recall,val_specificity,val_tn,val_tp
0,0.6020833253860474,0.5682505369186401,0.5761250853538513,1058.0,1038.0,0.7153071761131287,0.01,0.15885064005851746,0.5787263512611389,0.5638655424118042,0.559166669845581,0.5843750238418579,1362.0,1342.0,0.5,0.5,0.5,240.0,240.0,16.560129165649414,0.0,0.5,0.5,0.5,0.5,240.0,240.0
1,0.6473958492279053,0.681712806224823,0.6389981508255005,695.0,690.0,0.6552293300628662,0.01,0.27906402945518494,0.6386009454727173,0.6396867036819458,0.6380208134651184,0.640625,1230.0,1225.0,0.5,0.5020898580551147,0.5,240.0,240.0,9.002225875854492,0.0,0.5,0.5,0.5,0.5,240.0,240.0
2,0.6666666865348816,0.7173639535903931,0.663432776927948,651.0,637.0,0.6214887499809265,0.01,0.3293532729148865,0.6632525324821472,0.6657922267913818,0.660937488079071,0.6682291626930237,1283.0,1269.0,0.5,0.5062586665153503,0.5,240.0,240.0,4.162708759307861,0.0,0.5,0.5,0.5,0.5,240.0,240.0
3,0.7015625238418579,0.761529803276062,0.6984798312187195,580.0,577.0,0.5859622955322266,0.01,0.39746183156967163,0.698347806930542,0.6990088820457458,0.6979166865348816,0.6994791626930237,1343.0,1340.0,0.5,0.5641536116600037,0.5,240.0,240.0,2.695023536682129,0.0,0.5,0.5,0.5,0.5,240.0,240.0
4,0.7046874761581421,0.7688149213790894,0.7057386636734009,564.0,567.0,0.5786584615707397,0.0009999999,0.41096726059913635,0.705718457698822,0.7051482200622559,0.706250011920929,0.7046874761581421,1353.0,1356.0,0.5,0.5015624761581421,0.5,240.0,240.0,4.238410949707031,0.0,0.5,0.5,0.5,0.5,240.0,240.0
5,0.7536458373069763,0.8214079737663269,0.7531661987304688,473.0,476.0,0.5206502079963684,0.0009999999,0.5057716369628906,0.7530618906021118,0.752470076084137,0.7536458373069763,0.7520833611488342,1444.0,1447.0,0.5,0.5,0.5,240.0,240.0,5.347546100616455,0.0,0.5,0.5,0.5,0.5,240.0,240.0
