epoch,accuracy,auc,f1_score,fn,fp,loss,lr,mcc,npv,precision,recall,specificity,tn,tp,val_accuracy,val_auc,val_f1_score,val_fn,val_fp,val_loss,val_mcc,val_npv,val_precision,val_recall,val_specificity,val_tn,val_tp
0,0.5296875238418579,0.5794702172279358,0.5249968767166138,1130.0,1045.0,0.745945155620575,0.01,0.045312900096178055,0.5231171250343323,0.5485960841178894,0.5291666388511658,0.5145833492279053,1355.0,1270.0,0.5,0.5,0.5,240.0,240.0,25.899629592895508,0.0,0.5,0.5,0.5,0.5,240.0,240.0
1,0.5770833492279053,0.5998262166976929,0.5625222325325012,836.0,845.0,0.6917649507522583,0.01,0.12481214106082916,0.5627357363700867,0.5619491934776306,0.5645833611488342,0.5598958134651184,1075.0,1084.0,0.5,0.5384440422058105,0.6666666269302368,0.0,480.0,3.3538734912872314,0.0,0.0,0.5,1.0,0.0,0.0,480.0
2,0.612500011920929,0.6444247961044312,0.6048088073730469,756.0,760.0,0.6716000437736511,0.01,0.21081598103046417,0.6065536737442017,0.6049895882606506,0.606249988079071,0.6041666865348816,1160.0,1164.0,0.5,0.5380555391311646,0.5,240.0,240.0,3.3350324630737305,0.0,0.5,0.5,0.5,0.5,240.0,240.0
3,0.6468750238418579,0.6850234270095825,0.6457807421684265,672.0,692.0,0.6519172191619873,0.01,0.2898651361465454,0.6476343274116516,0.6432989835739136,0.6499999761581421,0.6395833492279053,1228.0,1248.0,0.5,0.5267447829246521,0.5,240.0,240.0,3.871833324432373,0.0,0.5,0.5,0.5,0.5,240.0,240.0
4,0.6651041507720947,0.7139286398887634,0.6646244525909424,643.0,645.0,0.6377269625663757,0.0009999999,0.32918497920036316,0.6650252938270569,0.6644120812416077,0.6651041507720947,0.6640625,1275.0,1277.0,0.5,0.5403407216072083,0.5,240.0,240.0,3.0241119861602783,0.0,0.5,0.5,0.5,0.5,240.0,240.0
5,0.6890624761581421,0.7424725890159607,0.6889620423316956,596.0,600.0,0.6005111932754517,0.0009999999,0.3771041929721832,0.6887417435646057,0.6881496906280518,0.6895833611488342,0.6875,1320.0,1324.0,0.5,0.5026041865348816,0.5,240.0,240.0,4.4823760986328125,0.0,0.5,0.5,0.5,0.5,240.0,240.0
