epoch,accuracy,auc,f1_score,fn,fp,loss,lr,mcc,npv,precision,recall,specificity,tn,tp,val_accuracy,val_auc,val_f1_score,val_fn,val_fp,val_loss,val_mcc,val_npv,val_precision,val_recall,val_specificity,val_tn,val_tp
0,0.660937488079071,0.6492524743080139,0.6479376554489136,889.0,926.0,0.7302172183990479,0.01,0.29199522733688354,0.6481181383132935,0.6200246214866638,0.6295833587646484,0.6380208134651184,1474.0,1511.0,0.5,0.4932204782962799,0.49458783864974976,245.0,230.0,0.903563916683197,0.010199571028351784,0.509982168674469,0.5053763389587402,0.4895833432674408,0.5208333134651184,250.0,235.0
1,0.7588541507720947,0.8329390287399292,0.7493744492530823,483.0,475.0,0.5071222186088562,0.01,0.5021237730979919,0.7511205673217773,0.7515690326690674,0.7484375238418579,0.7526041865348816,1445.0,1437.0,0.5,0.5218814611434937,0.5,240.0,240.0,1.7022732496261597,0.0,0.5,0.5,0.5,0.5,240.0,240.0
2,0.846875011920929,0.9127206206321716,0.8391186594963074,307.0,311.0,0.37562522292137146,0.01,0.6787750720977783,0.8404874801635742,0.8383575677871704,0.8401041626930237,0.8380208611488342,1609.0,1613.0,0.5,0.5132573843002319,0.5,240.0,240.0,2.901564121246338,0.0,0.5,0.5,0.5,0.5,240.0,240.0
3,0.8807291388511658,0.9494625926017761,0.8805997967720032,234.0,223.0,0.28929927945137024,0.01,0.762338399887085,0.879170835018158,0.8831849098205566,0.878125011920929,0.8838541507720947,1697.0,1686.0,0.5,0.5260828733444214,0.5,240.0,240.0,2.9467477798461914,0.0,0.5,0.5,0.5,0.5,240.0,240.0
4,0.8989583253860474,0.9607232213020325,0.8986572623252869,195.0,194.0,0.2596094310283661,0.0009999999,0.7976818680763245,0.8987646102905273,0.8989056944847107,0.8984375,0.8989583253860474,1726.0,1725.0,0.5,0.5994748473167419,0.5,240.0,240.0,2.476808786392212,0.0,0.5,0.5,0.5,0.5,240.0,240.0
5,0.9588541388511658,0.9921064376831055,0.9600583910942078,81.0,72.0,0.13833411037921906,0.0009999999,0.9204663634300232,0.9581515192985535,0.9623233675956726,0.957812488079071,0.9624999761581421,1848.0,1839.0,0.5,0.5860112905502319,0.5,240.0,240.0,2.6819112300872803,0.0,0.5,0.5,0.5,0.5,240.0,240.0
