epoch,accuracy,auc,f1_score,fn,fp,loss,lr,mcc,npv,precision,recall,specificity,tn,tp,val_accuracy,val_auc,val_f1_score,val_fn,val_fp,val_loss,val_mcc,val_npv,val_precision,val_recall,val_specificity,val_tn,val_tp
0,0.6651041507720947,0.6518145799636841,0.6386436223983765,925.0,903.0,0.701240599155426,0.01,0.284382164478302,0.6412875652313232,0.6202691197395325,0.6145833134651184,0.6489583253860474,1497.0,1475.0,0.5,0.51500004529953,0.5,240.0,240.0,1.1944022178649902,0.0,0.5,0.5,0.5,0.5,240.0,240.0
1,0.7718750238418579,0.8514013290405273,0.7635354995727539,472.0,424.0,0.4804307222366333,0.01,0.5342422127723694,0.7608017325401306,0.7735042572021484,0.7541666626930237,0.7791666388511658,1496.0,1448.0,0.5,0.5132964253425598,0.5,240.0,240.0,1.8995604515075684,0.0,0.5,0.5,0.5,0.5,240.0,240.0
2,0.8416666388511658,0.9180076122283936,0.8358461260795593,313.0,318.0,0.3638623356819153,0.01,0.6719425916671753,0.8370700478553772,0.8348051905632019,0.8369791507720947,0.8343750238418579,1602.0,1607.0,0.5,0.5184808969497681,0.5,240.0,240.0,1.7853444814682007,0.0,0.5,0.5,0.5,0.5,240.0,240.0
3,0.8890625238418579,0.9530945420265198,0.8861289620399475,222.0,215.0,0.2773968577384949,0.01,0.7726650238037109,0.8847323656082153,0.8876110911369324,0.8843749761581421,0.8880208134651184,1705.0,1698.0,0.5,0.48863285779953003,0.5,240.0,240.0,2.056105136871338,0.0,0.5,0.5,0.5,0.5,240.0,240.0
4,0.8729166388511658,0.9438064098358154,0.8761026859283447,231.0,247.0,0.30578961968421936,0.0009999999,0.7514322996139526,0.8788529634475708,0.8724173307418823,0.879687488079071,0.8713541626930237,1673.0,1689.0,0.5,0.5008376836776733,0.5,240.0,240.0,1.8190944194793701,0.0,0.5,0.5,0.5,0.5,240.0,240.0
5,0.9380208253860474,0.9870050549507141,0.9368705749511719,125.0,117.0,0.172349750995636,0.0009999999,0.8742246627807617,0.9353557825088501,0.9388075470924377,0.9348958134651184,0.9390624761581421,1803.0,1795.0,0.5,0.504724383354187,0.5,240.0,240.0,2.0289201736450195,0.0,0.5,0.5,0.5,0.5,240.0,240.0
