epoch,accuracy,auc,f1_score,fn,fp,loss,lr,mcc,npv,precision,recall,specificity,tn,tp,val_accuracy,val_auc,val_f1_score,val_fn,val_fp,val_loss,val_mcc,val_npv,val_precision,val_recall,val_specificity,val_tn,val_tp
0,0.6343749761581421,0.6563955545425415,0.6159794926643372,925.0,908.0,0.7307656407356262,0.01,0.23970724642276764,0.6205318570137024,0.6189677119255066,0.6145833134651184,0.6239583492279053,1492.0,1475.0,0.5270833373069763,0.552280843257904,0.6417089104652405,106.0,324.0,0.7478572726249695,0.08915058523416519,0.5212121605873108,0.5358166098594666,0.7791666388511658,0.32499998807907104,156.0,374.0
1,0.745312511920929,0.8219302296638489,0.746715784072876,479.0,495.0,0.5176853537559509,0.01,0.49404191970825195,0.7505658268928528,0.7443181872367859,0.7505208253860474,0.7421875,1425.0,1441.0,0.5,0.5138064026832581,0.49897435307502747,240.0,241.0,1.1848561763763428,-0.0020517667289823294,0.5,0.4989604949951172,0.5,0.49791666865348816,239.0,240.0
2,0.7989583611488342,0.880723774433136,0.8005964159965515,383.0,383.0,0.4335371255874634,0.01,0.601668655872345,0.8007729053497314,0.8005208373069763,0.8005208373069763,0.8005208373069763,1537.0,1537.0,0.5,0.5364692211151123,0.5,240.0,240.0,2.352905035018921,0.0,0.5,0.5,0.5,0.5,240.0,240.0
3,0.8583333492279053,0.9362428188323975,0.8585468530654907,272.0,271.0,0.32227733731269836,0.01,0.7174476385116577,0.8586375713348389,0.8587806224822998,0.8583333492279053,0.8588541746139526,1649.0,1648.0,0.5,0.5258029699325562,0.5,240.0,240.0,2.8878414630889893,0.0,0.5,0.5,0.5,0.5,240.0,240.0
4,0.8427083492279053,0.9198475480079651,0.8450225591659546,296.0,300.0,0.3638494312763214,0.0009999999,0.6898375153541565,0.8455536365509033,0.8440748453140259,0.8458333611488342,0.84375,1620.0,1624.0,0.5,0.5260611772537231,0.5,240.0,240.0,1.8418781757354736,0.0,0.5,0.5,0.5,0.5,240.0,240.0
5,0.9442708492279053,0.986971914768219,0.9412987232208252,107.0,119.0,0.17677432298660278,0.0009999999,0.8825457096099854,0.9442064166069031,0.9384058117866516,0.9442708492279053,0.9380208253860474,1801.0,1813.0,0.5,0.5328905582427979,0.5020512938499451,239.0,240.0,1.890547513961792,0.0020517667289823294,0.5,0.5010395050048828,0.5020833611488342,0.5,240.0,241.0
