epoch,accuracy,auc,f1_score,fn,fp,loss,lr,mcc,npv,precision,recall,specificity,tn,tp,val_accuracy,val_auc,val_f1_score,val_fn,val_fp,val_loss,val_mcc,val_npv,val_precision,val_recall,val_specificity,val_tn,val_tp
0,0.535937488079071,0.5505317449569702,0.5334915518760681,1102.0,1119.0,0.835820198059082,0.01,0.06549925357103348,0.5336331129074097,0.5370293855667114,0.5408333539962769,0.528124988079071,1281.0,1298.0,0.5,0.5020833611488342,0.5,240.0,240.0,0.7044804096221924,0.0,0.5,0.5,0.5,0.5,240.0,240.0
1,0.5708333253860474,0.5999285578727722,0.5642728209495544,844.0,813.0,0.7011994123458862,0.01,0.1375589817762375,0.5672410726547241,0.5696135759353638,0.5604166388511658,0.5765625238418579,1107.0,1076.0,0.5,0.5124847888946533,0.5,240.0,240.0,0.6998211145401001,0.0,0.5,0.5,0.5,0.5,240.0,240.0
2,0.59375,0.6121459007263184,0.5793470740318298,805.0,811.0,0.6872464418411255,0.01,0.15868590772151947,0.5797894597053528,0.5789200663566589,0.5807291865348816,0.5776041746139526,1109.0,1115.0,0.5,0.5464214086532593,0.5,240.0,240.0,0.6926547288894653,0.0,0.5,0.5,0.5,0.5,240.0,240.0
3,0.59375,0.63894122838974,0.5927370190620422,786.0,770.0,0.6573793292045593,0.01,0.19000816345214844,0.5941495299339294,0.595588207244873,0.590624988079071,0.5989583134651184,1150.0,1134.0,0.49791666865348816,0.5181141495704651,0.41177019476890564,309.0,161.0,0.6922290325164795,0.018099980428814888,0.5150297284126282,0.5150602459907532,0.35624998807907104,0.6645833253860474,319.0,171.0
4,0.6052083373069763,0.6513773798942566,0.6006901264190674,769.0,757.0,0.6622503995895386,0.0009999999,0.2054586112499237,0.6030076742172241,0.6032494902610779,0.5994791388511658,0.6057291626930237,1163.0,1151.0,0.5,0.5690125823020935,0.5020512938499451,239.0,240.0,0.6887935400009155,0.0020517667289823294,0.5,0.5010395050048828,0.5020833611488342,0.5,240.0,241.0
5,0.6031249761581421,0.6512667536735535,0.5998857617378235,772.0,754.0,0.649745523929596,0.0009999999,0.205623060464859,0.6029043793678284,0.6035751700401306,0.5979166626930237,0.6072916388511658,1166.0,1148.0,0.5,0.5468792915344238,0.5169986486434937,229.0,246.0,0.6898573637008667,0.010025699622929096,0.49811461567878723,0.5050301551818848,0.5229166746139526,0.48750001192092896,234.0,251.0
