epoch,accuracy,auc,f1_score,fn,fp,loss,lr,mcc,npv,precision,recall,specificity,tn,tp,val_accuracy,val_auc,val_f1_score,val_fn,val_fp,val_loss,val_mcc,val_npv,val_precision,val_recall,val_specificity,val_tn,val_tp
0,0.5333333611488342,0.619234025478363,0.5163296461105347,1039.0,1027.0,0.8534992933273315,0.01,0.03878266364336014,0.5205006003379822,0.5699329972267151,0.5670833587646484,0.5223958492279053,1373.0,1361.0,0.5,0.49687498807907104,0.5,240.0,240.0,0.705089271068573,0.0,0.5,0.5,0.5,0.5,240.0,240.0
1,0.565625011920929,0.5863369107246399,0.558066189289093,836.0,874.0,0.7006055116653442,0.01,0.1098472848534584,0.5566413998603821,0.5536261200904846,0.5645833611488342,0.5447916388511658,1046.0,1084.0,0.5,0.5078710317611694,0.5,240.0,240.0,0.6988204717636108,0.0,0.5,0.5,0.5,0.5,240.0,240.0
2,0.5927083492279053,0.6458657383918762,0.5922234058380127,792.0,762.0,0.6637436151504517,0.01,0.19110910594463348,0.5933303833007812,0.5968254208564758,0.5874999761581421,0.6031249761581421,1158.0,1128.0,0.5,0.44951826333999634,0.4929100573062897,246.0,240.0,0.6948876976966858,-0.01200831774622202,0.4895623028278351,0.49367088079452515,0.48750001192092896,0.5,240.0,234.0
3,0.5864583253860474,0.6204009652137756,0.5881365537643433,787.0,799.0,0.6768455505371094,0.01,0.17428956925868988,0.5872678160667419,0.5864388942718506,0.5901041626930237,0.5838541388511658,1121.0,1133.0,0.5,0.5037087798118591,0.5,240.0,240.0,0.6974741220474243,0.0,0.5,0.5,0.5,0.5,240.0,240.0
4,0.5901041626930237,0.6509584188461304,0.5885158777236938,791.0,785.0,0.6514971852302551,0.0009999999,0.17968061566352844,0.5896351337432861,0.5898641347885132,0.5880208611488342,0.5911458134651184,1135.0,1129.0,0.39375001192092896,0.4065060615539551,0.30456531047821045,363.0,173.0,0.6989955902099609,-0.12304095923900604,0.4549199044704437,0.40344828367233276,0.24375000596046448,0.6395833492279053,307.0,117.0
5,0.621874988079071,0.6784403920173645,0.6213015913963318,723.0,734.0,0.6346593499183655,0.0009999999,0.24144478142261505,0.6216644048690796,0.619886040687561,0.6234375238418579,0.6177083253860474,1186.0,1197.0,0.4791666567325592,0.4670464098453522,0.27997687458992004,386.0,115.0,0.7021924257278442,-0.02725876122713089,0.48085084557533264,0.449760764837265,0.19583334028720856,0.7604166865348816,365.0,94.0
