epoch,accuracy,auc,f1_score,fn,fp,loss,lr,mcc,npv,precision,recall,specificity,tn,tp,val_accuracy,val_auc,val_f1_score,val_fn,val_fp,val_loss,val_mcc,val_npv,val_precision,val_recall,val_specificity,val_tn,val_tp
0,0.5786458253860474,0.5947155356407166,0.579833447933197,1033.0,1038.0,0.7413432002067566,0.01,0.1607019305229187,0.581229567527771,0.56839919090271,0.5695833563804626,0.5786458253860474,1362.0,1367.0,0.5,0.5,0.5,240.0,240.0,9.384477615356445,0.0,0.5,0.5,0.5,0.5,240.0,240.0
1,0.684374988079071,0.7472991347312927,0.6863880157470703,598.0,610.0,0.5927830338478088,0.01,0.3710361421108246,0.6865816116333008,0.6842650175094604,0.6885416507720947,0.6822916865348816,1310.0,1322.0,0.5,0.5,0.5,240.0,240.0,6.349130630493164,0.0,0.5,0.5,0.5,0.5,240.0,240.0
2,0.7041666507720947,0.7820401787757874,0.7079218029975891,562.0,559.0,0.560011625289917,0.01,0.4163488447666168,0.7076308131217957,0.7083985209465027,0.7072916626930237,0.7088541388511658,1361.0,1358.0,0.5,0.5,0.5,240.0,240.0,5.428158283233643,0.0,0.5,0.5,0.5,0.5,240.0,240.0
3,0.7260416746139526,0.8032287955284119,0.726858913898468,521.0,531.0,0.537993848323822,0.01,0.4522892236709595,0.7270837426185608,0.7248704433441162,0.7286458611488342,0.723437488079071,1389.0,1399.0,0.5,0.5,0.5,240.0,240.0,6.0650482177734375,0.0,0.5,0.5,0.5,0.5,240.0,240.0
4,0.7359374761581421,0.8195623755455017,0.738519012928009,498.0,509.0,0.5211838483810425,0.0009999999,0.4758051037788391,0.7392386794090271,0.7364060282707214,0.7406250238418579,0.7348958253860474,1411.0,1422.0,0.5,0.5078125,0.5,240.0,240.0,2.970686197280884,0.0,0.5,0.5,0.5,0.5,240.0,240.0
5,0.7661458253860474,0.8483871221542358,0.7648070454597473,453.0,449.0,0.48478806018829346,0.0009999999,0.5304519534111023,0.7647951245307922,0.7656576037406921,0.7640625238418579,0.7661458253860474,1471.0,1467.0,0.5,0.6202951073646545,0.5,240.0,240.0,1.7222036123275757,0.0,0.5,0.5,0.5,0.5,240.0,240.0
