epoch,accuracy,auc,f1_score,fn,fp,loss,lr,mcc,npv,precision,recall,specificity,tn,tp,val_accuracy,val_auc,val_f1_score,val_fn,val_fp,val_loss,val_mcc,val_npv,val_precision,val_recall,val_specificity,val_tn,val_tp
0,0.6010416746139526,0.5843737125396729,0.5781898498535156,1046.0,1052.0,0.7255619168281555,0.01,0.15813830494880676,0.5790771842002869,0.5627597570419312,0.5641666650772095,0.5770833492279053,1348.0,1354.0,0.5,0.510937511920929,0.0,480.0,0.0,4.207870006561279,0.0,0.5,0.0,0.0,1.0,480.0,0.0
1,0.6932291388511658,0.7576681971549988,0.6889715790748596,603.0,585.0,0.5810244083404541,0.01,0.3817221224308014,0.6892219185829163,0.6924290060997009,0.6859375238418579,0.6953125,1335.0,1317.0,0.5,0.5,0.5,240.0,240.0,4.761756896972656,0.0,0.5,0.5,0.5,0.5,240.0,240.0
2,0.7223958373069763,0.7981030941009521,0.7181337475776672,543.0,535.0,0.5435053706169128,0.01,0.43889904022216797,0.7195812463760376,0.7201882600784302,0.7171875238418579,0.7213541865348816,1385.0,1377.0,0.5,0.540980875492096,0.5,240.0,240.0,2.2628061771392822,0.0,0.5,0.5,0.5,0.5,240.0,240.0
3,0.753125011920929,0.8282449841499329,0.7525043487548828,476.0,474.0,0.5070762038230896,0.01,0.5054904222488403,0.7524363398551941,0.752867579460144,0.7520833611488342,0.753125011920929,1446.0,1444.0,0.5,0.5406250357627869,0.5,240.0,240.0,2.4291555881500244,0.0,0.5,0.5,0.5,0.5,240.0,240.0
4,0.7557291388511658,0.8389708399772644,0.753642737865448,472.0,475.0,0.4967234432697296,0.0009999999,0.5070676207542419,0.7537638545036316,0.7529901266098022,0.7541666626930237,0.7526041865348816,1445.0,1448.0,0.5,0.5632747411727905,0.5,240.0,240.0,1.934844732284546,0.0,0.5,0.5,0.5,0.5,240.0,240.0
5,0.8031250238418579,0.8790515065193176,0.80218505859375,381.0,378.0,0.44596776366233826,0.0009999999,0.6049241423606873,0.8020346760749817,0.8028169274330139,0.801562488079071,0.8031250238418579,1542.0,1539.0,0.5,0.5715863704681396,0.5,240.0,240.0,1.5511044263839722,0.0,0.5,0.5,0.5,0.5,240.0,240.0
