epoch,accuracy,auc,f1_score,fn,fp,loss,lr,mcc,npv,precision,recall,specificity,tn,tp,val_accuracy,val_auc,val_f1_score,val_fn,val_fp,val_loss,val_mcc,val_npv,val_precision,val_recall,val_specificity,val_tn,val_tp
0,0.6036458611488342,0.5855439305305481,0.583504855632782,1049.0,1010.0,0.7221152186393738,0.01,0.17862574756145477,0.588549792766571,0.5722151398658752,0.5629166960716248,0.5989583134651184,1390.0,1351.0,0.5,0.5205880999565125,0.6666666269302368,0.0,480.0,2.3087339401245117,0.0,0.0,0.5,1.0,0.0,0.0,480.0
1,0.6781250238418579,0.7304222583770752,0.6750763654708862,610.0,649.0,0.6090242266654968,0.01,0.3448810875415802,0.6765115857124329,0.6687085032463074,0.6822916865348816,0.6619791388511658,1271.0,1310.0,0.5,0.5812847018241882,0.6666666269302368,0.0,480.0,1.193053126335144,0.0,0.0,0.5,1.0,0.0,0.0,480.0
2,0.6989583373069763,0.7571538686752319,0.6900675892829895,597.0,589.0,0.5841129422187805,0.01,0.3826957046985626,0.6911774277687073,0.6919456124305725,0.6890624761581421,0.6932291388511658,1331.0,1323.0,0.5,0.6023004055023193,0.5,240.0,240.0,1.3595256805419922,0.0,0.5,0.5,0.5,0.5,240.0,240.0
3,0.7359374761581421,0.8094763159751892,0.7327405214309692,508.0,522.0,0.5327646732330322,0.01,0.4638986885547638,0.7336251139640808,0.7300930619239807,0.7354166507720947,0.7281249761581421,1398.0,1412.0,0.5,0.5697482824325562,0.5,240.0,240.0,1.0480930805206299,0.0,0.5,0.5,0.5,0.5,240.0,240.0
4,0.7677083611488342,0.8463956713676453,0.7695882320404053,437.0,450.0,0.4841795265674591,0.0009999999,0.5382238626480103,0.7713608145713806,0.7672012448310852,0.7723958492279053,0.765625,1470.0,1483.0,0.5,0.6124848127365112,0.5,240.0,240.0,0.9334496259689331,0.0,0.5,0.5,0.5,0.5,240.0,240.0
5,0.8020833134651184,0.8830200433731079,0.80103999376297,383.0,381.0,0.4297688901424408,0.0009999999,0.6023048162460327,0.800676703453064,0.8013556003570557,0.8005208373069763,0.801562488079071,1539.0,1537.0,0.5,0.6186978816986084,0.5020512938499451,239.0,240.0,1.0228841304779053,0.0020517667289823294,0.5,0.5010395050048828,0.5020833611488342,0.5,240.0,241.0
