epoch,accuracy,auc,f1_score,fn,fp,loss,lr,mcc,npv,precision,recall,specificity,tn,tp,val_accuracy,val_auc,val_f1_score,val_fn,val_fp,val_loss,val_mcc,val_npv,val_precision,val_recall,val_specificity,val_tn,val_tp
0,0.6067708134651184,0.6150467395782471,0.6000921726226807,984.0,1004.0,0.7018365263938904,0.01,0.1984214037656784,0.6007871031761169,0.5851239562034607,0.5899999737739563,0.59375,1396.0,1416.0,0.5,0.5286588668823242,0.5,240.0,240.0,5.7269062995910645,0.0,0.5,0.5,0.5,0.5,240.0,240.0
1,0.6791666746139526,0.7326775193214417,0.6700951457023621,633.0,635.0,0.5984016060829163,0.01,0.3398682475090027,0.6697344183921814,0.6696149706840515,0.6703125238418579,0.6692708134651184,1285.0,1287.0,0.5,0.5,0.5,240.0,240.0,4.695087909698486,0.0,0.5,0.5,0.5,0.5,240.0,240.0
2,0.7093750238418579,0.7827491760253906,0.7080926895141602,564.0,555.0,0.5593210458755493,0.01,0.4173649847507477,0.7072580456733704,0.7095761299133301,0.706250011920929,0.7109375,1365.0,1356.0,0.5,0.6227061152458191,0.5,240.0,240.0,0.8010576963424683,0.0,0.5,0.5,0.5,0.5,240.0,240.0
3,0.7244791388511658,0.8029202818870544,0.7220699787139893,536.0,529.0,0.535610556602478,0.01,0.445502370595932,0.7220688462257385,0.7234709858894348,0.7208333611488342,0.7244791388511658,1391.0,1384.0,0.5,0.6307030916213989,0.15432687103748322,435.0,3.0,0.7198402881622314,0.13562284409999847,0.5247979760169983,0.9375,0.09375,0.9937499761581421,477.0,45.0
4,0.7526041865348816,0.8312134146690369,0.7518441081047058,481.0,469.0,0.503067135810852,0.0009999999,0.5053770542144775,0.7510755658149719,0.7541928887367249,0.7494791746139526,0.7557291388511658,1451.0,1439.0,0.5,0.6413064002990723,0.5,240.0,240.0,0.8024653792381287,0.0,0.5,0.5,0.5,0.5,240.0,240.0
5,0.7791666388511658,0.8572346568107605,0.7795938849449158,425.0,420.0,0.47109562158584595,0.0009999999,0.5600855946540833,0.7794588208198547,0.7806788682937622,0.7786458134651184,0.78125,1500.0,1495.0,0.5,0.6358962655067444,0.5,240.0,240.0,0.823813259601593,0.0,0.5,0.5,0.5,0.5,240.0,240.0
