epoch,accuracy,auc,f1_score,fn,fp,loss,lr,mcc,npv,precision,recall,specificity,tn,tp,val_accuracy,val_auc,val_f1_score,val_fn,val_fp,val_loss,val_mcc,val_npv,val_precision,val_recall,val_specificity,val_tn,val_tp
0,0.598437488079071,0.6080243587493896,0.6029945015907288,998.0,1006.0,0.7199636697769165,0.01,0.20651575922966003,0.6045687794685364,0.5822259187698364,0.5841666460037231,0.6010416746139526,1394.0,1402.0,0.5,0.5224392414093018,0.5,240.0,240.0,7.301455974578857,0.0,0.5,0.5,0.5,0.5,240.0,240.0
1,0.6885416507720947,0.7578032612800598,0.6913785338401794,589.0,601.0,0.5825366377830505,0.01,0.38051435351371765,0.6907445788383484,0.6889234185218811,0.6932291388511658,0.6869791746139526,1319.0,1331.0,0.5,0.528124988079071,0.5,240.0,240.0,3.25951886177063,0.0,0.5,0.5,0.5,0.5,240.0,240.0
2,0.7223958373069763,0.7920328974723816,0.7197191119194031,538.0,538.0,0.5517231225967407,0.01,0.43979746103286743,0.7200262546539307,0.7197916507720947,0.7197916507720947,0.7197916507720947,1382.0,1382.0,0.5,0.5,0.5,240.0,240.0,4.031107425689697,0.0,0.5,0.5,0.5,0.5,240.0,240.0
3,0.7364583611488342,0.8060717582702637,0.7382146120071411,502.0,503.0,0.5366336107254028,0.01,0.4767799377441406,0.738764226436615,0.7381572127342224,0.7385416626930237,0.7380208373069763,1417.0,1418.0,0.5,0.6368359327316284,0.5,240.0,240.0,0.8837766051292419,0.0,0.5,0.5,0.5,0.5,240.0,240.0
4,0.7541666626930237,0.8311506509780884,0.7511394023895264,477.0,478.0,0.5132021307945251,0.0009999999,0.5028731822967529,0.7520400881767273,0.7511712908744812,0.7515624761581421,0.7510416507720947,1442.0,1443.0,0.5,0.628381073474884,0.5,240.0,240.0,1.3748620748519897,0.0,0.5,0.5,0.5,0.5,240.0,240.0
5,0.784375011920929,0.8611122369766235,0.782703161239624,420.0,412.0,0.473079115152359,0.0009999999,0.5668674111366272,0.7826030850410461,0.784518837928772,0.78125,0.7854166626930237,1508.0,1500.0,0.5,0.6305967569351196,0.5,240.0,240.0,1.5046278238296509,0.0,0.5,0.5,0.5,0.5,240.0,240.0
