epoch,accuracy,auc,f1_score,fn,fp,loss,lr,mcc,npv,precision,recall,specificity,tn,tp,val_accuracy,val_auc,val_f1_score,val_fn,val_fp,val_loss,val_mcc,val_npv,val_precision,val_recall,val_specificity,val_tn,val_tp
0,0.6161458492279053,0.6222076416015625,0.614059567451477,943.0,969.0,0.6990154981613159,0.01,0.2275523543357849,0.6164934039115906,0.6005770564079285,0.6070833206176758,0.6088541746139526,1431.0,1457.0,0.5,0.5,0.5,240.0,240.0,9.841669082641602,0.0,0.5,0.5,0.5,0.5,240.0,240.0
1,0.6916666626930237,0.7549481391906738,0.6935040950775146,588.0,592.0,0.5849363207817078,0.01,0.3856998085975647,0.692207396030426,0.692307710647583,0.6937500238418579,0.6916666626930237,1328.0,1332.0,0.5,0.5213541984558105,0.5,240.0,240.0,3.000094175338745,0.0,0.5,0.5,0.5,0.5,240.0,240.0
2,0.7317708134651184,0.8041459321975708,0.7333517074584961,511.0,513.0,0.5391963720321655,0.01,0.4669659733772278,0.7339497804641724,0.7330905199050903,0.7338541746139526,0.7328125238418579,1407.0,1409.0,0.5,0.5,0.5,240.0,240.0,4.657574653625488,0.0,0.5,0.5,0.5,0.5,240.0,240.0
3,0.7427083253860474,0.8180122971534729,0.7427054643630981,495.0,491.0,0.5226848125457764,0.01,0.4866279363632202,0.7433006763458252,0.7437369227409363,0.7421875,0.7442708611488342,1429.0,1425.0,0.5,0.5,0.5,240.0,240.0,3.6842401027679443,0.0,0.5,0.5,0.5,0.5,240.0,240.0
4,0.7755208611488342,0.8565399050712585,0.7750480771064758,434.0,428.0,0.4736173748970032,0.0009999999,0.5512194037437439,0.7749966382980347,0.7763845324516296,0.7739583253860474,0.7770833373069763,1492.0,1486.0,0.5,0.5,0.5,240.0,240.0,3.4345192909240723,0.0,0.5,0.5,0.5,0.5,240.0,240.0
5,0.7958333492279053,0.8776078224182129,0.7965774536132812,391.0,390.0,0.4433583617210388,0.0009999999,0.5933658480644226,0.7965301275253296,0.7967691421508789,0.7963541746139526,0.796875,1530.0,1529.0,0.5,0.5983984470367432,0.5,240.0,240.0,2.3040666580200195,0.0,0.5,0.5,0.5,0.5,240.0,240.0
