epoch,accuracy,auc,f1_score,fn,fp,loss,lr,mcc,npv,precision,recall,specificity,tn,tp,val_accuracy,val_auc,val_f1_score,val_fn,val_fp,val_loss,val_mcc,val_npv,val_precision,val_recall,val_specificity,val_tn,val_tp
0,0.6041666865348816,0.6520987153053284,0.6031766533851624,942.0,950.0,0.7084529995918274,0.01,0.2087327390909195,0.6048758029937744,0.605481743812561,0.6075000166893005,0.6036458611488342,1450.0,1458.0,0.5,0.5,0.5,240.0,240.0,3.6251680850982666,0.0,0.5,0.5,0.5,0.5,240.0,240.0
1,0.6875,0.7604271173477173,0.6890495419502258,600.0,590.0,0.5800063610076904,0.01,0.38059380650520325,0.6896489858627319,0.6910994648933411,0.6875,0.6927083134651184,1330.0,1320.0,0.5,0.5608854293823242,0.5,240.0,240.0,1.485914945602417,0.0,0.5,0.5,0.5,0.5,240.0,240.0
2,0.7088541388511658,0.7808843851089478,0.7100260853767395,557.0,557.0,0.558919370174408,0.01,0.4200194776058197,0.709700345993042,0.7098958492279053,0.7098958492279053,0.7098958492279053,1363.0,1363.0,0.5,0.6209896206855774,0.5,240.0,240.0,1.5691944360733032,0.0,0.5,0.5,0.5,0.5,240.0,240.0
3,0.7348958253860474,0.8127806186676025,0.7356704473495483,508.0,507.0,0.5278121829032898,0.01,0.47156238555908203,0.7354866862297058,0.7357999086380005,0.7354166507720947,0.7359374761581421,1413.0,1412.0,0.5,0.6265668272972107,0.5,240.0,240.0,1.4355883598327637,0.0,0.5,0.5,0.5,0.5,240.0,240.0
4,0.7291666865348816,0.8143051266670227,0.7302967309951782,520.0,514.0,0.5247830152511597,0.0009999999,0.46166935563087463,0.7301225662231445,0.731452465057373,0.7291666865348816,0.7322916388511658,1406.0,1400.0,0.5,0.6423588991165161,0.5,240.0,240.0,1.2398427724838257,0.0,0.5,0.5,0.5,0.5,240.0,240.0
5,0.7854166626930237,0.863356351852417,0.7884446978569031,406.0,406.0,0.4630424678325653,0.0009999999,0.57724928855896,0.7888374924659729,0.7885416746139526,0.7885416746139526,0.7885416746139526,1514.0,1514.0,0.5,0.6491992473602295,0.5,240.0,240.0,1.121412992477417,0.0,0.5,0.5,0.5,0.5,240.0,240.0
