epoch,accuracy,auc,f1_score,fn,fp,loss,lr,mcc,npv,precision,recall,specificity,tn,tp,val_accuracy,val_auc,val_f1_score,val_fn,val_fp,val_loss,val_mcc,val_npv,val_precision,val_recall,val_specificity,val_tn,val_tp
0,0.5989583134651184,0.6620628833770752,0.5906417965888977,919.0,930.0,0.7212892174720764,0.01,0.18183954060077667,0.5930711627006531,0.6142679452896118,0.6170833110809326,0.5874999761581421,1470.0,1481.0,0.5,0.5,0.5,240.0,240.0,5.968558311462402,0.0,0.5,0.5,0.5,0.5,240.0,240.0
1,0.6770833134651184,0.7391600012779236,0.6785996556282043,618.0,617.0,0.5983733534812927,0.01,0.3571111559867859,0.6776930093765259,0.6784783601760864,0.6781250238418579,0.6786458492279053,1303.0,1302.0,0.5,0.5,0.5,240.0,240.0,2.966172695159912,0.0,0.5,0.5,0.5,0.5,240.0,240.0
2,0.6968749761581421,0.7755348682403564,0.6945019364356995,586.0,587.0,0.5621758699417114,0.01,0.38934510946273804,0.6949394345283508,0.6944299936294556,0.6947916746139526,0.6942708492279053,1333.0,1334.0,0.5,0.581701397895813,0.5,240.0,240.0,2.004380941390991,0.0,0.5,0.5,0.5,0.5,240.0,240.0
3,0.7286458611488342,0.8088268637657166,0.729546844959259,515.0,526.0,0.5302665829658508,0.01,0.4580511748790741,0.7305954694747925,0.7276023030281067,0.7317708134651184,0.7260416746139526,1394.0,1405.0,0.5,0.5,0.5,240.0,240.0,4.265450477600098,0.0,0.5,0.5,0.5,0.5,240.0,240.0
4,0.753125011920929,0.8336731791496277,0.7525302171707153,475.0,475.0,0.5009833574295044,0.0009999999,0.5053040981292725,0.7527810335159302,0.7526041865348816,0.7526041865348816,0.7526041865348816,1445.0,1445.0,0.5,0.5036457777023315,0.5,240.0,240.0,3.2178587913513184,0.0,0.5,0.5,0.5,0.5,240.0,240.0
5,0.7817708253860474,0.8645033240318298,0.7824746370315552,420.0,413.0,0.4636315107345581,0.0009999999,0.5662845373153687,0.7825354337692261,0.7841087579727173,0.78125,0.7848958373069763,1507.0,1500.0,0.5,0.6400325894355774,0.5,240.0,239.0,1.2252994775772095,0.0020517667289823294,0.5020201802253723,0.5010438561439514,0.5,0.5020833611488342,241.0,240.0
