epoch,accuracy,auc,f1_score,fn,fp,loss,lr,mcc,npv,precision,recall,specificity,tn,tp,val_accuracy,val_auc,val_f1_score,val_fn,val_fp,val_loss,val_mcc,val_npv,val_precision,val_recall,val_specificity,val_tn,val_tp
0,0.6130208373069763,0.6060252785682678,0.6124235987663269,982.0,984.0,0.6801077127456665,0.01,0.22545400261878967,0.6123799681663513,0.5903413891792297,0.590833306312561,0.6119791865348816,1416.0,1418.0,0.5,0.5,0.5,240.0,240.0,7.521685600280762,0.0,0.5,0.5,0.5,0.5,240.0,240.0
1,0.684374988079071,0.7554934024810791,0.6804260611534119,617.0,607.0,0.5811323523521423,0.01,0.36280977725982666,0.680310845375061,0.6821989417076111,0.6786458492279053,0.6838541626930237,1313.0,1303.0,0.6020833253860474,0.681883692741394,0.668599009513855,0.0,476.0,0.693480908870697,0.017213258892297745,0.06666667014360428,0.5020920634269714,1.0,0.008333333767950535,4.0,480.0
2,0.7255208492279053,0.8034608364105225,0.7281802892684937,525.0,516.0,0.537678599357605,0.01,0.45806461572647095,0.7280994653701782,0.7299842834472656,0.7265625,0.731249988079071,1404.0,1395.0,0.5,0.5730317234992981,0.5,240.0,240.0,1.9977710247039795,0.0,0.5,0.5,0.5,0.5,240.0,240.0
3,0.737500011920929,0.8150591850280762,0.7361136674880981,508.0,503.0,0.52036052942276,0.01,0.47356918454170227,0.7366462349891663,0.7373368144035339,0.7354166507720947,0.7380208373069763,1417.0,1412.0,0.5,0.5,0.5,240.0,240.0,3.3316280841827393,0.0,0.5,0.5,0.5,0.5,240.0,240.0
4,0.7489583492279053,0.8326085209846497,0.7495585680007935,479.0,484.0,0.5028769373893738,0.01,0.4986003339290619,0.7499122619628906,0.7485714554786682,0.7505208253860474,0.7479166388511658,1436.0,1441.0,0.5,0.5870790481567383,0.5,240.0,240.0,2.0095648765563965,0.0,0.5,0.5,0.5,0.5,240.0,240.0
5,0.7760416865348816,0.8557385206222534,0.777366042137146,427.0,428.0,0.4723976254463196,0.0009999999,0.554851233959198,0.7776445746421814,0.777199387550354,0.7776041626930237,0.7770833373069763,1492.0,1493.0,0.5,0.5820399522781372,0.5,240.0,240.0,2.3409738540649414,0.0,0.5,0.5,0.5,0.5,240.0,240.0
6,0.8088541626930237,0.8889003992080688,0.8086822032928467,370.0,363.0,0.4245118200778961,0.0009999999,0.6183969974517822,0.8082636594772339,0.81024569272995,0.8072916865348816,0.8109375238418579,1557.0,1550.0,0.5,0.6082183122634888,0.5,240.0,240.0,1.2360999584197998,0.0,0.5,0.5,0.5,0.5,240.0,240.0
