epoch,accuracy,auc,f1_score,fn,fp,loss,lr,mcc,npv,precision,recall,specificity,tn,tp,val_accuracy,val_auc,val_f1_score,val_fn,val_fp,val_loss,val_mcc,val_npv,val_precision,val_recall,val_specificity,val_tn,val_tp
0,0.6729166507720947,0.7351057529449463,0.6598489880561829,770.0,805.0,0.6809607744216919,0.01,0.31456488370895386,0.6596503853797913,0.6694045066833496,0.6791666746139526,0.6473958492279053,1595.0,1630.0,0.5,0.4645095467567444,0.5,240.0,240.0,1.1146419048309326,0.0,0.5,0.5,0.5,0.5,240.0,240.0
1,0.7885416746139526,0.8648012280464172,0.7882757186889648,398.0,419.0,0.4620848000049591,0.01,0.5752938985824585,0.7911882400512695,0.7841318845748901,0.7927083373069763,0.7817708253860474,1501.0,1522.0,0.5,0.5156987905502319,0.5178411602973938,225.0,250.0,0.7601457834243774,0.010822311975061893,0.505448043346405,0.5049505233764648,0.53125,0.4791666567325592,230.0,255.0
2,0.8416666388511658,0.9167266488075256,0.8360507488250732,315.0,315.0,0.36725059151649475,0.01,0.6723765134811401,0.8360854983329773,0.8359375,0.8359375,0.8359375,1605.0,1605.0,0.5,0.5015581250190735,0.5,240.0,239.0,0.8154293298721313,0.0020517667289823294,0.5020201802253723,0.5010438561439514,0.5,0.5020833611488342,241.0,240.0
3,0.8864583373069763,0.9547813534736633,0.8855831027030945,213.0,228.0,0.27325135469436646,0.01,0.7706602811813354,0.8884992003440857,0.882170557975769,0.8890625238418579,0.8812500238418579,1692.0,1707.0,0.5,0.5076497197151184,0.5,240.0,240.0,1.0930290222167969,0.0,0.5,0.5,0.5,0.5,240.0,240.0
4,0.917187511920929,0.9752621650695801,0.9168516993522644,162.0,157.0,0.2023799568414688,0.0009999999,0.8341476321220398,0.9160383343696594,0.9180156588554382,0.9156249761581421,0.9182291626930237,1763.0,1758.0,0.5,0.4999696612358093,0.5,240.0,240.0,1.5393940210342407,0.0,0.5,0.5,0.5,0.5,240.0,240.0
5,0.9692708253860474,0.9959862232208252,0.969497799873352,57.0,60.0,0.10305716842412949,0.0009999999,0.9391976594924927,0.9705058932304382,0.9687987565994263,0.9703124761581421,0.96875,1860.0,1863.0,0.5,0.5015755295753479,0.5,240.0,240.0,1.7702255249023438,0.0,0.5,0.5,0.5,0.5,240.0,240.0
