epoch,accuracy,auc,f1_score,fn,fp,loss,lr,mcc,npv,precision,recall,specificity,tn,tp,val_accuracy,val_auc,val_f1_score,val_fn,val_fp,val_loss,val_mcc,val_npv,val_precision,val_recall,val_specificity,val_tn,val_tp
0,0.6630208492279053,0.7581889033317566,0.655971884727478,735.0,747.0,0.6885004043579102,0.01,0.3097618520259857,0.6546579599380493,0.6902984976768494,0.6937500238418579,0.6510416865348816,1653.0,1665.0,0.5,0.5381944179534912,0.5,240.0,240.0,1.1751599311828613,0.0,0.5,0.5,0.5,0.5,240.0,240.0
1,0.7677083611488342,0.8479093313217163,0.7635087370872498,448.0,464.0,0.48346462845802307,0.01,0.5259486436843872,0.765247106552124,0.7603305578231812,0.7666666507720947,0.7583333253860474,1456.0,1472.0,0.5,0.5405946373939514,0.5,240.0,240.0,1.0289089679718018,0.0,0.5,0.5,0.5,0.5,240.0,240.0
2,0.8359375,0.9135721325874329,0.8350238800048828,311.0,325.0,0.37476620078086853,0.01,0.6691643595695496,0.8370413184165955,0.8319544792175293,0.8380208611488342,0.8307291865348816,1595.0,1609.0,0.5,0.558190107345581,0.5,240.0,240.0,0.9506460428237915,0.0,0.5,0.5,0.5,0.5,240.0,240.0
3,0.8645833134651184,0.9423989057540894,0.863936722278595,262.0,260.0,0.3074684143066406,0.01,0.7285181879997253,0.8640953898429871,0.8644421100616455,0.8635416626930237,0.8645833134651184,1660.0,1658.0,0.5,0.5475867986679077,0.5,240.0,240.0,2.0354537963867188,0.0,0.5,0.5,0.5,0.5,240.0,240.0
4,0.8927083611488342,0.9561210870742798,0.8912512063980103,198.0,224.0,0.26924851536750793,0.0009999999,0.7805941104888916,0.8949009776115417,0.8848921060562134,0.8968750238418579,0.8833333253860474,1696.0,1722.0,0.5,0.5589582920074463,0.5,240.0,240.0,2.455106019973755,0.0,0.5,0.5,0.5,0.5,240.0,240.0
5,0.949999988079071,0.9873513579368591,0.9500701427459717,96.0,96.0,0.15750503540039062,0.0009999999,0.9002810120582581,0.9501181244850159,0.949999988079071,0.949999988079071,0.949999988079071,1824.0,1824.0,0.5,0.5470659732818604,0.5,240.0,240.0,2.5138046741485596,0.0,0.5,0.5,0.5,0.5,240.0,240.0
