epoch,accuracy,auc,f1_score,fn,fp,loss,lr,mcc,npv,precision,recall,specificity,tn,tp,val_accuracy,val_auc,val_f1_score,val_fn,val_fp,val_loss,val_mcc,val_npv,val_precision,val_recall,val_specificity,val_tn,val_tp
0,0.6151041388511658,0.6291247606277466,0.5993474721908569,972.0,960.0,0.7442251443862915,0.01,0.20470108091831207,0.6026528477668762,0.5979899764060974,0.5950000286102295,0.604687511920929,1440.0,1428.0,0.5,0.4894596338272095,0.5,240.0,240.0,1.9171059131622314,0.0,0.5,0.5,0.5,0.5,240.0,240.0
1,0.7614583373069763,0.8324283957481384,0.7527154684066772,472.0,482.0,0.506131112575531,0.01,0.5039577484130859,0.7522647976875305,0.7502590417861938,0.7541666626930237,0.7489583492279053,1438.0,1448.0,0.5,0.5099327564239502,0.5,240.0,240.0,1.2529683113098145,0.0,0.5,0.5,0.5,0.5,240.0,240.0
2,0.8255208134651184,0.9067481756210327,0.8279542922973633,332.0,328.0,0.38932740688323975,0.01,0.6568765044212341,0.8278710842132568,0.8288100361824036,0.8270833492279053,0.8291666507720947,1592.0,1588.0,0.4958333373069763,0.5069118738174438,0.50583416223526,238.0,241.0,1.039138913154602,0.0018680174835026264,0.4940697252750397,0.501035213470459,0.5041666626930237,0.49791666865348816,239.0,242.0
3,0.8723958134651184,0.9401045441627502,0.8728031516075134,245.0,243.0,0.3132120966911316,0.01,0.7462802529335022,0.872959315776825,0.8733054995536804,0.8723958134651184,0.8734375238418579,1677.0,1675.0,0.5,0.45805123448371887,0.5,240.0,240.0,1.7385460138320923,0.0,0.5,0.5,0.5,0.5,240.0,240.0
4,0.9052083492279053,0.9624191522598267,0.9039779901504517,186.0,182.0,0.25201496481895447,0.0009999999,0.8087682127952576,0.9038879871368408,0.905010461807251,0.903124988079071,0.9052083492279053,1738.0,1734.0,0.5,0.49623265862464905,0.5,240.0,240.0,1.498304009437561,0.0,0.5,0.5,0.5,0.5,240.0,240.0
5,0.9494791626930237,0.9881721138954163,0.9472525715827942,104.0,98.0,0.157652348279953,0.0009999999,0.8949350714683533,0.9462522864341736,0.9487982988357544,0.9458333253860474,0.9489583373069763,1822.0,1816.0,0.49166667461395264,0.5061740875244141,0.4969230592250824,240.0,245.0,1.1923980712890625,-0.010389168746769428,0.4956989288330078,0.49484536051750183,0.5,0.4895833432674408,235.0,240.0
