epoch,accuracy,auc,f1_score,fn,fp,loss,lr,mcc,npv,precision,recall,specificity,tn,tp,val_accuracy,val_auc,val_f1_score,val_fn,val_fp,val_loss,val_mcc,val_npv,val_precision,val_recall,val_specificity,val_tn,val_tp
0,0.5723958611488342,0.564864993095398,0.5643462538719177,1075.0,1072.0,0.7224389910697937,0.01,0.1325102597475052,0.5669957995414734,0.5527743101119995,0.5520833134651184,0.5666666626930237,1328.0,1325.0,0.5,0.5,0.5,240.0,240.0,39.218299865722656,0.0,0.5,0.5,0.5,0.5,240.0,240.0
1,0.6166666746139526,0.6640539169311523,0.61834716796875,732.0,734.0,0.6502196788787842,0.01,0.23694764077663422,0.6183391213417053,0.6181061267852783,0.6187499761581421,0.6177083253860474,1186.0,1188.0,0.5,0.5020833015441895,0.5,240.0,240.0,3.3005783557891846,0.0,0.5,0.5,0.5,0.5,240.0,240.0
2,0.6468750238418579,0.7005426287651062,0.6521120071411133,661.0,682.0,0.6271085739135742,0.01,0.30084821581840515,0.6519039869308472,0.6486347317695618,0.6557291746139526,0.6447916626930237,1238.0,1259.0,0.5,0.5,0.5,240.0,240.0,3.672412633895874,0.0,0.5,0.5,0.5,0.5,240.0,240.0
3,0.6510416865348816,0.7200642228126526,0.6527966856956482,670.0,660.0,0.6145855784416199,0.01,0.3075995147228241,0.6527063250541687,0.6544502377510071,0.6510416865348816,0.65625,1260.0,1250.0,0.5,0.5981379747390747,0.5,240.0,240.0,1.1068174839019775,0.0,0.5,0.5,0.5,0.5,240.0,240.0
4,0.7057291865348816,0.7729412913322449,0.704520046710968,564.0,572.0,0.5730699300765991,0.0009999999,0.4085909128189087,0.7056364417076111,0.7033194899559021,0.706250011920929,0.7020833492279053,1348.0,1356.0,0.5,0.5987738370895386,0.5,240.0,240.0,1.5480040311813354,0.0,0.5,0.5,0.5,0.5,240.0,240.0
5,0.714062511920929,0.7888927459716797,0.7171269059181213,540.0,548.0,0.5556020140647888,0.0009999999,0.43356284499168396,0.7179267406463623,0.7157676219940186,0.71875,0.7145833373069763,1372.0,1380.0,0.5,0.6021267175674438,0.5,240.0,240.0,1.137371301651001,0.0,0.5,0.5,0.5,0.5,240.0,240.0
