epoch,accuracy,auc,f1_score,fn,fp,loss,lr,mcc,npv,precision,recall,specificity,tn,tp,val_accuracy,val_auc,val_f1_score,val_fn,val_fp,val_loss,val_mcc,val_npv,val_precision,val_recall,val_specificity,val_tn,val_tp
0,0.5947916507720947,0.6323714852333069,0.5823511481285095,972.0,969.0,0.7202762961387634,0.01,0.16548855602741241,0.5840418934822083,0.5957446694374084,0.5950000286102295,0.5807291865348816,1431.0,1428.0,0.5,0.5,0.5,240.0,240.0,14.99015998840332,0.0,0.5,0.5,0.5,0.5,240.0,240.0
1,0.6484375,0.7002765536308289,0.6483265161514282,678.0,667.0,0.6314015984535217,0.01,0.2998281717300415,0.6495438814163208,0.650602400302887,0.6468750238418579,0.6526041626930237,1253.0,1242.0,0.5,0.5140625238418579,0.5,240.0,240.0,2.84548020362854,0.0,0.5,0.5,0.5,0.5,240.0,240.0
2,0.6645833253860474,0.7259912490844727,0.6647437214851379,648.0,634.0,0.6122503280639648,0.01,0.33276334404945374,0.6652816534042358,0.6673662066459656,0.6625000238418579,0.6697916388511658,1286.0,1272.0,0.5,0.5925173759460449,0.5,240.0,240.0,0.9912847280502319,0.0,0.5,0.5,0.5,0.5,240.0,240.0
3,0.6723958253860474,0.7325951457023621,0.6753032803535461,621.0,627.0,0.603300929069519,0.01,0.3502502143383026,0.6759893298149109,0.6744548082351685,0.676562488079071,0.6734374761581421,1293.0,1299.0,0.5,0.602575957775116,0.5,240.0,240.0,1.0947201251983643,0.0,0.5,0.5,0.5,0.5,240.0,240.0
4,0.721875011920929,0.7913954257965088,0.7213569283485413,539.0,528.0,0.5490538477897644,0.0009999999,0.44448918104171753,0.7208756804466248,0.7234153747558594,0.7192708253860474,0.7250000238418579,1392.0,1381.0,0.5,0.6071506142616272,0.5,240.0,240.0,1.5530918836593628,0.0,0.5,0.5,0.5,0.5,240.0,240.0
5,0.731249988079071,0.8057451248168945,0.7326400279998779,517.0,507.0,0.5343372821807861,0.0009999999,0.4668251574039459,0.7321849465370178,0.7345549464225769,0.7307291626930237,0.7359374761581421,1413.0,1403.0,0.5,0.6062977910041809,0.5,240.0,240.0,1.3504254817962646,0.0,0.5,0.5,0.5,0.5,240.0,240.0
