epoch,accuracy,auc,f1_score,fn,fp,loss,lr,mcc,npv,precision,recall,specificity,tn,tp,val_accuracy,val_auc,val_f1_score,val_fn,val_fp,val_loss,val_mcc,val_npv,val_precision,val_recall,val_specificity,val_tn,val_tp
0,0.5869791507720947,0.5596126914024353,0.5726331472396851,1048.0,1083.0,0.7179091572761536,0.01,0.14082561433315277,0.5722242593765259,0.5552361607551575,0.5633333325386047,0.5609375238418579,1317.0,1352.0,0.5,0.5,0.5,240.0,240.0,28.54449462890625,0.0,0.5,0.5,0.5,0.5,240.0,240.0
1,0.6411458253860474,0.6795295476913452,0.6329504251480103,708.0,695.0,0.6435496807098389,0.01,0.2695949673652649,0.6343542337417603,0.635553240776062,0.6312500238418579,0.6380208134651184,1225.0,1212.0,0.5,0.5,0.5,240.0,240.0,2.9246556758880615,0.0,0.5,0.5,0.5,0.5,240.0,240.0
2,0.6625000238418579,0.7135292291641235,0.6602672934532166,650.0,657.0,0.6204326748847961,0.01,0.319589763879776,0.660033643245697,0.6590555310249329,0.6614583134651184,0.6578124761581421,1263.0,1270.0,0.5,0.5214952230453491,0.5,240.0,240.0,1.8793548345565796,0.0,0.5,0.5,0.5,0.5,240.0,240.0
3,0.6885416507720947,0.7390141487121582,0.6838482022285461,609.0,604.0,0.5971555709838867,0.01,0.3686087429523468,0.6833559274673462,0.6845952868461609,0.682812511920929,0.6854166388511658,1316.0,1311.0,0.5,0.5715950131416321,0.49895888566970825,242.0,222.0,0.7727212309837341,0.031234439462423325,0.5268833041191101,0.5173913240432739,0.4958333373069763,0.5375000238418579,258.0,238.0
4,0.7119791507720947,0.7832244634628296,0.7144686579704285,554.0,537.0,0.5585296154022217,0.0009999999,0.43199554085731506,0.7143356204032898,0.7178139686584473,0.7114583253860474,0.7203124761581421,1383.0,1366.0,0.5,0.5775390267372131,0.5,240.0,240.0,0.7931569814682007,0.0,0.5,0.5,0.5,0.5,240.0,240.0
5,0.734375,0.8018031716346741,0.7321404814720154,520.0,504.0,0.5401718020439148,0.0009999999,0.4667965769767761,0.7316045165061951,0.7352941036224365,0.7291666865348816,0.737500011920929,1416.0,1400.0,0.5,0.5846788287162781,0.5,240.0,240.0,0.8710693717002869,0.0,0.5,0.5,0.5,0.5,240.0,240.0
