epoch,accuracy,auc,f1_score,fn,fp,loss,lr,mcc,npv,precision,recall,specificity,tn,tp,val_accuracy,val_auc,val_f1_score,val_fn,val_fp,val_loss,val_mcc,val_npv,val_precision,val_recall,val_specificity,val_tn,val_tp
0,0.5640624761581421,0.5667206048965454,0.5615509748458862,1077.0,1087.0,0.7245649695396423,0.01,0.12329297512769699,0.5624900460243225,0.5489626526832581,0.5512499809265137,0.5588541626930237,1313.0,1323.0,0.5,0.5,0.5,240.0,240.0,15.261199951171875,0.0,0.5,0.5,0.5,0.5,240.0,240.0
1,0.6401041746139526,0.6860228776931763,0.6344550251960754,697.0,712.0,0.6415956020355225,0.01,0.2666565477848053,0.6339153051376343,0.632041335105896,0.6369791626930237,0.6291666626930237,1208.0,1223.0,0.5,0.5475976467132568,0.3105093538761139,371.0,91.0,1.1746243238449097,0.029420379549264908,0.5142387747764587,0.5450000166893005,0.22708334028720856,0.8104166388511658,389.0,109.0
2,0.6447916626930237,0.7017418742179871,0.6468617916107178,680.0,672.0,0.6306009888648987,0.01,0.2963798940181732,0.6479304432868958,0.6485355496406555,0.6458333134651184,0.6499999761581421,1248.0,1240.0,0.5,0.5979058146476746,0.5,240.0,240.0,1.2265793085098267,0.0,0.5,0.5,0.5,0.5,240.0,240.0
3,0.6713541746139526,0.7320448160171509,0.6730299592018127,623.0,636.0,0.6065434217453003,0.01,0.3445568382740021,0.673765242099762,0.670977771282196,0.6755208373069763,0.668749988079071,1284.0,1297.0,0.5,0.6011371612548828,0.5,240.0,240.0,1.379132866859436,0.0,0.5,0.5,0.5,0.5,240.0,240.0
4,0.698437511920929,0.7681388258934021,0.699218213558197,570.0,592.0,0.5762563943862915,0.0009999999,0.3950313627719879,0.6995086669921875,0.6951596140861511,0.703125,0.6916666626930237,1328.0,1350.0,0.5,0.6115472912788391,0.5,240.0,240.0,1.3862709999084473,0.0,0.5,0.5,0.5,0.5,240.0,240.0
5,0.7036458253860474,0.7729341387748718,0.7060455679893494,563.0,566.0,0.5682687759399414,0.0009999999,0.4122796654701233,0.7067891359329224,0.7056682109832764,0.7067708373069763,0.7052083611488342,1354.0,1357.0,0.5,0.609424889087677,0.5,240.0,240.0,1.4558906555175781,0.0,0.5,0.5,0.5,0.5,240.0,240.0
