epoch,accuracy,auc,f1_score,fn,fp,loss,lr,mcc,npv,precision,recall,specificity,tn,tp,val_accuracy,val_auc,val_f1_score,val_fn,val_fp,val_loss,val_mcc,val_npv,val_precision,val_recall,val_specificity,val_tn,val_tp
0,0.6098958253860474,0.5982074737548828,0.5959755182266235,1014.0,1013.0,0.7149368524551392,0.01,0.19390776753425598,0.5971235632896423,0.5777407288551331,0.5774999856948853,0.596875011920929,1387.0,1386.0,0.5,0.5,0.5,240.0,240.0,24.144573211669922,0.0,0.5,0.5,0.5,0.5,240.0,240.0
1,0.6473958492279053,0.7000370025634766,0.6466854214668274,674.0,689.0,0.6328714489936829,0.01,0.29046496748924255,0.6454570889472961,0.6439276337623596,0.6489583253860474,0.6411458253860474,1231.0,1246.0,0.5,0.5143207311630249,0.5,240.0,240.0,2.4911980628967285,0.0,0.5,0.5,0.5,0.5,240.0,240.0
2,0.6713541746139526,0.7300421595573425,0.6714060306549072,626.0,638.0,0.6078062653541565,0.01,0.342121958732605,0.6728430390357971,0.6697722673416138,0.6739583611488342,0.6677083373069763,1282.0,1294.0,0.5,0.5466601848602295,0.5,240.0,240.0,0.940672755241394,0.0,0.5,0.5,0.5,0.5,240.0,240.0
3,0.6958333253860474,0.7635472416877747,0.6979931592941284,579.0,580.0,0.5832422375679016,0.01,0.3966674208641052,0.6989086866378784,0.6980739235877991,0.698437511920929,0.6979166865348816,1340.0,1341.0,0.5,0.5582942366600037,0.5,240.0,240.0,0.7073665857315063,0.0,0.5,0.5,0.5,0.5,240.0,240.0
4,0.7020833492279053,0.776702880859375,0.6995254158973694,578.0,574.0,0.5649492740631104,0.0009999999,0.4001880884170532,0.6999573111534119,0.7004175186157227,0.6989583373069763,0.7010416388511658,1346.0,1342.0,0.5,0.558422327041626,0.5,240.0,240.0,0.9366401433944702,0.0,0.5,0.5,0.5,0.5,240.0,240.0
5,0.7411458492279053,0.8068455457687378,0.7406433820724487,500.0,494.0,0.5389780402183533,0.0009999999,0.4825824797153473,0.7407127022743225,0.7419017553329468,0.7395833134651184,0.7427083253860474,1426.0,1420.0,0.5,0.5578429102897644,0.5,240.0,240.0,0.8808523416519165,0.0,0.5,0.5,0.5,0.5,240.0,240.0
