epoch,accuracy,auc,f1_score,fn,fp,loss,lr,mcc,npv,precision,recall,specificity,tn,tp,val_accuracy,val_auc,val_f1_score,val_fn,val_fp,val_loss,val_mcc,val_npv,val_precision,val_recall,val_specificity,val_tn,val_tp
0,0.5541666746139526,0.572922945022583,0.5474469065666199,1114.0,1062.0,0.7498042583465576,0.01,0.10486222803592682,0.5511104464530945,0.5477001667022705,0.5358333587646484,0.5609375238418579,1338.0,1286.0,0.5,0.5,0.5,240.0,240.0,45.40298843383789,0.0,0.5,0.5,0.5,0.5,240.0,240.0
1,0.6171875,0.6562082171440125,0.6110090613365173,740.0,759.0,0.6575809121131897,0.01,0.2196817249059677,0.6115868091583252,0.608561098575592,0.6145833134651184,0.604687511920929,1161.0,1180.0,0.5,0.5,0.5,240.0,240.0,5.289226055145264,0.0,0.5,0.5,0.5,0.5,240.0,240.0
2,0.643750011920929,0.6858258843421936,0.6487669348716736,668.0,686.0,0.6362336874008179,0.01,0.29523372650146484,0.6492570638656616,0.6460268497467041,0.6520833373069763,0.6427083611488342,1234.0,1252.0,0.5,0.5291666984558105,0.5,240.0,240.0,3.5951895713806152,0.0,0.5,0.5,0.5,0.5,240.0,240.0
3,0.659375011920929,0.7091042995452881,0.6562715768814087,662.0,654.0,0.6212502717971802,0.01,0.3149387538433075,0.6572861075401306,0.6579498052597046,0.6552083492279053,0.659375011920929,1266.0,1258.0,0.5,0.5540885329246521,0.5,240.0,240.0,1.5298432111740112,0.0,0.5,0.5,0.5,0.5,240.0,240.0
4,0.675000011920929,0.7222560048103333,0.6699534058570862,626.0,646.0,0.6144495010375977,0.0009999999,0.33822697401046753,0.6715713739395142,0.6670103073120117,0.6739583611488342,0.6635416746139526,1274.0,1294.0,0.5,0.6188216209411621,0.6666666269302368,0.0,480.0,0.9244139790534973,0.0,0.0,0.5,1.0,0.0,0.0,480.0
5,0.682812511920929,0.7449342608451843,0.6840220093727112,600.0,619.0,0.595944344997406,0.0009999999,0.36550647020339966,0.6845578551292419,0.680763304233551,0.6875,0.6776041388511658,1301.0,1320.0,0.5,0.6244010329246521,0.5,240.0,240.0,1.0838656425476074,0.0,0.5,0.5,0.5,0.5,240.0,240.0
