epoch,accuracy,auc,f1_score,fn,fp,loss,lr,mcc,npv,precision,recall,specificity,tn,tp,val_accuracy,val_auc,val_f1_score,val_fn,val_fp,val_loss,val_mcc,val_npv,val_precision,val_recall,val_specificity,val_tn,val_tp
0,0.5541666746139526,0.5512657165527344,0.5502110123634338,1106.0,1094.0,0.72690749168396,0.01,0.10459677129983902,0.5512134432792664,0.5418760180473328,0.5391666889190674,0.5552083253860474,1306.0,1294.0,0.5,0.5,0.5,240.0,240.0,30.61733055114746,0.0,0.5,0.5,0.5,0.5,240.0,240.0
1,0.6156250238418579,0.6579253077507019,0.6126346588134766,747.0,731.0,0.6568471193313599,0.01,0.23077334463596344,0.6153568029403687,0.6160714030265808,0.6109374761581421,0.6192708611488342,1189.0,1173.0,0.5,0.5,0.5,240.0,240.0,5.9318671226501465,0.0,0.5,0.5,0.5,0.5,240.0,240.0
2,0.6489583253860474,0.6974411010742188,0.6537004113197327,658.0,678.0,0.6316050887107849,0.01,0.3044431805610657,0.6540632247924805,0.6505154371261597,0.6572916507720947,0.6468750238418579,1242.0,1262.0,0.5,0.49947914481163025,0.5,240.0,240.0,2.913217782974243,0.0,0.5,0.5,0.5,0.5,240.0,240.0
3,0.6588541865348816,0.717508852481842,0.6562510132789612,658.0,663.0,0.6156132221221924,0.01,0.3123153746128082,0.656713604927063,0.6555843949317932,0.6572916507720947,0.6546875238418579,1257.0,1262.0,0.5,0.6120529174804688,0.5,240.0,240.0,1.2391809225082397,0.0,0.5,0.5,0.5,0.5,240.0,240.0
4,0.6838541626930237,0.7468317747116089,0.6820768713951111,613.0,605.0,0.5932689309120178,0.0009999999,0.3658560514450073,0.682230532169342,0.6835774183273315,0.6807291507720947,0.6848958134651184,1315.0,1307.0,0.5,0.6083463430404663,0.5,240.0,240.0,1.0089993476867676,0.0,0.5,0.5,0.5,0.5,240.0,240.0
5,0.7151041626930237,0.7793498039245605,0.715241551399231,542.0,555.0,0.5640525221824646,0.0009999999,0.42882639169692993,0.7159473896026611,0.7128815054893494,0.7177083492279053,0.7109375,1365.0,1378.0,0.5,0.6095942258834839,0.5020512938499451,239.0,240.0,0.7419828772544861,0.0020517667289823294,0.5,0.5010395050048828,0.5020833611488342,0.5,240.0,241.0
