epoch,accuracy,auc,f1_score,fn,fp,loss,lr,mcc,npv,precision,recall,specificity,tn,tp,val_accuracy,val_auc,val_f1_score,val_fn,val_fp,val_loss,val_mcc,val_npv,val_precision,val_recall,val_specificity,val_tn,val_tp
0,0.5843750238418579,0.6622391939163208,0.578594446182251,921.0,914.0,0.7372515797615051,0.01,0.15937916934490204,0.5783303380012512,0.6180526614189148,0.6162499785423279,0.581250011920929,1486.0,1479.0,0.5,0.5,0.5,240.0,240.0,43.3302001953125,0.0,0.5,0.5,0.5,0.5,240.0,240.0
1,0.6489583253860474,0.6777300834655762,0.6325832009315491,704.0,707.0,0.6489335894584656,0.01,0.265688955783844,0.6331186890602112,0.6323453187942505,0.6333333253860474,0.6317708492279053,1213.0,1216.0,0.5,0.5,0.5,240.0,240.0,30.871341705322266,0.0,0.5,0.5,0.5,0.5,240.0,240.0
2,0.6494791507720947,0.6999625563621521,0.6473697423934937,682.0,666.0,0.6286998391151428,0.01,0.2982385754585266,0.6479148864746094,0.6502100825309753,0.6447916626930237,0.653124988079071,1254.0,1238.0,0.5,0.5,0.5,240.0,240.0,16.340316772460938,0.0,0.5,0.5,0.5,0.5,240.0,240.0
3,0.6645833253860474,0.7120882868766785,0.6607406139373779,651.0,651.0,0.6208044290542603,0.01,0.3222528398036957,0.6613729596138,0.660937488079071,0.660937488079071,0.660937488079071,1269.0,1269.0,0.5,0.5,0.5,240.0,240.0,5.482404708862305,0.0,0.5,0.5,0.5,0.5,240.0,240.0
4,0.6713541746139526,0.7340751886367798,0.666788637638092,640.0,638.0,0.60403972864151,0.0009999999,0.33455953001976013,0.6674506664276123,0.667361855506897,0.6666666865348816,0.6677083373069763,1282.0,1280.0,0.5,0.5,0.5,240.0,240.0,4.186168670654297,0.0,0.5,0.5,0.5,0.5,240.0,240.0
5,0.6911458373069763,0.756168782711029,0.6909066438674927,587.0,606.0,0.5835168361663818,0.0009999999,0.3788382411003113,0.6911472082138062,0.6874677538871765,0.6942708492279053,0.684374988079071,1314.0,1333.0,0.5,0.5,0.5,240.0,240.0,3.4216558933258057,0.0,0.5,0.5,0.5,0.5,240.0,240.0
