epoch,accuracy,auc,f1_score,fn,fp,loss,lr,mcc,npv,precision,recall,specificity,tn,tp,val_accuracy,val_auc,val_f1_score,val_fn,val_fp,val_loss,val_mcc,val_npv,val_precision,val_recall,val_specificity,val_tn,val_tp
0,0.609375,0.5856946110725403,0.6058240532875061,997.0,993.0,0.6921807527542114,0.01,0.2140447050333023,0.6070167422294617,0.5855592489242554,0.5845833420753479,0.6078125238418579,1407.0,1403.0,0.5,0.5,0.5,240.0,240.0,52.6497802734375,0.0,0.5,0.5,0.5,0.5,240.0,240.0
1,0.6484375,0.7161282300949097,0.6538883447647095,654.0,685.0,0.6190917491912842,0.01,0.3028548061847687,0.6541650295257568,0.6488980054855347,0.659375011920929,0.6432291865348816,1235.0,1266.0,0.5,0.5,0.5,240.0,240.0,14.191422462463379,0.0,0.5,0.5,0.5,0.5,240.0,240.0
2,0.6583333611488342,0.7223535180091858,0.6552448272705078,668.0,650.0,0.6109107136726379,0.01,0.3138520419597626,0.6551222205162048,0.6582544445991516,0.6520833373069763,0.6614583134651184,1270.0,1252.0,0.5,0.5,0.5,240.0,240.0,7.135281562805176,0.0,0.5,0.5,0.5,0.5,240.0,240.0
3,0.6880208253860474,0.7531874179840088,0.6859065294265747,600.0,609.0,0.5891065001487732,0.01,0.3705391585826874,0.6860431432723999,0.6842923760414124,0.6875,0.682812511920929,1311.0,1320.0,0.5,0.5,0.5,240.0,240.0,3.3823189735412598,0.0,0.5,0.5,0.5,0.5,240.0,240.0
4,0.7276041507720947,0.7997946739196777,0.730268657207489,520.0,516.0,0.5446422100067139,0.0009999999,0.4606744349002838,0.7291609048843384,0.7306889295578003,0.7291666865348816,0.731249988079071,1404.0,1400.0,0.5,0.5627169609069824,0.5,240.0,240.0,1.9263348579406738,0.0,0.5,0.5,0.5,0.5,240.0,240.0
5,0.7411458492279053,0.8169441819190979,0.741364061832428,493.0,502.0,0.522832989692688,0.0009999999,0.4819355905056,0.7423465847969055,0.7397615313529968,0.7432291507720947,0.7385416626930237,1418.0,1427.0,0.5,0.5860698819160461,0.5,240.0,240.0,1.2906602621078491,0.0,0.5,0.5,0.5,0.5,240.0,240.0
