epoch,accuracy,auc,f1_score,fn,fp,loss,lr,mcc,npv,precision,recall,specificity,tn,tp,val_accuracy,val_auc,val_f1_score,val_fn,val_fp,val_loss,val_mcc,val_npv,val_precision,val_recall,val_specificity,val_tn,val_tp
0,0.6057291626930237,0.5926627516746521,0.6021063327789307,998.0,1017.0,0.695982038974762,0.01,0.20125918090343475,0.6005885601043701,0.5795783400535583,0.5841666460037231,0.5953124761581421,1383.0,1402.0,0.5,0.5,0.5,240.0,240.0,5.890772819519043,0.0,0.5,0.5,0.5,0.5,240.0,240.0
1,0.6390625238418579,0.6936151385307312,0.6366053223609924,696.0,698.0,0.6325733065605164,0.01,0.27441099286079407,0.6380787491798401,0.6368366479873657,0.637499988079071,0.6364583373069763,1222.0,1224.0,0.5,0.5734765529632568,0.6685529351234436,1.0,474.0,0.7866889238357544,0.032346583902835846,0.23333333432674408,0.5026233196258545,0.9979166388511658,0.012500000186264515,6.0,479.0
2,0.6552083492279053,0.7110419273376465,0.6583958864212036,659.0,649.0,0.6215730905532837,0.01,0.3191016912460327,0.6586524844169617,0.6602094173431396,0.6567708253860474,0.6619791388511658,1271.0,1261.0,0.5,0.5347613096237183,0.5,240.0,240.0,2.1712865829467773,0.0,0.5,0.5,0.5,0.5,240.0,240.0
3,0.6682291626930237,0.7272935509681702,0.66623455286026,642.0,639.0,0.6080942153930664,0.01,0.3330914080142975,0.665978193283081,0.6666666865348816,0.6656249761581421,0.667187511920929,1281.0,1278.0,0.5,0.5729904174804688,0.5,240.0,240.0,1.7648555040359497,0.0,0.5,0.5,0.5,0.5,240.0,240.0
4,0.6953125,0.7568179965019226,0.6957895755767822,580.0,591.0,0.5818938612937927,0.0009999999,0.3903084099292755,0.6964918971061707,0.6939409375190735,0.6979166865348816,0.692187488079071,1329.0,1340.0,0.5,0.5895529389381409,0.5,240.0,240.0,1.3764101266860962,0.0,0.5,0.5,0.5,0.5,240.0,240.0
5,0.7124999761581421,0.7820818424224854,0.7110528945922852,550.0,565.0,0.560917317867279,0.0009999999,0.41949015855789185,0.7107639908790588,0.7080103158950806,0.7135416865348816,0.7057291865348816,1355.0,1370.0,0.5,0.5943662524223328,0.5,240.0,240.0,0.8676081299781799,0.0,0.5,0.5,0.5,0.5,240.0,240.0
