epoch,accuracy,auc,f1_score,fn,fp,loss,lr,mcc,npv,precision,recall,specificity,tn,tp,val_accuracy,val_auc,val_f1_score,val_fn,val_fp,val_loss,val_mcc,val_npv,val_precision,val_recall,val_specificity,val_tn,val_tp
0,0.5854166746139526,0.6115487217903137,0.5685747861862183,1016.0,1006.0,0.7289762496948242,0.01,0.14313918352127075,0.5739909410476685,0.5790795087814331,0.5766666531562805,0.5708333253860474,1394.0,1384.0,0.5,0.5,0.5,240.0,240.0,53.93155288696289,0.0,0.5,0.5,0.5,0.5,240.0,240.0
1,0.6223958134651184,0.6671266555786133,0.626960039138794,713.0,720.0,0.65316241979599,0.01,0.25412771105766296,0.6281002163887024,0.6263622045516968,0.6286458373069763,0.625,1200.0,1207.0,0.5,0.5094661712646484,0.5,240.0,240.0,3.00925612449646,0.0,0.5,0.5,0.5,0.5,240.0,240.0
2,0.6520833373069763,0.7126078605651855,0.6496877074241638,675.0,666.0,0.6207171082496643,0.01,0.30197593569755554,0.6505700945854187,0.6514913439750671,0.6484375,0.653124988079071,1254.0,1245.0,0.5,0.5046093463897705,0.5,240.0,240.0,2.804856538772583,0.0,0.5,0.5,0.5,0.5,240.0,240.0
3,0.6713541746139526,0.7257637977600098,0.6712062954902649,629.0,637.0,0.6113328337669373,0.01,0.34098711609840393,0.6707337498664856,0.6696057915687561,0.6723958253860474,0.6682291626930237,1283.0,1291.0,0.5,0.6028125286102295,0.5,240.0,240.0,0.8474653363227844,0.0,0.5,0.5,0.5,0.5,240.0,240.0
4,0.6963541507720947,0.7695448398590088,0.6975082755088806,580.0,584.0,0.5750190615653992,0.0009999999,0.39407989382743835,0.6967400312423706,0.6964656710624695,0.6979166865348816,0.6958333253860474,1336.0,1340.0,0.5,0.6024739742279053,0.5,240.0,240.0,0.7133033275604248,0.0,0.5,0.5,0.5,0.5,240.0,240.0
5,0.723437488079071,0.7913848161697388,0.724550187587738,530.0,525.0,0.5566655993461609,0.0009999999,0.4507509171962738,0.7254501581192017,0.7258485555648804,0.7239583134651184,0.7265625,1395.0,1390.0,0.5,0.5816037058830261,0.5,240.0,240.0,0.7879818677902222,0.0,0.5,0.5,0.5,0.5,240.0,240.0
