epoch,accuracy,auc,f1_score,fn,fp,loss,lr,mcc,npv,precision,recall,specificity,tn,tp,val_accuracy,val_auc,val_f1_score,val_fn,val_fp,val_loss,val_mcc,val_npv,val_precision,val_recall,val_specificity,val_tn,val_tp
0,0.5562499761581421,0.6473122835159302,0.556625485420227,958.0,955.0,0.7347999811172485,0.01,0.11544075608253479,0.5580699443817139,0.601585328578949,0.6008333563804626,0.557812511920929,1445.0,1442.0,0.5,0.5,0.5,240.0,240.0,35.7379264831543,0.0,0.5,0.5,0.5,0.5,240.0,240.0
1,0.6276041865348816,0.6615614295005798,0.6168224811553955,737.0,731.0,0.6650356650352478,0.01,0.23587141931056976,0.6176364421844482,0.6180773377418518,0.6161458492279053,0.6192708611488342,1189.0,1183.0,0.5,0.5056857466697693,0.5,240.0,240.0,6.138750076293945,0.0,0.5,0.5,0.5,0.5,240.0,240.0
2,0.6656249761581421,0.7063611149787903,0.6546765565872192,664.0,659.0,0.625929057598114,0.01,0.3113081157207489,0.65571528673172,0.6558746695518494,0.6541666388511658,0.6567708253860474,1261.0,1256.0,0.5,0.5,0.5,240.0,240.0,3.5197768211364746,0.0,0.5,0.5,0.5,0.5,240.0,240.0
3,0.6630208492279053,0.7185163497924805,0.6613563299179077,651.0,648.0,0.6186186075210571,0.01,0.3237017095088959,0.6616382002830505,0.6619718074798584,0.660937488079071,0.6625000238418579,1272.0,1269.0,0.5,0.6163107752799988,0.5,240.0,240.0,0.9367995858192444,0.0,0.5,0.5,0.5,0.5,240.0,240.0
4,0.6708333492279053,0.7354228496551514,0.669750452041626,632.0,639.0,0.6000705361366272,0.0009999999,0.3382200300693512,0.6693152189254761,0.6683964729309082,0.6708333492279053,0.667187511920929,1281.0,1288.0,0.5,0.6220442652702332,0.5,240.0,240.0,1.0372965335845947,0.0,0.5,0.5,0.5,0.5,240.0,240.0
5,0.7083333134651184,0.777728796005249,0.7079029679298401,558.0,566.0,0.5638790726661682,0.0009999999,0.41480886936187744,0.7081912755966187,0.70643150806427,0.7093750238418579,0.7052083611488342,1354.0,1362.0,0.5,0.6269140243530273,0.5,240.0,240.0,0.7795911431312561,0.0,0.5,0.5,0.5,0.5,240.0,240.0
