epoch,accuracy,auc,f1_score,fn,fp,loss,lr,mcc,npv,precision,recall,specificity,tn,tp,val_accuracy,val_auc,val_f1_score,val_fn,val_fp,val_loss,val_mcc,val_npv,val_precision,val_recall,val_specificity,val_tn,val_tp
0,0.5765625238418579,0.5652337670326233,0.5700674653053284,1067.0,1061.0,0.72374427318573,0.01,0.1420852541923523,0.5699441432952881,0.5568087100982666,0.5554166436195374,0.5723958611488342,1339.0,1333.0,0.5,0.5,0.6666666269302368,0.0,480.0,67.28511047363281,0.0,0.0,0.5,1.0,0.0,0.0,480.0
1,0.6177083253860474,0.6725084185600281,0.6231689453125,719.0,735.0,0.6461623311042786,0.01,0.2432977706193924,0.6215870976448059,0.620351254940033,0.6255208253860474,0.6171875,1185.0,1201.0,0.5,0.5056467056274414,0.5,240.0,240.0,5.004234313964844,0.0,0.5,0.5,0.5,0.5,240.0,240.0
2,0.6510416865348816,0.7044352889060974,0.6511029601097107,668.0,672.0,0.6255810260772705,0.01,0.30247074365615845,0.6518346667289734,0.6507276296615601,0.6520833373069763,0.6499999761581421,1248.0,1252.0,0.5,0.5,0.5,240.0,240.0,6.5358781814575195,0.0,0.5,0.5,0.5,0.5,240.0,240.0
3,0.6666666865348816,0.7248700857162476,0.6681082844734192,635.0,638.0,0.6076698899269104,0.01,0.3374246060848236,0.670081377029419,0.6682267189025879,0.6692708134651184,0.6677083373069763,1282.0,1285.0,0.5,0.5646462440490723,0.5,240.0,240.0,1.0032979249954224,0.0,0.5,0.5,0.5,0.5,240.0,240.0
4,0.6791666746139526,0.7392287254333496,0.6763356328010559,623.0,617.0,0.598042905330658,0.0009999999,0.35440292954444885,0.6769770979881287,0.6776384711265564,0.6755208373069763,0.6786458492279053,1303.0,1297.0,0.5,0.5906358957290649,0.5,240.0,240.0,1.255237340927124,0.0,0.5,0.5,0.5,0.5,240.0,240.0
5,0.7057291865348816,0.7780022621154785,0.7007596492767334,575.0,571.0,0.5638604760169983,0.0009999999,0.40340110659599304,0.7021698355674744,0.7019832730293274,0.7005208134651184,0.7026041746139526,1349.0,1345.0,0.5,0.5955122113227844,0.5,240.0,240.0,1.3943601846694946,0.0,0.5,0.5,0.5,0.5,240.0,240.0
