epoch,accuracy,auc,f1_score,fn,fp,loss,lr,mcc,npv,precision,recall,specificity,tn,tp,val_accuracy,val_auc,val_f1_score,val_fn,val_fp,val_loss,val_mcc,val_npv,val_precision,val_recall,val_specificity,val_tn,val_tp
0,0.5723958611488342,0.581919252872467,0.5750848054885864,1049.0,1067.0,0.7273417115211487,0.01,0.14850950241088867,0.5750362873077393,0.5587261915206909,0.5629166960716248,0.5692708492279053,1333.0,1351.0,0.5,0.5,0.0,480.0,0.0,304.5396728515625,0.0,0.5,0.0,0.0,1.0,480.0,0.0
1,0.651562511920929,0.6962214112281799,0.6414886116981506,694.0,676.0,0.6344505548477173,0.01,0.2867928445339203,0.6418387293815613,0.6445846557617188,0.6385416388511658,0.6479166746139526,1244.0,1226.0,0.5,0.5299544334411621,0.0,480.0,0.0,4.482344627380371,0.0,0.5,0.0,0.0,1.0,480.0,0.0
2,0.6656249761581421,0.7222377061843872,0.6695226430892944,629.0,642.0,0.6150256991386414,0.01,0.3383007347583771,0.671392560005188,0.6678737998008728,0.6723958253860474,0.6656249761581421,1278.0,1291.0,0.5,0.5737347602844238,0.5,240.0,240.0,1.7333301305770874,0.0,0.5,0.5,0.5,0.5,240.0,240.0
3,0.6791666746139526,0.7417173981666565,0.6765501499176025,621.0,620.0,0.5952320098876953,0.01,0.35386884212493896,0.6771194338798523,0.6769150495529175,0.676562488079071,0.6770833134651184,1300.0,1299.0,0.5,0.57707679271698,0.5,240.0,240.0,1.3973033428192139,0.0,0.5,0.5,0.5,0.5,240.0,240.0
4,0.668749988079071,0.7424584627151489,0.671789288520813,632.0,626.0,0.5946089029312134,0.0009999999,0.34505385160446167,0.6721064448356628,0.6729362607002258,0.6708333492279053,0.6739583611488342,1294.0,1288.0,0.5,0.5760568380355835,0.5,240.0,240.0,0.8696630597114563,0.0,0.5,0.5,0.5,0.5,240.0,240.0
5,0.7104166746139526,0.7785434722900391,0.7109768390655518,552.0,559.0,0.5634180307388306,0.0009999999,0.42172372341156006,0.7120333909988403,0.7099117636680603,0.7124999761581421,0.7088541388511658,1361.0,1368.0,0.5,0.5808767080307007,0.5,240.0,240.0,0.839199960231781,0.0,0.5,0.5,0.5,0.5,240.0,240.0
