epoch,accuracy,auc,f1_score,fn,fp,loss,lr,mcc,npv,precision,recall,specificity,tn,tp,val_accuracy,val_auc,val_f1_score,val_fn,val_fp,val_loss,val_mcc,val_npv,val_precision,val_recall,val_specificity,val_tn,val_tp
0,0.5572916865348816,0.5528631806373596,0.5415381193161011,1124.0,1078.0,0.7191813588142395,0.01,0.09891747683286667,0.5501226186752319,0.5420560836791992,0.5316666960716248,0.5609375238418579,1322.0,1276.0,0.5,0.5388215780258179,0.5,240.0,240.0,3.5013325214385986,0.0,0.5,0.5,0.5,0.5,240.0,240.0
1,0.6135416626930237,0.6437590718269348,0.5988950133323669,781.0,745.0,0.6640253663063049,0.01,0.2055690884590149,0.6003127694129944,0.6045647263526917,0.5932291746139526,0.6119791865348816,1175.0,1139.0,0.5,0.5,0.5,240.0,240.0,12.163830757141113,0.0,0.5,0.5,0.5,0.5,240.0,240.0
2,0.5869791507720947,0.623359739780426,0.5717105865478516,830.0,796.0,0.6780906915664673,0.01,0.15331153571605682,0.5762402415275574,0.5779427289962769,0.5677083134651184,0.5854166746139526,1124.0,1090.0,0.5,0.5,0.5,240.0,240.0,5.479434490203857,0.0,0.5,0.5,0.5,0.5,240.0,240.0
3,0.6619791388511658,0.7017916440963745,0.6585009694099426,657.0,653.0,0.6350093483924866,0.01,0.31776177883148193,0.6585162878036499,0.6591858267784119,0.6578124761581421,0.6598958373069763,1267.0,1263.0,0.5,0.538977861404419,0.5,240.0,240.0,2.606631278991699,0.0,0.5,0.5,0.5,0.5,240.0,240.0
4,0.660937488079071,0.7055485248565674,0.6505315899848938,677.0,657.0,0.6324559450149536,0.0009999999,0.30551961064338684,0.6514384150505066,0.6542105078697205,0.6473958492279053,0.6578124761581421,1263.0,1243.0,0.5,0.5474435687065125,0.5,240.0,240.0,2.8345911502838135,0.0,0.5,0.5,0.5,0.5,240.0,240.0
5,0.7171875238418579,0.7740200757980347,0.7171255350112915,543.0,543.0,0.5713338255882263,0.0009999999,0.4343877136707306,0.7173141837120056,0.7171875238418579,0.7171875238418579,0.7171875238418579,1377.0,1377.0,0.5,0.5203298926353455,0.5,240.0,240.0,3.061546802520752,0.0,0.5,0.5,0.5,0.5,240.0,240.0
