epoch,accuracy,auc,f1_score,fn,fp,loss,lr,mcc,npv,precision,recall,specificity,tn,tp,val_accuracy,val_auc,val_f1_score,val_fn,val_fp,val_loss,val_mcc,val_npv,val_precision,val_recall,val_specificity,val_tn,val_tp
0,0.5713541507720947,0.5586062669754028,0.5531603693962097,1094.0,1093.0,0.7054992914199829,0.01,0.11119257658720016,0.5568429827690125,0.5443934798240662,0.5441666841506958,0.5557291507720947,1307.0,1306.0,0.5,0.5,0.5,240.0,240.0,20.632848739624023,0.0,0.5,0.5,0.5,0.5,240.0,240.0
1,0.6385416388511658,0.6865154504776001,0.6268872022628784,723.0,703.0,0.6424281597137451,0.01,0.25766175985336304,0.6264021992683411,0.6299999952316284,0.6234375238418579,0.6338541507720947,1217.0,1197.0,0.5,0.546788215637207,0.5,240.0,240.0,4.635992527008057,0.0,0.5,0.5,0.5,0.5,240.0,240.0
2,0.675000011920929,0.7181367874145508,0.6653950810432434,643.0,640.0,0.6272716522216797,0.01,0.33193323016166687,0.666079580783844,0.6661450266838074,0.6651041507720947,0.6666666865348816,1280.0,1277.0,0.5,0.5540060997009277,0.5,240.0,240.0,2.6441633701324463,0.0,0.5,0.5,0.5,0.5,240.0,240.0
3,0.6989583373069763,0.7609867453575134,0.6969651579856873,584.0,577.0,0.5883299708366394,0.01,0.3953896164894104,0.697220504283905,0.6983795166015625,0.6958333253860474,0.6994791626930237,1343.0,1336.0,0.5,0.5,0.5,240.0,240.0,4.943423271179199,0.0,0.5,0.5,0.5,0.5,240.0,240.0
4,0.6630208492279053,0.7156357169151306,0.6612653136253357,650.0,651.0,0.6178786754608154,0.0009999999,0.3225134015083313,0.6613199710845947,0.661113977432251,0.6614583134651184,0.660937488079071,1269.0,1270.0,0.5,0.5662413239479065,0.5,240.0,240.0,2.439091205596924,0.0,0.5,0.5,0.5,0.5,240.0,240.0
5,0.714062511920929,0.7921309471130371,0.7126600742340088,554.0,548.0,0.552466094493866,0.0009999999,0.4261273145675659,0.7122130990028381,0.7136886119842529,0.7114583253860474,0.7145833373069763,1372.0,1366.0,0.5,0.6156749129295349,0.5,240.0,240.0,1.911340594291687,0.0,0.5,0.5,0.5,0.5,240.0,240.0
