epoch,accuracy,auc,f1_score,fn,fp,loss,lr,mcc,npv,precision,recall,specificity,tn,tp,val_accuracy,val_auc,val_f1_score,val_fn,val_fp,val_loss,val_mcc,val_npv,val_precision,val_recall,val_specificity,val_tn,val_tp
0,0.5354166626930237,0.5261062383651733,0.5285230278968811,1147.0,1139.0,0.7392635345458984,0.01,0.059643398970365524,0.5284610986709595,0.523829460144043,0.5220833420753479,0.5317708253860474,1261.0,1253.0,0.5,0.5,0.5,240.0,240.0,20.808088302612305,0.0,0.5,0.5,0.5,0.5,240.0,240.0
1,0.6197916865348816,0.6482172012329102,0.6118768453598022,742.0,750.0,0.670943021774292,0.01,0.2233891785144806,0.6123849153518677,0.6109958291053772,0.6135416626930237,0.609375,1170.0,1178.0,0.550000011920929,0.5648719668388367,0.6698105931282043,40.0,402.0,0.9131880402565002,0.06210990622639656,0.4933333396911621,0.5225653052330017,0.9166666865348816,0.16249999403953552,78.0,440.0
2,0.6442708373069763,0.6887351274490356,0.6379610300064087,698.0,690.0,0.6384242177009583,0.01,0.2773037552833557,0.6375038027763367,0.6391213536262512,0.6364583373069763,0.640625,1230.0,1222.0,0.5,0.5342838764190674,0.5,240.0,240.0,2.197298765182495,0.0,0.5,0.5,0.5,0.5,240.0,240.0
3,0.6651041507720947,0.7141966819763184,0.6615773439407349,656.0,636.0,0.6216983199119568,0.01,0.32715609669685364,0.6622455716133118,0.6652631759643555,0.6583333611488342,0.668749988079071,1284.0,1264.0,0.49791666865348816,0.5630338191986084,0.5183125734329224,228.0,245.0,1.4944788217544556,0.013843799009919167,0.501075267791748,0.5070422291755676,0.5249999761581421,0.4895833432674408,235.0,252.0
4,0.6760416626930237,0.7355661392211914,0.6765344142913818,621.0,621.0,0.6059256792068481,0.01,0.35317593812942505,0.6766290068626404,0.676562488079071,0.676562488079071,0.676562488079071,1299.0,1299.0,0.5,0.5,0.5,240.0,240.0,5.839000225067139,0.0,0.5,0.5,0.5,0.5,240.0,240.0
5,0.7083333134651184,0.7744797468185425,0.7079624533653259,562.0,558.0,0.5714861154556274,0.0009999999,0.41671404242515564,0.7080540060997009,0.7087682485580444,0.7072916626930237,0.7093750238418579,1362.0,1358.0,0.5,0.5594140887260437,0.5,240.0,240.0,2.2900798320770264,0.0,0.5,0.5,0.5,0.5,240.0,240.0
6,0.7166666388511658,0.7889781594276428,0.7171478867530823,543.0,543.0,0.5552940368652344,0.0009999999,0.43439584970474243,0.7172735929489136,0.7171875238418579,0.7171875238418579,0.7171875238418579,1377.0,1377.0,0.5,0.5105425119400024,0.5,240.0,240.0,3.4675872325897217,0.0,0.5,0.5,0.5,0.5,240.0,240.0
