epoch,accuracy,auc,f1_score,fn,fp,loss,lr,mcc,npv,precision,recall,specificity,tn,tp,val_accuracy,val_auc,val_f1_score,val_fn,val_fp,val_loss,val_mcc,val_npv,val_precision,val_recall,val_specificity,val_tn,val_tp
0,0.5171874761581421,0.5226453542709351,0.5028449892997742,1187.0,1176.0,0.746374249458313,0.01,0.014130023308098316,0.5090673565864563,0.5077438354492188,0.5054166913032532,0.5093749761581421,1224.0,1213.0,0.5,0.5,0.5,240.0,240.0,22.988033294677734,0.0,0.5,0.5,0.5,0.5,240.0,240.0
1,0.5817708373069763,0.610634982585907,0.5693971514701843,823.0,837.0,0.6814109086990356,0.01,0.1356687843799591,0.5673995614051819,0.5672181844711304,0.5713541507720947,0.5640624761581421,1083.0,1097.0,0.5,0.5511610507965088,0.5,240.0,240.0,3.9681618213653564,0.0,0.5,0.5,0.5,0.5,240.0,240.0
2,0.6312500238418579,0.6622822284698486,0.619640588760376,718.0,755.0,0.6537637114524841,0.01,0.23327645659446716,0.619389533996582,0.6142054200172424,0.6260416507720947,0.6067708134651184,1165.0,1202.0,0.5,0.6208051443099976,0.6980468034744263,54.0,334.0,1.440509557723999,0.16302800178527832,0.5244444608688354,0.5605263113975525,0.887499988079071,0.30416667461395264,146.0,426.0
3,0.6291666626930237,0.6812008023262024,0.6227313280105591,724.0,723.0,0.6415823101997375,0.01,0.2466444969177246,0.6233808994293213,0.6232412457466125,0.6229166388511658,0.6234375238418579,1197.0,1196.0,0.5,0.5,0.5,240.0,240.0,6.235052108764648,0.0,0.5,0.5,0.5,0.5,240.0,240.0
4,0.6947916746139526,0.7545587420463562,0.6950057148933411,587.0,582.0,0.5936574339866638,0.0009999999,0.39123064279556274,0.6954214572906494,0.6960835456848145,0.6942708492279053,0.6968749761581421,1338.0,1333.0,0.5,0.5,0.5,240.0,240.0,6.191417217254639,0.0,0.5,0.5,0.5,0.5,240.0,240.0
5,0.7052083611488342,0.779454231262207,0.7042161822319031,570.0,564.0,0.5660878419876099,0.0009999999,0.4093948304653168,0.7040719985961914,0.705329179763794,0.703125,0.706250011920929,1356.0,1350.0,0.5,0.5,0.5,240.0,240.0,4.266409873962402,0.0,0.5,0.5,0.5,0.5,240.0,240.0
