epoch,accuracy,auc,f1_score,fn,fp,loss,lr,mcc,npv,precision,recall,specificity,tn,tp,val_accuracy,val_auc,val_f1_score,val_fn,val_fp,val_loss,val_mcc,val_npv,val_precision,val_recall,val_specificity,val_tn,val_tp
0,0.5041666626930237,0.5025957226753235,0.4956004321575165,1203.0,1211.0,0.7458447813987732,0.01,-0.007299039978533983,0.49647364020347595,0.4970930218696594,0.4987500011920929,0.49427083134651184,1189.0,1197.0,0.5,0.5101128816604614,0.6666666269302368,0.0,480.0,2.80373215675354,0.0,0.0,0.5,1.0,0.0,0.0,480.0
1,0.5130208134651184,0.5090847611427307,0.5003879070281982,966.0,932.0,0.7230313420295715,0.01,0.011620149947702885,0.5053693056106567,0.5058324337005615,0.49687498807907104,0.5145833492279053,988.0,954.0,0.5,0.4898567795753479,0.5,240.0,240.0,1.3636754751205444,0.0,0.5,0.5,0.5,0.5,240.0,240.0
2,0.5963541865348816,0.6362565159797668,0.5836870074272156,803.0,783.0,0.6655606627464294,0.01,0.17398063838481903,0.5872798562049866,0.5878947377204895,0.5817708373069763,0.5921875238418579,1137.0,1117.0,0.5,0.5669379830360413,0.5,240.0,240.0,2.172297954559326,0.0,0.5,0.5,0.5,0.5,240.0,240.0
3,0.6473958492279053,0.6924771666526794,0.6472883820533752,672.0,688.0,0.6398861408233643,0.01,0.29176589846611023,0.6470631957054138,0.64462810754776,0.6499999761581421,0.6416666507720947,1232.0,1248.0,0.5,0.54150390625,0.5,240.0,240.0,2.874187469482422,0.0,0.5,0.5,0.5,0.5,240.0,240.0
4,0.668749988079071,0.7239253520965576,0.6680619120597839,638.0,636.0,0.6183662414550781,0.0009999999,0.3364730775356293,0.6680485010147095,0.6684045791625977,0.6677083373069763,0.668749988079071,1284.0,1282.0,0.5,0.5,0.5,240.0,240.0,4.505598068237305,0.0,0.5,0.5,0.5,0.5,240.0,240.0
5,0.7026041746139526,0.7586272954940796,0.7016346454620361,575.0,569.0,0.5907338261604309,0.0009999999,0.4041956663131714,0.7014281153678894,0.7027168273925781,0.7005208134651184,0.7036458253860474,1351.0,1345.0,0.5,0.5,0.5,240.0,240.0,5.987067699432373,0.0,0.5,0.5,0.5,0.5,240.0,240.0
