epoch,accuracy,auc,f1_score,fn,fp,loss,lr,mcc,npv,precision,recall,specificity,tn,tp,val_accuracy,val_auc,val_f1_score,val_fn,val_fp,val_loss,val_mcc,val_npv,val_precision,val_recall,val_specificity,val_tn,val_tp
0,0.546875,0.5459054112434387,0.5387893319129944,1110.0,1126.0,0.7271937727928162,0.01,0.0792885273694992,0.542782187461853,0.5339403748512268,0.5375000238418579,0.5354166626930237,1274.0,1290.0,0.5,0.5421614646911621,0.5020512342453003,238.0,242.0,4.434265613555908,-7.947286384535346e-09,0.5,0.5,0.5041666626930237,0.4958333373069763,238.0,242.0
1,0.6239583492279053,0.6497223973274231,0.6058496832847595,753.0,764.0,0.67372065782547,0.01,0.21019679307937622,0.6055718064308167,0.6043500900268555,0.6078125238418579,0.6020833253860474,1156.0,1167.0,0.5062500238418579,0.5906900763511658,0.4978494644165039,242.0,217.0,0.866762101650238,0.040607962757349014,0.5374120473861694,0.5230769515037537,0.4958333373069763,0.5479166507720947,263.0,238.0
2,0.6270833611488342,0.6592531800270081,0.6138175129890442,734.0,753.0,0.6624264121055603,0.01,0.22577086091041565,0.6154540181159973,0.6116554737091064,0.6177083253860474,0.6078125238418579,1167.0,1186.0,0.5,0.5036458373069763,0.5,240.0,240.0,4.144839763641357,0.0,0.5,0.5,0.5,0.5,240.0,240.0
3,0.667187511920929,0.7242558002471924,0.6691000461578369,637.0,632.0,0.6156212687492371,0.01,0.3391050398349762,0.6690925359725952,0.6699739098548889,0.6682291626930237,0.6708333492279053,1288.0,1283.0,0.5,0.5,0.5,240.0,240.0,4.2327656745910645,0.0,0.5,0.5,0.5,0.5,240.0,240.0
4,0.692187488079071,0.756453275680542,0.6911304593086243,596.0,587.0,0.5892220735549927,0.01,0.3839160203933716,0.69119793176651,0.6928309798240662,0.6895833611488342,0.6942708492279053,1333.0,1324.0,0.5,0.5658224821090698,0.5,240.0,240.0,2.2657575607299805,0.0,0.5,0.5,0.5,0.5,240.0,240.0
5,0.7197916507720947,0.7873616218566895,0.7193617224693298,541.0,535.0,0.5635756254196167,0.0009999999,0.439605712890625,0.7190972566604614,0.7204806804656982,0.7182291746139526,0.7213541865348816,1385.0,1379.0,0.5,0.504687488079071,0.5,240.0,240.0,4.048402309417725,0.0,0.5,0.5,0.5,0.5,240.0,240.0
6,0.729687511920929,0.8031702637672424,0.7302280068397522,520.0,515.0,0.5420083403587341,0.0009999999,0.46097591519355774,0.7296682000160217,0.7310705184936523,0.7291666865348816,0.7317708134651184,1405.0,1400.0,0.5,0.5,0.5,240.0,240.0,6.216418743133545,0.0,0.5,0.5,0.5,0.5,240.0,240.0
