epoch,accuracy,auc,f1_score,fn,fp,loss,lr,mcc,npv,precision,recall,specificity,tn,tp,val_accuracy,val_auc,val_f1_score,val_fn,val_fp,val_loss,val_mcc,val_npv,val_precision,val_recall,val_specificity,val_tn,val_tp
0,0.5869791507720947,0.6017282009124756,0.5791646242141724,1017.0,1007.0,0.7071573138237,0.01,0.15960702300071716,0.57958984375,0.5786610841751099,0.5762500166893005,0.5802083611488342,1393.0,1383.0,0.5,0.5548871755599976,0.5,240.0,240.0,2.2490429878234863,0.0,0.5,0.5,0.5,0.5,240.0,240.0
1,0.6302083134651184,0.6728871464729309,0.6236799359321594,724.0,716.0,0.6551482677459717,0.01,0.25030598044395447,0.6251058578491211,0.625523030757904,0.6229166388511658,0.6270833611488342,1204.0,1196.0,0.5,0.5,0.5,240.0,240.0,12.883280754089355,0.0,0.5,0.5,0.5,0.5,240.0,240.0
2,0.660937488079071,0.6979458928108215,0.6552951335906982,657.0,670.0,0.6350095868110657,0.01,0.3092338442802429,0.6560315489768982,0.653388500213623,0.6578124761581421,0.6510416865348816,1250.0,1263.0,0.5,0.5747634768486023,0.567340612411499,196.0,256.0,1.192836880683899,0.052906427532434464,0.5011494159698486,0.5259259343147278,0.5916666388511658,0.46666666865348816,224.0,284.0
3,0.6755208373069763,0.7309163808822632,0.6719189882278442,630.0,630.0,0.6098241209983826,0.01,0.34390726685523987,0.6718088984489441,0.671875,0.671875,0.671875,1290.0,1290.0,0.5,0.5757638812065125,0.5988403558731079,170.0,267.0,0.8926872611045837,0.0792984813451767,0.5083333253860474,0.5372617244720459,0.6458333134651184,0.4437499940395355,213.0,310.0
4,0.7057291865348816,0.7619225382804871,0.7063995003700256,563.0,565.0,0.5900735855102539,0.0009999999,0.4125122129917145,0.7064740061759949,0.7060353755950928,0.7067708373069763,0.7057291865348816,1355.0,1357.0,0.5,0.5758832693099976,0.5,240.0,240.0,2.0090219974517822,0.0,0.5,0.5,0.5,0.5,240.0,240.0
5,0.7317708134651184,0.7970986366271973,0.7311318516731262,518.0,513.0,0.5482152700424194,0.0009999999,0.46304500102996826,0.7309724688529968,0.7321149110794067,0.7302083373069763,0.7328125238418579,1407.0,1402.0,0.5,0.5026063919067383,0.5,240.0,240.0,4.181901454925537,0.0,0.5,0.5,0.5,0.5,240.0,240.0
