epoch,accuracy,auc,f1_score,fn,fp,loss,lr,mcc,npv,precision,recall,specificity,tn,tp,val_accuracy,val_auc,val_f1_score,val_fn,val_fp,val_loss,val_mcc,val_npv,val_precision,val_recall,val_specificity,val_tn,val_tp
0,0.6239583492279053,0.7156546711921692,0.6187149286270142,863.0,811.0,0.7312294840812683,0.01,0.24991154670715332,0.6227485537528992,0.654599666595459,0.64041668176651,0.6369791626930237,1589.0,1537.0,0.5458333492279053,0.5341818928718567,0.4768173098564148,270.0,167.0,0.7680812478065491,0.08826981484889984,0.5510955452919006,0.5570291876792908,0.4375,0.6520833373069763,313.0,210.0
1,0.7677083611488342,0.8347304463386536,0.7577773332595825,459.0,475.0,0.5053749680519104,0.01,0.5143418908119202,0.7593200206756592,0.754648745059967,0.760937511920929,0.7526041865348816,1445.0,1461.0,0.5,0.5578168630599976,0.5,240.0,240.0,1.3031824827194214,0.0,0.5,0.5,0.5,0.5,240.0,240.0
2,0.8270833492279053,0.9068687558174133,0.826943039894104,325.0,342.0,0.38773712515830994,0.01,0.6531401872634888,0.8298571705818176,0.823438286781311,0.8307291865348816,0.8218749761581421,1578.0,1595.0,0.5,0.5753211975097656,0.5,240.0,240.0,1.9645041227340698,0.0,0.5,0.5,0.5,0.5,240.0,240.0
3,0.8729166388511658,0.944969892501831,0.8730034232139587,244.0,244.0,0.3004744350910187,0.01,0.7461971640586853,0.873035192489624,0.8729166388511658,0.8729166388511658,0.8729166388511658,1676.0,1676.0,0.5,0.5278167724609375,0.5,240.0,240.0,2.4046854972839355,0.0,0.5,0.5,0.5,0.5,240.0,240.0
4,0.903124988079071,0.9657463431358337,0.9035745859146118,187.0,183.0,0.23979802429676056,0.0009999999,0.8075273633003235,0.9029527306556702,0.9044885039329529,0.9026041626930237,0.9046875238418579,1737.0,1733.0,0.5,0.5478472113609314,0.5,240.0,240.0,2.0357155799865723,0.0,0.5,0.5,0.5,0.5,240.0,240.0
5,0.9505208134651184,0.9891075491905212,0.9508957266807556,91.0,98.0,0.15119631588459015,0.0009999999,0.9016868472099304,0.9524940848350525,0.9491437673568726,0.9526041746139526,0.9489583373069763,1822.0,1829.0,0.5,0.5503168702125549,0.5,240.0,240.0,2.1909680366516113,0.0,0.5,0.5,0.5,0.5,240.0,240.0
