epoch,accuracy,auc,f1_score,fn,fp,loss,lr,mcc,npv,precision,recall,specificity,tn,tp,val_accuracy,val_auc,val_f1_score,val_fn,val_fp,val_loss,val_mcc,val_npv,val_precision,val_recall,val_specificity,val_tn,val_tp
0,0.6390625238418579,0.615080714225769,0.6279506087303162,943.0,970.0,0.7385423183441162,0.01,0.252983421087265,0.6282030344009399,0.6003296375274658,0.6070833206176758,0.6197916865348816,1430.0,1457.0,0.5,0.5288715362548828,0.5,240.0,240.0,1.7819775342941284,0.0,0.5,0.5,0.5,0.5,240.0,240.0
1,0.7432291507720947,0.8149222135543823,0.7470085620880127,469.0,511.0,0.5311954021453857,0.01,0.4904409945011139,0.7517680525779724,0.7395514845848083,0.7557291388511658,0.7338541746139526,1409.0,1451.0,0.5,0.5325260162353516,0.5,240.0,240.0,2.460582733154297,0.0,0.5,0.5,0.5,0.5,240.0,240.0
2,0.7963541746139526,0.8745896220207214,0.7881832122802734,404.0,410.0,0.44177910685539246,0.01,0.576756477355957,0.7896447777748108,0.7871235609054565,0.7895833253860474,0.7864583134651184,1510.0,1516.0,0.5,0.4863129258155823,0.5,240.0,240.0,2.8333933353424072,0.0,0.5,0.5,0.5,0.5,240.0,240.0
3,0.8416666388511658,0.9192380905151367,0.8404508233070374,311.0,299.0,0.36152932047843933,0.01,0.682625412940979,0.839629590511322,0.8432914018630981,0.8380208611488342,0.8442708253860474,1621.0,1609.0,0.5,0.5005208253860474,0.5,240.0,240.0,3.9582016468048096,0.0,0.5,0.5,0.5,0.5,240.0,240.0
4,0.8802083134651184,0.9504075646400452,0.8791776895523071,223.0,244.0,0.28821155428886414,0.0009999999,0.7571786642074585,0.8826338648796082,0.8742915987968445,0.8838541507720947,0.8729166388511658,1676.0,1697.0,0.5,0.49947914481163025,0.5,240.0,240.0,3.7997117042541504,0.0,0.5,0.5,0.5,0.5,240.0,240.0
5,0.9338541626930237,0.9835490584373474,0.933180570602417,125.0,132.0,0.1861601173877716,0.0009999999,0.8663569092750549,0.9348739385604858,0.931499719619751,0.9348958134651184,0.9312499761581421,1788.0,1795.0,0.5,0.5026041269302368,0.5,240.0,240.0,3.9538066387176514,0.0,0.5,0.5,0.5,0.5,240.0,240.0
