epoch,accuracy,auc,f1_score,fn,fp,loss,lr,mcc,npv,precision,recall,specificity,tn,tp,val_accuracy,val_auc,val_f1_score,val_fn,val_fp,val_loss,val_mcc,val_npv,val_precision,val_recall,val_specificity,val_tn,val_tp
0,0.6276041865348816,0.6479498744010925,0.6221153736114502,924.0,912.0,0.7510383129119873,0.01,0.24903056025505066,0.624285876750946,0.6180904507637024,0.6150000095367432,0.6265624761581421,1488.0,1476.0,0.5,0.5323307514190674,0.5038869976997375,235.0,246.0,0.7673996686935425,-0.001477535581216216,0.501075267791748,0.49898168444633484,0.5104166865348816,0.48750001192092896,234.0,245.0
1,0.7567708492279053,0.8243119120597839,0.7332675457000732,520.0,493.0,0.5138163566589355,0.01,0.47378334403038025,0.7357574105262756,0.7395668029785156,0.7291666865348816,0.7432291507720947,1427.0,1400.0,0.5,0.5526562333106995,0.5,240.0,240.0,0.8829053640365601,0.0,0.5,0.5,0.5,0.5,240.0,240.0
2,0.7979166507720947,0.8736489415168762,0.7960188388824463,388.0,397.0,0.4451337456703186,0.01,0.5920323729515076,0.7975624799728394,0.7941938638687134,0.7979166507720947,0.7932291626930237,1523.0,1532.0,0.5,0.5709874629974365,0.5,240.0,240.0,0.9061447978019714,0.0,0.5,0.5,0.5,0.5,240.0,240.0
3,0.840624988079071,0.9198811650276184,0.8382940292358398,311.0,310.0,0.3611779510974884,0.01,0.677031397819519,0.8383113145828247,0.8384575247764587,0.8380208611488342,0.8385416865348816,1610.0,1609.0,0.5,0.5711023807525635,0.5,240.0,240.0,1.4644988775253296,0.0,0.5,0.5,0.5,0.5,240.0,240.0
4,0.8348958492279053,0.9173386096954346,0.8343192934989929,311.0,327.0,0.3646232485771179,0.0009999999,0.6682660579681396,0.8375313878059387,0.8310950398445129,0.8380208611488342,0.8296874761581421,1593.0,1609.0,0.5,0.5726410150527954,0.5,240.0,240.0,1.2887694835662842,0.0,0.5,0.5,0.5,0.5,240.0,240.0
5,0.9192708134651184,0.9732088446617126,0.9195591807365417,152.0,157.0,0.2293885350227356,0.0009999999,0.8393788933753967,0.9210635423660278,0.9184415340423584,0.9208333492279053,0.9182291626930237,1763.0,1768.0,0.5,0.5933637022972107,0.5,240.0,240.0,1.4126287698745728,0.0,0.5,0.5,0.5,0.5,240.0,240.0
