epoch,accuracy,auc,f1_score,fn,fp,loss,lr,mcc,npv,precision,recall,specificity,tn,tp,val_accuracy,val_auc,val_f1_score,val_fn,val_fp,val_loss,val_mcc,val_npv,val_precision,val_recall,val_specificity,val_tn,val_tp
0,0.6713541746139526,0.7158899307250977,0.6523182988166809,819.0,806.0,0.6911318302154541,0.01,0.3079676926136017,0.6522590517997742,0.6623376607894897,0.6587499976158142,0.6572916507720947,1594.0,1581.0,0.5,0.5355967879295349,0.5,240.0,240.0,1.3148199319839478,0.0,0.5,0.5,0.5,0.5,240.0,240.0
1,0.7890625,0.8606258034706116,0.7767261266708374,435.0,418.0,0.4684120714664459,0.01,0.5567871928215027,0.7762754559516907,0.7803468108177185,0.7734375,0.7822916507720947,1502.0,1485.0,0.5,0.5660199522972107,0.5,240.0,240.0,1.0699034929275513,0.0,0.5,0.5,0.5,0.5,240.0,240.0
2,0.839062511920929,0.9177897572517395,0.8376742601394653,308.0,316.0,0.36561667919158936,0.01,0.6755667328834534,0.8396770358085632,0.8360995650291443,0.8395833373069763,0.8354166746139526,1604.0,1612.0,0.5,0.5534722805023193,0.5,240.0,240.0,1.4879229068756104,0.0,0.5,0.5,0.5,0.5,240.0,240.0
3,0.9057291746139526,0.9687461853027344,0.907133936882019,182.0,174.0,0.226782888174057,0.01,0.8149811625480652,0.9058551788330078,0.9089958071708679,0.9052083492279053,0.909375011920929,1746.0,1738.0,0.5,0.5361393094062805,0.5,240.0,240.0,2.438563823699951,0.0,0.5,0.5,0.5,0.5,240.0,240.0
4,0.9078124761581421,0.9695568680763245,0.905059814453125,184.0,180.0,0.2247067540884018,0.0009999999,0.8105882406234741,0.9046159386634827,0.9060542583465576,0.9041666388511658,0.90625,1740.0,1736.0,0.5,0.5834917426109314,0.5,240.0,240.0,1.7247827053070068,0.0,0.5,0.5,0.5,0.5,240.0,240.0
5,0.9552083611488342,0.9918080568313599,0.9554183483123779,86.0,85.0,0.12633250653743744,0.0009999999,0.9111184477806091,0.9554800391197205,0.9557061195373535,0.9552083611488342,0.9557291865348816,1835.0,1834.0,0.5,0.5951150059700012,0.5,240.0,240.0,1.5098893642425537,0.0,0.5,0.5,0.5,0.5,240.0,240.0
