epoch,accuracy,auc,f1_score,fn,fp,loss,lr,mcc,npv,precision,recall,specificity,tn,tp,val_accuracy,val_auc,val_f1_score,val_fn,val_fp,val_loss,val_mcc,val_npv,val_precision,val_recall,val_specificity,val_tn,val_tp
0,0.65625,0.6613889932632446,0.6297242641448975,935.0,880.0,0.704343855381012,0.01,0.27182522416114807,0.6342045068740845,0.6247334480285645,0.6104166507720947,0.6473958492279053,1520.0,1465.0,0.5,0.6014518141746521,0.5020512938499451,239.0,240.0,0.9922226667404175,0.0020517667289823294,0.5,0.5010395050048828,0.5020833611488342,0.5,240.0,241.0
1,0.7807291746139526,0.8560886383056641,0.7758861184120178,419.0,447.0,0.4739552438259125,0.01,0.5499106049537659,0.7795277833938599,0.7705338597297668,0.7817708253860474,0.7671874761581421,1473.0,1501.0,0.5,0.6010785698890686,0.5,240.0,239.0,1.372880220413208,0.0020517667289823294,0.5020201802253723,0.5010438561439514,0.5,0.5020833611488342,241.0,240.0
2,0.8427083492279053,0.9250034093856812,0.8404949307441711,303.0,310.0,0.346755713224411,0.01,0.6812599301338196,0.8423242568969727,0.8391281962394714,0.8421875238418579,0.8385416865348816,1610.0,1617.0,0.5,0.608971357345581,0.5,240.0,240.0,2.168879747390747,0.0,0.5,0.5,0.5,0.5,240.0,240.0
3,0.8963541388511658,0.9577972888946533,0.8946055173873901,207.0,197.0,0.26286932826042175,0.01,0.7899954915046692,0.8929040431976318,0.8968586325645447,0.8921874761581421,0.8973958492279053,1723.0,1713.0,0.5,0.5886003375053406,0.5,240.0,240.0,2.580177068710327,0.0,0.5,0.5,0.5,0.5,240.0,240.0
4,0.9145833253860474,0.9715776443481445,0.9144178628921509,164.0,165.0,0.21665658056735992,0.0009999999,0.8290176391601562,0.9147213697433472,0.9141072630882263,0.9145833253860474,0.9140625,1755.0,1756.0,0.5,0.5701301693916321,0.5,240.0,240.0,2.7649805545806885,0.0,0.5,0.5,0.5,0.5,240.0,240.0
5,0.9666666388511658,0.9953458309173584,0.9651336669921875,67.0,67.0,0.11028612405061722,0.0009999999,0.9303263425827026,0.965157151222229,0.9651041626930237,0.9651041626930237,0.9651041626930237,1853.0,1853.0,0.5,0.5956966280937195,0.5,240.0,240.0,2.662230968475342,0.0,0.5,0.5,0.5,0.5,240.0,240.0
