epoch,accuracy,auc,f1_score,fn,fp,loss,lr,mcc,npv,precision,recall,specificity,tn,tp,val_accuracy,val_auc,val_f1_score,val_fn,val_fp,val_loss,val_mcc,val_npv,val_precision,val_recall,val_specificity,val_tn,val_tp
0,0.4989583194255829,0.5348914861679077,0.48945146799087524,1194.0,1167.0,0.7462174296379089,0.01,-0.01197194866836071,0.49316614866256714,0.508217453956604,0.5024999976158142,0.5010416507720947,1233.0,1206.0,0.5,0.5,0.5,240.0,240.0,25.08938217163086,0.0,0.5,0.5,0.5,0.5,240.0,240.0
1,0.5458333492279053,0.5578974485397339,0.5313041806221008,903.0,880.0,0.7036641836166382,0.01,0.07145664095878601,0.5360550284385681,0.5361096262931824,0.5296875238418579,0.5416666865348816,1040.0,1017.0,0.518750011920929,0.5609114170074463,0.0,480.0,0.0,0.8277969360351562,0.0,0.5,0.0,0.0,1.0,480.0,0.0
2,0.6192708611488342,0.6627232432365417,0.6151258945465088,738.0,741.0,0.6573673486709595,0.01,0.22996243834495544,0.6147575974464417,0.614664614200592,0.6156250238418579,0.614062488079071,1179.0,1182.0,0.5,0.5445811748504639,0.6156293153762817,146.0,280.0,2.310640811920166,0.09479726105928421,0.5142857432365417,0.5439739227294922,0.6958333253860474,0.4166666567325592,200.0,334.0
3,0.6505208611488342,0.7086806893348694,0.6534711718559265,666.0,665.0,0.6303083300590515,0.01,0.30692145228385925,0.6529309153556824,0.6534653306007385,0.653124988079071,0.6536458134651184,1255.0,1254.0,0.5,0.5,0.5,240.0,240.0,5.632215976715088,0.0,0.5,0.5,0.5,0.5,240.0,240.0
4,0.6864583492279053,0.744206428527832,0.688113808631897,598.0,600.0,0.5977975130081177,0.01,0.3760879635810852,0.6883603930473328,0.6878252029418945,0.6885416507720947,0.6875,1320.0,1322.0,0.5,0.5,0.5,240.0,240.0,5.8986406326293945,0.0,0.5,0.5,0.5,0.5,240.0,240.0
5,0.6911458373069763,0.755225658416748,0.6918509006500244,591.0,593.0,0.5913838148117065,0.0009999999,0.38335418701171875,0.6918178796768188,0.6914672255516052,0.692187488079071,0.6911458373069763,1327.0,1329.0,0.5,0.5439974069595337,0.5,240.0,240.0,2.7758331298828125,0.0,0.5,0.5,0.5,0.5,240.0,240.0
6,0.7401041388511658,0.8065380454063416,0.7401635646820068,499.0,499.0,0.5372103452682495,0.0009999999,0.480234831571579,0.7399994134902954,0.7401041388511658,0.7401041388511658,0.7401041388511658,1421.0,1421.0,0.5,0.5005208253860474,0.5,240.0,240.0,5.024909496307373,0.0,0.5,0.5,0.5,0.5,240.0,240.0
