epoch,accuracy,auc,f1_score,fn,fp,loss,lr,mcc,npv,precision,recall,specificity,tn,tp,val_accuracy,val_auc,val_f1_score,val_fn,val_fp,val_loss,val_mcc,val_npv,val_precision,val_recall,val_specificity,val_tn,val_tp
0,0.582812488079071,0.5664021372795105,0.5700156092643738,1070.0,1051.0,0.704764723777771,0.01,0.14618638157844543,0.5715805888175964,0.5585888028144836,0.5541666746139526,0.5776041746139526,1349.0,1330.0,0.5,0.5323393940925598,0.5162082314491272,230.0,243.0,15.686405181884766,0.014315088279545307,0.5022222399711609,0.5070993900299072,0.5208333134651184,0.4937500059604645,237.0,250.0
1,0.6302083134651184,0.6610863208770752,0.6116355061531067,749.0,735.0,0.6610848307609558,0.01,0.22754576802253723,0.6133949160575867,0.614375650882721,0.6098958253860474,0.6171875,1185.0,1171.0,0.5,0.5434136390686035,0.6536668539047241,95.0,328.0,2.3841934204101562,0.10120070725679398,0.5215685963630676,0.5399719476699829,0.8020833134651184,0.3166666626930237,152.0,385.0
2,0.6625000238418579,0.706581175327301,0.6536082029342651,676.0,639.0,0.6387108564376831,0.01,0.3155919313430786,0.6554431319236755,0.6606479287147522,0.6479166746139526,0.667187511920929,1281.0,1244.0,0.5,0.5,0.5,240.0,240.0,9.755939483642578,0.0,0.5,0.5,0.5,0.5,240.0,240.0
3,0.6755208373069763,0.729602038860321,0.6736717820167542,630.0,619.0,0.6093950271606445,0.01,0.34959927201271057,0.6739872694015503,0.6757464408874512,0.671875,0.6776041388511658,1301.0,1290.0,0.5,0.5,0.5,240.0,240.0,6.475779056549072,0.0,0.5,0.5,0.5,0.5,240.0,240.0
4,0.7265625,0.7937359809875488,0.7267653942108154,526.0,522.0,0.5545960068702698,0.0009999999,0.4541971981525421,0.7266902923583984,0.7275574207305908,0.7260416746139526,0.7281249761581421,1398.0,1394.0,0.5,0.5,0.5,240.0,240.0,8.46970272064209,0.0,0.5,0.5,0.5,0.5,240.0,240.0
5,0.7427083253860474,0.8108831644058228,0.742367148399353,497.0,491.0,0.5332549214363098,0.0009999999,0.485452264547348,0.7418479323387146,0.7434691786766052,0.7411458492279053,0.7442708611488342,1429.0,1423.0,0.5,0.5,0.5,240.0,240.0,7.315216064453125,0.0,0.5,0.5,0.5,0.5,240.0,240.0
