epoch,accuracy,auc,f1_score,fn,fp,loss,lr,mcc,npv,precision,recall,specificity,tn,tp,val_accuracy,val_auc,val_f1_score,val_fn,val_fp,val_loss,val_mcc,val_npv,val_precision,val_recall,val_specificity,val_tn,val_tp
0,0.5640624761581421,0.5490294098854065,0.5545094609260559,1085.0,1112.0,0.7217985391616821,0.01,0.10620876401662827,0.5544654726982117,0.5418211817741394,0.5479166507720947,0.5458333492279053,1288.0,1315.0,0.5,0.5,0.5,240.0,240.0,29.38634490966797,0.0,0.5,0.5,0.5,0.5,240.0,240.0
1,0.6494791507720947,0.6779206991195679,0.631738007068634,708.0,703.0,0.6524935364723206,0.01,0.2653842866420746,0.6327248811721802,0.6328981518745422,0.6312500238418579,0.6338541507720947,1217.0,1212.0,0.5145833492279053,0.5964018702507019,0.5926191806793213,173.0,270.0,1.0039658546447754,0.06636594235897064,0.5012345910072327,0.5320624113082886,0.6395833492279053,0.4375,210.0,307.0
2,0.6572916507720947,0.7122120261192322,0.6573801636695862,655.0,665.0,0.6297374963760376,0.01,0.3127051591873169,0.6565003991127014,0.6554403901100159,0.6588541865348816,0.6536458134651184,1255.0,1265.0,0.5,0.6163216233253479,0.5,240.0,240.0,1.9775785207748413,0.0,0.5,0.5,0.5,0.5,240.0,240.0
3,0.667187511920929,0.7184180617332458,0.6610876321792603,654.0,641.0,0.6312175393104553,0.01,0.32575443387031555,0.6625487208366394,0.6638699769973755,0.659375011920929,0.6661458611488342,1279.0,1266.0,0.5,0.5656553506851196,0.4989418089389801,241.0,240.0,0.7227400541305542,-0.0020517746452242136,0.4979797899723053,0.4989561438560486,0.49791666865348816,0.5,240.0,239.0
4,0.6656249761581421,0.717867910861969,0.666408896446228,644.0,633.0,0.6202497482299805,0.01,0.3350374102592468,0.6664584875106812,0.6684128046035767,0.6645833253860474,0.6703125238418579,1287.0,1276.0,0.5,0.5,0.5,240.0,240.0,7.204339504241943,0.0,0.5,0.5,0.5,0.5,240.0,240.0
5,0.7145833373069763,0.7806642055511475,0.7148000597953796,549.0,545.0,0.5660024285316467,0.0009999999,0.43024545907974243,0.7146851420402527,0.7155532240867615,0.714062511920929,0.7161458134651184,1375.0,1371.0,0.5,0.5,0.5,240.0,240.0,6.487059593200684,0.0,0.5,0.5,0.5,0.5,240.0,240.0
6,0.7494791746139526,0.8251323103904724,0.7494791150093079,481.0,481.0,0.5137426257133484,0.0009999999,0.4989583194255829,0.7494791746139526,0.7494791746139526,0.7494791746139526,0.7494791746139526,1439.0,1439.0,0.5,0.5,0.5,240.0,240.0,6.685019016265869,0.0,0.5,0.5,0.5,0.5,240.0,240.0
