epoch,accuracy,auc,f1_score,fn,fp,loss,lr,mcc,npv,precision,recall,specificity,tn,tp,val_accuracy,val_auc,val_f1_score,val_fn,val_fp,val_loss,val_mcc,val_npv,val_precision,val_recall,val_specificity,val_tn,val_tp
0,0.5364583134651184,0.5218570232391357,0.5256056189537048,1145.0,1160.0,0.74845951795578,0.01,0.04952691122889519,0.5243343710899353,0.5196687579154968,0.5229166746139526,0.5208333134651184,1240.0,1255.0,0.5,0.5172591209411621,0.0,480.0,0.0,1.8116928339004517,0.0,0.5,0.0,0.0,1.0,480.0,0.0
1,0.5947916507720947,0.6181983351707458,0.5857663750648499,804.0,771.0,0.6862708926200867,0.01,0.18033096194267273,0.5885259509086609,0.5914149284362793,0.581250011920929,0.598437488079071,1149.0,1116.0,0.5,0.5376605987548828,0.4989418089389801,241.0,240.0,0.8201944828033447,-0.0020517746452242136,0.4979797899723053,0.4989561438560486,0.49791666865348816,0.5,240.0,239.0
2,0.6572916507720947,0.7011149525642395,0.6507862210273743,673.0,663.0,0.6323166489601135,0.01,0.30424100160598755,0.6519785523414612,0.6528795957565308,0.6494791507720947,0.6546875238418579,1257.0,1247.0,0.5,0.5503862500190735,0.5,240.0,240.0,1.0307484865188599,0.0,0.5,0.5,0.5,0.5,240.0,240.0
3,0.6567708253860474,0.7148123383522034,0.654943585395813,659.0,669.0,0.6151488423347473,0.01,0.3084850311279297,0.6551769971847534,0.6533678770065308,0.6567708253860474,0.651562511920929,1251.0,1261.0,0.5,0.49947917461395264,0.5,240.0,240.0,3.1574647426605225,0.0,0.5,0.5,0.5,0.5,240.0,240.0
4,0.6713541746139526,0.7319091558456421,0.6723320484161377,628.0,631.0,0.6029397249221802,0.0009999999,0.34431639313697815,0.6725152730941772,0.6718668937683105,0.6729166507720947,0.6713541746139526,1289.0,1292.0,0.5,0.5,0.5,240.0,240.0,4.353282451629639,0.0,0.5,0.5,0.5,0.5,240.0,240.0
5,0.6875,0.7549805641174316,0.687499463558197,602.0,595.0,0.5855531096458435,0.0009999999,0.37663504481315613,0.6880204081535339,0.6889702081680298,0.6864583492279053,0.6901041865348816,1325.0,1318.0,0.5,0.5,0.5,240.0,240.0,3.130309581756592,0.0,0.5,0.5,0.5,0.5,240.0,240.0
