epoch,accuracy,auc,f1_score,fn,fp,loss,lr,mcc,npv,precision,recall,specificity,tn,tp,val_accuracy,val_auc,val_f1_score,val_fn,val_fp,val_loss,val_mcc,val_npv,val_precision,val_recall,val_specificity,val_tn,val_tp
0,0.5666666626930237,0.5632909536361694,0.554093062877655,1097.0,1066.0,0.7218398451805115,0.01,0.11781881749629974,0.5587900876998901,0.5500211119651794,0.5429166555404663,0.5661458373069763,1334.0,1303.0,0.5,0.5,0.5,240.0,240.0,10.515920639038086,0.0,0.5,0.5,0.5,0.5,240.0,240.0
1,0.6260416507720947,0.6567072868347168,0.6181465983390808,725.0,748.0,0.6715940833091736,0.01,0.2332327514886856,0.6187376379966736,0.6150283217430115,0.6223958134651184,0.6104166507720947,1172.0,1195.0,0.5,0.6001150012016296,0.5,240.0,235.0,1.6671193838119507,0.010086250491440296,0.5097547173500061,0.5052631497383118,0.5,0.5104166865348816,245.0,240.0
2,0.6588541865348816,0.699289858341217,0.6540464162826538,660.0,673.0,0.6360110640525818,0.01,0.3059622645378113,0.6538808941841125,0.6518365144729614,0.65625,0.6494791507720947,1247.0,1260.0,0.5,0.5455143451690674,0.5,240.0,240.0,2.798227548599243,0.0,0.5,0.5,0.5,0.5,240.0,240.0
3,0.6703125238418579,0.7322025299072266,0.6704603433609009,634.0,630.0,0.6060388088226318,0.01,0.3417206108570099,0.6705294251441956,0.6711899638175964,0.6697916388511658,0.671875,1290.0,1286.0,0.5,0.5198698043823242,0.5,240.0,240.0,3.942392587661743,0.0,0.5,0.5,0.5,0.5,240.0,240.0
4,0.7151041626930237,0.7899140119552612,0.7148066759109497,547.0,548.0,0.5587248206138611,0.0009999999,0.4297264814376831,0.7152014970779419,0.7147319316864014,0.7151041626930237,0.7145833373069763,1372.0,1373.0,0.5,0.5121614336967468,0.5,240.0,240.0,3.9662256240844727,0.0,0.5,0.5,0.5,0.5,240.0,240.0
5,0.7276041507720947,0.8078012466430664,0.7278687357902527,524.0,520.0,0.5340479612350464,0.0009999999,0.4562667906284332,0.7276041507720947,0.7286012768745422,0.7270833253860474,0.7291666865348816,1400.0,1396.0,0.5,0.55112624168396,0.5,240.0,240.0,3.0448601245880127,0.0,0.5,0.5,0.5,0.5,240.0,240.0
