epoch,accuracy,auc,f1_score,fn,fp,loss,lr,mcc,npv,precision,recall,specificity,tn,tp,val_accuracy,val_auc,val_f1_score,val_fn,val_fp,val_loss,val_mcc,val_npv,val_precision,val_recall,val_specificity,val_tn,val_tp
0,0.559374988079071,0.5374196767807007,0.5528242588043213,1082.0,1134.0,0.7252892255783081,0.01,0.09600870311260223,0.5495923757553101,0.5375204086303711,0.5491666793823242,0.534375011920929,1266.0,1318.0,0.5,0.5,0.5,240.0,240.0,17.409330368041992,0.0,0.5,0.5,0.5,0.5,240.0,240.0
1,0.6005208492279053,0.6367457509040833,0.6010237336158752,752.0,795.0,0.669575572013855,0.01,0.19475607573986053,0.5997942686080933,0.5950076580047607,0.6083333492279053,0.5859375,1125.0,1168.0,0.5,0.5,0.5,240.0,240.0,8.947979927062988,0.0,0.5,0.5,0.5,0.5,240.0,240.0
2,0.6380208134651184,0.6819493770599365,0.6323656439781189,697.0,723.0,0.6462900042533875,0.01,0.26068899035453796,0.6326282620429993,0.6284686326980591,0.6369791626930237,0.6234375238418579,1197.0,1223.0,0.5,0.5476041436195374,0.519964337348938,229.0,242.0,1.4595963954925537,0.017953157424926758,0.5,0.5091277956962585,0.5229166746139526,0.4958333373069763,238.0,251.0
3,0.6473958492279053,0.6965423226356506,0.645006000995636,683.0,679.0,0.6329232454299927,0.01,0.2907213270664215,0.644866943359375,0.6456158757209778,0.6442708373069763,0.6463541388511658,1241.0,1237.0,0.5,0.5393706560134888,0.5,240.0,240.0,2.93843674659729,0.0,0.5,0.5,0.5,0.5,240.0,240.0
4,0.6578124761581421,0.703632652759552,0.6469947099685669,674.0,684.0,0.6347503662109375,0.0009999999,0.293110728263855,0.6474874019622803,0.6455958485603333,0.6489583253860474,0.643750011920929,1236.0,1246.0,0.5,0.5116189122200012,0.5,240.0,240.0,3.057492971420288,0.0,0.5,0.5,0.5,0.5,240.0,240.0
5,0.698437511920929,0.7521910071372986,0.6973274350166321,580.0,583.0,0.5920420289039612,0.0009999999,0.39431431889533997,0.6975454688072205,0.6968278884887695,0.6979166865348816,0.6963541507720947,1337.0,1340.0,0.5,0.5093901753425598,0.5,240.0,240.0,3.352430820465088,0.0,0.5,0.5,0.5,0.5,240.0,240.0
