epoch,accuracy,auc,f1_score,fn,fp,loss,lr,mcc,npv,precision,recall,specificity,tn,tp,val_accuracy,val_auc,val_f1_score,val_fn,val_fp,val_loss,val_mcc,val_npv,val_precision,val_recall,val_specificity,val_tn,val_tp
0,0.5328124761581421,0.5200235843658447,0.5210331082344055,1162.0,1148.0,0.737714409828186,0.01,0.047170914709568024,0.5222659707069397,0.5188600420951843,0.51583331823349,0.5270833373069763,1252.0,1238.0,0.5,0.5,0.5,240.0,240.0,9.061344146728516,0.0,0.5,0.5,0.5,0.5,240.0,240.0
1,0.5864583253860474,0.6009529829025269,0.5784091949462891,798.0,835.0,0.6962586641311646,0.01,0.1499970704317093,0.5757583975791931,0.5733265280723572,0.5843750238418579,0.5651041865348816,1085.0,1122.0,0.5,0.5584982633590698,0.5,240.0,240.0,2.8406026363372803,0.0,0.5,0.5,0.5,0.5,240.0,240.0
2,0.6291666626930237,0.6641932129859924,0.6121675968170166,755.0,719.0,0.6571043729782104,0.01,0.23259468376636505,0.6144264340400696,0.6183651685714722,0.6067708134651184,0.6255208253860474,1201.0,1165.0,0.5,0.6168055534362793,0.5040404200553894,238.0,240.0,1.7180339097976685,0.004044238943606615,0.5,0.5020747184753418,0.5041666626930237,0.5,240.0,242.0
3,0.6427083611488342,0.6798176169395447,0.6382004022598267,694.0,695.0,0.647909939289093,0.01,0.2766948640346527,0.6386747360229492,0.6382092833518982,0.6385416388511658,0.6380208134651184,1225.0,1226.0,0.5,0.5816102027893066,0.5,240.0,240.0,1.87941312789917,0.0,0.5,0.5,0.5,0.5,240.0,240.0
4,0.6703125238418579,0.7196338772773743,0.6703751683235168,624.0,650.0,0.6213599443435669,0.0009999999,0.3366515040397644,0.6707298755645752,0.6659814715385437,0.675000011920929,0.6614583134651184,1270.0,1296.0,0.5,0.6046397686004639,0.5,240.0,240.0,2.494328498840332,0.0,0.5,0.5,0.5,0.5,240.0,240.0
5,0.6890624761581421,0.7547491788864136,0.6872328519821167,600.0,601.0,0.5857261419296265,0.0009999999,0.37450942397117615,0.687522292137146,0.6871421337127686,0.6875,0.6869791746139526,1319.0,1320.0,0.5,0.5099001526832581,0.5,240.0,240.0,3.3730967044830322,0.0,0.5,0.5,0.5,0.5,240.0,240.0
