epoch,accuracy,auc,f1_score,fn,fp,loss,lr,mcc,npv,precision,recall,specificity,tn,tp,val_accuracy,val_auc,val_f1_score,val_fn,val_fp,val_loss,val_mcc,val_npv,val_precision,val_recall,val_specificity,val_tn,val_tp
0,0.5463541746139526,0.584945559501648,0.5425885319709778,1064.0,1075.0,0.7198302745819092,0.01,0.08419261872768402,0.5425717830657959,0.5541269183158875,0.5566666722297668,0.5385416746139526,1325.0,1336.0,0.5,0.5,0.5,240.0,240.0,12.187010765075684,0.0,0.5,0.5,0.5,0.5,240.0,240.0
1,0.6145833134651184,0.6298436522483826,0.5885311961174011,803.0,753.0,0.6786097288131714,0.01,0.1903410404920578,0.5930293202400208,0.5973262190818787,0.5817708373069763,0.6078125238418579,1167.0,1117.0,0.5,0.5,0.5,240.0,240.0,8.284466743469238,0.0,0.5,0.5,0.5,0.5,240.0,240.0
2,0.6364583373069763,0.671031653881073,0.626278281211853,722.0,705.0,0.6561146378517151,0.01,0.25691336393356323,0.6278398036956787,0.6295323371887207,0.6239583492279053,0.6328125,1215.0,1198.0,0.5,0.5984787344932556,0.5,240.0,240.0,2.2027077674865723,0.0,0.5,0.5,0.5,0.5,240.0,240.0
3,0.6557291746139526,0.7085747718811035,0.6556708812713623,661.0,661.0,0.6262759566307068,0.01,0.3115338385105133,0.6558395028114319,0.6557291746139526,0.6557291746139526,0.6557291746139526,1259.0,1259.0,0.5,0.5,0.5,240.0,240.0,25.43956756591797,0.0,0.5,0.5,0.5,0.5,240.0,240.0
4,0.706250011920929,0.7550317645072937,0.7061011791229248,565.0,563.0,0.5935537815093994,0.0009999999,0.4125071167945862,0.7060289978981018,0.7064650654792786,0.7057291865348816,0.7067708373069763,1357.0,1355.0,0.5,0.5,0.5,240.0,240.0,6.858041286468506,0.0,0.5,0.5,0.5,0.5,240.0,240.0
5,0.7239583134651184,0.781126856803894,0.7239750623703003,530.0,530.0,0.5641453862190247,0.0009999999,0.44793498516082764,0.7239277362823486,0.7239583134651184,0.7239583134651184,0.7239583134651184,1390.0,1390.0,0.5,0.5661653280258179,0.5,240.0,240.0,2.505573034286499,0.0,0.5,0.5,0.5,0.5,240.0,240.0
