epoch,accuracy,auc,f1_score,fn,fp,loss,lr,mcc,npv,precision,recall,specificity,tn,tp,val_accuracy,val_auc,val_f1_score,val_fn,val_fp,val_loss,val_mcc,val_npv,val_precision,val_recall,val_specificity,val_tn,val_tp
0,0.5244791507720947,0.5217934250831604,0.5284963846206665,1143.0,1151.0,0.7417134046554565,0.01,0.05514898523688316,0.5256119966506958,0.5220099687576294,0.5237500071525574,0.5255208611488342,1249.0,1257.0,0.5,0.5,0.5,240.0,240.0,27.95632553100586,0.0,0.5,0.5,0.5,0.5,240.0,240.0
1,0.6072916388511658,0.6307082772254944,0.5933610200881958,789.0,750.0,0.67698734998703,0.01,0.1989721804857254,0.5995033383369446,0.6012759208679199,0.589062511920929,0.609375,1170.0,1131.0,0.5,0.5010416507720947,0.5,240.0,240.0,5.722977638244629,0.0,0.5,0.5,0.5,0.5,240.0,240.0
2,0.6276041865348816,0.6692191958427429,0.6229042410850525,725.0,720.0,0.6561082005500793,0.01,0.24780432879924774,0.6238215565681458,0.6240208745002747,0.6223958134651184,0.625,1200.0,1195.0,0.5,0.503125011920929,0.5,240.0,240.0,5.695017337799072,0.0,0.5,0.5,0.5,0.5,240.0,240.0
3,0.6385416388511658,0.692173957824707,0.6362634897232056,699.0,695.0,0.6351158618927002,0.01,0.27409541606903076,0.6371289491653442,0.637265145778656,0.635937511920929,0.6380208134651184,1225.0,1221.0,0.5,0.5360937118530273,0.5,240.0,240.0,4.070436477661133,0.0,0.5,0.5,0.5,0.5,240.0,240.0
4,0.6588541865348816,0.7143083810806274,0.6601490378379822,650.0,658.0,0.6209147572517395,0.0009999999,0.31876885890960693,0.6598991751670837,0.658713698387146,0.6614583134651184,0.6572916507720947,1262.0,1270.0,0.5,0.6080360412597656,0.5,240.0,234.0,1.7546359300613403,0.012078746221959591,0.5116560459136963,0.5063291192054749,0.5,0.512499988079071,246.0,240.0
5,0.7114583253860474,0.7712854146957397,0.7115002870559692,552.0,557.0,0.5737505555152893,0.0009999999,0.42244142293930054,0.7119206786155701,0.7106493711471558,0.7124999761581421,0.7098958492279053,1363.0,1368.0,0.5,0.566772997379303,0.5,240.0,240.0,2.592047691345215,0.0,0.5,0.5,0.5,0.5,240.0,240.0
