epoch,accuracy,auc,f1_score,fn,fp,loss,lr,mcc,npv,precision,recall,specificity,tn,tp,val_accuracy,val_auc,val_f1_score,val_fn,val_fp,val_loss,val_mcc,val_npv,val_precision,val_recall,val_specificity,val_tn,val_tp
0,0.6510416865348816,0.7391219139099121,0.6358411908149719,802.0,799.0,0.6978939771652222,0.01,0.2735576331615448,0.6362267136573792,0.6666666865348816,0.6658333539962769,0.637499988079071,1601.0,1598.0,0.5,0.49074652791023254,0.4683759808540344,268.0,220.0,0.8740771412849426,-0.014213665388524532,0.48724815249443054,0.49074074625968933,0.4416666626930237,0.5416666865348816,260.0,212.0
1,0.8187500238418579,0.8982155323028564,0.8135924935340881,366.0,346.0,0.4048365354537964,0.01,0.6299861073493958,0.8118573427200317,0.8178947567939758,0.809374988079071,0.8197916746139526,1574.0,1554.0,0.5,0.5445312261581421,0.5,240.0,240.0,1.2427825927734375,0.0,0.5,0.5,0.5,0.5,240.0,240.0
2,0.8921874761581421,0.9583123922348022,0.8920630812644958,200.0,217.0,0.2619457542896271,0.01,0.7833153605461121,0.8949374556541443,0.8879711031913757,0.8958333134651184,0.8869791626930237,1703.0,1720.0,0.5,0.5311002731323242,0.5,240.0,240.0,2.4086782932281494,0.0,0.5,0.5,0.5,0.5,240.0,240.0
3,0.9317708611488342,0.9822390079498291,0.9328476190567017,126.0,132.0,0.17191921174526215,0.01,0.865765392780304,0.9344355463981628,0.9314641952514648,0.934374988079071,0.9312499761581421,1788.0,1794.0,0.5,0.5519140958786011,0.5,240.0,240.0,2.142941474914551,0.0,0.5,0.5,0.5,0.5,240.0,240.0
4,0.9427083134651184,0.9877815246582031,0.9433892369270325,104.0,114.0,0.14070087671279907,0.0009999999,0.8867076635360718,0.9457523226737976,0.9409326314926147,0.9458333253860474,0.940625011920929,1806.0,1816.0,0.5,0.5738780498504639,0.5,240.0,240.0,2.4281492233276367,0.0,0.5,0.5,0.5,0.5,240.0,240.0
5,0.9786458611488342,0.9975446462631226,0.9786840081214905,40.0,42.0,0.07285436987876892,0.0009999999,0.9574117064476013,0.9792057871818542,0.9781477451324463,0.9791666865348816,0.9781249761581421,1878.0,1880.0,0.5,0.6081141829490662,0.5,240.0,239.0,2.038038969039917,0.0020517667289823294,0.5020201802253723,0.5010438561439514,0.5,0.5020833611488342,241.0,240.0
