epoch,accuracy,auc,f1_score,fn,fp,loss,lr,mcc,npv,precision,recall,specificity,tn,tp,val_accuracy,val_auc,val_f1_score,val_fn,val_fp,val_loss,val_mcc,val_npv,val_precision,val_recall,val_specificity,val_tn,val_tp
0,0.6416666507720947,0.6601018905639648,0.6368825435638428,884.0,911.0,0.7382694482803345,0.01,0.269929975271225,0.6373456716537476,0.6246394515037537,0.6316666603088379,0.6260416507720947,1489.0,1516.0,0.5541666746139526,0.5871875286102295,0.5923015475273132,162.0,269.0,0.6816633939743042,0.10397493839263916,0.5657631754875183,0.5417376756668091,0.6625000238418579,0.43958333134651184,211.0,318.0
1,0.7984374761581421,0.8680710196495056,0.787439227104187,405.0,411.0,0.4579470455646515,0.01,0.5756630301475525,0.7895429730415344,0.7866043448448181,0.7890625,0.785937488079071,1509.0,1515.0,0.5,0.5625282526016235,0.5,240.0,240.0,1.5150623321533203,0.0,0.5,0.5,0.5,0.5,240.0,240.0
2,0.8755208253860474,0.9412135481834412,0.8729610443115234,243.0,244.0,0.3101569712162018,0.01,0.74693363904953,0.8743385076522827,0.8729828000068665,0.8734375238418579,0.8729166388511658,1676.0,1677.0,0.5,0.5781770944595337,0.5,240.0,240.0,2.3398306369781494,0.0,0.5,0.5,0.5,0.5,240.0,240.0
3,0.901562511920929,0.967083752155304,0.9013234972953796,192.0,186.0,0.2326163798570633,0.01,0.8033906817436218,0.9007031917572021,0.9028213024139404,0.8999999761581421,0.903124988079071,1734.0,1728.0,0.5,0.5497634410858154,0.5,240.0,240.0,2.8095319271087646,0.0,0.5,0.5,0.5,0.5,240.0,240.0
4,0.9432291388511658,0.9848140478134155,0.9425579905509949,111.0,109.0,0.16035917401313782,0.0009999999,0.8855969309806824,0.9426445364952087,0.9431699514389038,0.942187488079071,0.9432291388511658,1811.0,1809.0,0.5,0.564331591129303,0.5,240.0,240.0,2.4350574016571045,0.0,0.5,0.5,0.5,0.5,240.0,240.0
5,0.9744791388511658,0.9971087574958801,0.9737318158149719,46.0,55.0,0.08962925523519516,0.0009999999,0.9475558400154114,0.9761321544647217,0.971487820148468,0.9760416746139526,0.9713541865348816,1865.0,1874.0,0.5041666626930237,0.5839279890060425,0.5,240.0,238.0,2.3195266723632812,0.004044238943606615,0.5039215683937073,0.5020920634269714,0.5,0.5041666626930237,242.0,240.0
