epoch,accuracy,auc,f1_score,fn,fp,loss,lr,mcc,npv,precision,recall,specificity,tn,tp,val_accuracy,val_auc,val_f1_score,val_fn,val_fp,val_loss,val_mcc,val_npv,val_precision,val_recall,val_specificity,val_tn,val_tp
0,0.6770833134651184,0.7269567251205444,0.6705621480941772,783.0,787.0,0.6758529543876648,0.01,0.3436194062232971,0.6723511815071106,0.6726289391517639,0.6737499833106995,0.671875,1613.0,1617.0,0.5062500238418579,0.5495746731758118,0.5366896390914917,196.0,290.0,0.8129895329475403,-0.008102972991764545,0.5035303831100464,0.4947735071182251,0.5916666388511658,0.3958333432674408,190.0,284.0
1,0.8130208253860474,0.8893396854400635,0.8062185645103455,382.0,356.0,0.420621395111084,0.01,0.6164341568946838,0.8046772480010986,0.812038004398346,0.8010416626930237,0.8145833611488342,1564.0,1538.0,0.5041666626930237,0.5657356977462769,0.5202436447143555,219.0,261.0,0.8091078996658325,0.0010753631358966231,0.5024575591087341,0.5,0.543749988079071,0.45625001192092896,219.0,261.0
2,0.8734375238418579,0.9430803656578064,0.8682635426521301,257.0,248.0,0.30409756302833557,0.01,0.7373549342155457,0.8668994903564453,0.8702250123023987,0.8661458492279053,0.8708333373069763,1672.0,1663.0,0.5,0.5860329866409302,0.5,240.0,240.0,1.981768250465393,0.0,0.5,0.5,0.5,0.5,240.0,240.0
3,0.8942708373069763,0.9624142646789551,0.8979660272598267,201.0,189.0,0.24846719205379486,0.01,0.7971732020378113,0.8964950442314148,0.900943398475647,0.895312488079071,0.901562511920929,1731.0,1719.0,0.5,0.5081467628479004,0.5,240.0,240.0,3.5900235176086426,0.0,0.5,0.5,0.5,0.5,240.0,240.0
4,0.9338541626930237,0.9793887138366699,0.932066798210144,128.0,133.0,0.18290945887565613,0.0009999999,0.8642133474349976,0.9333951473236084,0.9309090971946716,0.9333333373069763,0.9307291507720947,1787.0,1792.0,0.49791666865348816,0.5342447757720947,0.4968910217285156,241.0,243.0,2.9934213161468506,-0.008335383608937263,0.49576613306999207,0.4958506226539612,0.49791666865348816,0.4937500059604645,237.0,239.0
5,0.9682291746139526,0.9950690269470215,0.9705477356910706,57.0,56.0,0.1006663590669632,0.0009999999,0.9412815570831299,0.970488965511322,0.9708181619644165,0.9703124761581421,0.9708333611488342,1864.0,1863.0,0.4937500059604645,0.5281076431274414,0.4937500059604645,243.0,243.0,3.079834222793579,-0.012500000186264515,0.4937500059604645,0.4937500059604645,0.4937500059604645,0.4937500059604645,237.0,237.0
