epoch,accuracy,auc,f1_score,fn,fp,loss,lr,mcc,npv,precision,recall,specificity,tn,tp,val_accuracy,val_auc,val_f1_score,val_fn,val_fp,val_loss,val_mcc,val_npv,val_precision,val_recall,val_specificity,val_tn,val_tp
0,0.6666666865348816,0.7548914551734924,0.6490756273269653,748.0,757.0,0.7088050246238708,0.01,0.29863813519477844,0.6508374810218811,0.6857617497444153,0.6883333325386047,0.6468750238418579,1643.0,1652.0,0.5354166626930237,0.5831423401832581,0.5672805905342102,196.0,250.0,0.7030283808708191,0.06881594657897949,0.5198817253112793,0.5318351984024048,0.5916666388511658,0.4791666567325592,230.0,284.0
1,0.7651041746139526,0.8465651273727417,0.7635996341705322,448.0,463.0,0.488623708486557,0.01,0.5267719030380249,0.7657935619354248,0.7607235312461853,0.7666666507720947,0.7588541507720947,1457.0,1472.0,0.5,0.5727734565734863,0.5,240.0,240.0,1.5411698818206787,0.0,0.5,0.5,0.5,0.5,240.0,240.0
2,0.8531249761581421,0.9248901605606079,0.8500078916549683,286.0,290.0,0.34895840287208557,0.01,0.7004392743110657,0.8513748049736023,0.8492723703384399,0.8510416746139526,0.8489583134651184,1630.0,1634.0,0.5,0.5878710746765137,0.5,240.0,240.0,1.0375436544418335,0.0,0.5,0.5,0.5,0.5,240.0,240.0
3,0.8869791626930237,0.9574299454689026,0.8856648802757263,220.0,219.0,0.26452869176864624,0.01,0.77167147397995,0.8857143521308899,0.8858780860900879,0.8854166865348816,0.885937511920929,1701.0,1700.0,0.5,0.5723307728767395,0.5,240.0,240.0,1.5509438514709473,0.0,0.5,0.5,0.5,0.5,240.0,240.0
4,0.903124988079071,0.9619410037994385,0.9032288789749146,184.0,188.0,0.24886088073253632,0.0009999999,0.8065690398216248,0.904223620891571,0.9022868871688843,0.9041666388511658,0.9020833373069763,1732.0,1736.0,0.5,0.5212391018867493,0.5,240.0,240.0,2.751967191696167,0.0,0.5,0.5,0.5,0.5,240.0,240.0
5,0.9624999761581421,0.9931110739707947,0.9617823958396912,72.0,75.0,0.12109480053186417,0.0009999999,0.9235864281654358,0.9625110626220703,0.9609984159469604,0.9624999761581421,0.9609375,1845.0,1848.0,0.5,0.5370485782623291,0.5,240.0,240.0,2.552360773086548,0.0,0.5,0.5,0.5,0.5,240.0,240.0
