epoch,accuracy,auc,f1_score,fn,fp,loss,lr,mcc,npv,precision,recall,specificity,tn,tp,val_accuracy,val_auc,val_f1_score,val_fn,val_fp,val_loss,val_mcc,val_npv,val_precision,val_recall,val_specificity,val_tn,val_tp
0,0.5703125,0.5535094738006592,0.5566632747650146,1094.0,1077.0,0.7087296843528748,0.01,0.1196305975317955,0.5598361492156982,0.5480486750602722,0.5441666841506958,0.5640624761581421,1323.0,1306.0,0.5,0.5,0.5,240.0,240.0,17.352237701416016,0.0,0.5,0.5,0.5,0.5,240.0,240.0
1,0.6161458492279053,0.6545716524124146,0.605301022529602,764.0,736.0,0.6636474132537842,0.01,0.2191147655248642,0.609395444393158,0.6109936833381653,0.6020833253860474,0.6166666746139526,1184.0,1156.0,0.5,0.5721549391746521,0.5,240.0,240.0,1.3153868913650513,0.0,0.5,0.5,0.5,0.5,240.0,240.0
2,0.6494791507720947,0.7004741430282593,0.6437681317329407,682.0,687.0,0.6340111494064331,0.01,0.2873191833496094,0.6441012620925903,0.6431168913841248,0.6447916626930237,0.6421874761581421,1233.0,1238.0,0.5,0.5781575441360474,0.5,240.0,240.0,1.494422197341919,0.0,0.5,0.5,0.5,0.5,240.0,240.0
3,0.6625000238418579,0.7149028778076172,0.6581118106842041,655.0,659.0,0.623688280582428,0.01,0.31576332449913025,0.6581962704658508,0.6574844121932983,0.6588541865348816,0.6567708253860474,1261.0,1265.0,0.5,0.5,0.5,240.0,240.0,11.420331954956055,0.0,0.5,0.5,0.5,0.5,240.0,240.0
4,0.6213541626930237,0.6472512483596802,0.6214301586151123,728.0,726.0,0.6984592080116272,0.0009999999,0.2428901195526123,0.6205779910087585,0.6214807033538818,0.6208333373069763,0.621874988079071,1194.0,1192.0,0.5,0.5125542879104614,0.5,240.0,240.0,2.9667510986328125,0.0,0.5,0.5,0.5,0.5,240.0,240.0
5,0.7020833492279053,0.7578271627426147,0.7018896341323853,573.0,571.0,0.5941774249076843,0.0009999999,0.40422216057777405,0.701959490776062,0.7022940516471863,0.7015625238418579,0.7026041746139526,1349.0,1347.0,0.5,0.5513411164283752,0.5,240.0,240.0,2.7620420455932617,0.0,0.5,0.5,0.5,0.5,240.0,240.0
