epoch,accuracy,auc,f1_score,fn,fp,loss,lr,mcc,npv,precision,recall,specificity,tn,tp,val_accuracy,val_auc,val_f1_score,val_fn,val_fp,val_loss,val_mcc,val_npv,val_precision,val_recall,val_specificity,val_tn,val_tp
0,0.573437511920929,0.6022560596466064,0.5655036568641663,983.0,1072.0,0.7082343697547913,0.01,0.1272028535604477,0.5676493048667908,0.5693049430847168,0.590416669845581,0.5520833134651184,1328.0,1417.0,0.5,0.5,0.5,240.0,240.0,24.118688583374023,0.0,0.5,0.5,0.5,0.5,240.0,240.0
1,0.6161458492279053,0.6500508785247803,0.6024861931800842,764.0,759.0,0.6654961109161377,0.01,0.20723752677440643,0.6033782362937927,0.6036553382873535,0.6020833253860474,0.604687511920929,1161.0,1156.0,0.5,0.5,0.5,240.0,240.0,3.686291217803955,0.0,0.5,0.5,0.5,0.5,240.0,240.0
2,0.6354166865348816,0.6812570095062256,0.6311510801315308,704.0,713.0,0.6453205943107605,0.01,0.2623631954193115,0.633073627948761,0.6303784251213074,0.6333333253860474,0.6286458373069763,1207.0,1216.0,0.5,0.5,0.5,240.0,240.0,12.044633865356445,0.0,0.5,0.5,0.5,0.5,240.0,240.0
3,0.6510416865348816,0.7053536772727966,0.6516554951667786,667.0,670.0,0.6297681927680969,0.01,0.30382904410362244,0.6527566313743591,0.6515860557556152,0.6526041626930237,0.6510416865348816,1250.0,1253.0,0.5,0.5058138370513916,0.5,240.0,240.0,3.175558567047119,0.0,0.5,0.5,0.5,0.5,240.0,240.0
4,0.6583333611488342,0.7138926386833191,0.6574745178222656,660.0,652.0,0.6207316517829895,0.0009999999,0.3167165219783783,0.6579433083534241,0.6589958071708679,0.65625,0.6604166626930237,1268.0,1260.0,0.5,0.522827684879303,0.500031054019928,238.0,244.0,1.0981788635253906,-0.0040442547760903835,0.5,0.49794238805770874,0.5041666626930237,0.49166667461395264,236.0,242.0
5,0.6796875,0.7293671369552612,0.6799864172935486,615.0,613.0,0.6064611673355103,0.0009999999,0.36047419905662537,0.680151104927063,0.6803962588310242,0.6796875,0.6807291507720947,1307.0,1305.0,0.5,0.503125011920929,0.5,240.0,240.0,3.843977451324463,0.0,0.5,0.5,0.5,0.5,240.0,240.0
