epoch,accuracy,auc,f1_score,fn,fp,loss,lr,mcc,npv,precision,recall,specificity,tn,tp,val_accuracy,val_auc,val_f1_score,val_fn,val_fp,val_loss,val_mcc,val_npv,val_precision,val_recall,val_specificity,val_tn,val_tp
0,0.5015624761581421,0.5100765228271484,0.49416932463645935,1195.0,1225.0,0.7469273805618286,0.01,-0.016782527789473534,0.4918306767940521,0.4958847761154175,0.5020833611488342,0.4828124940395355,1175.0,1205.0,0.5,0.5,0.5,240.0,240.0,15.184746742248535,0.0,0.5,0.5,0.5,0.5,240.0,240.0
1,0.5567708611488342,0.5703510046005249,0.540070116519928,894.0,846.0,0.6987028121948242,0.01,0.09452223777770996,0.5451242923736572,0.5480769276618958,0.534375011920929,0.559374988079071,1074.0,1026.0,0.5,0.5198654532432556,0.5,240.0,240.0,3.1229827404022217,0.0,0.5,0.5,0.5,0.5,240.0,240.0
2,0.6114583611488342,0.6416711211204529,0.601364254951477,758.0,782.0,0.6742519736289978,0.01,0.1981402039527893,0.5999164581298828,0.5977365970611572,0.6052083373069763,0.5927083492279053,1138.0,1162.0,0.5,0.5,0.5,240.0,240.0,8.41584587097168,0.0,0.5,0.5,0.5,0.5,240.0,240.0
3,0.6197916865348816,0.6689987778663635,0.6182388663291931,733.0,733.0,0.6475585103034973,0.01,0.23659594357013702,0.618153989315033,0.6182291507720947,0.6182291507720947,0.6182291507720947,1187.0,1187.0,0.5,0.5910264849662781,0.5,240.0,240.0,2.023474931716919,0.0,0.5,0.5,0.5,0.5,240.0,240.0
4,0.6484375,0.7050405740737915,0.6495512127876282,671.0,677.0,0.6344158053398132,0.0009999999,0.29795944690704346,0.6493279337882996,0.648494303226471,0.6505208611488342,0.6473958492279053,1243.0,1249.0,0.5,0.6008528470993042,0.5,240.0,240.0,1.8558741807937622,0.0,0.5,0.5,0.5,0.5,240.0,240.0
5,0.6729166507720947,0.7306734323501587,0.672892153263092,628.0,628.0,0.6063221096992493,0.0009999999,0.34584909677505493,0.6729650497436523,0.6729166507720947,0.6729166507720947,0.6729166507720947,1292.0,1292.0,0.5,0.5825477242469788,0.5,240.0,240.0,2.580144166946411,0.0,0.5,0.5,0.5,0.5,240.0,240.0
