epoch,accuracy,auc,f1_score,fn,fp,loss,lr,mcc,npv,precision,recall,specificity,tn,tp,val_accuracy,val_auc,val_f1_score,val_fn,val_fp,val_loss,val_mcc,val_npv,val_precision,val_recall,val_specificity,val_tn,val_tp
0,0.5604166388511658,0.5391867756843567,0.5401936769485474,1134.0,1085.0,0.7147849798202515,0.01,0.09471411257982254,0.545921266078949,0.5384942293167114,0.5274999737739563,0.5598958134651184,1315.0,1266.0,0.5,0.5,0.6666666269302368,0.0,480.0,160.76632690429688,0.0,0.0,0.5,1.0,0.0,0.0,480.0
1,0.59375,0.6095988750457764,0.5782848000526428,809.0,807.0,0.6859427690505981,0.01,0.1587609201669693,0.5790848135948181,0.5792492032051086,0.5786458253860474,0.5796874761581421,1113.0,1111.0,0.5,0.5878689289093018,0.5,240.0,240.0,2.2186670303344727,0.0,0.5,0.5,0.5,0.5,240.0,240.0
2,0.6380208134651184,0.6712706685066223,0.6299706697463989,715.0,700.0,0.6559057831764221,0.01,0.26328790187835693,0.6303776502609253,0.6325459480285645,0.6276041865348816,0.6354166865348816,1220.0,1205.0,0.5,0.5,0.5,240.0,240.0,5.793449401855469,0.0,0.5,0.5,0.5,0.5,240.0,240.0
3,0.6760416626930237,0.7338975667953491,0.675974428653717,620.0,626.0,0.6060200333595276,0.01,0.351065069437027,0.6761796474456787,0.6749740242958069,0.6770833134651184,0.6739583611488342,1294.0,1300.0,0.5,0.5,0.5,240.0,240.0,13.209169387817383,0.0,0.5,0.5,0.5,0.5,240.0,240.0
4,0.6625000238418579,0.720122754573822,0.6647042036056519,641.0,650.0,0.6108134388923645,0.0009999999,0.32763707637786865,0.6643165349960327,0.6630378365516663,0.6661458611488342,0.6614583134651184,1270.0,1279.0,0.5,0.5,0.5,240.0,240.0,5.125900745391846,0.0,0.5,0.5,0.5,0.5,240.0,240.0
5,0.703125,0.7801210880279541,0.7033777236938477,568.0,572.0,0.5631253719329834,0.0009999999,0.4063008725643158,0.7036808729171753,0.7027027010917664,0.7041666507720947,0.7020833492279053,1348.0,1352.0,0.5,0.5,0.5,240.0,240.0,5.190512657165527,0.0,0.5,0.5,0.5,0.5,240.0,240.0
