epoch,accuracy,auc,f1_score,fn,fp,loss,lr,mcc,npv,precision,recall,specificity,tn,tp,val_accuracy,val_auc,val_f1_score,val_fn,val_fp,val_loss,val_mcc,val_npv,val_precision,val_recall,val_specificity,val_tn,val_tp
0,0.5182291865348816,0.5384262204170227,0.5208141207695007,1134.0,1163.0,0.7413194179534912,0.01,0.0374443456530571,0.5190572142601013,0.5212021470069885,0.5274999737739563,0.510937511920929,1237.0,1266.0,0.5,0.5,0.5,240.0,240.0,33.388118743896484,0.0,0.5,0.5,0.5,0.5,240.0,240.0
1,0.5567708611488342,0.5560847520828247,0.5394513010978699,879.0,893.0,0.7065051794052124,0.01,0.0772898942232132,0.5387104153633118,0.538262665271759,0.542187511920929,0.5348958373069763,1027.0,1041.0,0.5,0.5,0.0,480.0,0.0,6.3885087966918945,0.0,0.5,0.0,0.0,1.0,480.0,0.0
2,0.5989583134651184,0.6205654740333557,0.5860056281089783,797.0,785.0,0.6778910756111145,0.01,0.17627981305122375,0.5881805419921875,0.5885744094848633,0.5848958492279053,0.5911458134651184,1135.0,1123.0,0.5,0.5377517342567444,0.04728630557656288,466.0,0.0,3.417417287826538,0.04637540876865387,0.5082793831825256,1.0,0.02916666679084301,1.0,480.0,14.0
3,0.6265624761581421,0.667328417301178,0.6210120916366577,732.0,715.0,0.6533095836639404,0.01,0.2464691549539566,0.6229745149612427,0.6242774724960327,0.6187499761581421,0.6276041865348816,1205.0,1188.0,0.5,0.5,0.5,240.0,240.0,6.479403495788574,0.0,0.5,0.5,0.5,0.5,240.0,240.0
4,0.6291666626930237,0.6745690703392029,0.6214689016342163,728.0,723.0,0.6466413736343384,0.0009999999,0.24460478127002716,0.6218273043632507,0.6224542856216431,0.6208333373069763,0.6234375238418579,1197.0,1192.0,0.5,0.5,0.5,240.0,240.0,5.787072658538818,0.0,0.5,0.5,0.5,0.5,240.0,240.0
5,0.671875,0.7169013619422913,0.6688151955604553,637.0,633.0,0.6207484602928162,0.0009999999,0.3386242091655731,0.6691571474075317,0.6696242094039917,0.6682291626930237,0.6703125238418579,1287.0,1283.0,0.5,0.5,0.5,240.0,240.0,6.837438106536865,0.0,0.5,0.5,0.5,0.5,240.0,240.0
