epoch,accuracy,auc,f1_score,fn,fp,loss,lr,mcc,npv,precision,recall,specificity,tn,tp,val_accuracy,val_auc,val_f1_score,val_fn,val_fp,val_loss,val_mcc,val_npv,val_precision,val_recall,val_specificity,val_tn,val_tp
0,0.5223958492279053,0.5175958275794983,0.5185307860374451,1164.0,1151.0,0.735366702079773,0.01,0.044281039386987686,0.5219883322715759,0.5178048014640808,0.5149999856948853,0.5255208611488342,1249.0,1236.0,0.5,0.5152539014816284,0.5,240.0,240.0,8.989829063415527,0.0,0.5,0.5,0.5,0.5,240.0,240.0
1,0.5682291388511658,0.5808433294296265,0.5497366189956665,868.0,845.0,0.7000465989112854,0.01,0.10790383815765381,0.554637610912323,0.5545598268508911,0.5479166507720947,0.5598958134651184,1075.0,1052.0,0.5,0.5,0.5,240.0,240.0,8.682278633117676,0.0,0.5,0.5,0.5,0.5,240.0,240.0
2,0.6072916388511658,0.6361345648765564,0.5914319157600403,793.0,764.0,0.6674308180809021,0.01,0.18916326761245728,0.5925953388214111,0.5959809422492981,0.5869791507720947,0.6020833253860474,1156.0,1127.0,0.5,0.5815560221672058,0.4989418089389801,241.0,238.0,1.0770002603530884,0.001992471981793642,0.501901388168335,0.50104820728302,0.49791666865348816,0.5041666626930237,242.0,239.0
3,0.6229166388511658,0.65785151720047,0.6167206168174744,738.0,729.0,0.6578419804573059,0.01,0.23604367673397064,0.6179367303848267,0.6185243129730225,0.6156250238418579,0.620312511920929,1191.0,1182.0,0.5,0.5,0.5,240.0,240.0,6.802403926849365,0.0,0.5,0.5,0.5,0.5,240.0,240.0
4,0.6588541865348816,0.7071440815925598,0.657666027545929,658.0,655.0,0.6282159090042114,0.0009999999,0.3161710202693939,0.6580899357795715,0.6583203077316284,0.6572916507720947,0.6588541865348816,1265.0,1262.0,0.5,0.5,0.5,240.0,240.0,8.201272964477539,0.0,0.5,0.5,0.5,0.5,240.0,240.0
5,0.6614583134651184,0.7125440835952759,0.6618156433105469,650.0,648.0,0.6263629794120789,0.0009999999,0.32397207617759705,0.6617811322212219,0.6621480584144592,0.6614583134651184,0.6625000238418579,1272.0,1270.0,0.5,0.5,0.5,240.0,240.0,7.119064807891846,0.0,0.5,0.5,0.5,0.5,240.0,240.0
