epoch,accuracy,auc,f1_score,fn,fp,loss,lr,mcc,npv,precision,recall,specificity,tn,tp,val_accuracy,val_auc,val_f1_score,val_fn,val_fp,val_loss,val_mcc,val_npv,val_precision,val_recall,val_specificity,val_tn,val_tp
0,0.5552083253860474,0.540969729423523,0.5551974177360535,1097.0,1083.0,0.7177053093910217,0.01,0.11502793431282043,0.5559632778167725,0.5461022853851318,0.5429166555404663,0.5609375238418579,1317.0,1303.0,0.5,0.5,0.5,240.0,240.0,11.478534698486328,0.0,0.5,0.5,0.5,0.5,240.0,240.0
1,0.6130208373069763,0.645016610622406,0.6007863283157349,757.0,786.0,0.6677469611167908,0.01,0.19677956402301788,0.6000629663467407,0.5967162847518921,0.6057291626930237,0.590624988079071,1134.0,1163.0,0.5,0.5,0.5,240.0,240.0,20.213457107543945,0.0,0.5,0.5,0.5,0.5,240.0,240.0
2,0.6145833134651184,0.6567601561546326,0.6170212030410767,735.0,736.0,0.6581405997276306,0.01,0.23407596349716187,0.6164800524711609,0.6168662309646606,0.6171875,0.6166666746139526,1184.0,1185.0,0.5,0.5,0.5,240.0,240.0,19.55649757385254,0.0,0.5,0.5,0.5,0.5,240.0,240.0
3,0.659375011920929,0.7101845741271973,0.6607586145401001,650.0,654.0,0.624067485332489,0.01,0.3209148347377777,0.6607921123504639,0.6600831747055054,0.6614583134651184,0.659375011920929,1266.0,1270.0,0.5,0.5,0.5,240.0,240.0,5.041798114776611,0.0,0.5,0.5,0.5,0.5,240.0,240.0
4,0.6473958492279053,0.7055627703666687,0.648501992225647,663.0,701.0,0.6257364749908447,0.0009999999,0.28986111283302307,0.6471408009529114,0.6419816017150879,0.6546875238418579,0.6348958611488342,1219.0,1257.0,0.5,0.5010416507720947,0.5,240.0,240.0,4.170368671417236,0.0,0.5,0.5,0.5,0.5,240.0,240.0
5,0.6875,0.7633392810821533,0.6886569261550903,595.0,603.0,0.581387460231781,0.0009999999,0.37607887387275696,0.6888408064842224,0.6872406601905823,0.6901041865348816,0.6859375238418579,1317.0,1325.0,0.5,0.4984374940395355,0.5,240.0,240.0,4.0412163734436035,0.0,0.5,0.5,0.5,0.5,240.0,240.0
