epoch,accuracy,auc,f1_score,fn,fp,loss,lr,mcc,npv,precision,recall,specificity,tn,tp,val_accuracy,val_auc,val_f1_score,val_fn,val_fp,val_loss,val_mcc,val_npv,val_precision,val_recall,val_specificity,val_tn,val_tp
0,0.5572916865348816,0.5480854511260986,0.5419597625732422,1122.0,1095.0,0.7290722131729126,0.01,0.09375812113285065,0.5467295050621033,0.5385587811470032,0.5325000286102295,0.5536458492279053,1305.0,1278.0,0.5,0.5,0.5,240.0,240.0,14.919856071472168,0.0,0.5,0.5,0.5,0.5,240.0,240.0
1,0.6208333373069763,0.6347141861915588,0.5953431725502014,789.0,745.0,0.6762366890907288,0.01,0.20156249403953552,0.5987105965614319,0.6028784513473511,0.589062511920929,0.6119791865348816,1175.0,1131.0,0.5083333253860474,0.5865147709846497,0.48116403818130493,255.0,206.0,1.648983359336853,0.03617854788899422,0.5355817079544067,0.5220417380332947,0.46875,0.5708333253860474,274.0,225.0
2,0.6333333253860474,0.6757357716560364,0.6262359023094177,713.0,726.0,0.6554649472236633,0.01,0.25079694390296936,0.6265724301338196,0.6244180202484131,0.6286458373069763,0.621874988079071,1194.0,1207.0,0.5041666626930237,0.5954817533493042,0.4609632194042206,276.0,137.0,1.5864158868789673,0.11402816325426102,0.5770612359046936,0.5982404947280884,0.42500001192092896,0.7145833373069763,343.0,204.0
3,0.6677083373069763,0.7149065136909485,0.6675359010696411,642.0,631.0,0.6240770816802979,0.01,0.33713391423225403,0.6675254106521606,0.6694604754447937,0.6656249761581421,0.6713541746139526,1289.0,1278.0,0.5,0.5437326431274414,0.5,240.0,240.0,3.282670021057129,0.0,0.5,0.5,0.5,0.5,240.0,240.0
4,0.6625000238418579,0.7146553993225098,0.6569629311561584,661.0,653.0,0.6220195293426514,0.01,0.31567949056625366,0.6574260592460632,0.6584727764129639,0.6557291746139526,0.6598958373069763,1267.0,1259.0,0.5,0.5754991173744202,0.5,240.0,240.0,2.139763355255127,0.0,0.5,0.5,0.5,0.5,240.0,240.0
5,0.6776041388511658,0.7368507981300354,0.6760499477386475,617.0,632.0,0.6046316623687744,0.0009999999,0.34959983825683594,0.676025390625,0.6733850240707397,0.6786458492279053,0.6708333492279053,1288.0,1303.0,0.5,0.5,0.5,240.0,240.0,6.870633125305176,0.0,0.5,0.5,0.5,0.5,240.0,240.0
6,0.7072916626930237,0.7825700044631958,0.706505537033081,561.0,568.0,0.558767557144165,0.0009999999,0.4120318591594696,0.7068006992340088,0.705241322517395,0.707812488079071,0.7041666507720947,1352.0,1359.0,0.5,0.5579448938369751,0.5,240.0,240.0,2.8192546367645264,0.0,0.5,0.5,0.5,0.5,240.0,240.0
