epoch,accuracy,auc,f1_score,fn,fp,loss,lr,mcc,npv,precision,recall,specificity,tn,tp,val_accuracy,val_auc,val_f1_score,val_fn,val_fp,val_loss,val_mcc,val_npv,val_precision,val_recall,val_specificity,val_tn,val_tp
0,0.4932291805744171,0.5026484727859497,0.4975561797618866,1197.0,1214.0,0.7523357272148132,0.01,-0.005754010286182165,0.49832817912101746,0.4977244436740875,0.5012500286102295,0.49270832538604736,1186.0,1203.0,0.5,0.5,0.0,480.0,0.0,6292.88916015625,0.0,0.5,0.0,0.0,1.0,480.0,0.0
1,0.5588541626930237,0.5849794745445251,0.5468981862068176,880.0,834.0,0.6971261501312256,0.01,0.10767224431037903,0.5534471273422241,0.5549626350402832,0.5416666865348816,0.565625011920929,1086.0,1040.0,0.5,0.5,0.5,240.0,240.0,15.630026817321777,0.0,0.5,0.5,0.5,0.5,240.0,240.0
2,0.6166666746139526,0.6473768353462219,0.6057013273239136,755.0,759.0,0.6693176627159119,0.01,0.2118915617465973,0.6060927510261536,0.605509340763092,0.6067708134651184,0.604687511920929,1161.0,1165.0,0.5,0.5209158062934875,0.5,240.0,240.0,3.1184606552124023,0.0,0.5,0.5,0.5,0.5,240.0,240.0
3,0.6401041746139526,0.6850560307502747,0.6393038630485535,696.0,685.0,0.6435577869415283,0.01,0.2808624804019928,0.6394945979118347,0.6411733627319336,0.637499988079071,0.6432291865348816,1235.0,1224.0,0.5,0.5,0.5,240.0,240.0,5.861133098602295,0.0,0.5,0.5,0.5,0.5,240.0,240.0
4,0.6416666507720947,0.6928537487983704,0.6372018456459045,697.0,695.0,0.6341354250907898,0.0009999999,0.27524423599243164,0.6375167965888977,0.6376433968544006,0.6369791626930237,0.6380208134651184,1225.0,1223.0,0.5,0.5163085460662842,0.5,240.0,240.0,3.089843273162842,0.0,0.5,0.5,0.5,0.5,240.0,240.0
5,0.659375011920929,0.7177358865737915,0.6607369780540466,648.0,658.0,0.6172872185707092,0.0009999999,0.319834440946579,0.6608028411865234,0.6590673327445984,0.6625000238418579,0.6572916507720947,1262.0,1272.0,0.5,0.5,0.5,240.0,240.0,4.28877592086792,0.0,0.5,0.5,0.5,0.5,240.0,240.0
