epoch,accuracy,auc,f1_score,fn,fp,loss,lr,mcc,npv,precision,recall,specificity,tn,tp,val_accuracy,val_auc,val_f1_score,val_fn,val_fp,val_loss,val_mcc,val_npv,val_precision,val_recall,val_specificity,val_tn,val_tp
0,0.520312488079071,0.5145256519317627,0.5190026760101318,1150.0,1192.0,0.7509135603904724,0.01,0.030573468655347824,0.5154715180397034,0.5118755102157593,0.5208333134651184,0.5041666626930237,1208.0,1250.0,0.5,0.5228341817855835,0.5,240.0,240.0,5.5123748779296875,0.0,0.5,0.5,0.5,0.5,240.0,240.0
1,0.5333333611488342,0.5421745181083679,0.516505777835846,933.0,904.0,0.7234508991241455,0.01,0.043353304266929626,0.5220837593078613,0.5219460725784302,0.5140625238418579,0.5291666388511658,1016.0,987.0,0.5,0.5351258516311646,0.0,480.0,0.0,2.247459650039673,0.0,0.5,0.0,0.0,1.0,480.0,0.0
2,0.5630208253860474,0.5923455357551575,0.5593087673187256,840.0,855.0,0.6857804656028748,0.01,0.11748535931110382,0.5596278309822083,0.5581395626068115,0.5625,0.5546875,1065.0,1080.0,0.5,0.5327907800674438,0.49947088956832886,241.0,234.0,2.6210153102874756,0.010059570893645287,0.5086257457733154,0.5052854418754578,0.49791666865348816,0.512499988079071,246.0,239.0
3,0.6000000238418579,0.6332470774650574,0.588948130607605,798.0,768.0,0.6746665835380554,0.01,0.18461517989635468,0.5904108881950378,0.5936508178710938,0.5843750238418579,0.6000000238418579,1152.0,1122.0,0.5,0.5,0.5,240.0,240.0,4.695005893707275,0.0,0.5,0.5,0.5,0.5,240.0,240.0
4,0.6177083253860474,0.6447239518165588,0.6117255091667175,743.0,753.0,0.662078320980072,0.0009999999,0.2210959941148758,0.6097519993782043,0.6098445653915405,0.6130208373069763,0.6078125238418579,1167.0,1177.0,0.5,0.5,0.5,240.0,240.0,6.6982951164245605,0.0,0.5,0.5,0.5,0.5,240.0,240.0
5,0.6385416388511658,0.6833651065826416,0.6383441090583801,691.0,701.0,0.6403417587280273,0.0009999999,0.27510395646095276,0.6384202241897583,0.6367875933647156,0.6401041746139526,0.6348958611488342,1219.0,1229.0,0.5,0.5,0.5,240.0,240.0,5.554031848907471,0.0,0.5,0.5,0.5,0.5,240.0,240.0
