epoch,accuracy,auc,f1_score,fn,fp,loss,lr,mcc,npv,precision,recall,specificity,tn,tp,val_accuracy,val_auc,val_f1_score,val_fn,val_fp,val_loss,val_mcc,val_npv,val_precision,val_recall,val_specificity,val_tn,val_tp
0,0.49791666865348816,0.499769002199173,0.5000628232955933,1193.0,1216.0,0.7430469393730164,0.01,-0.004849299788475037,0.4959595799446106,0.498142808675766,0.502916693687439,0.49166667461395264,1184.0,1207.0,0.5,0.5,0.5,240.0,240.0,93.99646759033203,0.0,0.5,0.5,0.5,0.5,240.0,240.0
1,0.5473958253860474,0.5518210530281067,0.5235697031021118,921.0,889.0,0.7050313949584961,0.01,0.057548243552446365,0.528832733631134,0.5291313529014587,0.520312488079071,0.5369791388511658,1031.0,999.0,0.5,0.5,0.5,240.0,240.0,8.518376350402832,0.0,0.5,0.5,0.5,0.5,240.0,240.0
2,0.5859375,0.6235009431838989,0.575685441493988,831.0,771.0,0.6744977831840515,0.01,0.16589246690273285,0.5806292295455933,0.5854838490486145,0.567187488079071,0.598437488079071,1149.0,1089.0,0.5,0.5475325584411621,0.5,240.0,240.0,2.6955151557922363,0.0,0.5,0.5,0.5,0.5,240.0,240.0
3,0.6239583492279053,0.669623076915741,0.6209958791732788,724.0,731.0,0.6528714895248413,0.01,0.24249619245529175,0.6229156851768494,0.6206538677215576,0.6229166388511658,0.6192708611488342,1189.0,1196.0,0.5,0.5,0.5,240.0,240.0,4.602805137634277,0.0,0.5,0.5,0.5,0.5,240.0,240.0
4,0.6489583253860474,0.7177298665046692,0.6499668955802917,673.0,671.0,0.6271018981933594,0.0009999999,0.3000310957431793,0.6495577096939087,0.6501564383506775,0.6494791507720947,0.6505208611488342,1249.0,1247.0,0.5,0.5916058421134949,0.5051282048225403,237.0,241.0,0.9903993606567383,0.0041035255417227745,0.5,0.5020661354064941,0.5062500238418579,0.49791666865348816,239.0,243.0
5,0.671875,0.736768901348114,0.6718324422836304,628.0,634.0,0.6065861582756042,0.0009999999,0.3427327871322632,0.6719657182693481,0.6708203554153442,0.6729166507720947,0.6697916388511658,1286.0,1292.0,0.5,0.5466688871383667,0.5,240.0,240.0,2.7379262447357178,0.0,0.5,0.5,0.5,0.5,240.0,240.0
