epoch,accuracy,auc,f1_score,fn,fp,loss,lr,mcc,npv,precision,recall,specificity,tn,tp,val_accuracy,val_auc,val_f1_score,val_fn,val_fp,val_loss,val_mcc,val_npv,val_precision,val_recall,val_specificity,val_tn,val_tp
0,0.542187511920929,0.5345282554626465,0.5346022844314575,1127.0,1148.0,0.7253695726394653,0.01,0.06531123071908951,0.5312201380729675,0.5258157849311829,0.5304166674613953,0.5270833373069763,1252.0,1273.0,0.5,0.5,0.5,240.0,240.0,28.565807342529297,0.0,0.5,0.5,0.5,0.5,240.0,240.0
1,0.5885416865348816,0.6113805174827576,0.5751101970672607,811.0,824.0,0.6863057613372803,0.01,0.1487138718366623,0.5753596425056458,0.5737196207046509,0.5776041746139526,0.5708333253860474,1096.0,1109.0,0.5,0.5482877492904663,0.5,240.0,240.0,2.2854068279266357,0.0,0.5,0.5,0.5,0.5,240.0,240.0
2,0.625,0.671026349067688,0.6235416531562805,722.0,724.0,0.65793776512146,0.01,0.2473054975271225,0.6233959794044495,0.6233090758323669,0.6239583492279053,0.6229166388511658,1196.0,1198.0,0.5,0.5,0.5,240.0,240.0,4.105583667755127,0.0,0.5,0.5,0.5,0.5,240.0,240.0
3,0.637499988079071,0.6913561224937439,0.6343448162078857,705.0,694.0,0.6374441385269165,0.01,0.2714252471923828,0.6354290843009949,0.6364588737487793,0.6328125,0.6385416388511658,1226.0,1215.0,0.5,0.5,0.5,240.0,240.0,8.652618408203125,0.0,0.5,0.5,0.5,0.5,240.0,240.0
4,0.6489583253860474,0.712149977684021,0.6501798033714294,670.0,675.0,0.6223517656326294,0.0009999999,0.2995384633541107,0.6501495838165283,0.649350643157959,0.6510416865348816,0.6484375,1245.0,1250.0,0.5,0.5,0.5,240.0,240.0,6.010207176208496,0.0,0.5,0.5,0.5,0.5,240.0,240.0
5,0.6885416507720947,0.7488401532173157,0.6884861588478088,597.0,600.0,0.5946475863456726,0.0009999999,0.3765922784805298,0.6886453628540039,0.6879875063896179,0.6890624761581421,0.6875,1320.0,1323.0,0.5,0.5,0.5,240.0,240.0,6.834836483001709,0.0,0.5,0.5,0.5,0.5,240.0,240.0
