epoch,accuracy,auc,f1_score,fn,fp,loss,lr,mcc,npv,precision,recall,specificity,tn,tp,val_accuracy,val_auc,val_f1_score,val_fn,val_fp,val_loss,val_mcc,val_npv,val_precision,val_recall,val_specificity,val_tn,val_tp
0,0.5526041388511658,0.5503340363502502,0.5428923964500427,1114.0,1112.0,0.7159523367881775,0.01,0.09060002863407135,0.5471450686454773,0.5362802147865295,0.5358333587646484,0.5458333492279053,1288.0,1286.0,0.5,0.5,0.5,240.0,240.0,23.710887908935547,0.0,0.5,0.5,0.5,0.5,240.0,240.0
1,0.6104166507720947,0.662807047367096,0.6088750958442688,747.0,758.0,0.6596757769584656,0.01,0.21632660925388336,0.6089801788330078,0.6074572801589966,0.6109374761581421,0.6052083373069763,1162.0,1173.0,0.5,0.5,0.5,240.0,240.0,4.613379001617432,0.0,0.5,0.5,0.5,0.5,240.0,240.0
2,0.651562511920929,0.7049953937530518,0.6507092714309692,671.0,669.0,0.6308777928352356,0.01,0.30218568444252014,0.651177704334259,0.6511991620063782,0.6505208611488342,0.651562511920929,1251.0,1249.0,0.5,0.5,0.5,240.0,240.0,5.396832466125488,0.0,0.5,0.5,0.5,0.5,240.0,240.0
3,0.6781250238418579,0.7458858489990234,0.6770347356796265,623.0,614.0,0.5973196029663086,0.01,0.3557731807231903,0.6771668791770935,0.6787022352218628,0.6755208373069763,0.6802083253860474,1306.0,1297.0,0.5,0.5,0.5,240.0,240.0,9.269281387329102,0.0,0.5,0.5,0.5,0.5,240.0,240.0
4,0.7276041507720947,0.8000809550285339,0.7273064851760864,524.0,523.0,0.5541780591011047,0.0009999999,0.45469334721565247,0.72716224193573,0.7274622321128845,0.7270833253860474,0.7276041507720947,1397.0,1396.0,0.5,0.5,0.5,240.0,240.0,5.959397315979004,0.0,0.5,0.5,0.5,0.5,240.0,240.0
5,0.7479166388511658,0.8299791812896729,0.748036801815033,483.0,485.0,0.5078968405723572,0.0009999999,0.49584197998046875,0.7482022643089294,0.7476586699485779,0.7484375238418579,0.7473958134651184,1435.0,1437.0,0.5,0.5,0.5,240.0,240.0,7.73356819152832,0.0,0.5,0.5,0.5,0.5,240.0,240.0
