epoch,accuracy,auc,f1_score,fn,fp,loss,lr,mcc,npv,precision,recall,specificity,tn,tp,val_accuracy,val_auc,val_f1_score,val_fn,val_fp,val_loss,val_mcc,val_npv,val_precision,val_recall,val_specificity,val_tn,val_tp
0,0.5453125238418579,0.5312541127204895,0.5344370603561401,1133.0,1129.0,0.73643958568573,0.01,0.0720813125371933,0.536693274974823,0.52879798412323,0.527916669845581,0.5369791388511658,1271.0,1267.0,0.5,0.520277738571167,0.5,240.0,240.0,13.250762939453125,0.0,0.5,0.5,0.5,0.5,240.0,240.0
1,0.5786458253860474,0.6028110980987549,0.5634416937828064,830.0,852.0,0.6923658847808838,0.01,0.12431012094020844,0.5635356307029724,0.5612770318984985,0.5677083134651184,0.5562499761581421,1068.0,1090.0,0.5,0.5,0.5,240.0,240.0,12.504851341247559,0.0,0.5,0.5,0.5,0.5,240.0,240.0
2,0.5994791388511658,0.63414067029953,0.5879122614860535,795.0,779.0,0.6749328970909119,0.01,0.18052776157855988,0.589802622795105,0.5908613204956055,0.5859375,0.5942708253860474,1141.0,1125.0,0.5,0.5010416507720947,0.5,240.0,240.0,4.502747535705566,0.0,0.5,0.5,0.5,0.5,240.0,240.0
3,0.6317708492279053,0.6772119998931885,0.630153477191925,709.0,711.0,0.6477295756340027,0.01,0.2605243921279907,0.6308068037033081,0.630072832107544,0.6307291388511658,0.629687488079071,1209.0,1211.0,0.5,0.5,0.5,240.0,240.0,5.574938774108887,0.0,0.5,0.5,0.5,0.5,240.0,240.0
4,0.6739583611488342,0.7157626748085022,0.6745365262031555,625.0,625.0,0.6229978799819946,0.0009999999,0.3489919602870941,0.6743334531784058,0.6744791865348816,0.6744791865348816,0.6744791865348816,1295.0,1295.0,0.5,0.5,0.5,240.0,240.0,5.678160667419434,0.0,0.5,0.5,0.5,0.5,240.0,240.0
5,0.6734374761581421,0.7315028309822083,0.6740010380744934,624.0,630.0,0.6081554293632507,0.0009999999,0.3468984067440033,0.6738681793212891,0.672897219657898,0.675000011920929,0.671875,1290.0,1296.0,0.5,0.5,0.5,240.0,240.0,4.804145812988281,0.0,0.5,0.5,0.5,0.5,240.0,240.0
