epoch,accuracy,auc,f1_score,fn,fp,loss,lr,mcc,npv,precision,recall,specificity,tn,tp,val_accuracy,val_auc,val_f1_score,val_fn,val_fp,val_loss,val_mcc,val_npv,val_precision,val_recall,val_specificity,val_tn,val_tp
0,0.5473958253860474,0.5406078696250916,0.5348225831985474,1161.0,1095.0,0.7359787225723267,0.01,0.07273447513580322,0.535578727722168,0.5308483242988586,0.5162500143051147,0.5380208492279053,1305.0,1239.0,0.5,0.5,0.5,240.0,240.0,28.65636444091797,0.0,0.5,0.5,0.5,0.5,240.0,240.0
1,0.5739583373069763,0.585469126701355,0.5613254308700562,838.0,847.0,0.7038965821266174,0.01,0.12301382422447205,0.5616484880447388,0.5609123706817627,0.5635416507720947,0.5588541626930237,1073.0,1082.0,0.5,0.52518230676651,0.0,480.0,0.0,4.13019323348999,0.0,0.5,0.0,0.0,1.0,480.0,0.0
2,0.6088541746139526,0.650644063949585,0.6039444804191589,759.0,761.0,0.6626929044723511,0.01,0.20856873691082,0.6048492789268494,0.6040582656860352,0.604687511920929,0.6036458611488342,1159.0,1161.0,0.5,0.5,0.5,240.0,240.0,6.315861225128174,0.0,0.5,0.5,0.5,0.5,240.0,240.0
3,0.6177083253860474,0.6691909432411194,0.614854097366333,738.0,742.0,0.6473678350448608,0.01,0.22925631701946259,0.6150315999984741,0.614345133304596,0.6156250238418579,0.6135416626930237,1178.0,1182.0,0.5,0.5,0.5,240.0,240.0,6.3430376052856445,0.0,0.5,0.5,0.5,0.5,240.0,240.0
4,0.6510416865348816,0.7046906352043152,0.6508288979530334,668.0,675.0,0.6280964612960815,0.0009999999,0.3005557060241699,0.6509391665458679,0.6497145891189575,0.6520833373069763,0.6484375,1245.0,1252.0,0.5,0.5,0.5,240.0,240.0,6.791971683502197,0.0,0.5,0.5,0.5,0.5,240.0,240.0
5,0.6567708253860474,0.7207398414611816,0.6577666997909546,655.0,661.0,0.6168991923332214,0.0009999999,0.31464388966560364,0.6578891277313232,0.6568016409873962,0.6588541865348816,0.6557291746139526,1259.0,1265.0,0.5,0.5,0.5,240.0,240.0,5.252748489379883,0.0,0.5,0.5,0.5,0.5,240.0,240.0
