epoch,accuracy,auc,f1_score,fn,fp,loss,lr,mcc,npv,precision,recall,specificity,tn,tp,val_accuracy,val_auc,val_f1_score,val_fn,val_fp,val_loss,val_mcc,val_npv,val_precision,val_recall,val_specificity,val_tn,val_tp
0,0.551562488079071,0.5337970852851868,0.5388666987419128,1124.0,1120.0,0.7185546159744263,0.01,0.08165000379085541,0.5414000749588013,0.5325542688369751,0.5316666960716248,0.5416666865348816,1280.0,1276.0,0.5,0.5,0.5,240.0,240.0,31.489816665649414,0.0,0.5,0.5,0.5,0.5,240.0,240.0
1,0.6385416388511658,0.6739490628242493,0.6296085119247437,703.0,727.0,0.6532343626022339,0.01,0.2557031512260437,0.6295502185821533,0.626028835773468,0.6338541507720947,0.6213541626930237,1193.0,1217.0,0.5,0.5,0.5,240.0,240.0,7.5851054191589355,0.0,0.5,0.5,0.5,0.5,240.0,240.0
2,0.6677083373069763,0.715675950050354,0.6610730290412903,663.0,624.0,0.6209390759468079,0.01,0.32997938990592957,0.6621386408805847,0.6682615876197815,0.6546875238418579,0.675000011920929,1296.0,1257.0,0.5,0.5,0.5,240.0,240.0,6.08626651763916,0.0,0.5,0.5,0.5,0.5,240.0,240.0
3,0.6901041865348816,0.754267156124115,0.6900627613067627,596.0,593.0,0.5867692828178406,0.01,0.38073500990867615,0.6901830434799194,0.6906625032424927,0.6895833611488342,0.6911458373069763,1327.0,1324.0,0.5,0.5,0.5,240.0,240.0,7.819133281707764,0.0,0.5,0.5,0.5,0.5,240.0,240.0
4,0.723437488079071,0.800523579120636,0.7238861918449402,529.0,532.0,0.5437381267547607,0.0009999999,0.4474082887172699,0.7241095304489136,0.7233489155769348,0.7244791388511658,0.7229166626930237,1388.0,1391.0,0.5,0.5,0.5,240.0,240.0,5.566590785980225,0.0,0.5,0.5,0.5,0.5,240.0,240.0
5,0.7697916626930237,0.8429967761039734,0.7694631218910217,441.0,445.0,0.4906246066093445,0.0009999999,0.538561999797821,0.7699428796768188,0.7687110304832458,0.770312488079071,0.7682291865348816,1475.0,1479.0,0.5,0.5,0.5,240.0,240.0,6.810062885284424,0.0,0.5,0.5,0.5,0.5,240.0,240.0
