epoch,accuracy,auc,f1_score,fn,fp,loss,lr,mcc,npv,precision,recall,specificity,tn,tp,val_accuracy,val_auc,val_f1_score,val_fn,val_fp,val_loss,val_mcc,val_npv,val_precision,val_recall,val_specificity,val_tn,val_tp
0,0.5598958134651184,0.5569680333137512,0.5507319569587708,1106.0,1091.0,0.7090014219284058,0.01,0.10607683658599854,0.552226185798645,0.5425576567649841,0.5391666889190674,0.5567708611488342,1309.0,1294.0,0.5,0.5,0.5,240.0,240.0,12.967629432678223,0.0,0.5,0.5,0.5,0.5,240.0,240.0
1,0.6390625238418579,0.6801602840423584,0.6287548542022705,719.0,695.0,0.654339075088501,0.01,0.26394370198249817,0.6312353610992432,0.6334388256072998,0.6255208253860474,0.6380208134651184,1225.0,1201.0,0.5,0.5,0.5,240.0,240.0,6.672544002532959,0.0,0.5,0.5,0.5,0.5,240.0,240.0
2,0.6682291626930237,0.7265497446060181,0.6648402810096741,646.0,636.0,0.613784909248352,0.01,0.33237773180007935,0.6661176681518555,0.6670157313346863,0.6635416746139526,0.668749988079071,1284.0,1274.0,0.5,0.535559892654419,0.55484938621521,198.0,265.0,1.4305733442306519,0.03169090673327446,0.5012345910072327,0.515539288520813,0.5874999761581421,0.4479166567325592,215.0,282.0
3,0.7072916626930237,0.7619803547859192,0.7051659822463989,568.0,562.0,0.5911802649497986,0.01,0.4115341901779175,0.7053154110908508,0.7063741087913513,0.7041666507720947,0.7072916626930237,1358.0,1352.0,0.5,0.5,0.5,240.0,240.0,4.9799017906188965,0.0,0.5,0.5,0.5,0.5,240.0,240.0
4,0.7223958373069763,0.7799986600875854,0.715516209602356,551.0,536.0,0.5753532648086548,0.0009999999,0.4340475797653198,0.7158301472663879,0.7186351418495178,0.7130208611488342,0.7208333611488342,1384.0,1369.0,0.5,0.5,0.5,240.0,240.0,5.614314079284668,0.0,0.5,0.5,0.5,0.5,240.0,240.0
5,0.753125011920929,0.8292190432548523,0.7528150081634521,475.0,474.0,0.5110985040664673,0.0009999999,0.5057507753372192,0.7527151107788086,0.7529963254928589,0.7526041865348816,0.753125011920929,1446.0,1445.0,0.5,0.5,0.5,240.0,240.0,5.245176792144775,0.0,0.5,0.5,0.5,0.5,240.0,240.0
