epoch,accuracy,auc,f1_score,fn,fp,loss,lr,mcc,npv,precision,recall,specificity,tn,tp,val_accuracy,val_auc,val_f1_score,val_fn,val_fp,val_loss,val_mcc,val_npv,val_precision,val_recall,val_specificity,val_tn,val_tp
0,0.5083333253860474,0.5091933012008667,0.5000600218772888,1202.0,1177.0,0.7366130948066711,0.01,0.010773972608149052,0.505933940410614,0.504421055316925,0.49916666746139526,0.5119791626930237,1223.0,1198.0,0.5041666626930237,0.46601566672325134,0.4375257194042206,292.0,206.0,0.740348756313324,-0.03212158381938934,0.4736860692501068,0.4771573543548584,0.3916666805744171,0.5708333253860474,274.0,188.0
1,0.5526041388511658,0.5481517314910889,0.5294145345687866,911.0,878.0,0.7042867541313171,0.01,0.06877090781927109,0.5326050519943237,0.5347111821174622,0.5255208611488342,0.5427083373069763,1042.0,1009.0,0.5,0.5132834315299988,0.4978494644165039,242.0,239.0,0.8983659744262695,-0.001992471981793642,0.4980986416339874,0.49895179271698,0.4958333373069763,0.5020833611488342,241.0,238.0
2,0.6458333134651184,0.690313994884491,0.6384477019309998,699.0,681.0,0.6415420174598694,0.01,0.28158578276634216,0.6401302218437195,0.6419558525085449,0.635937511920929,0.645312488079071,1239.0,1221.0,0.5,0.5343337655067444,0.5,240.0,240.0,1.5934561491012573,0.0,0.5,0.5,0.5,0.5,240.0,240.0
3,0.676562488079071,0.7341452240943909,0.6704688668251038,632.0,633.0,0.6065869927406311,0.01,0.34128889441490173,0.6710253953933716,0.6704841256141663,0.6708333492279053,0.6703125238418579,1287.0,1288.0,0.5,0.5553103685379028,0.4941957890987396,246.0,230.0,0.9717134237289429,0.00894839782267809,0.5073584318161011,0.5043103694915771,0.48750001192092896,0.5208333134651184,250.0,234.0
4,0.7171875238418579,0.7823843955993652,0.7170913219451904,541.0,547.0,0.5714923143386841,0.0009999999,0.4333552122116089,0.7173890471458435,0.7159916758537292,0.7182291746139526,0.7151041626930237,1373.0,1379.0,0.5,0.5545008182525635,0.5,240.0,240.0,1.1389367580413818,0.0,0.5,0.5,0.5,0.5,240.0,240.0
5,0.746874988079071,0.821230947971344,0.7468968629837036,487.0,484.0,0.5164821147918701,0.0009999999,0.49428531527519226,0.7468322515487671,0.7475221753120422,0.7463541626930237,0.7479166388511658,1436.0,1433.0,0.5,0.5603103637695312,0.4978836178779602,242.0,239.0,1.0222179889678955,-0.0020517746452242136,0.4979797899723053,0.49895179271698,0.4958333373069763,0.5020833611488342,241.0,238.0
