epoch,accuracy,auc,f1_score,fn,fp,loss,lr,mcc,npv,precision,recall,specificity,tn,tp,val_accuracy,val_auc,val_f1_score,val_fn,val_fp,val_loss,val_mcc,val_npv,val_precision,val_recall,val_specificity,val_tn,val_tp
0,0.5177083611488342,0.5138771533966064,0.5119557976722717,1174.0,1174.0,0.747663676738739,0.01,0.026479804888367653,0.5129884481430054,0.5108333230018616,0.5108333230018616,0.5135416388511658,1226.0,1226.0,0.5,0.5,0.5,240.0,240.0,11.955472946166992,0.0,0.5,0.5,0.5,0.5,240.0,240.0
1,0.5583333373069763,0.5832157135009766,0.5507600903511047,870.0,841.0,0.705945611000061,0.01,0.1092337891459465,0.5528056621551514,0.5552617907524109,0.546875,0.5619791746139526,1079.0,1050.0,0.5,0.5,0.5,240.0,240.0,5.4522318840026855,0.0,0.5,0.5,0.5,0.5,240.0,240.0
2,0.606249988079071,0.6461313366889954,0.5979396104812622,776.0,759.0,0.6627568006515503,0.01,0.2008906751871109,0.5999304056167603,0.6011560559272766,0.5958333611488342,0.604687511920929,1161.0,1144.0,0.5,0.5570963621139526,0.5,240.0,240.0,2.654041051864624,0.0,0.5,0.5,0.5,0.5,240.0,240.0
3,0.6343749761581421,0.6853489279747009,0.6315444707870483,707.0,708.0,0.6378238797187805,0.01,0.2631109654903412,0.6316109299659729,0.6314419507980347,0.6317708492279053,0.6312500238418579,1212.0,1213.0,0.5,0.5,0.5,240.0,240.0,7.255301475524902,0.0,0.5,0.5,0.5,0.5,240.0,240.0
4,0.6536458134651184,0.709500253200531,0.6516913771629333,669.0,667.0,0.6241331100463867,0.0009999999,0.30422720313072205,0.652339518070221,0.6522419452667236,0.651562511920929,0.6526041626930237,1253.0,1251.0,0.5,0.5,0.5,240.0,240.0,4.710455417633057,0.0,0.5,0.5,0.5,0.5,240.0,240.0
5,0.6869791746139526,0.7505837678909302,0.6871005296707153,599.0,604.0,0.5944143533706665,0.0009999999,0.3734581172466278,0.6872528195381165,0.6862337589263916,0.6880208253860474,0.6854166388511658,1316.0,1321.0,0.5,0.5,0.5,240.0,240.0,4.853546619415283,0.0,0.5,0.5,0.5,0.5,240.0,240.0
