epoch,accuracy,auc,f1_score,fn,fp,loss,lr,mcc,npv,precision,recall,specificity,tn,tp,val_accuracy,val_auc,val_f1_score,val_fn,val_fp,val_loss,val_mcc,val_npv,val_precision,val_recall,val_specificity,val_tn,val_tp
0,0.5291666388511658,0.5232698321342468,0.5241336226463318,1148.0,1153.0,0.7323518991470337,0.01,0.05080005154013634,0.5259509086608887,0.5205821394920349,0.5216666460037231,0.5239583253860474,1247.0,1252.0,0.5,0.5,0.5,240.0,240.0,7.334191799163818,0.0,0.5,0.5,0.5,0.5,240.0,240.0
1,0.6213541626930237,0.6515562534332275,0.6129152178764343,747.0,731.0,0.6788751482963562,0.01,0.23070137202739716,0.6146814227104187,0.6160714030265808,0.6109374761581421,0.6192708611488342,1189.0,1173.0,0.5,0.5,0.5,240.0,240.0,19.868793487548828,0.0,0.5,0.5,0.5,0.5,240.0,240.0
2,0.6510416865348816,0.7048198580741882,0.6461232304573059,684.0,669.0,0.634294331073761,0.01,0.2954125702381134,0.6467552781105042,0.6488189101219177,0.643750011920929,0.651562511920929,1251.0,1236.0,0.5,0.5397244095802307,0.5,240.0,240.0,3.257732391357422,0.0,0.5,0.5,0.5,0.5,240.0,240.0
3,0.6927083134651184,0.747986376285553,0.6904289126396179,595.0,593.0,0.5998954772949219,0.01,0.3813795745372772,0.6905243992805481,0.6908237934112549,0.6901041865348816,0.6911458373069763,1327.0,1325.0,0.5,0.5,0.5,240.0,240.0,7.762800693511963,0.0,0.5,0.5,0.5,0.5,240.0,240.0
4,0.723437488079071,0.79417484998703,0.7230587005615234,531.0,533.0,0.551799476146698,0.0009999999,0.4458480775356293,0.7231594920158386,0.7226846814155579,0.723437488079071,0.7223958373069763,1387.0,1389.0,0.5,0.6170291304588318,0.5020512938499451,239.0,240.0,1.8661307096481323,0.0020517667289823294,0.5,0.5010395050048828,0.5020833611488342,0.5,240.0,241.0
5,0.7505208253860474,0.8268371224403381,0.7514238357543945,477.0,478.0,0.5117924213409424,0.0009999999,0.5026604533195496,0.7513492107391357,0.7511712908744812,0.7515624761581421,0.7510416507720947,1442.0,1443.0,0.5,0.5,0.5,240.0,240.0,6.7606425285339355,0.0,0.5,0.5,0.5,0.5,240.0,240.0
