epoch,accuracy,auc,f1_score,fn,fp,loss,lr,mcc,npv,precision,recall,specificity,tn,tp,val_accuracy,val_auc,val_f1_score,val_fn,val_fp,val_loss,val_mcc,val_npv,val_precision,val_recall,val_specificity,val_tn,val_tp
0,0.5619791746139526,0.6079649925231934,0.5530585050582886,1025.0,1036.0,0.7244476079940796,0.01,0.10725972056388855,0.5562979578971863,0.5703027844429016,0.5729166865348816,0.5489583611488342,1364.0,1375.0,0.5,0.5,0.5,240.0,240.0,24.395660400390625,0.0,0.5,0.5,0.5,0.5,240.0,240.0
1,0.6109374761581421,0.6404027938842773,0.6006948947906494,753.0,796.0,0.6774606108665466,0.01,0.19355036318302155,0.5992637872695923,0.5944982171058655,0.6078125238418579,0.5854166746139526,1124.0,1167.0,0.5,0.5,0.5,240.0,240.0,12.632023811340332,0.0,0.5,0.5,0.5,0.5,240.0,240.0
2,0.6416666507720947,0.680107593536377,0.6352955102920532,697.0,707.0,0.6481331586837769,0.01,0.26894187927246094,0.6350164413452148,0.6336787343025208,0.6369791626930237,0.6317708492279053,1213.0,1223.0,0.5,0.5,0.5,240.0,240.0,6.101043701171875,0.0,0.5,0.5,0.5,0.5,240.0,240.0
3,0.6651041507720947,0.7123575806617737,0.6635417342185974,646.0,644.0,0.6265974044799805,0.01,0.3282448649406433,0.6645715832710266,0.6642335653305054,0.6635416746139526,0.6645833253860474,1276.0,1274.0,0.5,0.5653125047683716,0.5,240.0,240.0,1.1264106035232544,0.0,0.5,0.5,0.5,0.5,240.0,240.0
4,0.6807291507720947,0.7423868775367737,0.6814136505126953,612.0,611.0,0.5976535677909851,0.0009999999,0.36309853196144104,0.6814491748809814,0.6816049814224243,0.6812499761581421,0.6817708611488342,1309.0,1308.0,0.5,0.5,0.5,240.0,240.0,3.9733502864837646,0.0,0.5,0.5,0.5,0.5,240.0,240.0
5,0.7145833373069763,0.7781756520271301,0.7138603329658508,549.0,550.0,0.5666267275810242,0.0009999999,0.4276334047317505,0.7139535546302795,0.7136907577514648,0.714062511920929,0.7135416865348816,1370.0,1371.0,0.5,0.5,0.5,240.0,240.0,5.2942681312561035,0.0,0.5,0.5,0.5,0.5,240.0,240.0
