epoch,accuracy,auc,f1_score,fn,fp,loss,lr,mcc,npv,precision,recall,specificity,tn,tp,val_accuracy,val_auc,val_f1_score,val_fn,val_fp,val_loss,val_mcc,val_npv,val_precision,val_recall,val_specificity,val_tn,val_tp
0,0.520312488079071,0.5150194764137268,0.5191554427146912,1150.0,1194.0,0.7458381652832031,0.01,0.029079025611281395,0.5138888359069824,0.5114566087722778,0.5208333134651184,0.503125011920929,1206.0,1250.0,0.5,0.5396853685379028,0.5,240.0,240.0,2.0351908206939697,0.0,0.5,0.5,0.5,0.5,240.0,240.0
1,0.5739583373069763,0.6040094494819641,0.5644784569740295,837.0,827.0,0.6935138702392578,0.01,0.13362160325050354,0.5667553544044495,0.5670157074928284,0.5640624761581421,0.5692708492279053,1093.0,1083.0,0.5,0.5301865935325623,0.5,240.0,240.0,3.377680540084839,0.0,0.5,0.5,0.5,0.5,240.0,240.0
2,0.6458333134651184,0.6887654662132263,0.6426823139190674,687.0,683.0,0.6441317796707153,0.01,0.2866196930408478,0.6431800127029419,0.643528163433075,0.6421874761581421,0.6442708373069763,1237.0,1233.0,0.5,0.5976388454437256,0.483002245426178,256.0,186.0,1.3714592456817627,0.0693296268582344,0.5579260587692261,0.5463414788246155,0.46666666865348816,0.612500011920929,294.0,224.0
3,0.6791666746139526,0.7236894965171814,0.6765502095222473,617.0,630.0,0.6248587965965271,0.01,0.35072848200798035,0.6760013699531555,0.6740817427635193,0.6786458492279053,0.671875,1290.0,1303.0,0.5,0.5,0.5,240.0,240.0,4.804629325866699,0.0,0.5,0.5,0.5,0.5,240.0,240.0
4,0.6880208253860474,0.748295783996582,0.6895144581794739,597.0,594.0,0.5996841788291931,0.0009999999,0.37971368432044983,0.6897152066230774,0.6901408433914185,0.6890624761581421,0.690625011920929,1326.0,1323.0,0.5,0.5810742378234863,0.5,240.0,240.0,2.1253671646118164,0.0,0.5,0.5,0.5,0.5,240.0,240.0
5,0.7416666746139526,0.815927267074585,0.7407872676849365,498.0,497.0,0.5279699563980103,0.0009999999,0.48179346323013306,0.7408347725868225,0.7410109639167786,0.7406250238418579,0.7411458492279053,1423.0,1422.0,0.5,0.5,0.5,240.0,240.0,5.046156883239746,0.0,0.5,0.5,0.5,0.5,240.0,240.0
