epoch,accuracy,auc,f1_score,fn,fp,loss,lr,mcc,npv,precision,recall,specificity,tn,tp,val_accuracy,val_auc,val_f1_score,val_fn,val_fp,val_loss,val_mcc,val_npv,val_precision,val_recall,val_specificity,val_tn,val_tp
0,0.5020833611488342,0.505817174911499,0.5120581984519958,1170.0,1181.0,0.7485562562942505,0.01,0.02595546841621399,0.514620840549469,0.5101617574691772,0.512499988079071,0.5098958611488342,1219.0,1230.0,0.5,0.5,0.5,240.0,240.0,11.412644386291504,0.0,0.5,0.5,0.5,0.5,240.0,240.0
1,0.590624988079071,0.6026723384857178,0.567605197429657,847.0,781.0,0.7019495368003845,0.01,0.15270736813545227,0.5741057991981506,0.5787486433982849,0.5588541626930237,0.5932291746139526,1139.0,1073.0,0.5,0.5,0.5,240.0,240.0,11.889253616333008,0.0,0.5,0.5,0.5,0.5,240.0,240.0
2,0.620312511920929,0.6536336541175842,0.6116673350334167,747.0,741.0,0.6659737825393677,0.01,0.2252771109342575,0.6123838424682617,0.6128526926040649,0.6109374761581421,0.614062488079071,1179.0,1173.0,0.5,0.584242582321167,0.5,240.0,240.0,1.782696008682251,0.0,0.5,0.5,0.5,0.5,240.0,240.0
3,0.6614583134651184,0.7056398391723633,0.6622020602226257,649.0,647.0,0.6324070692062378,0.01,0.3250804841518402,0.662547767162323,0.6626694202423096,0.6619791388511658,0.6630208492279053,1273.0,1271.0,0.5,0.5,0.5,240.0,240.0,6.795671463012695,0.0,0.5,0.5,0.5,0.5,240.0,240.0
4,0.659375011920929,0.7055442929267883,0.657822847366333,660.0,650.0,0.6282522082328796,0.0009999999,0.3178015351295471,0.6583267450332642,0.6596858501434326,0.65625,0.6614583134651184,1270.0,1260.0,0.5,0.5,0.5,240.0,240.0,4.035964488983154,0.0,0.5,0.5,0.5,0.5,240.0,240.0
5,0.703125,0.7735446691513062,0.703062117099762,570.0,571.0,0.5728603601455688,0.0009999999,0.405746191740036,0.7027269005775452,0.7027589678764343,0.703125,0.7026041746139526,1349.0,1350.0,0.5,0.5,0.5,240.0,240.0,5.199203014373779,0.0,0.5,0.5,0.5,0.5,240.0,240.0
