epoch,accuracy,auc,f1_score,fn,fp,loss,lr,mcc,npv,precision,recall,specificity,tn,tp,val_accuracy,val_auc,val_f1_score,val_fn,val_fp,val_loss,val_mcc,val_npv,val_precision,val_recall,val_specificity,val_tn,val_tp
0,0.5317708253860474,0.530256986618042,0.5303481817245483,1138.0,1142.0,0.7330256104469299,0.01,0.06282616406679153,0.5323202610015869,0.5249584317207336,0.5258333086967468,0.5302083492279053,1258.0,1262.0,0.5,0.5,0.5,240.0,240.0,7.703633785247803,0.0,0.5,0.5,0.5,0.5,240.0,240.0
1,0.6057291626930237,0.6271094679832458,0.5928969979286194,788.0,768.0,0.6827861666679382,0.01,0.18994824588298798,0.5930504202842712,0.5957894921302795,0.5895833373069763,0.6000000238418579,1152.0,1132.0,0.5,0.5,0.5,240.0,240.0,5.528879165649414,0.0,0.5,0.5,0.5,0.5,240.0,240.0
2,0.6286458373069763,0.6658528447151184,0.6229056715965271,725.0,721.0,0.658178448677063,0.01,0.24708837270736694,0.6233217120170593,0.6236951947212219,0.6223958134651184,0.6244791746139526,1199.0,1195.0,0.5,0.5408875346183777,0.5,240.0,240.0,3.5491297245025635,0.0,0.5,0.5,0.5,0.5,240.0,240.0
3,0.6510416865348816,0.7001299858093262,0.648605227470398,676.0,673.0,0.6303740739822388,0.01,0.2975058853626251,0.6480795741081238,0.6489306092262268,0.6479166746139526,0.6494791507720947,1247.0,1244.0,0.5,0.5,0.5,240.0,240.0,11.246182441711426,0.0,0.5,0.5,0.5,0.5,240.0,240.0
4,0.6697916388511658,0.7327088713645935,0.6701086163520813,633.0,635.0,0.6051779389381409,0.0009999999,0.3396296203136444,0.6696751713752747,0.6696149706840515,0.6703125238418579,0.6692708134651184,1285.0,1287.0,0.5,0.5,0.5,240.0,240.0,9.771449089050293,0.0,0.5,0.5,0.5,0.5,240.0,240.0
5,0.7166666388511658,0.778886616230011,0.7168163061141968,544.0,543.0,0.5683063864707947,0.0009999999,0.43389156460762024,0.7169074416160583,0.7170401215553284,0.7166666388511658,0.7171875238418579,1377.0,1376.0,0.5,0.5,0.5,240.0,240.0,8.338995933532715,0.0,0.5,0.5,0.5,0.5,240.0,240.0
