epoch,accuracy,auc,f1_score,fn,fp,loss,lr,mcc,npv,precision,recall,specificity,tn,tp,val_accuracy,val_auc,val_f1_score,val_fn,val_fp,val_loss,val_mcc,val_npv,val_precision,val_recall,val_specificity,val_tn,val_tp
0,0.5463541746139526,0.5392997860908508,0.5355803370475769,1138.0,1110.0,0.7290432453155518,0.01,0.07943341135978699,0.5378468036651611,0.5320404767990112,0.5258333086967468,0.546875,1290.0,1262.0,0.5,0.5,0.0,480.0,0.0,10.867386817932129,0.0,0.5,0.0,0.0,1.0,480.0,0.0
1,0.6151041388511658,0.6462304592132568,0.6106064319610596,743.0,759.0,0.671387791633606,0.01,0.21811366081237793,0.6091114282608032,0.6079545617103577,0.6130208373069763,0.604687511920929,1161.0,1177.0,0.5,0.5591428279876709,0.5,240.0,240.0,2.2644002437591553,0.0,0.5,0.5,0.5,0.5,240.0,240.0
2,0.6703125238418579,0.7132987380027771,0.6623215079307556,653.0,638.0,0.6279283165931702,0.01,0.32779449224472046,0.6627388000488281,0.665091872215271,0.6598958373069763,0.6677083373069763,1282.0,1267.0,0.5,0.5,0.5,240.0,240.0,10.791298866271973,0.0,0.5,0.5,0.5,0.5,240.0,240.0
3,0.6770833134651184,0.7355867624282837,0.677693247795105,617.0,622.0,0.6117200255393982,0.01,0.35479164123535156,0.6779764890670776,0.6768831014633179,0.6786458492279053,0.6760416626930237,1298.0,1303.0,0.5,0.5,0.5,240.0,240.0,11.477625846862793,0.0,0.5,0.5,0.5,0.5,240.0,240.0
4,0.6510416865348816,0.6996700167655945,0.6513752341270447,671.0,666.0,0.6352981328964233,0.0009999999,0.3037011921405792,0.6514161825180054,0.652219295501709,0.6505208611488342,0.653124988079071,1254.0,1249.0,0.5,0.5632226467132568,0.5,240.0,240.0,2.699934482574463,0.0,0.5,0.5,0.5,0.5,240.0,240.0
5,0.6968749761581421,0.7575291991233826,0.6956295371055603,584.0,585.0,0.5892052054405212,0.0009999999,0.3911689817905426,0.6957182288169861,0.6954711079597473,0.6958333253860474,0.6953125,1335.0,1336.0,0.5,0.6147612929344177,0.5,240.0,239.0,1.2649036645889282,0.0020517667289823294,0.5020201802253723,0.5010438561439514,0.5,0.5020833611488342,241.0,240.0
