epoch,accuracy,auc,f1_score,fn,fp,loss,lr,mcc,npv,precision,recall,specificity,tn,tp,val_accuracy,val_auc,val_f1_score,val_fn,val_fp,val_loss,val_mcc,val_npv,val_precision,val_recall,val_specificity,val_tn,val_tp
0,0.5526041388511658,0.5481010675430298,0.5393197536468506,1123.0,1119.0,0.7224002480506897,0.01,0.08212971687316895,0.5415281057357788,0.5329716205596924,0.5320833325386047,0.5416666865348816,1281.0,1277.0,0.5,0.5,0.5,240.0,240.0,33.42244338989258,0.0,0.5,0.5,0.5,0.5,240.0,240.0
1,0.6010416746139526,0.6369017958641052,0.5859785676002502,801.0,778.0,0.6737774610519409,0.01,0.1778886765241623,0.5881155729293823,0.5898787379264832,0.582812488079071,0.5947916507720947,1142.0,1119.0,0.5,0.5031119585037231,0.5,240.0,240.0,4.489985466003418,0.0,0.5,0.5,0.5,0.5,240.0,240.0
2,0.6328125,0.6707013845443726,0.6251462697982788,722.0,714.0,0.6522355675697327,0.01,0.252407044172287,0.6254270672798157,0.6265690326690674,0.6239583492279053,0.628125011920929,1206.0,1198.0,0.5,0.6070855259895325,0.5,240.0,240.0,2.0844454765319824,0.0,0.5,0.5,0.5,0.5,240.0,240.0
3,0.6598958373069763,0.6922283172607422,0.6528684496879578,669.0,661.0,0.6416488885879517,0.01,0.30750569701194763,0.6529509425163269,0.6542887091636658,0.651562511920929,0.6557291746139526,1259.0,1251.0,0.5,0.5844466686248779,0.5,240.0,240.0,1.3020492792129517,0.0,0.5,0.5,0.5,0.5,240.0,240.0
4,0.65625,0.7118615508079529,0.6567758321762085,659.0,659.0,0.6344979405403137,0.0009999999,0.31354573369026184,0.6567586064338684,0.6567708253860474,0.6567708253860474,0.6567708253860474,1261.0,1261.0,0.5,0.5156337022781372,0.5,240.0,240.0,3.1629035472869873,0.0,0.5,0.5,0.5,0.5,240.0,240.0
5,0.6916666626930237,0.7467890381813049,0.692464292049408,588.0,595.0,0.6021364331245422,0.0009999999,0.38392728567123413,0.6926929354667664,0.6912298798561096,0.6937500238418579,0.6901041865348816,1325.0,1332.0,0.5,0.5,0.5,240.0,240.0,4.597506523132324,0.0,0.5,0.5,0.5,0.5,240.0,240.0
