epoch,accuracy,auc,f1_score,fn,fp,loss,lr,mcc,npv,precision,recall,specificity,tn,tp,val_accuracy,val_auc,val_f1_score,val_fn,val_fp,val_loss,val_mcc,val_npv,val_precision,val_recall,val_specificity,val_tn,val_tp
0,0.5916666388511658,0.5765658020973206,0.5852639079093933,1039.0,1025.0,0.7227533459663391,0.01,0.175709068775177,0.5871527791023254,0.5704107284545898,0.5670833587646484,0.5911458134651184,1375.0,1361.0,0.5,0.5,0.5,240.0,240.0,110.80733489990234,0.0,0.5,0.5,0.5,0.5,240.0,240.0
1,0.6390625238418579,0.6789793372154236,0.6354231238365173,706.0,684.0,0.6514273285865784,0.01,0.27654317021369934,0.6372948884963989,0.6396206617355347,0.6322916746139526,0.643750011920929,1236.0,1214.0,0.5,0.5483224987983704,0.6666666269302368,0.0,480.0,0.992844820022583,0.0,0.0,0.5,1.0,0.0,0.0,480.0
2,0.6677083373069763,0.7189571261405945,0.6691601872444153,624.0,659.0,0.6194115877151489,0.01,0.33215150237083435,0.6684326529502869,0.6629155874252319,0.675000011920929,0.6567708253860474,1261.0,1296.0,0.5,0.5842534899711609,0.5,240.0,240.0,1.103944182395935,0.0,0.5,0.5,0.5,0.5,240.0,240.0
3,0.6927083134651184,0.7461624145507812,0.6890862584114075,604.0,584.0,0.5999424457550049,0.01,0.3815498352050781,0.6885054111480713,0.6926316022872925,0.6854166388511658,0.6958333253860474,1336.0,1316.0,0.5,0.6012434959411621,0.5,240.0,240.0,0.7524115443229675,0.0,0.5,0.5,0.5,0.5,240.0,240.0
4,0.6927083134651184,0.7457884550094604,0.6880847215652466,600.0,597.0,0.5989993810653687,0.0009999999,0.37689337134361267,0.6879027485847473,0.6885759234428406,0.6875,0.6890624761581421,1323.0,1320.0,0.5,0.6052083969116211,0.5420430898666382,216.0,244.0,0.6957846879959106,0.03978943079710007,0.5032975077629089,0.5196850299835205,0.550000011920929,0.49166667461395264,236.0,264.0
5,0.7171875238418579,0.7835051417350769,0.7180224061012268,535.0,552.0,0.5607108473777771,0.0009999999,0.43424442410469055,0.7192813158035278,0.7150232195854187,0.7213541865348816,0.7124999761581421,1368.0,1385.0,0.5,0.6235633492469788,0.5,240.0,240.0,0.9443899393081665,0.0,0.5,0.5,0.5,0.5,240.0,240.0
