epoch,accuracy,auc,f1_score,fn,fp,loss,lr,mcc,npv,precision,recall,specificity,tn,tp,val_accuracy,val_auc,val_f1_score,val_fn,val_fp,val_loss,val_mcc,val_npv,val_precision,val_recall,val_specificity,val_tn,val_tp
0,0.5213541388511658,0.5189772248268127,0.506426990032196,1190.0,1164.0,0.7388173937797546,0.01,0.024232110008597374,0.5125840902328491,0.5096883177757263,0.5041666626930237,0.518750011920929,1236.0,1210.0,0.5,0.5,0.5,240.0,240.0,13.635469436645508,0.0,0.5,0.5,0.5,0.5,240.0,240.0
1,0.5838541388511658,0.6131282448768616,0.5715479254722595,821.0,818.0,0.6875141859054565,0.01,0.1468912810087204,0.5738325119018555,0.5732915997505188,0.5723958611488342,0.5739583373069763,1102.0,1099.0,0.5,0.5,0.5,240.0,240.0,17.965795516967773,0.0,0.5,0.5,0.5,0.5,240.0,240.0
2,0.6499999761581421,0.6841979622840881,0.6409597396850586,693.0,682.0,0.6509857773780823,0.01,0.2840327024459839,0.6409400105476379,0.6427448987960815,0.6390625238418579,0.6447916626930237,1238.0,1227.0,0.5,0.5,0.5,240.0,240.0,5.351484775543213,0.0,0.5,0.5,0.5,0.5,240.0,240.0
3,0.660937488079071,0.6964800357818604,0.6536460518836975,663.0,669.0,0.6370102167129517,0.01,0.306519091129303,0.6535667777061462,0.6526479721069336,0.6546875238418579,0.651562511920929,1251.0,1257.0,0.5,0.5,0.5,240.0,240.0,12.170231819152832,0.0,0.5,0.5,0.5,0.5,240.0,240.0
4,0.6869791746139526,0.741187572479248,0.6824787259101868,614.0,601.0,0.5987978577613831,0.0009999999,0.36748436093330383,0.6824400424957275,0.6848453283309937,0.6802083253860474,0.6869791746139526,1319.0,1306.0,0.5,0.5446267127990723,0.6803866624832153,30.0,399.0,5.04194974899292,0.10387308895587921,0.5222222208976746,0.5300353169441223,0.9375,0.16875000298023224,81.0,450.0
5,0.7114583253860474,0.7713331580162048,0.7094376683235168,559.0,556.0,0.5736175179481506,0.0009999999,0.41944989562034607,0.7093164324760437,0.7099635004997253,0.7088541388511658,0.7104166746139526,1364.0,1361.0,0.5,0.5501801371574402,0.5,240.0,240.0,5.202568531036377,0.0,0.5,0.5,0.5,0.5,240.0,240.0
