epoch,accuracy,auc,f1_score,fn,fp,loss,lr,mcc,npv,precision,recall,specificity,tn,tp,val_accuracy,val_auc,val_f1_score,val_fn,val_fp,val_loss,val_mcc,val_npv,val_precision,val_recall,val_specificity,val_tn,val_tp
0,0.5630208253860474,0.540007472038269,0.549724280834198,1104.0,1104.0,0.726047933101654,0.01,0.10047344118356705,0.5486190915107727,0.5400000214576721,0.5400000214576721,0.550000011920929,1296.0,1296.0,0.5,0.5,0.5,240.0,240.0,15.577832221984863,0.0,0.5,0.5,0.5,0.5,240.0,240.0
1,0.6213541626930237,0.6492292284965515,0.6094655990600586,748.0,748.0,0.6656220555305481,0.01,0.22120176255702972,0.6118021607398987,0.6104166507720947,0.6104166507720947,0.6104166507720947,1172.0,1172.0,0.5,0.5408507585525513,0.5,240.0,240.0,1.621677279472351,0.0,0.5,0.5,0.5,0.5,240.0,240.0
2,0.6473958492279053,0.6925301551818848,0.6442142724990845,688.0,673.0,0.6414629220962524,0.01,0.29138368368148804,0.6443206667900085,0.6467191576957703,0.6416666507720947,0.6494791507720947,1247.0,1232.0,0.5,0.5,0.5,240.0,240.0,4.778138637542725,0.0,0.5,0.5,0.5,0.5,240.0,240.0
3,0.6697916388511658,0.7100811004638672,0.665590226650238,641.0,644.0,0.6265848875045776,0.01,0.3308061361312866,0.6656472086906433,0.6651065945625305,0.6661458611488342,0.6645833253860474,1276.0,1279.0,0.5,0.5822287201881409,0.5,240.0,239.0,1.2045753002166748,0.0020517667289823294,0.5020201802253723,0.5010438561439514,0.5,0.5020833611488342,241.0,240.0
4,0.6916666626930237,0.7526135444641113,0.691662073135376,592.0,592.0,0.5940643548965454,0.0009999999,0.3833475708961487,0.6916809678077698,0.6916666626930237,0.6916666626930237,0.6916666626930237,1328.0,1328.0,0.5,0.5,0.5,240.0,240.0,5.865668296813965,0.0,0.5,0.5,0.5,0.5,240.0,240.0
5,0.7145833373069763,0.777834951877594,0.7140430808067322,548.0,551.0,0.5635978579521179,0.0009999999,0.4276323914527893,0.7141154408454895,0.7134685516357422,0.7145833373069763,0.7130208611488342,1369.0,1372.0,0.5,0.5036458373069763,0.5,240.0,240.0,3.8652451038360596,0.0,0.5,0.5,0.5,0.5,240.0,240.0
