epoch,accuracy,auc,f1_score,fn,fp,loss,lr,mcc,npv,precision,recall,specificity,tn,tp,val_accuracy,val_auc,val_f1_score,val_fn,val_fp,val_loss,val_mcc,val_npv,val_precision,val_recall,val_specificity,val_tn,val_tp
0,0.5692708492279053,0.5585914850234985,0.5685129165649414,1072.0,1056.0,0.712480902671814,0.01,0.14251133799552917,0.5688673257827759,0.5570470094680786,0.5533333420753479,0.574999988079071,1344.0,1328.0,0.5,0.5,0.5,240.0,240.0,20.35308074951172,0.0,0.5,0.5,0.5,0.5,240.0,240.0
1,0.6380208134651184,0.6737387776374817,0.6284000873565674,720.0,697.0,0.6553245186805725,0.01,0.26253509521484375,0.6300228834152222,0.6325777769088745,0.625,0.6369791626930237,1223.0,1200.0,0.5708333253860474,0.5865299701690674,0.6638297438621521,5.0,476.0,1.110397458076477,-0.0035744765773415565,0.19999998807907104,0.4994742274284363,0.9895833134651184,0.008333333767950535,4.0,475.0
2,0.6635416746139526,0.7203533053398132,0.6574286222457886,662.0,649.0,0.6174870729446411,0.01,0.31728821992874146,0.6575139164924622,0.659674882888794,0.6552083492279053,0.6619791388511658,1271.0,1258.0,0.5,0.5384483337402344,0.5,240.0,240.0,2.6423983573913574,0.0,0.5,0.5,0.5,0.5,240.0,240.0
3,0.6880208253860474,0.7513546943664551,0.6880763173103333,599.0,599.0,0.5935472249984741,0.01,0.3760843873023987,0.6879169344902039,0.6880208253860474,0.6880208253860474,0.6880208253860474,1321.0,1321.0,0.5020833611488342,0.54317706823349,0.5120604038238525,231.0,246.0,1.1644151210784912,0.006036670878529549,0.5,0.5030303001403809,0.518750011920929,0.48750001192092896,234.0,249.0
4,0.7083333134651184,0.7737775444984436,0.7077890038490295,561.0,561.0,0.5758001208305359,0.01,0.415678471326828,0.7078816890716553,0.707812488079071,0.707812488079071,0.707812488079071,1359.0,1359.0,0.5,0.5,0.5,240.0,240.0,5.113065242767334,0.0,0.5,0.5,0.5,0.5,240.0,240.0
5,0.6484375,0.6931288242340088,0.6472281217575073,677.0,678.0,0.6379375457763672,0.0009999999,0.2943873703479767,0.6471799612045288,0.6470588445663452,0.6473958492279053,0.6468750238418579,1242.0,1243.0,0.5,0.5117751955986023,0.5,240.0,240.0,1.3149324655532837,0.0,0.5,0.5,0.5,0.5,240.0,240.0
6,0.7020833492279053,0.7628220915794373,0.7009556889533997,574.0,574.0,0.5829000473022461,0.0009999999,0.4021301865577698,0.7012361884117126,0.7010416388511658,0.7010416388511658,0.7010416388511658,1346.0,1346.0,0.5,0.561903178691864,0.5,240.0,240.0,1.712570071220398,0.0,0.5,0.5,0.5,0.5,240.0,240.0
