epoch,accuracy,auc,f1_score,fn,fp,loss,lr,mcc,npv,precision,recall,specificity,tn,tp,val_accuracy,val_auc,val_f1_score,val_fn,val_fp,val_loss,val_mcc,val_npv,val_precision,val_recall,val_specificity,val_tn,val_tp
0,0.5354166626930237,0.532234251499176,0.5261642932891846,1162.0,1103.0,0.7198517918586731,0.01,0.07053138315677643,0.5340930819511414,0.52883380651474,0.51583331823349,0.5505208373069763,1297.0,1238.0,0.5,0.5,0.5,240.0,240.0,24.85627555847168,0.0,0.5,0.5,0.5,0.5,240.0,240.0
1,0.6395833492279053,0.6661350131034851,0.6304118037223816,703.0,725.0,0.6597686409950256,0.01,0.25667163729667664,0.6290168166160583,0.6266735196113586,0.6338541507720947,0.6223958134651184,1195.0,1217.0,0.5,0.5028277039527893,0.5,240.0,240.0,3.8801121711730957,0.0,0.5,0.5,0.5,0.5,240.0,240.0
2,0.65625,0.7006444931030273,0.6513917446136475,672.0,662.0,0.6396101117134094,0.01,0.3053494095802307,0.6523678302764893,0.6534031629562378,0.6499999761581421,0.6552083492279053,1258.0,1248.0,0.5,0.5,0.5,240.0,240.0,5.8389410972595215,0.0,0.5,0.5,0.5,0.5,240.0,240.0
3,0.6812499761581421,0.7360897660255432,0.6744787693023682,625.0,625.0,0.6079866886138916,0.01,0.34906336665153503,0.674427330493927,0.6744791865348816,0.6744791865348816,0.6744791865348816,1295.0,1295.0,0.5,0.5633137822151184,0.5,240.0,240.0,1.9927449226379395,0.0,0.5,0.5,0.5,0.5,240.0,240.0
4,0.706250011920929,0.768559992313385,0.704221785068512,569.0,564.0,0.5856021046638489,0.0009999999,0.40994948148727417,0.7050601840019226,0.7054830193519592,0.7036458253860474,0.706250011920929,1356.0,1351.0,0.5,0.5015624761581421,0.5,240.0,240.0,3.8199117183685303,0.0,0.5,0.5,0.5,0.5,240.0,240.0
5,0.7427083253860474,0.8036976456642151,0.7422775030136108,496.0,493.0,0.5436173677444458,0.0009999999,0.4849388003349304,0.7420265674591064,0.7428273558616638,0.7416666746139526,0.7432291507720947,1427.0,1424.0,0.5,0.5005208253860474,0.5,240.0,240.0,4.558173656463623,0.0,0.5,0.5,0.5,0.5,240.0,240.0
