epoch,accuracy,auc,f1_score,fn,fp,loss,lr,mcc,npv,precision,recall,specificity,tn,tp,val_accuracy,val_auc,val_f1_score,val_fn,val_fp,val_loss,val_mcc,val_npv,val_precision,val_recall,val_specificity,val_tn,val_tp
0,0.5453125238418579,0.540686309337616,0.5484727025032043,1103.0,1105.0,0.7398408651351929,0.01,0.10032416880130768,0.5518828630447388,0.5399667024612427,0.5404166579246521,0.5494791865348816,1295.0,1297.0,0.5,0.5,0.5,240.0,240.0,361.5402526855469,0.0,0.5,0.5,0.5,0.5,240.0,240.0
1,0.6010416746139526,0.6333379149436951,0.5877352952957153,793.0,786.0,0.6797497272491455,0.01,0.17794370651245117,0.5886384844779968,0.5891270041465759,0.5869791507720947,0.590624988079071,1134.0,1127.0,0.5,0.5,0.5,240.0,240.0,11.138401985168457,0.0,0.5,0.5,0.5,0.5,240.0,240.0
2,0.6499999761581421,0.6813085675239563,0.646903932094574,671.0,690.0,0.6523513197898865,0.01,0.2915286421775818,0.6476336121559143,0.6441464424133301,0.6505208611488342,0.640625,1230.0,1249.0,0.5,0.5383007526397705,0.5,240.0,240.0,3.8642265796661377,0.0,0.5,0.5,0.5,0.5,240.0,240.0
3,0.635937511920929,0.6891201734542847,0.6319512724876404,710.0,698.0,0.6449994444847107,0.01,0.2667975127696991,0.6327875852584839,0.6341719031333923,0.6302083134651184,0.6364583373069763,1222.0,1210.0,0.5,0.5671570897102356,0.3621954917907715,345.0,83.0,1.651151180267334,0.09318925440311432,0.54291170835495,0.6192660331726074,0.28125,0.8270833492279053,397.0,135.0
4,0.6848958134651184,0.7437590956687927,0.6845816373825073,606.0,605.0,0.6035767197608948,0.0009999999,0.36927565932273865,0.6844854950904846,0.6847316026687622,0.684374988079071,0.6848958134651184,1315.0,1314.0,0.5,0.558448314666748,0.5,240.0,239.0,2.275477647781372,0.0020517746452242136,0.5020201802253723,0.5010438561439514,0.5,0.5020833611488342,241.0,240.0
5,0.7197916507720947,0.7708644866943359,0.7192937135696411,540.0,537.0,0.5790026783943176,0.0009999999,0.439081072807312,0.7192321419715881,0.7198747992515564,0.71875,0.7203124761581421,1383.0,1380.0,0.5,0.5322591066360474,0.5,240.0,240.0,3.500521421432495,0.0,0.5,0.5,0.5,0.5,240.0,240.0
