epoch,accuracy,auc,f1_score,fn,fp,loss,lr,mcc,npv,precision,recall,specificity,tn,tp,val_accuracy,val_auc,val_f1_score,val_fn,val_fp,val_loss,val_mcc,val_npv,val_precision,val_recall,val_specificity,val_tn,val_tp
0,0.5630208253860474,0.5516414046287537,0.5517691969871521,1101.0,1093.0,0.7163058519363403,0.01,0.10795662552118301,0.5533719658851624,0.5430601835250854,0.5412499904632568,0.5557291507720947,1307.0,1299.0,0.5,0.5,0.5,240.0,240.0,11.822697639465332,0.0,0.5,0.5,0.5,0.5,240.0,240.0
1,0.6130208373069763,0.6511096358299255,0.5981442928314209,767.0,782.0,0.6565642952919006,0.01,0.19345855712890625,0.5969517230987549,0.5958656072616577,0.6005208492279053,0.5927083492279053,1138.0,1153.0,0.5,0.5824217796325684,0.5,240.0,240.0,1.96091890335083,0.0,0.5,0.5,0.5,0.5,240.0,240.0
2,0.6567708253860474,0.7039749622344971,0.6521206498146057,669.0,665.0,0.6331393122673035,0.01,0.3053257167339325,0.6524921655654907,0.6529227495193481,0.651562511920929,0.6536458134651184,1255.0,1251.0,0.5,0.5916927456855774,0.5,240.0,240.0,1.5766514539718628,0.0,0.5,0.5,0.5,0.5,240.0,240.0
3,0.6744791865348816,0.7308818101882935,0.6735450029373169,629.0,622.0,0.6103483438491821,0.01,0.34850242733955383,0.6737697124481201,0.6748562455177307,0.6723958253860474,0.6760416626930237,1298.0,1291.0,0.5,0.5,0.5,240.0,240.0,3.8444135189056396,0.0,0.5,0.5,0.5,0.5,240.0,240.0
4,0.7348958253860474,0.8005968928337097,0.7343502044677734,512.0,507.0,0.5447953939437866,0.0009999999,0.46931082010269165,0.7339171767234802,0.7352480292320251,0.7333333492279053,0.7359374761581421,1413.0,1408.0,0.5,0.5,0.5,240.0,240.0,5.057704448699951,0.0,0.5,0.5,0.5,0.5,240.0,240.0
5,0.7515624761581421,0.8303020596504211,0.7531083822250366,473.0,475.0,0.5055335760116577,0.0009999999,0.5062815546989441,0.7536941766738892,0.7528616189956665,0.7536458373069763,0.7526041865348816,1445.0,1447.0,0.5,0.5,0.5,240.0,240.0,4.102444648742676,0.0,0.5,0.5,0.5,0.5,240.0,240.0
