epoch,accuracy,auc,f1_score,fn,fp,loss,lr,mcc,npv,precision,recall,specificity,tn,tp,val_accuracy,val_auc,val_f1_score,val_fn,val_fp,val_loss,val_mcc,val_npv,val_precision,val_recall,val_specificity,val_tn,val_tp
0,0.4989583194255829,0.4968242943286896,0.48680728673934937,1234.0,1183.0,0.745570182800293,0.01,-0.008766323328018188,0.4958159029483795,0.4963814318180084,0.4858333468437195,0.5088541507720947,1217.0,1166.0,0.5,0.4913497865200043,0.5,240.0,240.0,1.053127646446228,0.0,0.5,0.5,0.5,0.5,240.0,240.0
1,0.4973958432674408,0.5014957785606384,0.5013472437858582,956.0,947.0,0.717084527015686,0.01,0.00908905640244484,0.5054647922515869,0.5044479370117188,0.5020833611488342,0.5067708492279053,973.0,964.0,0.5020833611488342,0.5146788358688354,0.24938204884529114,398.0,70.0,0.7108364105224609,0.01867046393454075,0.5099943280220032,0.5394737124443054,0.17083333432674408,0.8541666865348816,410.0,82.0
2,0.5531250238418579,0.5639325976371765,0.5477545261383057,862.0,880.0,0.6943150162696838,0.01,0.09295041114091873,0.5466797351837158,0.54592365026474,0.5510416626930237,0.5416666865348816,1040.0,1058.0,0.5,0.5649913549423218,0.4945707619190216,245.0,237.0,0.8155776858329773,-0.003930965904146433,0.496305912733078,0.49788135290145874,0.4895833432674408,0.5062500238418579,243.0,235.0
3,0.6161458492279053,0.6515594124794006,0.614884078502655,737.0,744.0,0.6642278432846069,0.01,0.22876612842082977,0.6149742603302002,0.6139076352119446,0.6161458492279053,0.612500011920929,1176.0,1183.0,0.5,0.5,0.5,240.0,240.0,3.459167242050171,0.0,0.5,0.5,0.5,0.5,240.0,240.0
4,0.6510416865348816,0.6986234188079834,0.6474339365959167,681.0,669.0,0.6328832507133484,0.01,0.29698216915130615,0.6473353505134583,0.6493710875511169,0.645312488079071,0.651562511920929,1251.0,1239.0,0.5,0.559657096862793,0.5,240.0,240.0,2.7032551765441895,0.0,0.5,0.5,0.5,0.5,240.0,240.0
5,0.6812499761581421,0.7393683195114136,0.6837708950042725,605.0,611.0,0.6057373881340027,0.0009999999,0.36669108271598816,0.684025764465332,0.6827622056007385,0.6848958134651184,0.6817708611488342,1309.0,1315.0,0.5,0.6230230331420898,0.5,240.0,240.0,1.6799432039260864,0.0,0.5,0.5,0.5,0.5,240.0,240.0
6,0.7182291746139526,0.7852214574813843,0.7180343866348267,541.0,542.0,0.5621910095214844,0.0009999999,0.4359479248523712,0.7181013822555542,0.7178552746772766,0.7182291746139526,0.7177083492279053,1378.0,1379.0,0.5,0.6300541758537292,0.5,240.0,240.0,1.6590501070022583,0.0,0.5,0.5,0.5,0.5,240.0,240.0
