epoch,accuracy,auc,f1_score,fn,fp,loss,lr,mcc,npv,precision,recall,specificity,tn,tp,val_accuracy,val_auc,val_f1_score,val_fn,val_fp,val_loss,val_mcc,val_npv,val_precision,val_recall,val_specificity,val_tn,val_tp
0,0.5239583253860474,0.5231893062591553,0.5249315500259399,1139.0,1177.0,0.7353289127349854,0.01,0.04393001273274422,0.5236103534698486,0.5172272324562073,0.5254166722297668,0.5119791626930237,1223.0,1261.0,0.5,0.5,0.5,240.0,240.0,9.485270500183105,0.0,0.5,0.5,0.5,0.5,240.0,240.0
1,0.604687511920929,0.6134727001190186,0.5917054414749146,764.0,826.0,0.6846689581871033,0.01,0.17248202860355377,0.5900430679321289,0.5832492709159851,0.6020833253860474,0.5697916746139526,1094.0,1156.0,0.5,0.5345767736434937,0.5,240.0,240.0,2.3850653171539307,0.0,0.5,0.5,0.5,0.5,240.0,240.0
2,0.6187499761581421,0.6716731786727905,0.620233952999115,720.0,750.0,0.643657386302948,0.01,0.23452572524547577,0.618550717830658,0.6153846383094788,0.625,0.609375,1170.0,1200.0,0.5,0.5,0.5,240.0,240.0,9.393696784973145,0.0,0.5,0.5,0.5,0.5,240.0,240.0
3,0.667187511920929,0.7093715071678162,0.665854811668396,641.0,642.0,0.6266643404960632,0.01,0.3318556845188141,0.6661901473999023,0.665799081325531,0.6661458611488342,0.6656249761581421,1278.0,1279.0,0.5,0.5,0.5,240.0,240.0,6.262909889221191,0.0,0.5,0.5,0.5,0.5,240.0,240.0
4,0.6708333492279053,0.7417287826538086,0.6715864539146423,629.0,634.0,0.6013681292533875,0.0009999999,0.34219691157341003,0.6714045405387878,0.6706493496894836,0.6723958253860474,0.6697916388511658,1286.0,1291.0,0.5,0.5,0.5,240.0,240.0,5.597925662994385,0.0,0.5,0.5,0.5,0.5,240.0,240.0
5,0.7041666507720947,0.7729187607765198,0.7047586441040039,566.0,569.0,0.5699630379676819,0.0009999999,0.4088691771030426,0.704531729221344,0.7041081786155701,0.7052083611488342,0.7036458253860474,1351.0,1354.0,0.5,0.5,0.5,240.0,240.0,5.289352893829346,0.0,0.5,0.5,0.5,0.5,240.0,240.0
