epoch,accuracy,auc,f1_score,fn,fp,loss,lr,mcc,npv,precision,recall,specificity,tn,tp,val_accuracy,val_auc,val_f1_score,val_fn,val_fp,val_loss,val_mcc,val_npv,val_precision,val_recall,val_specificity,val_tn,val_tp
0,0.5317708253860474,0.520006000995636,0.5153489708900452,1178.0,1138.0,0.7436686754226685,0.01,0.04387776926159859,0.5219601988792419,0.5177966356277466,0.5091666579246521,0.5322916507720947,1262.0,1222.0,0.5,0.5,0.5,240.0,240.0,7.33274507522583,0.0,0.5,0.5,0.5,0.5,240.0,240.0
1,0.620312511920929,0.6348768472671509,0.607055127620697,754.0,752.0,0.6779643893241882,0.01,0.21598179638385773,0.6080142259597778,0.6079249382019043,0.6072916388511658,0.6083333492279053,1168.0,1166.0,0.5,0.5438215732574463,0.6691086292266846,0.0,475.0,4.357686996459961,0.01940741576254368,0.06666667014360428,0.5026177763938904,1.0,0.010416666977107525,5.0,480.0
2,0.6354166865348816,0.6776039004325867,0.62724769115448,715.0,714.0,0.6498820781707764,0.01,0.2560626268386841,0.6285809278488159,0.6279312372207642,0.6276041865348816,0.628125011920929,1206.0,1205.0,0.5,0.5242816805839539,0.559580385684967,183.0,288.0,2.31795597076416,0.019626183435320854,0.507692277431488,0.5076923370361328,0.6187499761581421,0.4000000059604645,192.0,297.0
3,0.6625000238418579,0.7161129713058472,0.6599725484848022,655.0,649.0,0.6191704869270325,0.01,0.3208785951137543,0.6597127914428711,0.6609195470809937,0.6588541865348816,0.6619791388511658,1271.0,1265.0,0.5,0.5,0.5,240.0,240.0,8.717154502868652,0.0,0.5,0.5,0.5,0.5,240.0,240.0
4,0.6890624761581421,0.7581964731216431,0.6882978081703186,598.0,599.0,0.5911701321601868,0.0009999999,0.376571923494339,0.6885106563568115,0.6881832480430603,0.6885416507720947,0.6880208253860474,1321.0,1322.0,0.5,0.506263017654419,0.5,240.0,240.0,4.4983015060424805,0.0,0.5,0.5,0.5,0.5,240.0,240.0
5,0.7395833134651184,0.8040834069252014,0.7392910122871399,501.0,500.0,0.5399367809295654,0.0009999999,0.4786567687988281,0.7391301989555359,0.7394476532936096,0.739062488079071,0.7395833134651184,1420.0,1419.0,0.5,0.5,0.5,240.0,240.0,5.3428053855896,0.0,0.5,0.5,0.5,0.5,240.0,240.0
