epoch,accuracy,auc,f1_score,fn,fp,loss,lr,mcc,npv,precision,recall,specificity,tn,tp,val_accuracy,val_auc,val_f1_score,val_fn,val_fp,val_loss,val_mcc,val_npv,val_precision,val_recall,val_specificity,val_tn,val_tp
0,0.5979166626930237,0.5549505352973938,0.5610435605049133,1083.0,1070.0,0.7159903645515442,0.01,0.12898673117160797,0.5659133195877075,0.5517385601997375,0.5487499833106995,0.5677083134651184,1330.0,1317.0,0.5,0.5,0.6666666269302368,0.0,480.0,197.65866088867188,0.0,0.0,0.5,1.0,0.0,0.0,480.0
1,0.6177083253860474,0.6481277942657471,0.6021600365638733,763.0,764.0,0.6675281524658203,0.01,0.20509947836399078,0.6026821732521057,0.6022904515266418,0.6026041507720947,0.6020833253860474,1156.0,1157.0,0.5,0.5,0.5,240.0,240.0,10.220036506652832,0.0,0.5,0.5,0.5,0.5,240.0,240.0
2,0.6395833492279053,0.6839512586593628,0.6416356563568115,680.0,707.0,0.6493722200393677,0.01,0.2778213620185852,0.6399214863777161,0.6368772387504578,0.6458333134651184,0.6317708492279053,1213.0,1240.0,0.5,0.51157546043396,0.5,240.0,240.0,2.8648664951324463,0.0,0.5,0.5,0.5,0.5,240.0,240.0
3,0.667187511920929,0.7146041393280029,0.668010950088501,635.0,641.0,0.6260201334953308,0.01,0.33561569452285767,0.6687111258506775,0.66718590259552,0.6692708134651184,0.6661458611488342,1279.0,1285.0,0.5,0.5,0.5,240.0,240.0,8.84504508972168,0.0,0.5,0.5,0.5,0.5,240.0,240.0
4,0.6479166746139526,0.6774089336395264,0.640358030796051,689.0,692.0,0.6478742361068726,0.0009999999,0.2811312973499298,0.6410859823226929,0.6401455998420715,0.6411458253860474,0.6395833492279053,1228.0,1231.0,0.5,0.5,0.5,240.0,240.0,4.7661566734313965,0.0,0.5,0.5,0.5,0.5,240.0,240.0
5,0.6937500238418579,0.7434810996055603,0.6916833519935608,593.0,589.0,0.6037759184837341,0.0009999999,0.3844105899333954,0.6921415328979492,0.692588746547699,0.6911458373069763,0.6932291388511658,1331.0,1327.0,0.5,0.5,0.5,240.0,240.0,4.6102471351623535,0.0,0.5,0.5,0.5,0.5,240.0,240.0
