epoch,accuracy,auc,f1_score,fn,fp,loss,lr,mcc,npv,precision,recall,specificity,tn,tp,val_accuracy,val_auc,val_f1_score,val_fn,val_fp,val_loss,val_mcc,val_npv,val_precision,val_recall,val_specificity,val_tn,val_tp
0,0.5244791507720947,0.5252513289451599,0.5122374892234802,1187.0,1140.0,0.7383036017417908,0.01,0.038144301623106,0.5182439684867859,0.5155121088027954,0.5054166913032532,0.53125,1260.0,1213.0,0.5,0.5,0.5,240.0,240.0,11.945916175842285,0.0,0.5,0.5,0.5,0.5,240.0,240.0
1,0.581250011920929,0.5980198979377747,0.5678876638412476,829.0,827.0,0.6950757503509521,0.01,0.13819977641105652,0.568051278591156,0.5688216686248779,0.5682291388511658,0.5692708492279053,1093.0,1091.0,0.5,0.5,0.5,240.0,240.0,9.98019027709961,0.0,0.5,0.5,0.5,0.5,240.0,240.0
2,0.628125011920929,0.6653718948364258,0.6252351999282837,712.0,734.0,0.6590617299079895,0.01,0.2470744401216507,0.625442624092102,0.6220391392707825,0.6291666626930237,0.6177083253860474,1186.0,1208.0,0.5,0.5269964933395386,0.5,240.0,240.0,2.609797239303589,0.0,0.5,0.5,0.5,0.5,240.0,240.0
3,0.6307291388511658,0.6746289134025574,0.6290052533149719,711.0,714.0,0.6469429135322571,0.01,0.2579904794692993,0.6293043494224548,0.6287051439285278,0.629687488079071,0.628125011920929,1206.0,1209.0,0.5,0.5,0.5,240.0,240.0,6.3819780349731445,0.0,0.5,0.5,0.5,0.5,240.0,240.0
4,0.659375011920929,0.7087706923484802,0.6599174737930298,647.0,665.0,0.6246073246002197,0.0009999999,0.3167506456375122,0.6598522067070007,0.656862735748291,0.6630208492279053,0.6536458134651184,1255.0,1273.0,0.5,0.5,0.5,240.0,240.0,4.539218425750732,0.0,0.5,0.5,0.5,0.5,240.0,240.0
5,0.6973958611488342,0.7488614320755005,0.6996393799781799,574.0,582.0,0.595391571521759,0.0009999999,0.3979385495185852,0.6996806859970093,0.6981327533721924,0.7010416388511658,0.6968749761581421,1338.0,1346.0,0.5,0.5340538024902344,0.5,240.0,240.0,3.0833497047424316,0.0,0.5,0.5,0.5,0.5,240.0,240.0
