epoch,accuracy,auc,f1_score,fn,fp,loss,lr,mcc,npv,precision,recall,specificity,tn,tp,val_accuracy,val_auc,val_f1_score,val_fn,val_fp,val_loss,val_mcc,val_npv,val_precision,val_recall,val_specificity,val_tn,val_tp
0,0.5182291865348816,0.5834897756576538,0.5126545429229736,1071.0,1089.0,0.7362045049667358,0.01,0.024716036394238472,0.5121694207191467,0.5496277809143066,0.5537499785423279,0.5078125,1311.0,1329.0,0.5,0.5,0.6666666269302368,0.0,480.0,5.254289150238037,0.0,0.0,0.5,1.0,0.0,0.0,480.0
1,0.5677083134651184,0.5881681442260742,0.5545512437820435,856.0,841.0,0.6981154680252075,0.01,0.11668016016483307,0.5598955154418945,0.5585302114486694,0.5541666746139526,0.5619791746139526,1079.0,1064.0,0.5,0.5311696529388428,0.5,240.0,240.0,2.8570642471313477,0.0,0.5,0.5,0.5,0.5,240.0,240.0
2,0.6286458373069763,0.6807100772857666,0.6273044943809509,707.0,736.0,0.644439160823822,0.01,0.2487035095691681,0.6252573728561401,0.6223704218864441,0.6317708492279053,0.6166666746139526,1184.0,1213.0,0.5,0.5693467855453491,0.5,240.0,240.0,2.272144079208374,0.0,0.5,0.5,0.5,0.5,240.0,240.0
3,0.6781250238418579,0.7295950055122375,0.6770932078361511,620.0,620.0,0.6103895306587219,0.01,0.3542068600654602,0.6770581603050232,0.6770833134651184,0.6770833134651184,0.6770833134651184,1300.0,1300.0,0.5,0.6038064956665039,0.5,240.0,240.0,2.095287561416626,0.0,0.5,0.5,0.5,0.5,240.0,240.0
4,0.698437511920929,0.7645063996315002,0.6991256475448608,579.0,575.0,0.5816152691841125,0.0009999999,0.39899343252182007,0.699155867099762,0.6998956203460693,0.698437511920929,0.7005208134651184,1345.0,1341.0,0.5,0.603710949420929,0.5,240.0,240.0,2.4199001789093018,0.0,0.5,0.5,0.5,0.5,240.0,240.0
5,0.7317708134651184,0.7967560291290283,0.7328500151634216,514.0,511.0,0.5466222167015076,0.0009999999,0.46617406606674194,0.7327508926391602,0.7334376573562622,0.7322916388511658,0.7338541746139526,1409.0,1406.0,0.5,0.6027017831802368,0.5,240.0,240.0,2.403143882751465,0.0,0.5,0.5,0.5,0.5,240.0,240.0
