epoch,accuracy,auc,f1_score,fn,fp,loss,lr,mcc,npv,precision,recall,specificity,tn,tp,val_accuracy,val_auc,val_f1_score,val_fn,val_fp,val_loss,val_mcc,val_npv,val_precision,val_recall,val_specificity,val_tn,val_tp
0,0.551562488079071,0.5411869287490845,0.5395945310592651,1118.0,1129.0,0.725996196269989,0.01,0.07879636436700821,0.5396181344985962,0.5317295789718628,0.534166693687439,0.5364583134651184,1271.0,1282.0,0.5,0.5,0.5,240.0,240.0,5.845975875854492,0.0,0.5,0.5,0.5,0.5,240.0,240.0
1,0.581250011920929,0.6114886999130249,0.578545868396759,806.0,815.0,0.6888855695724487,0.01,0.15614598989486694,0.5772461295127869,0.5775012969970703,0.5802083611488342,0.5755208134651184,1105.0,1114.0,0.5,0.5390039086341858,0.5,240.0,238.0,3.5199854373931885,0.004044246859848499,0.5039215683937073,0.5020920634269714,0.5,0.5041666626930237,242.0,240.0
2,0.6526041626930237,0.6922789812088013,0.6495943665504456,671.0,673.0,0.6448199152946472,0.01,0.30036279559135437,0.6513224244117737,0.6498439311981201,0.6505208611488342,0.6494791507720947,1247.0,1249.0,0.5,0.5535764098167419,0.681533932685852,20.0,414.0,3.6704795360565186,0.1102481335401535,0.5111111402511597,0.5263158082962036,0.9583333134651184,0.13750000298023224,66.0,460.0
3,0.6807291507720947,0.7262589335441589,0.6774613261222839,627.0,603.0,0.6161662936210632,0.01,0.3595115542411804,0.6778815984725952,0.6819620132446289,0.6734374761581421,0.6859375238418579,1317.0,1293.0,0.5,0.5,0.5,240.0,240.0,11.037282943725586,0.0,0.5,0.5,0.5,0.5,240.0,240.0
4,0.6703125238418579,0.7156158089637756,0.6608912944793701,651.0,650.0,0.6228373050689697,0.0009999999,0.3225644528865814,0.6615222096443176,0.661281943321228,0.660937488079071,0.6614583134651184,1270.0,1269.0,0.5,0.5961697101593018,0.5,240.0,240.0,1.8046033382415771,0.0,0.5,0.5,0.5,0.5,240.0,240.0
5,0.7098958492279053,0.770855724811554,0.7094656825065613,559.0,556.0,0.5775647759437561,0.0009999999,0.4193000793457031,0.7092002630233765,0.7099635004997253,0.7088541388511658,0.7104166746139526,1364.0,1361.0,0.5,0.5794292688369751,0.5,240.0,239.0,2.4848811626434326,0.0020517667289823294,0.5020201802253723,0.5010438561439514,0.5,0.5020833611488342,241.0,240.0
