epoch,accuracy,auc,f1_score,fn,fp,loss,lr,mcc,npv,precision,recall,specificity,tn,tp,val_accuracy,val_auc,val_f1_score,val_fn,val_fp,val_loss,val_mcc,val_npv,val_precision,val_recall,val_specificity,val_tn,val_tp
0,0.5239583253860474,0.5090551972389221,0.5029962062835693,1193.0,1192.0,0.7470474243164062,0.01,0.007777492981404066,0.5012105107307434,0.503126323223114,0.502916693687439,0.5041666626930237,1208.0,1207.0,0.5,0.5033789277076721,0.5,240.0,240.0,12.96159553527832,0.0,0.5,0.5,0.5,0.5,240.0,240.0
1,0.4989583194255829,0.5081894397735596,0.5042569637298584,956.0,923.0,0.7261732816696167,0.01,0.021838856860995293,0.5109927654266357,0.5108637809753418,0.5020833611488342,0.5192708373069763,997.0,964.0,0.5,0.5075629353523254,0.13223809003829956,443.0,38.0,3.9410719871520996,0.003531539347022772,0.4988079071044922,0.4933333396911621,0.07708333432674408,0.9208333492279053,442.0,37.0
2,0.510937511920929,0.4951954782009125,0.5027947425842285,950.0,950.0,0.7164468169212341,0.01,0.010432446375489235,0.5063940286636353,0.5052083134651184,0.5052083134651184,0.5052083134651184,970.0,970.0,0.5,0.49758246541023254,0.0,480.0,0.0,1.6528841257095337,0.0,0.5,0.0,0.0,1.0,480.0,0.0
3,0.4781250059604645,0.48469674587249756,0.49245941638946533,962.0,1001.0,0.7092087864875793,0.01,-0.02268861047923565,0.48771947622299194,0.4890250265598297,0.4989583194255829,0.47864583134651184,919.0,958.0,0.5,0.49748265743255615,0.5,240.0,240.0,2.5722575187683105,0.0,0.5,0.5,0.5,0.5,240.0,240.0
4,0.4963541626930237,0.5116357207298279,0.5015885829925537,970.0,909.0,0.7003790736198425,0.0009999999,0.021398283541202545,0.50980144739151,0.511027455329895,0.4947916567325592,0.526562511920929,1011.0,950.0,0.5,0.4911545217037201,0.5,240.0,240.0,1.6337913274765015,0.0,0.5,0.5,0.5,0.5,240.0,240.0
5,0.5052083134651184,0.5056539177894592,0.5002086162567139,968.0,928.0,0.6984784603118896,0.0009999999,0.012915238738059998,0.5052205324172974,0.5063830018043518,0.4958333373069763,0.5166666507720947,992.0,952.0,0.5,0.48981985449790955,0.5,240.0,240.0,1.1899150609970093,0.0,0.5,0.5,0.5,0.5,240.0,240.0
