epoch,accuracy,auc,f1_score,fn,fp,loss,lr,mcc,npv,precision,recall,specificity,tn,tp,val_accuracy,val_auc,val_f1_score,val_fn,val_fp,val_loss,val_mcc,val_npv,val_precision,val_recall,val_specificity,val_tn,val_tp
0,0.5104166865348816,0.5164510607719421,0.5210323333740234,1158.0,1156.0,0.7511215209960938,0.01,0.043929219245910645,0.5214424729347229,0.5179315805435181,0.5174999833106995,0.5218750238418579,1244.0,1242.0,0.5,0.5,0.5,240.0,240.0,27.524328231811523,0.0,0.5,0.5,0.5,0.5,240.0,240.0
1,0.5609375238418579,0.5759300589561462,0.5495405793190002,845.0,908.0,0.7077320218086243,0.01,0.08718544989824295,0.545888364315033,0.5421079397201538,0.5598958134651184,0.5270833373069763,1012.0,1075.0,0.5,0.5,0.5,240.0,240.0,7.510703086853027,0.0,0.5,0.5,0.5,0.5,240.0,240.0
2,0.6083333492279053,0.6403627395629883,0.600603461265564,759.0,781.0,0.6717823147773743,0.01,0.19829557836055756,0.6010867357254028,0.5978372693061829,0.604687511920929,0.5932291746139526,1139.0,1161.0,0.5,0.5583940744400024,0.6704215407371521,8.0,457.0,1.6965792179107666,0.043450452387332916,0.3333333432674408,0.5080732107162476,0.9833333492279053,0.04791666567325592,23.0,472.0
3,0.6411458253860474,0.6860442757606506,0.641127347946167,683.0,702.0,0.6423319578170776,0.01,0.2787500321865082,0.6405441164970398,0.6379576921463013,0.6442708373069763,0.6343749761581421,1218.0,1237.0,0.5,0.5,0.5,240.0,240.0,6.0716071128845215,0.0,0.5,0.5,0.5,0.5,240.0,240.0
4,0.625,0.6552261114120483,0.6210079193115234,725.0,733.0,0.6625788807868958,0.0009999999,0.2407495379447937,0.6209304928779602,0.6198132634162903,0.6223958134651184,0.6182291507720947,1187.0,1195.0,0.5,0.590928852558136,0.5,240.0,240.0,1.566212773323059,0.0,0.5,0.5,0.5,0.5,240.0,240.0
5,0.643750011920929,0.6783400774002075,0.642294704914093,689.0,682.0,0.644851803779602,0.0009999999,0.2860008478164673,0.6424531936645508,0.6434919238090515,0.6411458253860474,0.6447916626930237,1238.0,1231.0,0.5,0.6059874296188354,0.5,240.0,240.0,1.5994079113006592,0.0,0.5,0.5,0.5,0.5,240.0,240.0
