epoch,accuracy,auc,f1_score,fn,fp,loss,lr,mcc,npv,precision,recall,specificity,tn,tp,val_accuracy,val_auc,val_f1_score,val_fn,val_fp,val_loss,val_mcc,val_npv,val_precision,val_recall,val_specificity,val_tn,val_tp
0,0.5015624761581421,0.5034332871437073,0.49279269576072693,1210.0,1212.0,0.7369250655174255,0.01,-0.011456331238150597,0.4956706762313843,0.4954204857349396,0.4958333373069763,0.4937500059604645,1188.0,1190.0,0.5,0.5310156345367432,0.5,240.0,240.0,2.8260748386383057,0.0,0.5,0.5,0.5,0.5,240.0,240.0
1,0.5786458253860474,0.592680037021637,0.5656667947769165,827.0,844.0,0.6952926516532898,0.01,0.12975803017616272,0.5658608675003052,0.5642746686935425,0.5692708492279053,0.5604166388511658,1076.0,1093.0,0.512499988079071,0.5914627313613892,0.5964799523353577,169.0,264.0,1.047495722770691,0.09259310364723206,0.5316630601882935,0.5408695936203003,0.6479166746139526,0.44999998807907104,216.0,311.0
2,0.6348958611488342,0.6784360408782959,0.6293761730194092,714.0,704.0,0.6444873213768005,0.01,0.26161375641822815,0.6306512355804443,0.6314136385917664,0.628125011920929,0.6333333253860474,1216.0,1206.0,0.5,0.5,0.5,240.0,240.0,4.542327880859375,0.0,0.5,0.5,0.5,0.5,240.0,240.0
3,0.6473958492279053,0.70281982421875,0.6468411684036255,677.0,680.0,0.628616452217102,0.01,0.2932977080345154,0.6469346880912781,0.6463858485221863,0.6473958492279053,0.6458333134651184,1240.0,1243.0,0.5,0.5261393189430237,0.5,240.0,240.0,3.244091272354126,0.0,0.5,0.5,0.5,0.5,240.0,240.0
4,0.6729166507720947,0.7394496202468872,0.6718403100967407,630.0,630.0,0.600082278251648,0.01,0.343790739774704,0.6719477772712708,0.671875,0.671875,0.671875,1290.0,1290.0,0.5,0.5293402671813965,0.5,240.0,240.0,3.229675531387329,0.0,0.5,0.5,0.5,0.5,240.0,240.0
5,0.7057291865348816,0.7718088626861572,0.7062612771987915,564.0,564.0,0.5727931261062622,0.0009999999,0.4125610589981079,0.7062464356422424,0.706250011920929,0.706250011920929,0.706250011920929,1356.0,1356.0,0.5,0.5,0.5,240.0,240.0,6.1519694328308105,0.0,0.5,0.5,0.5,0.5,240.0,240.0
6,0.7406250238418579,0.8080242276191711,0.7411008477210999,497.0,497.0,0.5364102125167847,0.0009999999,0.48230743408203125,0.7412430047988892,0.7411458492279053,0.7411458492279053,0.7411458492279053,1423.0,1423.0,0.5,0.5,0.5,240.0,240.0,3.7084362506866455,0.0,0.5,0.5,0.5,0.5,240.0,240.0
