epoch,accuracy,auc,f1_score,fn,fp,loss,lr,mcc,npv,precision,recall,specificity,tn,tp,val_accuracy,val_auc,val_f1_score,val_fn,val_fp,val_loss,val_mcc,val_npv,val_precision,val_recall,val_specificity,val_tn,val_tp
0,0.5609375238418579,0.559470534324646,0.5522558093070984,1085.0,1092.0,0.7357224822044373,0.01,0.10513301193714142,0.5525897145271301,0.5463232398033142,0.5479166507720947,0.5510416626930237,1308.0,1315.0,0.5,0.5066362619400024,0.5,240.0,240.0,6.890501499176025,0.0,0.5,0.5,0.5,0.5,240.0,240.0
1,0.628125011920929,0.6744495630264282,0.6199284195899963,738.0,708.0,0.6476269960403442,0.01,0.2472180724143982,0.6223204731941223,0.6253968477249146,0.6156250238418579,0.6312500238418579,1212.0,1182.0,0.5,0.5,0.5,240.0,240.0,7.81980037689209,0.0,0.5,0.5,0.5,0.5,240.0,240.0
2,0.6651041507720947,0.7073912024497986,0.6614696979522705,655.0,639.0,0.629477858543396,0.01,0.32621005177497864,0.6619290709495544,0.6643907427787781,0.6588541865348816,0.667187511920929,1281.0,1265.0,0.5,0.5,0.5,240.0,240.0,6.880128383636475,0.0,0.5,0.5,0.5,0.5,240.0,240.0
3,0.7020833492279053,0.7587235569953918,0.7019328474998474,574.0,569.0,0.5883432030677795,0.01,0.4047289490699768,0.7018719911575317,0.7028720378875732,0.7010416388511658,0.7036458253860474,1351.0,1346.0,0.5,0.5,0.5,240.0,240.0,6.075469970703125,0.0,0.5,0.5,0.5,0.5,240.0,240.0
4,0.7166666388511658,0.778640627861023,0.7146793603897095,550.0,544.0,0.5695779919624329,0.0009999999,0.43023478984832764,0.7143975496292114,0.7157784700393677,0.7135416865348816,0.7166666388511658,1376.0,1370.0,0.5,0.5,0.5,240.0,240.0,8.76153564453125,0.0,0.5,0.5,0.5,0.5,240.0,240.0
5,0.7270833253860474,0.804400622844696,0.7282461524009705,521.0,523.0,0.5365377068519592,0.0009999999,0.4562789797782898,0.7284146547317505,0.7278876304626465,0.7286458611488342,0.7276041507720947,1397.0,1399.0,0.5,0.5,0.5,240.0,240.0,7.630772113800049,0.0,0.5,0.5,0.5,0.5,240.0,240.0
