epoch,accuracy,auc,f1_score,fn,fp,loss,lr,mcc,npv,precision,recall,specificity,tn,tp,val_accuracy,val_auc,val_f1_score,val_fn,val_fp,val_loss,val_mcc,val_npv,val_precision,val_recall,val_specificity,val_tn,val_tp
0,0.5916666388511658,0.6147914528846741,0.5777460336685181,1013.0,997.0,0.725185751914978,0.01,0.1603839248418808,0.5801308751106262,0.5817952752113342,0.57791668176651,0.582812488079071,1403.0,1387.0,0.46041667461395264,0.4425521194934845,0.3452233076095581,341.0,195.0,4.180677890777588,-0.10316444933414459,0.4483591318130493,0.416167676448822,0.28958332538604736,0.59375,285.0,139.0
1,0.6260416507720947,0.6778359413146973,0.6214267015457153,723.0,731.0,0.6528342366218567,0.01,0.24324290454387665,0.6228755712509155,0.6208506226539612,0.6234375238418579,0.6192708611488342,1189.0,1197.0,0.5,0.5,0.5,240.0,240.0,10.028307914733887,0.0,0.5,0.5,0.5,0.5,240.0,240.0
2,0.6520833373069763,0.7007668614387512,0.6496745944023132,672.0,672.0,0.6337031126022339,0.01,0.30031833052635193,0.6505625247955322,0.6499999761581421,0.6499999761581421,0.6499999761581421,1248.0,1248.0,0.5,0.5,0.5,240.0,240.0,7.583913803100586,0.0,0.5,0.5,0.5,0.5,240.0,240.0
3,0.6692708134651184,0.7282522320747375,0.6663720011711121,640.0,641.0,0.6081150770187378,0.01,0.3330509066581726,0.6666948795318604,0.6663196086883545,0.6666666865348816,0.6661458611488342,1279.0,1280.0,0.5,0.5499088764190674,0.5,240.0,240.0,2.6793816089630127,0.0,0.5,0.5,0.5,0.5,240.0,240.0
4,0.6802083253860474,0.7320286631584167,0.6812390685081482,609.0,618.0,0.6100041270256042,0.01,0.3611280620098114,0.6812888383865356,0.6796267628669739,0.682812511920929,0.6781250238418579,1302.0,1311.0,0.5,0.5873523950576782,0.5,240.0,240.0,2.0673773288726807,0.0,0.5,0.5,0.5,0.5,240.0,240.0
5,0.6817708611488342,0.7582184672355652,0.6856508851051331,603.0,605.0,0.5829388499259949,0.0009999999,0.37098827958106995,0.6855075359344482,0.6852236986160278,0.6859375238418579,0.6848958134651184,1315.0,1317.0,0.49791666865348816,0.6064214110374451,0.48653939366340637,253.0,214.0,0.7373585104942322,0.025404779240489006,0.5214983820915222,0.5147392153739929,0.4729166626930237,0.5541666746139526,266.0,227.0
6,0.7130208611488342,0.7872700095176697,0.7130709290504456,550.0,550.0,0.5561832785606384,0.0009999999,0.4272560179233551,0.714511513710022,0.7135416865348816,0.7135416865348816,0.7135416865348816,1370.0,1370.0,0.5,0.5972764492034912,0.5,240.0,240.0,1.3860423564910889,0.0,0.5,0.5,0.5,0.5,240.0,240.0
