epoch,accuracy,auc,f1_score,fn,fp,loss,lr,mcc,npv,precision,recall,specificity,tn,tp,val_accuracy,val_auc,val_f1_score,val_fn,val_fp,val_loss,val_mcc,val_npv,val_precision,val_recall,val_specificity,val_tn,val_tp
0,0.6177083253860474,0.6173229217529297,0.6099627017974854,975.0,975.0,0.6999877095222473,0.01,0.22246228158473969,0.6117759346961975,0.59375,0.59375,0.6109374761581421,1425.0,1425.0,0.5,0.4962565004825592,0.3996356725692749,318.0,149.0,44.15157699584961,0.020075928419828415,0.5174810290336609,0.520900309085846,0.3375000059604645,0.6895833611488342,331.0,162.0
1,0.6583333611488342,0.697400689125061,0.6532177329063416,661.0,673.0,0.6405600905418396,0.01,0.30618807673454285,0.654473066329956,0.6516563296318054,0.6557291746139526,0.6494791507720947,1247.0,1259.0,0.5,0.5,0.5,240.0,240.0,7.696432590484619,0.0,0.5,0.5,0.5,0.5,240.0,240.0
2,0.6578124761581421,0.7106188535690308,0.6576525568962097,648.0,675.0,0.6215918660163879,0.01,0.3114950954914093,0.6581025719642639,0.6533128023147583,0.6625000238418579,0.6484375,1245.0,1272.0,0.5,0.5394358038902283,0.5,240.0,238.0,1.856484055519104,0.004103541374206543,0.5040404200553894,0.5020920634269714,0.5,0.5041666626930237,242.0,240.0
3,0.6942708492279053,0.7474943995475769,0.6864972710609436,593.0,619.0,0.5955841541290283,0.01,0.3692943751811981,0.6870439648628235,0.6819115877151489,0.6911458373069763,0.6776041388511658,1301.0,1327.0,0.5,0.5916579961776733,0.5020512938499451,239.0,240.0,0.9662042260169983,0.0020517746452242136,0.5,0.5010395050048828,0.5020833611488342,0.5,240.0,241.0
4,0.692187488079071,0.7589442133903503,0.6953096985816956,580.0,592.0,0.588620126247406,0.0009999999,0.3899327218532562,0.6969371438026428,0.693581759929657,0.6979166865348816,0.6916666626930237,1328.0,1340.0,0.5,0.5890429615974426,0.49897435307502747,240.0,241.0,0.8101116418838501,-0.0020517667289823294,0.5,0.4989604949951172,0.5,0.49791666865348816,239.0,240.0
5,0.7302083373069763,0.7961569428443909,0.7279888391494751,525.0,517.0,0.5468051433563232,0.0009999999,0.4576988220214844,0.7280186414718628,0.7296025156974792,0.7265625,0.7307291626930237,1403.0,1395.0,0.5,0.586391031742096,0.5,240.0,240.0,2.0598254203796387,0.0,0.5,0.5,0.5,0.5,240.0,240.0
