epoch,accuracy,auc,f1_score,fn,fp,loss,lr,mcc,npv,precision,recall,specificity,tn,tp,val_accuracy,val_auc,val_f1_score,val_fn,val_fp,val_loss,val_mcc,val_npv,val_precision,val_recall,val_specificity,val_tn,val_tp
0,0.5958333611488342,0.6091992855072021,0.5926671624183655,1024.0,992.0,0.7139886617660522,0.01,0.19270524382591248,0.5937879681587219,0.5810810923576355,0.5733333230018616,0.604687511920929,1408.0,1376.0,0.5,0.5,0.5,240.0,240.0,55.10921096801758,0.0,0.5,0.5,0.5,0.5,240.0,240.0
1,0.628125011920929,0.6681962609291077,0.6209542155265808,724.0,733.0,0.6601821184158325,0.01,0.2415606677532196,0.6219442486763,0.6200103759765625,0.6229166388511658,0.6182291507720947,1187.0,1196.0,0.5,0.5485438108444214,0.5,240.0,240.0,2.6480987071990967,0.0,0.5,0.5,0.5,0.5,240.0,240.0
2,0.6489583253860474,0.690258800983429,0.6383510828018188,705.0,671.0,0.6445329785346985,0.01,0.28373655676841736,0.6393619775772095,0.6442205905914307,0.6328125,0.6505208611488342,1249.0,1215.0,0.5,0.5631076693534851,0.5,240.0,240.0,2.58945369720459,0.0,0.5,0.5,0.5,0.5,240.0,240.0
3,0.6812499761581421,0.7361560463905334,0.6768014430999756,620.0,620.0,0.6049837470054626,0.01,0.3544749319553375,0.6776707768440247,0.6770833134651184,0.6770833134651184,0.6770833134651184,1300.0,1300.0,0.5,0.5842165946960449,0.6290463805198669,127.0,308.0,0.7513826489448547,0.08248943835496902,0.5151515603065491,0.534039318561554,0.7354166507720947,0.3583333194255829,172.0,353.0
4,0.7098958492279053,0.7571577429771423,0.7062197923660278,562.0,568.0,0.5892062783241272,0.0009999999,0.41179338097572327,0.7064247727394104,0.7050882577896118,0.7072916626930237,0.7041666507720947,1352.0,1358.0,0.5,0.5910112857818604,0.5,240.0,240.0,0.8775538802146912,0.0,0.5,0.5,0.5,0.5,240.0,240.0
5,0.71875,0.784534752368927,0.7234100103378296,529.0,535.0,0.5604871511459351,0.0009999999,0.44614309072494507,0.7236082553863525,0.7222222089767456,0.7244791388511658,0.7213541865348816,1385.0,1391.0,0.5,0.5976735949516296,0.5,240.0,240.0,1.5249544382095337,0.0,0.5,0.5,0.5,0.5,240.0,240.0
