epoch,accuracy,auc,f1_score,fn,fp,loss,lr,mcc,npv,precision,recall,specificity,tn,tp,val_accuracy,val_auc,val_f1_score,val_fn,val_fp,val_loss,val_mcc,val_npv,val_precision,val_recall,val_specificity,val_tn,val_tp
0,0.6156250238418579,0.591277539730072,0.613420307636261,981.0,981.0,0.6972254514694214,0.01,0.2285223752260208,0.6145675778388977,0.5912500023841858,0.5912500023841858,0.614062488079071,1419.0,1419.0,0.5,0.5,0.5,240.0,240.0,6.071106433868408,0.0,0.5,0.5,0.5,0.5,240.0,240.0
1,0.714062511920929,0.7818542718887329,0.712334394454956,555.0,547.0,0.5658431649208069,0.01,0.42649251222610474,0.712469756603241,0.7139121294021606,0.7109375,0.7151041626930237,1373.0,1365.0,0.5,0.5,0.5,240.0,240.0,8.574917793273926,0.0,0.5,0.5,0.5,0.5,240.0,240.0
2,0.7328125238418579,0.8127278685569763,0.7371183037757874,500.0,512.0,0.5294864177703857,0.01,0.4732256233692169,0.7384058237075806,0.7349896430969238,0.7395833134651184,0.7333333492279053,1408.0,1420.0,0.5,0.5,0.5,240.0,240.0,3.892676830291748,0.0,0.5,0.5,0.5,0.5,240.0,240.0
3,0.784375011920929,0.8555284738540649,0.7821813821792603,419.0,416.0,0.4748508334159851,0.01,0.5653072595596313,0.7826337218284607,0.782994270324707,0.7817708253860474,0.7833333611488342,1504.0,1501.0,0.5,0.5,0.5,240.0,240.0,7.128247261047363,0.0,0.5,0.5,0.5,0.5,240.0,240.0
4,0.7864583134651184,0.8680742383003235,0.7872397899627686,408.0,409.0,0.45456716418266296,0.0009999999,0.5746836066246033,0.7876351475715637,0.7870900630950928,0.7875000238418579,0.7869791388511658,1511.0,1512.0,0.5,0.5,0.5,240.0,240.0,4.754166603088379,0.0,0.5,0.5,0.5,0.5,240.0,240.0
5,0.8255208134651184,0.9083935618400574,0.8252620100975037,332.0,340.0,0.39278027415275574,0.0009999999,0.6503000855445862,0.8267863392829895,0.8236514329910278,0.8270833492279053,0.8229166865348816,1580.0,1588.0,0.5,0.6187087297439575,0.5,240.0,240.0,2.18220853805542,0.0,0.5,0.5,0.5,0.5,240.0,240.0
