epoch,accuracy,auc,f1_score,fn,fp,loss,lr,mcc,npv,precision,recall,specificity,tn,tp,val_accuracy,val_auc,val_f1_score,val_fn,val_fp,val_loss,val_mcc,val_npv,val_precision,val_recall,val_specificity,val_tn,val_tp
0,0.6385416388511658,0.6893904209136963,0.6305860877037048,847.0,854.0,0.6819398403167725,0.01,0.2610163688659668,0.6314805150032043,0.6452015042304993,0.6470833420753479,0.6276041865348816,1546.0,1553.0,0.5,0.5230599641799927,0.6666666269302368,0.0,480.0,1.395396113395691,0.0,0.0,0.5,1.0,0.0,0.0,480.0
1,0.7255208492279053,0.7949130535125732,0.7233604192733765,533.0,526.0,0.5488967895507812,0.01,0.44874462485313416,0.7242239117622375,0.7250391840934753,0.7223958373069763,0.7260416746139526,1394.0,1387.0,0.5,0.5,0.5,240.0,240.0,4.494355201721191,0.0,0.5,0.5,0.5,0.5,240.0,240.0
2,0.7567708492279053,0.8339474201202393,0.7550826668739319,472.0,467.0,0.5013381838798523,0.01,0.511262059211731,0.7550658583641052,0.7561357617378235,0.7541666626930237,0.7567708492279053,1453.0,1448.0,0.5,0.5057291984558105,0.5,240.0,240.0,2.7971036434173584,0.0,0.5,0.5,0.5,0.5,240.0,240.0
3,0.7828124761581421,0.8637728691101074,0.7777976989746094,427.0,426.0,0.4593367576599121,0.01,0.5559750199317932,0.7778745293617249,0.7780093550682068,0.7776041626930237,0.778124988079071,1494.0,1493.0,0.5,0.6532747745513916,0.5,240.0,240.0,1.4923039674758911,0.0,0.5,0.5,0.5,0.5,240.0,240.0
4,0.8140624761581421,0.8964673280715942,0.816144585609436,351.0,356.0,0.40502870082855225,0.0009999999,0.6320337057113647,0.8168622851371765,0.8150649070739746,0.817187488079071,0.8145833611488342,1564.0,1569.0,0.5,0.6381185054779053,0.5,240.0,240.0,2.3218722343444824,0.0,0.5,0.5,0.5,0.5,240.0,240.0
5,0.8619791865348816,0.9275047779083252,0.8595179915428162,273.0,265.0,0.3466818034648895,0.0009999999,0.7200082540512085,0.858722448348999,0.8614016771316528,0.8578125238418579,0.8619791865348816,1655.0,1647.0,0.5,0.6540321111679077,0.5020512938499451,239.0,240.0,1.5926921367645264,0.0020517667289823294,0.5,0.5010395050048828,0.5020833611488342,0.5,240.0,241.0
