epoch,accuracy,auc,f1_score,fn,fp,loss,lr,mcc,npv,precision,recall,specificity,tn,tp,val_accuracy,val_auc,val_f1_score,val_fn,val_fp,val_loss,val_mcc,val_npv,val_precision,val_recall,val_specificity,val_tn,val_tp
0,0.6317708492279053,0.6047993898391724,0.623814046382904,971.0,939.0,0.6884840130805969,0.01,0.2556540071964264,0.6262543201446533,0.603462815284729,0.5954166650772095,0.635937511920929,1461.0,1429.0,0.5,0.5719770193099976,0.6666666269302368,0.0,480.0,1.0101979970932007,0.0,0.0,0.5,1.0,0.0,0.0,480.0
1,0.7109375,0.7871409058570862,0.7141515612602234,544.0,556.0,0.5544797778129578,0.01,0.42745622992515564,0.7155298590660095,0.7122153043746948,0.7166666388511658,0.7104166746139526,1364.0,1376.0,0.5,0.5,0.5,240.0,240.0,4.034943580627441,0.0,0.5,0.5,0.5,0.5,240.0,240.0
2,0.7484375238418579,0.8375504612922668,0.747178316116333,486.0,485.0,0.4962994456291199,0.01,0.49441927671432495,0.7468504309654236,0.7472642064094543,0.746874988079071,0.7473958134651184,1435.0,1434.0,0.5,0.5,0.5,240.0,240.0,4.164795398712158,0.0,0.5,0.5,0.5,0.5,240.0,240.0
3,0.7854166626930237,0.8676062822341919,0.7825946807861328,416.0,420.0,0.45419302582740784,0.01,0.5647532343864441,0.7828044891357422,0.7817047834396362,0.7833333611488342,0.78125,1500.0,1504.0,0.5,0.5,0.5,240.0,240.0,3.250501871109009,0.0,0.5,0.5,0.5,0.5,240.0,240.0
4,0.8218749761581421,0.9016638398170471,0.824664294719696,342.0,329.0,0.39778196811676025,0.0009999999,0.6507507562637329,0.8232149481773376,0.8274776935577393,0.8218749761581421,0.8286458253860474,1591.0,1578.0,0.5,0.6084288358688354,0.5,240.0,240.0,2.2526450157165527,0.0,0.5,0.5,0.5,0.5,240.0,240.0
5,0.8552083373069763,0.9298731684684753,0.8546489477157593,281.0,276.0,0.3430580198764801,0.0009999999,0.7100608944892883,0.8543676733970642,0.8558746576309204,0.8536458611488342,0.856249988079071,1644.0,1639.0,0.5,0.6285872459411621,0.5,240.0,240.0,2.4009625911712646,0.0,0.5,0.5,0.5,0.5,240.0,240.0
