epoch,accuracy,auc,f1_score,fn,fp,loss,lr,mcc,npv,precision,recall,specificity,tn,tp,val_accuracy,val_auc,val_f1_score,val_fn,val_fp,val_loss,val_mcc,val_npv,val_precision,val_recall,val_specificity,val_tn,val_tp
0,0.6364583373069763,0.614418625831604,0.6273791790008545,956.0,955.0,0.6865841746330261,0.01,0.2555396556854248,0.6262848973274231,0.6019174456596375,0.6016666889190674,0.6276041865348816,1445.0,1444.0,0.5,0.5,0.5,240.0,240.0,18.796823501586914,0.0,0.5,0.5,0.5,0.5,240.0,240.0
1,0.7250000238418579,0.804071843624115,0.7216762900352478,533.0,535.0,0.5365240573883057,0.01,0.44416239857673645,0.7229270339012146,0.7216441035270691,0.7223958373069763,0.7213541865348816,1385.0,1387.0,0.5,0.5,0.5,240.0,240.0,7.043361186981201,0.0,0.5,0.5,0.5,0.5,240.0,240.0
2,0.7593749761581421,0.8385885953903198,0.7548106908798218,472.0,468.0,0.49552983045578003,0.01,0.5107993483543396,0.7551180124282837,0.7557411193847656,0.7541666626930237,0.7562500238418579,1452.0,1448.0,0.5,0.5,0.5,240.0,240.0,7.337181091308594,0.0,0.5,0.5,0.5,0.5,240.0,240.0
3,0.7822916507720947,0.8664766550064087,0.7849288582801819,411.0,416.0,0.4563218951225281,0.01,0.5695242285728455,0.7855004668235779,0.7838960886001587,0.785937488079071,0.7833333611488342,1504.0,1509.0,0.5,0.5,0.5,240.0,240.0,3.4387145042419434,0.0,0.5,0.5,0.5,0.5,240.0,240.0
4,0.817187488079071,0.901614785194397,0.8178910613059998,350.0,349.0,0.3975663483142853,0.0009999999,0.6362228393554688,0.8180637955665588,0.8181344270706177,0.8177083134651184,0.8182291388511658,1571.0,1570.0,0.5,0.5377039909362793,0.5,240.0,240.0,2.816148281097412,0.0,0.5,0.5,0.5,0.5,240.0,240.0
5,0.859375,0.9383782744407654,0.8596874475479126,270.0,269.0,0.3248172402381897,0.0009999999,0.7194386124610901,0.8594025373458862,0.8598228096961975,0.859375,0.8598958253860474,1651.0,1650.0,0.5,0.6241558194160461,0.5,240.0,239.0,1.1441733837127686,0.0020517667289823294,0.5020201802253723,0.5010438561439514,0.5,0.5020833611488342,241.0,240.0
