epoch,accuracy,auc,f1_score,fn,fp,loss,lr,mcc,npv,precision,recall,specificity,tn,tp,val_accuracy,val_auc,val_f1_score,val_fn,val_fp,val_loss,val_mcc,val_npv,val_precision,val_recall,val_specificity,val_tn,val_tp
0,0.6302083134651184,0.6240168809890747,0.6234119534492493,969.0,948.0,0.6851918697357178,0.01,0.25149962306022644,0.6242110133171082,0.6015132665634155,0.5962499976158142,0.6307291388511658,1452.0,1431.0,0.5,0.49173828959465027,0.6666666269302368,0.0,480.0,3.153553009033203,0.0,0.0,0.5,1.0,0.0,0.0,480.0
1,0.7093750238418579,0.7918131947517395,0.7104060649871826,550.0,564.0,0.5534913539886475,0.01,0.4202669858932495,0.7127347588539124,0.708376407623291,0.7135416865348816,0.706250011920929,1356.0,1370.0,0.5,0.5526605844497681,0.5,240.0,240.0,1.9958239793777466,0.0,0.5,0.5,0.5,0.5,240.0,240.0
2,0.7458333373069763,0.8280683755874634,0.7443580031394958,497.0,480.0,0.509440541267395,0.01,0.49141183495521545,0.7436712384223938,0.7477666735649109,0.7411458492279053,0.75,1440.0,1423.0,0.5,0.6553298234939575,0.5,240.0,240.0,1.066239356994629,0.0,0.5,0.5,0.5,0.5,240.0,240.0
3,0.7875000238418579,0.8656034469604492,0.7847287058830261,412.0,416.0,0.4555904269218445,0.01,0.5689753293991089,0.784812331199646,0.7837837934494019,0.7854166626930237,0.7833333611488342,1504.0,1508.0,0.5,0.6508745551109314,0.5300202369689941,224.0,241.0,0.8167000412940979,0.02919730730354786,0.5,0.5150905251502991,0.5333333611488342,0.49791666865348816,239.0,256.0
4,0.8270833492279053,0.9124089479446411,0.8261063694953918,335.0,333.0,0.37745073437690735,0.0009999999,0.6522605419158936,0.825518786907196,0.8263816237449646,0.8255208134651184,0.8265625238418579,1587.0,1585.0,0.5,0.6452951431274414,0.5,240.0,240.0,2.243990182876587,0.0,0.5,0.5,0.5,0.5,240.0,240.0
5,0.8541666865348816,0.9336562156677246,0.8540398478507996,283.0,276.0,0.3356698751449585,0.0009999999,0.709056556224823,0.8535269498825073,0.8557239770889282,0.8526041507720947,0.856249988079071,1644.0,1637.0,0.5,0.6646072268486023,0.5,240.0,240.0,1.6321078538894653,0.0,0.5,0.5,0.5,0.5,240.0,240.0
