epoch,accuracy,auc,f1_score,fn,fp,loss,lr,mcc,npv,precision,recall,specificity,tn,tp,val_accuracy,val_auc,val_f1_score,val_fn,val_fp,val_loss,val_mcc,val_npv,val_precision,val_recall,val_specificity,val_tn,val_tp
0,0.6145833134651184,0.6878021955490112,0.6193053126335144,824.0,898.0,0.696494996547699,0.01,0.2420104593038559,0.6210618615150452,0.6370250582695007,0.6566666960716248,0.621874988079071,1502.0,1576.0,0.5,0.5,0.5,240.0,240.0,15.78567123413086,0.0,0.5,0.5,0.5,0.5,240.0,240.0
1,0.721875011920929,0.7899501919746399,0.7194755673408508,543.0,531.0,0.5557021498680115,0.01,0.4409111440181732,0.7189808487892151,0.7216981053352356,0.7171875238418579,0.723437488079071,1389.0,1377.0,0.5,0.5,0.5,240.0,240.0,9.06900405883789,0.0,0.5,0.5,0.5,0.5,240.0,240.0
2,0.7593749761581421,0.8376113772392273,0.7570205926895142,471.0,457.0,0.49740809202194214,0.01,0.5169752240180969,0.7574445009231567,0.7602308392524719,0.754687488079071,0.7619791626930237,1463.0,1449.0,0.5,0.5,0.5,240.0,240.0,7.31669807434082,0.0,0.5,0.5,0.5,0.5,240.0,240.0
3,0.7958333492279053,0.8769540786743164,0.7922369241714478,401.0,395.0,0.44196704030036926,0.01,0.5855826139450073,0.7921744585037231,0.7936258912086487,0.7911458611488342,0.7942708134651184,1525.0,1519.0,0.5,0.5,0.5,240.0,240.0,5.41377067565918,0.0,0.5,0.5,0.5,0.5,240.0,240.0
4,0.823437511920929,0.9049786329269409,0.8229703903198242,342.0,337.0,0.3964722454547882,0.0009999999,0.6465780138969421,0.8224455118179321,0.8240208625793457,0.8218749761581421,0.8244791626930237,1583.0,1578.0,0.5,0.6117013692855835,0.5,240.0,240.0,2.419785261154175,0.0,0.5,0.5,0.5,0.5,240.0,240.0
5,0.8666666746139526,0.9404817819595337,0.8671923875808716,255.0,255.0,0.3255935311317444,0.0009999999,0.734607458114624,0.867366373538971,0.8671875,0.8671875,0.8671875,1665.0,1665.0,0.5,0.6166406273841858,0.5,240.0,240.0,2.4003031253814697,0.0,0.5,0.5,0.5,0.5,240.0,240.0
