epoch,accuracy,auc,f1_score,fn,fp,loss,lr,mcc,npv,precision,recall,specificity,tn,tp,val_accuracy,val_auc,val_f1_score,val_fn,val_fp,val_loss,val_mcc,val_npv,val_precision,val_recall,val_specificity,val_tn,val_tp
0,0.6177083253860474,0.6368129253387451,0.6133310198783875,946.0,946.0,0.6930981874465942,0.01,0.22804774343967438,0.6168338656425476,0.6058333516120911,0.6058333516120911,0.6109374761581421,1454.0,1454.0,0.5,0.5,0.5,240.0,240.0,29.12194061279297,0.0,0.5,0.5,0.5,0.5,240.0,240.0
1,0.7052083611488342,0.7721911668777466,0.7063509821891785,564.0,563.0,0.5744985938072205,0.01,0.4133206009864807,0.7066559195518494,0.7066180109977722,0.706250011920929,0.7067708373069763,1357.0,1356.0,0.5,0.5,0.5,240.0,240.0,11.599857330322266,0.0,0.5,0.5,0.5,0.5,240.0,240.0
2,0.7484375238418579,0.8157686591148376,0.748995840549469,477.0,490.0,0.5274542570114136,0.01,0.49659302830696106,0.7500380277633667,0.746508002281189,0.7515624761581421,0.7447916865348816,1430.0,1443.0,0.5,0.5,0.5,240.0,240.0,10.334843635559082,0.0,0.5,0.5,0.5,0.5,240.0,240.0
3,0.7864583134651184,0.8633285760879517,0.7863031625747681,410.0,410.0,0.46443456411361694,0.01,0.5731754302978516,0.7869300246238708,0.7864583134651184,0.7864583134651184,0.7864583134651184,1510.0,1510.0,0.5,0.6189670562744141,0.5,240.0,240.0,2.010345220565796,0.0,0.5,0.5,0.5,0.5,240.0,240.0
4,0.815625011920929,0.8950043320655823,0.8126265406608582,356.0,365.0,0.41039910912513733,0.0009999999,0.6248330473899841,0.814034640789032,0.810782790184021,0.8145833611488342,0.8098958134651184,1555.0,1564.0,0.5,0.6366124153137207,0.5,240.0,240.0,1.6466724872589111,0.0,0.5,0.5,0.5,0.5,240.0,240.0
5,0.8541666865348816,0.9246891736984253,0.8534377813339233,282.0,280.0,0.3565382659435272,0.0009999999,0.7075015306472778,0.8537118434906006,0.8540145754814148,0.8531249761581421,0.8541666865348816,1640.0,1638.0,0.5,0.6415017247200012,0.5,240.0,240.0,2.113919973373413,0.0,0.5,0.5,0.5,0.5,240.0,240.0
