epoch,accuracy,auc,f1_score,fn,fp,loss,lr,mcc,npv,precision,recall,specificity,tn,tp,val_accuracy,val_auc,val_f1_score,val_fn,val_fp,val_loss,val_mcc,val_npv,val_precision,val_recall,val_specificity,val_tn,val_tp
0,0.6000000238418579,0.6112858653068542,0.581240713596344,1043.0,991.0,0.7337654829025269,0.01,0.16492287814617157,0.5827452540397644,0.5779386758804321,0.565416693687439,0.5817708373069763,1409.0,1357.0,0.5,0.5,0.5,240.0,240.0,5.132380962371826,0.0,0.5,0.5,0.5,0.5,240.0,240.0
1,0.6552083492279053,0.6933498382568359,0.6496973633766174,671.0,674.0,0.6377254724502563,0.01,0.3003298342227936,0.6505213379859924,0.6495059728622437,0.6505208611488342,0.6489583253860474,1246.0,1249.0,0.5,0.5819509029388428,0.5,240.0,240.0,0.9435554146766663,0.0,0.5,0.5,0.5,0.5,240.0,240.0
2,0.6713541746139526,0.7316796779632568,0.6647247076034546,643.0,642.0,0.605317234992981,0.01,0.331124484539032,0.6662973165512085,0.6654507517814636,0.6651041507720947,0.6656249761581421,1278.0,1277.0,0.5,0.5815733671188354,0.49837857484817505,242.0,229.0,0.9396818280220032,0.01759657822549343,0.5153493285179138,0.5096359848976135,0.4958333373069763,0.5229166746139526,251.0,238.0
3,0.6838541626930237,0.7506202459335327,0.676967203617096,622.0,617.0,0.5885738730430603,0.01,0.355151504278183,0.6768110990524292,0.6778067946434021,0.6760416626930237,0.6786458492279053,1303.0,1298.0,0.5,0.6058962345123291,0.5,240.0,240.0,1.520681619644165,0.0,0.5,0.5,0.5,0.5,240.0,240.0
4,0.707812488079071,0.7786283493041992,0.7039260268211365,569.0,569.0,0.5636425614356995,0.0009999999,0.40769973397254944,0.7032157778739929,0.7036458253860474,0.7036458253860474,0.7036458253860474,1351.0,1351.0,0.5,0.6158289909362793,0.5,240.0,240.0,1.161903738975525,0.0,0.5,0.5,0.5,0.5,240.0,240.0
5,0.7171875238418579,0.799324095249176,0.7170891165733337,543.0,543.0,0.5433232188224792,0.0009999999,0.4345846176147461,0.7174482941627502,0.7171875238418579,0.7171875238418579,0.7171875238418579,1377.0,1377.0,0.5,0.6227278709411621,0.5,240.0,240.0,1.2156860828399658,0.0,0.5,0.5,0.5,0.5,240.0,240.0
