epoch,accuracy,auc,f1_score,fn,fp,loss,lr,mcc,npv,precision,recall,specificity,tn,tp,val_accuracy,val_auc,val_f1_score,val_fn,val_fp,val_loss,val_mcc,val_npv,val_precision,val_recall,val_specificity,val_tn,val_tp
0,0.604687511920929,0.5915642976760864,0.5902853608131409,1024.0,1024.0,0.7134408950805664,0.01,0.18295258283615112,0.5920075178146362,0.5733333230018616,0.5733333230018616,0.5911458134651184,1376.0,1376.0,0.5,0.5,0.5,240.0,240.0,35.89039993286133,0.0,0.5,0.5,0.5,0.5,240.0,240.0
1,0.653124988079071,0.7103796005249023,0.6534809470176697,664.0,667.0,0.6229591965675354,0.01,0.3072470724582672,0.6539399027824402,0.6531461477279663,0.6541666388511658,0.6526041626930237,1253.0,1256.0,0.5,0.5,0.5,240.0,240.0,5.975052356719971,0.0,0.5,0.5,0.5,0.5,240.0,240.0
2,0.6791666746139526,0.7419016361236572,0.676054835319519,619.0,628.0,0.5954485535621643,0.01,0.3508785665035248,0.676010251045227,0.674442708492279,0.6776041388511658,0.6729166507720947,1292.0,1301.0,0.5,0.5,0.5,240.0,240.0,4.072004318237305,0.0,0.5,0.5,0.5,0.5,240.0,240.0
3,0.6776041388511658,0.7504432201385498,0.6772864460945129,624.0,610.0,0.5864531397819519,0.01,0.35757526755332947,0.6777487993240356,0.6799580454826355,0.675000011920929,0.6822916865348816,1310.0,1296.0,0.5,0.6122612953186035,0.5,240.0,240.0,1.2604565620422363,0.0,0.5,0.5,0.5,0.5,240.0,240.0
4,0.7182291746139526,0.7916350960731506,0.7179434299468994,543.0,538.0,0.5512888431549072,0.0009999999,0.4371890425682068,0.71829754114151,0.7190600633621216,0.7171875238418579,0.7197916507720947,1382.0,1377.0,0.5,0.6248263716697693,0.5,240.0,240.0,1.5244247913360596,0.0,0.5,0.5,0.5,0.5,240.0,240.0
5,0.734375,0.8070377707481384,0.7346686720848083,509.0,510.0,0.5356516242027283,0.0009999999,0.469476580619812,0.7349153757095337,0.7345132827758789,0.7348958253860474,0.734375,1410.0,1411.0,0.5,0.6300607919692993,0.5,240.0,240.0,1.2255078554153442,0.0,0.5,0.5,0.5,0.5,240.0,240.0
