epoch,accuracy,auc,f1_score,fn,fp,loss,lr,mcc,npv,precision,recall,specificity,tn,tp,val_accuracy,val_auc,val_f1_score,val_fn,val_fp,val_loss,val_mcc,val_npv,val_precision,val_recall,val_specificity,val_tn,val_tp
0,0.612500011920929,0.6208702325820923,0.6029828786849976,998.0,953.0,0.7030149102210999,0.01,0.21178670227527618,0.6034040451049805,0.5953291058540344,0.5841666460037231,0.6119791865348816,1447.0,1402.0,0.5,0.5,0.5,240.0,240.0,45.04951477050781,0.0,0.5,0.5,0.5,0.5,240.0,240.0
1,0.651562511920929,0.6991990804672241,0.650368332862854,674.0,668.0,0.6325059533119202,0.01,0.3016066253185272,0.649003267288208,0.6509926915168762,0.6489583253860474,0.6520833373069763,1252.0,1246.0,0.5,0.5,0.5,240.0,240.0,6.968146800994873,0.0,0.5,0.5,0.5,0.5,240.0,240.0
2,0.6817708611488342,0.7310432195663452,0.6753581762313843,625.0,618.0,0.6087433695793152,0.01,0.35299625992774963,0.6763581037521362,0.6769471764564514,0.6744791865348816,0.6781250238418579,1302.0,1295.0,0.5,0.5578927993774414,0.5,240.0,240.0,1.0473743677139282,0.0,0.5,0.5,0.5,0.5,240.0,240.0
3,0.690625011920929,0.7566624283790588,0.6864115595817566,600.0,604.0,0.5872012376785278,0.01,0.3733817934989929,0.687696635723114,0.6860706806182861,0.6875,0.6854166388511658,1316.0,1320.0,0.5,0.5811262726783752,0.5,240.0,240.0,1.4639394283294678,0.0,0.5,0.5,0.5,0.5,240.0,240.0
4,0.7093750238418579,0.7685168385505676,0.7072982788085938,559.0,565.0,0.5888821482658386,0.0009999999,0.41517671942710876,0.7090499997138977,0.7066459059715271,0.7088541388511658,0.7057291865348816,1355.0,1361.0,0.5,0.5853363871574402,0.5,240.0,240.0,1.8413840532302856,0.0,0.5,0.5,0.5,0.5,240.0,240.0
5,0.7369791865348816,0.8037160634994507,0.732850968837738,516.0,506.0,0.5520703792572021,0.0009999999,0.4680854082107544,0.7333909273147583,0.7350785136222839,0.731249988079071,0.7364583611488342,1414.0,1404.0,0.5,0.5967599749565125,0.5,240.0,240.0,1.6121758222579956,0.0,0.5,0.5,0.5,0.5,240.0,240.0
