epoch,accuracy,auc,f1_score,fn,fp,loss,lr,mcc,npv,precision,recall,specificity,tn,tp,val_accuracy,val_auc,val_f1_score,val_fn,val_fp,val_loss,val_mcc,val_npv,val_precision,val_recall,val_specificity,val_tn,val_tp
0,0.5916666388511658,0.6050509810447693,0.5903241634368896,990.0,1003.0,0.7264314889907837,0.01,0.1795053780078888,0.5897809863090515,0.5843348503112793,0.5874999761581421,0.5864583253860474,1397.0,1410.0,0.5,0.5052083730697632,0.5,240.0,240.0,4.19459342956543,0.0,0.5,0.5,0.5,0.5,240.0,240.0
1,0.6520833373069763,0.6977130770683289,0.6430536508560181,694.0,665.0,0.6321370601654053,0.01,0.292853981256485,0.6444298624992371,0.6483342051506042,0.6385416388511658,0.6536458134651184,1255.0,1226.0,0.5,0.5283051133155823,0.5,240.0,240.0,2.085374116897583,0.0,0.5,0.5,0.5,0.5,240.0,240.0
2,0.6713541746139526,0.7393093705177307,0.674364447593689,625.0,624.0,0.5969105958938599,0.01,0.35001370310783386,0.6752546429634094,0.6748306155204773,0.6744791865348816,0.675000011920929,1296.0,1295.0,0.5,0.6121983528137207,0.5,240.0,240.0,0.972572386264801,0.0,0.5,0.5,0.5,0.5,240.0,240.0
3,0.7020833492279053,0.7660038471221924,0.698403537273407,579.0,577.0,0.5769177675247192,0.01,0.3983198404312134,0.6996418237686157,0.6991658210754395,0.698437511920929,0.6994791626930237,1343.0,1341.0,0.5,0.5855534076690674,0.5,240.0,240.0,1.2157950401306152,0.0,0.5,0.5,0.5,0.5,240.0,240.0
4,0.7192708253860474,0.7913510203361511,0.7189978361129761,542.0,535.0,0.5496480464935303,0.0009999999,0.4392818808555603,0.7188632488250732,0.720334529876709,0.7177083492279053,0.7213541865348816,1385.0,1378.0,0.5,0.6161198019981384,0.5,240.0,240.0,1.6007368564605713,0.0,0.5,0.5,0.5,0.5,240.0,240.0
5,0.7380208373069763,0.8108765482902527,0.7367871403694153,505.0,506.0,0.531787097454071,0.0009999999,0.4737723469734192,0.7369787096977234,0.7365955114364624,0.7369791865348816,0.7364583611488342,1414.0,1415.0,0.5,0.6208420395851135,0.5,240.0,240.0,0.8071210980415344,0.0,0.5,0.5,0.5,0.5,240.0,240.0
