epoch,accuracy,auc,f1_score,fn,fp,loss,lr,mcc,npv,precision,recall,specificity,tn,tp,val_accuracy,val_auc,val_f1_score,val_fn,val_fp,val_loss,val_mcc,val_npv,val_precision,val_recall,val_specificity,val_tn,val_tp
0,0.5520833134651184,0.5870869159698486,0.5383117198944092,1041.0,1072.0,0.7361510992050171,0.01,0.08517733961343765,0.5420486927032471,0.559029221534729,0.5662500262260437,0.5494791865348816,1328.0,1359.0,0.5,0.5,0.5,240.0,240.0,200.84466552734375,0.0,0.5,0.5,0.5,0.5,240.0,240.0
1,0.5598958134651184,0.5786492824554443,0.5530328750610352,856.0,861.0,0.6933178305625916,0.01,0.10604096204042435,0.5531700849533081,0.5527272820472717,0.5541666746139526,0.551562488079071,1059.0,1064.0,0.5,0.5,0.5,240.0,240.0,28.770112991333008,0.0,0.5,0.5,0.5,0.5,240.0,240.0
2,0.590624988079071,0.6289949417114258,0.5870110392570496,796.0,785.0,0.6694179773330688,0.01,0.17688491940498352,0.587500274181366,0.5887899398803711,0.5854166746139526,0.5911458134651184,1135.0,1124.0,0.5,0.5,0.5,240.0,240.0,8.361804008483887,0.0,0.5,0.5,0.5,0.5,240.0,240.0
3,0.6255208253860474,0.6733837723731995,0.6310216188430786,705.0,714.0,0.6461964845657349,0.01,0.26125800609588623,0.6315599679946899,0.6298600435256958,0.6328125,0.628125011920929,1206.0,1215.0,0.5,0.4989583492279053,0.5,240.0,240.0,3.1615192890167236,0.0,0.5,0.5,0.5,0.5,240.0,240.0
4,0.598437488079071,0.630611777305603,0.5953466296195984,787.0,755.0,0.6731317639350891,0.0009999999,0.1972503960132599,0.5959182381629944,0.6001059412956238,0.5901041626930237,0.6067708134651184,1165.0,1133.0,0.5,0.5660459995269775,0.5,240.0,240.0,1.0593352317810059,0.0,0.5,0.5,0.5,0.5,240.0,240.0
5,0.6734374761581421,0.7301294207572937,0.6733879446983337,624.0,632.0,0.6083452105522156,0.0009999999,0.3461235761642456,0.6741219758987427,0.6721991896629333,0.675000011920929,0.6708333492279053,1288.0,1296.0,0.5,0.5950955152511597,0.5,240.0,240.0,0.9063338041305542,0.0,0.5,0.5,0.5,0.5,240.0,240.0
