epoch,accuracy,auc,f1_score,fn,fp,loss,lr,mcc,npv,precision,recall,specificity,tn,tp,val_accuracy,val_auc,val_f1_score,val_fn,val_fp,val_loss,val_mcc,val_npv,val_precision,val_recall,val_specificity,val_tn,val_tp
0,0.5843750238418579,0.5713371634483337,0.5723873376846313,1056.0,1076.0,0.7233131527900696,0.01,0.14121507108211517,0.5708826184272766,0.555371880531311,0.5600000023841858,0.5645833611488342,1324.0,1344.0,0.5,0.5,0.5,240.0,240.0,11.985767364501953,0.0,0.5,0.5,0.5,0.5,240.0,240.0
1,0.614062488079071,0.6446415185928345,0.6018158197402954,766.0,761.0,0.670354425907135,0.01,0.20517563819885254,0.601563572883606,0.6026109457015991,0.6010416746139526,0.6036458611488342,1159.0,1154.0,0.5,0.5277365446090698,0.5,240.0,240.0,1.7823289632797241,0.0,0.5,0.5,0.5,0.5,240.0,240.0
2,0.6432291865348816,0.6921788454055786,0.6414929032325745,690.0,678.0,0.6364144682884216,0.01,0.28823408484458923,0.6449429392814636,0.6446540951728821,0.640625,0.6468750238418579,1242.0,1230.0,0.5,0.5603060126304626,0.5,240.0,240.0,2.371532440185547,0.0,0.5,0.5,0.5,0.5,240.0,240.0
3,0.6661458611488342,0.7333433628082275,0.6604976654052734,653.0,651.0,0.6055832505226135,0.01,0.3210747539997101,0.6596791744232178,0.6605839133262634,0.6598958373069763,0.660937488079071,1269.0,1267.0,0.5,0.6205772757530212,0.5,240.0,240.0,0.975314199924469,0.0,0.5,0.5,0.5,0.5,240.0,240.0
4,0.7005208134651184,0.7590469717979431,0.6967595219612122,581.0,584.0,0.5827845931053162,0.0009999999,0.39357030391693115,0.6972097158432007,0.6963078379631042,0.6973958611488342,0.6958333253860474,1336.0,1339.0,0.5,0.6227930188179016,0.5,240.0,240.0,1.3577845096588135,0.0,0.5,0.5,0.5,0.5,240.0,240.0
5,0.7260416746139526,0.7921675443649292,0.7228122353553772,533.0,531.0,0.5515410304069519,0.0009999999,0.4461812674999237,0.722748339176178,0.7231491208076477,0.7223958373069763,0.723437488079071,1389.0,1387.0,0.5,0.630284309387207,0.5,240.0,240.0,1.1961681842803955,0.0,0.5,0.5,0.5,0.5,240.0,240.0
