epoch,accuracy,auc,f1_score,fn,fp,loss,lr,mcc,npv,precision,recall,specificity,tn,tp,val_accuracy,val_auc,val_f1_score,val_fn,val_fp,val_loss,val_mcc,val_npv,val_precision,val_recall,val_specificity,val_tn,val_tp
0,0.5791666507720947,0.5834634900093079,0.5810002088546753,1036.0,1059.0,0.705117404460907,0.01,0.15865561366081238,0.5806723237037659,0.5629385113716125,0.5683333277702332,0.5729166865348816,1341.0,1364.0,0.5,0.5,0.5,240.0,240.0,18.842988967895508,0.0,0.5,0.5,0.5,0.5,240.0,240.0
1,0.6348958611488342,0.6787972450256348,0.6280680894851685,715.0,710.0,0.6431366205215454,0.01,0.25816547870635986,0.62901771068573,0.6292428374290466,0.6276041865348816,0.6302083134651184,1210.0,1205.0,0.5,0.5,0.5,240.0,240.0,7.52109956741333,0.0,0.5,0.5,0.5,0.5,240.0,240.0
2,0.6614583134651184,0.7144181728363037,0.6572064757347107,657.0,659.0,0.6161757111549377,0.01,0.314847856760025,0.6579675078392029,0.6571279764175415,0.6578124761581421,0.6567708253860474,1261.0,1263.0,0.5,0.6156814098358154,0.5,240.0,240.0,0.9022645950317383,0.0,0.5,0.5,0.5,0.5,240.0,240.0
3,0.6630208492279053,0.7291107773780823,0.660544753074646,656.0,643.0,0.605730414390564,0.01,0.3236022889614105,0.6606351137161255,0.6628211736679077,0.6583333611488342,0.6651041507720947,1277.0,1264.0,0.5,0.6192187666893005,0.5,240.0,240.0,1.2936902046203613,0.0,0.5,0.5,0.5,0.5,240.0,240.0
4,0.6776041388511658,0.7365450263023376,0.6759805083274841,626.0,614.0,0.6052831411361694,0.0009999999,0.3543964624404907,0.6762046217918396,0.6781970858573914,0.6739583611488342,0.6802083253860474,1306.0,1294.0,0.5,0.6284114718437195,0.5,240.0,240.0,0.9829152822494507,0.0,0.5,0.5,0.5,0.5,240.0,240.0
5,0.7072916626930237,0.7768537402153015,0.7057685256004333,568.0,560.0,0.5688323378562927,0.0009999999,0.4127407670021057,0.7051693797111511,0.7071129679679871,0.7041666507720947,0.7083333134651184,1360.0,1352.0,0.5,0.6314648389816284,0.5005128383636475,239.0,241.0,0.8176957964897156,3.2583873689873144e-05,0.501075267791748,0.5,0.5020833611488342,0.49791666865348816,239.0,241.0
