epoch,accuracy,auc,f1_score,fn,fp,loss,lr,mcc,npv,precision,recall,specificity,tn,tp,val_accuracy,val_auc,val_f1_score,val_fn,val_fp,val_loss,val_mcc,val_npv,val_precision,val_recall,val_specificity,val_tn,val_tp
0,0.582812488079071,0.6111791729927063,0.57709801197052,999.0,1013.0,0.7237706780433655,0.01,0.15256966650485992,0.5772827863693237,0.5803645253181458,0.5837500095367432,0.5718749761581421,1387.0,1401.0,0.5,0.5,0.5,240.0,240.0,17.684659957885742,0.0,0.5,0.5,0.5,0.5,240.0,240.0
1,0.6265624761581421,0.6654696464538574,0.6267578601837158,714.0,718.0,0.655394434928894,0.01,0.2547602951526642,0.6283132433891296,0.6268191337585449,0.628125011920929,0.6260416507720947,1202.0,1206.0,0.5,0.5,0.5,240.0,240.0,6.723666191101074,0.0,0.5,0.5,0.5,0.5,240.0,240.0
2,0.6677083373069763,0.7248473763465881,0.6681534647941589,636.0,639.0,0.6125218868255615,0.01,0.33634117245674133,0.6684380769729614,0.6677067279815674,0.668749988079071,0.667187511920929,1281.0,1284.0,0.5,0.5435807704925537,0.5,240.0,240.0,2.3620047569274902,0.0,0.5,0.5,0.5,0.5,240.0,240.0
3,0.6822916865348816,0.7429913878440857,0.683300256729126,611.0,601.0,0.5970808863639832,0.01,0.3689257800579071,0.6838636994361877,0.6853402853012085,0.6817708611488342,0.6869791746139526,1319.0,1309.0,0.5,0.5302083492279053,0.5,240.0,240.0,2.87530779838562,0.0,0.5,0.5,0.5,0.5,240.0,240.0
4,0.7010416388511658,0.7717583179473877,0.7035488486289978,566.0,575.0,0.5726181864738464,0.0009999999,0.4060150384902954,0.7039446234703064,0.7019180655479431,0.7052083611488342,0.7005208134651184,1345.0,1354.0,0.5,0.607875406742096,0.5,240.0,240.0,2.0456535816192627,0.0,0.5,0.5,0.5,0.5,240.0,240.0
5,0.721875011920929,0.7915325164794922,0.7238028645515442,533.0,525.0,0.5543438196182251,0.0009999999,0.44921785593032837,0.72382652759552,0.7254183888435364,0.7223958373069763,0.7265625,1395.0,1387.0,0.5,0.629357635974884,0.5,240.0,240.0,1.2588863372802734,0.0,0.5,0.5,0.5,0.5,240.0,240.0
