epoch,accuracy,auc,f1_score,fn,fp,loss,lr,mcc,npv,precision,recall,specificity,tn,tp,val_accuracy,val_auc,val_f1_score,val_fn,val_fp,val_loss,val_mcc,val_npv,val_precision,val_recall,val_specificity,val_tn,val_tp
0,0.6000000238418579,0.5938502550125122,0.6032895445823669,1007.0,988.0,0.7077512741088867,0.01,0.2113209217786789,0.6043935418128967,0.5850483179092407,0.5804166793823242,0.6104166507720947,1412.0,1393.0,0.5,0.5,0.5,240.0,240.0,12.477102279663086,0.0,0.5,0.5,0.5,0.5,240.0,240.0
1,0.6520833373069763,0.7118352055549622,0.6529257893562317,668.0,659.0,0.6215651035308838,0.01,0.30921638011932373,0.6550396084785461,0.6551543474197388,0.6520833373069763,0.6567708253860474,1261.0,1252.0,0.5,0.5,0.5,240.0,240.0,4.032479286193848,0.0,0.5,0.5,0.5,0.5,240.0,240.0
2,0.6890624761581421,0.750510036945343,0.6873660683631897,594.0,611.0,0.5919265151023865,0.01,0.37267881631851196,0.6883353590965271,0.6845637559890747,0.690625011920929,0.6817708611488342,1309.0,1326.0,0.5,0.5729817748069763,0.5,240.0,240.0,1.4476808309555054,0.0,0.5,0.5,0.5,0.5,240.0,240.0
3,0.7135416865348816,0.7779785394668579,0.7120477557182312,552.0,554.0,0.5673118829727173,0.01,0.4242376387119293,0.7124365568161011,0.7117586135864258,0.7124999761581421,0.7114583253860474,1366.0,1368.0,0.5,0.559045135974884,0.5,240.0,240.0,1.0525585412979126,0.0,0.5,0.5,0.5,0.5,240.0,240.0
4,0.699999988079071,0.7656437754631042,0.6988910436630249,575.0,583.0,0.5778568387031555,0.0009999999,0.397093802690506,0.6996692419052124,0.6976141333580017,0.7005208134651184,0.6963541507720947,1337.0,1345.0,0.5,0.5696332454681396,0.5,240.0,240.0,1.0948742628097534,0.0,0.5,0.5,0.5,0.5,240.0,240.0
5,0.7348958253860474,0.8089790940284729,0.7329140901565552,518.0,504.0,0.5337542295455933,0.0009999999,0.46787336468696594,0.7321435809135437,0.7355718612670898,0.7302083373069763,0.737500011920929,1416.0,1402.0,0.5,0.5645659565925598,0.5,240.0,240.0,0.7712565064430237,0.0,0.5,0.5,0.5,0.5,240.0,240.0
