epoch,accuracy,auc,f1_score,fn,fp,loss,lr,mcc,npv,precision,recall,specificity,tn,tp,val_accuracy,val_auc,val_f1_score,val_fn,val_fp,val_loss,val_mcc,val_npv,val_precision,val_recall,val_specificity,val_tn,val_tp
0,0.5833333134651184,0.6208281517028809,0.5599775910377502,997.0,1012.0,0.7946159243583679,0.01,0.11921758949756622,0.5600057244300842,0.5809524059295654,0.5845833420753479,0.5557291507720947,1388.0,1403.0,0.5,0.501013457775116,0.6594006419181824,42.0,415.0,0.6957852244377136,0.04271961748600006,0.49523812532424927,0.513481855392456,0.9125000238418579,0.1354166716337204,65.0,438.0
1,0.606249988079071,0.6436257362365723,0.5995755791664124,770.0,764.0,0.6719275712966919,0.01,0.20245496928691864,0.599596381187439,0.600835919380188,0.5989583134651184,0.6020833253860474,1156.0,1150.0,0.5,0.5152712464332581,0.0,480.0,0.0,0.6935881972312927,0.0,0.5,0.0,0.0,1.0,480.0,0.0
2,0.6265624761581421,0.6823808550834656,0.6223317980766296,717.0,736.0,0.6419422030448914,0.01,0.24395480751991272,0.6244289875030518,0.620422899723053,0.6265624761581421,0.6166666746139526,1184.0,1203.0,0.5,0.46412327885627747,0.5,240.0,240.0,0.7081798315048218,0.0,0.5,0.5,0.5,0.5,240.0,240.0
3,0.6489583253860474,0.7103984951972961,0.6396176815032959,694.0,685.0,0.6133514642715454,0.01,0.28206631541252136,0.6408562064170837,0.6415489315986633,0.6385416388511658,0.6432291865348816,1235.0,1226.0,0.5,0.48547524213790894,0.5,240.0,240.0,0.7028329372406006,0.0,0.5,0.5,0.5,0.5,240.0,240.0
4,0.675000011920929,0.748379647731781,0.6715478897094727,628.0,634.0,0.5852916836738586,0.0009999999,0.3433781564235687,0.6725412607192993,0.6708203554153442,0.6729166507720947,0.6697916388511658,1286.0,1292.0,0.49791666865348816,0.5193966627120972,0.4855419099330902,250.0,241.0,0.6944488883018494,-0.0226310882717371,0.4852542281150818,0.4883227050304413,0.4791666567325592,0.49791666865348816,239.0,230.0
5,0.6682291626930237,0.7545633316040039,0.6677049398422241,634.0,645.0,0.5751683712005615,0.0009999999,0.3342001140117645,0.6682384014129639,0.6659761667251587,0.6697916388511658,0.6640625,1275.0,1286.0,0.4437499940395355,0.4334309995174408,0.45664918422698975,259.0,267.0,0.7478227615356445,-0.09591379016637802,0.4505598843097687,0.45286884903907776,0.46041667461395264,0.4437499940395355,213.0,221.0
