epoch,accuracy,auc,f1_score,fn,fp,loss,lr,mcc,npv,precision,recall,specificity,tn,tp,val_accuracy,val_auc,val_f1_score,val_fn,val_fp,val_loss,val_mcc,val_npv,val_precision,val_recall,val_specificity,val_tn,val_tp
0,0.5463541746139526,0.5442641973495483,0.5422956347465515,1125.0,1177.0,0.8294772505760193,0.01,0.07528658956289291,0.537628173828125,0.51998370885849,0.53125,0.5260416865348816,1223.0,1275.0,0.5,0.4958333373069763,0.5,240.0,240.0,0.7049295902252197,0.0,0.5,0.5,0.5,0.5,240.0,240.0
1,0.5927083492279053,0.6212891340255737,0.587132453918457,791.0,795.0,0.6901224851608276,0.01,0.1750437617301941,0.5868852734565735,0.5867983102798462,0.5880208611488342,0.5859375,1125.0,1129.0,0.5,0.4888302683830261,0.5,240.0,240.0,0.6960062384605408,0.0,0.5,0.5,0.5,0.5,240.0,240.0
2,0.6265624761581421,0.6773313879966736,0.6231578588485718,721.0,725.0,0.6419448852539062,0.01,0.24747486412525177,0.6246976256370544,0.6231808662414551,0.6244791746139526,0.6223958134651184,1195.0,1199.0,0.5,0.5078320503234863,0.4989418089389801,241.0,240.0,0.6974385380744934,-0.0020517667289823294,0.4979797899723053,0.4989561438560486,0.49791666865348816,0.5,240.0,239.0
3,0.6432291865348816,0.7033886313438416,0.6420600414276123,680.0,699.0,0.6283895969390869,0.01,0.28237664699554443,0.6433103680610657,0.6395049095153809,0.6458333134651184,0.635937511920929,1221.0,1240.0,0.4895833432674408,0.5090646743774414,0.4268781244754791,299.0,155.0,0.6948890686035156,0.04263977333903313,0.534824788570404,0.538690447807312,0.37708333134651184,0.6770833134651184,325.0,181.0
4,0.6645833253860474,0.7245218753814697,0.6613600850105286,643.0,663.0,0.6062791347503662,0.0009999999,0.32027801871299744,0.6622263193130493,0.6582474112510681,0.6651041507720947,0.6546875238418579,1257.0,1277.0,0.46041667461395264,0.48304685950279236,0.46513354778289795,261.0,250.0,0.7081872224807739,-0.06408782303333282,0.46167805790901184,0.4669509530067444,0.45625001192092896,0.4791666567325592,230.0,219.0
5,0.6781250238418579,0.7600746154785156,0.6726660132408142,630.0,624.0,0.5718241333961487,0.0009999999,0.3472960591316223,0.6734362840652466,0.6739811897277832,0.671875,0.675000011920929,1296.0,1290.0,0.5,0.5302647352218628,0.49993589520454407,240.0,241.0,0.8348623514175415,-0.0021128496155142784,0.4979838728904724,0.4989604949951172,0.5,0.49791666865348816,239.0,240.0
