epoch,accuracy,auc,f1_score,fn,fp,loss,lr,mcc,npv,precision,recall,specificity,tn,tp,val_accuracy,val_auc,val_f1_score,val_fn,val_fp,val_loss,val_mcc,val_npv,val_precision,val_recall,val_specificity,val_tn,val_tp
0,0.65625,0.6422104835510254,0.6356624364852905,926.0,932.0,0.7393313646316528,0.01,0.27220210433006287,0.6381484270095825,0.61263507604599,0.6141666769981384,0.6312500238418579,1468.0,1474.0,0.5,0.5096462368965149,0.5,240.0,240.0,1.2844319343566895,0.0,0.5,0.5,0.5,0.5,240.0,240.0
1,0.7708333134651184,0.8478468060493469,0.7658079862594604,458.0,434.0,0.4840015470981598,0.01,0.5362682342529297,0.7657113671302795,0.7710970640182495,0.7614583373069763,0.7739583253860474,1486.0,1462.0,0.5,0.539976179599762,0.5,240.0,240.0,1.265733242034912,0.0,0.5,0.5,0.5,0.5,240.0,240.0
2,0.8348958492279053,0.9114469289779663,0.8374520540237427,302.0,327.0,0.3809806704521179,0.01,0.6730681657791138,0.8407215476036072,0.8318766355514526,0.8427083492279053,0.8296874761581421,1593.0,1618.0,0.5,0.5046679377555847,0.5,240.0,240.0,1.5600086450576782,0.0,0.5,0.5,0.5,0.5,240.0,240.0
3,0.8963541388511658,0.954906165599823,0.8916849493980408,210.0,205.0,0.27166223526000977,0.01,0.7841969132423401,0.8914008736610413,0.8929504156112671,0.890625,0.8932291865348816,1715.0,1710.0,0.5,0.5711198449134827,0.5,240.0,240.0,1.646071195602417,0.0,0.5,0.5,0.5,0.5,240.0,240.0
4,0.9052083492279053,0.9670351147651672,0.9041098356246948,185.0,182.0,0.23280692100524902,0.0009999999,0.8091410994529724,0.9045237898826599,0.9050599932670593,0.9036458134651184,0.9052083492279053,1738.0,1735.0,0.5,0.5960395336151123,0.5,240.0,240.0,1.0521219968795776,0.0,0.5,0.5,0.5,0.5,240.0,240.0
5,0.9624999761581421,0.9933628439903259,0.9616994857788086,71.0,76.0,0.11938515305519104,0.0009999999,0.9236783981323242,0.9632919430732727,0.9605194926261902,0.9630208611488342,0.9604166746139526,1844.0,1849.0,0.5,0.615197479724884,0.5,240.0,240.0,1.1301935911178589,0.0,0.5,0.5,0.5,0.5,240.0,240.0
