epoch,accuracy,auc,f1_score,fn,fp,loss,lr,mcc,npv,precision,recall,specificity,tn,tp,val_accuracy,val_auc,val_f1_score,val_fn,val_fp,val_loss,val_mcc,val_npv,val_precision,val_recall,val_specificity,val_tn,val_tp
0,0.6583333611488342,0.6691614985466003,0.6417499780654907,896.0,887.0,0.7097715735435486,0.01,0.28825128078460693,0.6426332592964172,0.6290255188941956,0.6266666650772095,0.6473958492279053,1513.0,1504.0,0.5,0.5841102004051208,0.5,240.0,240.0,1.542085886001587,0.0,0.5,0.5,0.5,0.5,240.0,240.0
1,0.7848958373069763,0.8612081408500671,0.7797083258628845,431.0,409.0,0.4662427306175232,0.01,0.5635179281234741,0.7791135311126709,0.7845100164413452,0.7755208611488342,0.7869791388511658,1511.0,1489.0,0.5,0.5136957764625549,0.5,240.0,240.0,2.735750913619995,0.0,0.5,0.5,0.5,0.5,240.0,240.0
2,0.8666666746139526,0.9398083090782166,0.8632297515869141,267.0,256.0,0.31331750750541687,0.01,0.7281423807144165,0.8624696731567383,0.8658983707427979,0.8609374761581421,0.8666666746139526,1664.0,1653.0,0.5,0.5102821588516235,0.5,240.0,240.0,1.9304192066192627,0.0,0.5,0.5,0.5,0.5,240.0,240.0
3,0.8994791507720947,0.9628197550773621,0.8993062973022461,197.0,189.0,0.24669203162193298,0.01,0.7992120385169983,0.8979533314704895,0.901150643825531,0.8973958492279053,0.901562511920929,1731.0,1723.0,0.5,0.5898176431655884,0.5,240.0,240.0,2.130087375640869,0.0,0.5,0.5,0.5,0.5,240.0,240.0
4,0.9312499761581421,0.9796056151390076,0.9291960000991821,134.0,138.0,0.18342164158821106,0.0009999999,0.8585482239723206,0.9303443431854248,0.9282744526863098,0.9302083253860474,0.9281250238418579,1782.0,1786.0,0.5,0.5987153053283691,0.5,240.0,240.0,2.198930501937866,0.0,0.5,0.5,0.5,0.5,240.0,240.0
5,0.973437488079071,0.9965543746948242,0.9723931550979614,53.0,53.0,0.09289209544658661,0.0009999999,0.9448949098587036,0.9724991917610168,0.9723958373069763,0.9723958373069763,0.9723958373069763,1867.0,1867.0,0.5,0.600292980670929,0.5,240.0,240.0,2.4137701988220215,0.0,0.5,0.5,0.5,0.5,240.0,240.0
