epoch,accuracy,auc,f1_score,fn,fp,loss,lr,mcc,npv,precision,recall,specificity,tn,tp,val_accuracy,val_auc,val_f1_score,val_fn,val_fp,val_loss,val_mcc,val_npv,val_precision,val_recall,val_specificity,val_tn,val_tp
0,0.6385416388511658,0.730850875377655,0.6321728229522705,799.0,820.0,0.7203194499015808,0.01,0.26326242089271545,0.6342235803604126,0.6612969636917114,0.6670833230018616,0.6260416507720947,1580.0,1601.0,0.5,0.5205880999565125,0.5,240.0,240.0,1.3969695568084717,0.0,0.5,0.5,0.5,0.5,240.0,240.0
1,0.762499988079071,0.8351492881774902,0.7586362957954407,464.0,463.0,0.5016068816184998,0.01,0.5179522633552551,0.7585601806640625,0.7587285041809082,0.7583333253860474,0.7588541507720947,1457.0,1456.0,0.5,0.5548741221427917,0.5,240.0,240.0,2.0811848640441895,0.0,0.5,0.5,0.5,0.5,240.0,240.0
2,0.8442708253860474,0.9177079200744629,0.8385969996452332,308.0,311.0,0.3662632405757904,0.01,0.678083598613739,0.8403316140174866,0.8382735252380371,0.8395833373069763,0.8380208611488342,1609.0,1612.0,0.5,0.5450521111488342,0.5,240.0,240.0,2.4590747356414795,0.0,0.5,0.5,0.5,0.5,240.0,240.0
3,0.8807291388511658,0.9540848731994629,0.8798973560333252,233.0,228.0,0.2743234634399414,0.01,0.7602399587631226,0.8790270090103149,0.8809399604797363,0.8786458373069763,0.8812500238418579,1692.0,1687.0,0.5,0.5114409923553467,0.5,240.0,240.0,3.346348285675049,0.0,0.5,0.5,0.5,0.5,240.0,240.0
4,0.9026041626930237,0.9662891626358032,0.8982746601104736,198.0,192.0,0.23644231259822845,0.0009999999,0.7972015142440796,0.8974735140800476,0.8996865153312683,0.8968750238418579,0.8999999761581421,1728.0,1722.0,0.5,0.5646246075630188,0.5,240.0,240.0,1.6153714656829834,0.0,0.5,0.5,0.5,0.5,240.0,240.0
5,0.9598958492279053,0.9918515086174011,0.9581043720245361,81.0,80.0,0.1326148360967636,0.0009999999,0.9162798523902893,0.9578730463981628,0.9583116173744202,0.957812488079071,0.9583333134651184,1840.0,1839.0,0.49791666865348816,0.5736784338951111,0.5072105526924133,235.0,242.0,1.5915663242340088,0.00627975445240736,0.5021505355834961,0.5030800700187683,0.5104166865348816,0.4958333373069763,238.0,245.0
