folder,network,DenseNum,DropOut,FreezePercentage,BatchSize,epoch,accuracy,precision,sensitivity,specificity,f1_score,npv,mcc,auc,tn,fp,fn,tp,runtime,val_accuracy,val_precision,val_sensitivity,val_specificity,val_f1_score,val_npv,val_mcc,val_auc,val_tn,val_fp,val_fn,val_tp,val_runtime
1,ResNet50V2,128,0.3,0.3,32,9,0.8911458253860474,0.8936946392059326,0.8932291865348816,0.893750011920929,0.8933893442153931,0.8935615420341492,0.7871397733688354,0.9599729180335999,1716.0,204.0,205.0,1715.0,68.7891035079956,0.699999988079071,0.7029288411140442,0.699999988079071,0.7041666507720947,0.701544463634491,0.7010997533798218,0.4042256772518158,0.7702170014381409,338.0,142.0,144.0,336.0,0.6384985446929932
2,ResNet50V2,128,0.3,0.3,32,4,0.7177083492279053,0.721930742263794,0.7166666388511658,0.7239583134651184,0.71894770860672,0.7195798754692078,0.4410957992076874,0.805901825428009,1390.0,530.0,544.0,1376.0,42.67210578918457,0.6395833492279053,0.6416308879852295,0.6229166388511658,0.6520833373069763,0.6322031617164612,0.6333840489387512,0.2752682864665985,0.6664929986000061,313.0,167.0,181.0,299.0,0.6132516860961914
