epoch,accuracy,auc,f1_score,fn,fp,loss,lr,mcc,npv,precision,recall,specificity,tn,tp,val_accuracy,val_auc,val_f1_score,val_fn,val_fp,val_loss,val_mcc,val_npv,val_precision,val_recall,val_specificity,val_tn,val_tp
0,0.573437511920929,0.567490816116333,0.5726591944694519,1053.0,1081.0,0.7029896378517151,0.01,0.13902132213115692,0.568834125995636,0.5547776222229004,0.5612499713897705,0.5619791746139526,1319.0,1347.0,0.5062500238418579,0.5344792008399963,0.13828684389591217,441.0,21.0,2.2721593379974365,0.04817922040820122,0.5108576416969299,0.6499999761581421,0.08124999701976776,0.956250011920929,459.0,39.0
1,0.6505208611488342,0.681868851184845,0.6343809366226196,712.0,678.0,0.6512385010719299,0.01,0.2764536440372467,0.6362966299057007,0.6405090093612671,0.6291666626930237,0.6468750238418579,1242.0,1208.0,0.5,0.5566167831420898,0.5020512938499451,239.0,240.0,1.6713570356369019,0.0020517667289823294,0.5,0.5010395050048828,0.5020833611488342,0.5,240.0,241.0
2,0.6614583134651184,0.713413655757904,0.6577223539352417,656.0,659.0,0.62264484167099,0.01,0.31520941853523254,0.6579587459564209,0.6573063135147095,0.6583333611488342,0.6567708253860474,1261.0,1264.0,0.5020833611488342,0.5749761462211609,0.6541377305984497,85.0,345.0,1.0200450420379639,0.0880943015217781,0.5200000405311584,0.5337837934494019,0.8229166865348816,0.28125,135.0,395.0
3,0.698437511920929,0.7522109746932983,0.6972767114639282,581.0,582.0,0.5910512208938599,0.01,0.3943699896335602,0.6970965266227722,0.6970328092575073,0.6973958611488342,0.6968749761581421,1338.0,1339.0,0.5,0.5431445240974426,0.5,240.0,240.0,3.423037528991699,0.0,0.5,0.5,0.5,0.5,240.0,240.0
4,0.7270833253860474,0.7943824529647827,0.7265014052391052,524.0,527.0,0.5482941269874573,0.0009999999,0.4526608884334564,0.7267091274261475,0.7259490489959717,0.7270833253860474,0.7255208492279053,1393.0,1396.0,0.5,0.5,0.5,240.0,240.0,6.152892112731934,0.0,0.5,0.5,0.5,0.5,240.0,240.0
5,0.7593749761581421,0.8313579559326172,0.7606585621833801,458.0,462.0,0.5062738060951233,0.0009999999,0.5208893418312073,0.761011004447937,0.7598752379417419,0.7614583373069763,0.7593749761581421,1458.0,1462.0,0.5,0.5146918296813965,0.5,240.0,240.0,3.4219605922698975,0.0,0.5,0.5,0.5,0.5,240.0,240.0
