epoch,accuracy,auc,f1_score,fn,fp,loss,lr,mcc,npv,precision,recall,specificity,tn,tp,val_accuracy,val_auc,val_f1_score,val_fn,val_fp,val_loss,val_mcc,val_npv,val_precision,val_recall,val_specificity,val_tn,val_tp
0,0.5625,0.5483394861221313,0.5514109134674072,1093.0,1113.0,0.7182100415229797,0.01,0.10162588208913803,0.5522596836090088,0.5400826334953308,0.5445833206176758,0.5453125238418579,1287.0,1307.0,0.5,0.5,0.5,240.0,240.0,211.21856689453125,0.0,0.5,0.5,0.5,0.5,240.0,240.0
1,0.628125011920929,0.657989501953125,0.6175404191017151,738.0,721.0,0.6634525060653687,0.01,0.24083533883094788,0.6198897957801819,0.6211245656013489,0.6156250238418579,0.6244791746139526,1199.0,1182.0,0.5,0.5010416507720947,0.5,240.0,240.0,4.849754333496094,0.0,0.5,0.5,0.5,0.5,240.0,240.0
2,0.653124988079071,0.6995231509208679,0.6433929204940796,690.0,673.0,0.6359445452690125,0.01,0.2903786301612854,0.6439350843429565,0.6463478803634644,0.640625,0.6494791507720947,1247.0,1230.0,0.5,0.5,0.5,240.0,240.0,8.237281799316406,0.0,0.5,0.5,0.5,0.5,240.0,240.0
3,0.6734374761581421,0.7156155705451965,0.6708963513374329,634.0,629.0,0.6271097660064697,0.01,0.34230291843414307,0.6702054142951965,0.6715404987335205,0.6697916388511658,0.6723958253860474,1291.0,1286.0,0.5,0.5,0.5,240.0,240.0,7.6498494148254395,0.0,0.5,0.5,0.5,0.5,240.0,240.0
4,0.6859375238418579,0.7443808317184448,0.6780912280082703,627.0,600.0,0.5971343517303467,0.0009999999,0.36114469170570374,0.6782020330429077,0.6830427646636963,0.6734374761581421,0.6875,1320.0,1293.0,0.5,0.5,0.5,240.0,240.0,7.20164680480957,0.0,0.5,0.5,0.5,0.5,240.0,240.0
5,0.7098958492279053,0.7688789367675781,0.7082818150520325,564.0,552.0,0.5736935138702393,0.0009999999,0.4188401401042938,0.7084537148475647,0.7106918096542358,0.706250011920929,0.7124999761581421,1368.0,1356.0,0.5,0.5,0.5,240.0,240.0,5.294305324554443,0.0,0.5,0.5,0.5,0.5,240.0,240.0
