epoch,accuracy,auc,f1_score,fn,fp,loss,lr,mcc,npv,precision,recall,specificity,tn,tp,val_accuracy,val_auc,val_f1_score,val_fn,val_fp,val_loss,val_mcc,val_npv,val_precision,val_recall,val_specificity,val_tn,val_tp
0,0.53125,0.5279645919799805,0.5213664174079895,1155.0,1159.0,0.7263530492782593,0.01,0.044383399188518524,0.5228960514068604,0.5178868770599365,0.518750011920929,0.5213541388511658,1241.0,1245.0,0.5,0.5,0.5,240.0,240.0,10.080102920532227,0.0,0.5,0.5,0.5,0.5,240.0,240.0
1,0.6213541626930237,0.6437345743179321,0.6139506697654724,731.0,761.0,0.6716495156288147,0.01,0.22337651252746582,0.6136295795440674,0.609743595123291,0.6192708611488342,0.6036458611488342,1159.0,1189.0,0.4958333373069763,0.5339779257774353,0.11810968816280365,443.0,7.0,0.9857170581817627,0.07426346838474274,0.5196486115455627,0.8409090638160706,0.07708333432674408,0.9854166507720947,473.0,37.0
2,0.6364583373069763,0.6747097373008728,0.6357138156890869,685.0,730.0,0.6497151255607605,0.01,0.2632898986339569,0.6345603466033936,0.6284987330436707,0.6432291865348816,0.6197916865348816,1190.0,1235.0,0.5,0.5,0.5,240.0,240.0,9.386785507202148,0.0,0.5,0.5,0.5,0.5,240.0,240.0
3,0.6567708253860474,0.7119231820106506,0.655654788017273,660.0,664.0,0.6210616230964661,0.01,0.31049156188964844,0.6553328633308411,0.6548856496810913,0.65625,0.6541666388511658,1256.0,1260.0,0.5,0.5,0.5,240.0,240.0,6.107366561889648,0.0,0.5,0.5,0.5,0.5,240.0,240.0
4,0.6953125,0.7515026926994324,0.6943401098251343,588.0,584.0,0.5918615460395813,0.0009999999,0.38960063457489014,0.6946460604667664,0.6951983571052551,0.6937500238418579,0.6958333253860474,1336.0,1332.0,0.5,0.5,0.5,240.0,240.0,7.340591907501221,0.0,0.5,0.5,0.5,0.5,240.0,240.0
5,0.6958333253860474,0.7595947980880737,0.6946249604225159,587.0,585.0,0.5808708071708679,0.0009999999,0.38960063457489014,0.6945971846580505,0.6949948072433472,0.6942708492279053,0.6953125,1335.0,1333.0,0.5,0.5,0.5,240.0,240.0,5.433012962341309,0.0,0.5,0.5,0.5,0.5,240.0,240.0
