epoch,accuracy,auc,f1_score,fn,fp,loss,lr,mcc,npv,precision,recall,specificity,tn,tp,val_accuracy,val_auc,val_f1_score,val_fn,val_fp,val_loss,val_mcc,val_npv,val_precision,val_recall,val_specificity,val_tn,val_tp
0,0.49791666865348816,0.4997686445713043,0.4857952892780304,1233.0,1200.0,0.7627052068710327,0.01,-0.017201535403728485,0.49088314175605774,0.4930291473865509,0.48625001311302185,0.5,1200.0,1167.0,0.5,0.5155056715011597,0.6666666269302368,0.0,480.0,5.1848554611206055,0.0,0.0,0.5,1.0,0.0,0.0,480.0
1,0.5015624761581421,0.508558452129364,0.5045904517173767,939.0,980.0,0.7165108323097229,0.01,0.0005358010530471802,0.49817073345184326,0.5002549886703491,0.510937511920929,0.4895833432674408,940.0,981.0,0.5,0.5431032776832581,0.5,240.0,240.0,1.1869845390319824,0.0,0.5,0.5,0.5,0.5,240.0,240.0
2,0.5411458611488342,0.5469700694084167,0.5424394011497498,857.0,923.0,0.6965848207473755,0.01,0.0735323429107666,0.5395853519439697,0.535246729850769,0.5536458492279053,0.5192708373069763,997.0,1063.0,0.5,0.5258333086967468,0.5881178379058838,161.0,297.0,2.149244546890259,0.03964238241314888,0.5034483075141907,0.5178571343421936,0.6645833253860474,0.3812499940395355,183.0,319.0
3,0.5562499761581421,0.5829653143882751,0.5475490689277649,883.0,826.0,0.6840378046035767,0.01,0.10998810827732086,0.5524747371673584,0.5566291213035583,0.5401041507720947,0.5697916746139526,1094.0,1037.0,0.5,0.5,0.5,240.0,240.0,8.06186580657959,0.0,0.5,0.5,0.5,0.5,240.0,240.0
4,0.5958333611488342,0.6323679685592651,0.5899994969367981,789.0,783.0,0.6685073971748352,0.0009999999,0.18135817348957062,0.5901926159858704,0.5909090638160706,0.589062511920929,0.5921875238418579,1137.0,1131.0,0.5,0.5,0.5,240.0,240.0,5.951705455780029,0.0,0.5,0.5,0.5,0.5,240.0,240.0
5,0.6020833253860474,0.6333400011062622,0.5990740656852722,768.0,775.0,0.6652203798294067,0.0009999999,0.19655440747737885,0.5978136658668518,0.5978204607963562,0.6000000238418579,0.5963541865348816,1145.0,1152.0,0.5,0.5,0.5,240.0,240.0,5.344654560089111,0.0,0.5,0.5,0.5,0.5,240.0,240.0
