epoch,accuracy,auc,f1_score,fn,fp,loss,lr,mcc,npv,precision,recall,specificity,tn,tp,val_accuracy,val_auc,val_f1_score,val_fn,val_fp,val_loss,val_mcc,val_npv,val_precision,val_recall,val_specificity,val_tn,val_tp
0,0.535937488079071,0.5283076763153076,0.5152113437652588,1181.0,1119.0,0.745899498462677,0.01,0.042924944311380386,0.5227965116500854,0.5213857889175415,0.5079166889190674,0.5291666388511658,1281.0,1219.0,0.5,0.5,0.6666666269302368,0.0,480.0,79.37206268310547,0.0,0.0,0.5,1.0,0.0,0.0,480.0
1,0.5354166626930237,0.5472872257232666,0.5277401804924011,904.0,907.0,0.7138809561729431,0.01,0.05707727000117302,0.5286470055580139,0.5283411145210266,0.5291666388511658,0.5276041626930237,1013.0,1016.0,0.5,0.5026345252990723,0.5,240.0,240.0,4.8673272132873535,0.0,0.5,0.5,0.5,0.5,240.0,240.0
2,0.598437488079071,0.6167653799057007,0.5868654847145081,793.0,794.0,0.682682454586029,0.01,0.17387554049491882,0.5857259631156921,0.5866736173629761,0.5869791507720947,0.5864583253860474,1126.0,1127.0,0.5,0.6103754043579102,0.5,240.0,240.0,2.124255895614624,0.0,0.5,0.5,0.5,0.5,240.0,240.0
3,0.625,0.6603444814682007,0.6233983635902405,716.0,736.0,0.6570580005645752,0.01,0.24396829307079315,0.6239627003669739,0.6206185817718506,0.6270833611488342,0.6166666746139526,1184.0,1204.0,0.5,0.5378472208976746,0.5,240.0,240.0,2.698981285095215,0.0,0.5,0.5,0.5,0.5,240.0,240.0
4,0.6057291626930237,0.641516923904419,0.5920794606208801,783.0,781.0,0.660179078578949,0.0009999999,0.18566760420799255,0.5927695631980896,0.592805027961731,0.5921875238418579,0.5932291746139526,1139.0,1137.0,0.5,0.5072981715202332,0.5,240.0,240.0,3.356837511062622,0.0,0.5,0.5,0.5,0.5,240.0,240.0
5,0.6546875238418579,0.7043125033378601,0.6551390886306763,662.0,663.0,0.6276419758796692,0.0009999999,0.30993473529815674,0.6547996997833252,0.6548672318458557,0.6552083492279053,0.6546875238418579,1257.0,1258.0,0.5,0.5381054282188416,0.5,240.0,240.0,2.8471593856811523,0.0,0.5,0.5,0.5,0.5,240.0,240.0
