epoch,accuracy,auc,f1_score,fn,fp,loss,lr,mcc,npv,precision,recall,specificity,tn,tp,val_accuracy,val_auc,val_f1_score,val_fn,val_fp,val_loss,val_mcc,val_npv,val_precision,val_recall,val_specificity,val_tn,val_tp
0,0.5249999761581421,0.5120475888252258,0.5130887627601624,1169.0,1185.0,0.7447690367698669,0.01,0.024104304611682892,0.5108436942100525,0.5095198750495911,0.5129166841506958,0.5078125,1215.0,1231.0,0.5,0.5,0.5,240.0,240.0,24.61296272277832,0.0,0.5,0.5,0.5,0.5,240.0,240.0
1,0.5651041865348816,0.5849198698997498,0.5546683073043823,862.0,833.0,0.6961010694503784,0.01,0.11756765097379684,0.5578085780143738,0.5594923496246338,0.5510416626930237,0.5661458373069763,1087.0,1058.0,0.5062500238418579,0.5206575989723206,0.6608469486236572,7.0,478.0,1.794519066810608,-0.01940741576254368,0.13333331048488617,0.49737119674682617,0.9854166507720947,0.004166666883975267,2.0,473.0
2,0.6187499761581421,0.6504350900650024,0.6131124496459961,740.0,746.0,0.6681328415870667,0.01,0.22627009451389313,0.6139732599258423,0.6126687526702881,0.6145833134651184,0.6114583611488342,1174.0,1180.0,0.5,0.5,0.5,240.0,240.0,6.510271072387695,0.0,0.5,0.5,0.5,0.5,240.0,240.0
3,0.6432291865348816,0.6864979267120361,0.6399869322776794,690.0,693.0,0.6409175395965576,0.01,0.2798751890659332,0.6401047110557556,0.639625608921051,0.640625,0.6390625238418579,1227.0,1230.0,0.5,0.5111502408981323,0.5,240.0,240.0,4.096600532531738,0.0,0.5,0.5,0.5,0.5,240.0,240.0
4,0.6692708134651184,0.7077587246894836,0.6691379547119141,639.0,628.0,0.6303321123123169,0.01,0.3402023911476135,0.669014036655426,0.6710319519042969,0.667187511920929,0.6729166507720947,1292.0,1281.0,0.5,0.520177960395813,0.5,240.0,240.0,3.6998586654663086,0.0,0.5,0.5,0.5,0.5,240.0,240.0
5,0.6947916746139526,0.750914990901947,0.6936950087547302,590.0,584.0,0.5927385687828064,0.0009999999,0.3885665833950043,0.693855881690979,0.6948798298835754,0.6927083134651184,0.6958333253860474,1336.0,1330.0,0.5,0.5365082621574402,0.5040404200553894,238.0,240.0,2.7922518253326416,0.004044246859848499,0.5,0.5020747184753418,0.5041666626930237,0.5,240.0,242.0
6,0.6885416507720947,0.7535572648048401,0.6871387958526611,600.0,602.0,0.5897554159164429,0.0009999999,0.3739944398403168,0.6871945261955261,0.6867846250534058,0.6875,0.6864583492279053,1318.0,1320.0,0.5,0.5477626323699951,0.5020512938499451,239.0,240.0,2.6967968940734863,0.0020517667289823294,0.5,0.5010395050048828,0.5020833611488342,0.5,240.0,241.0
