epoch,accuracy,auc,f1_score,fn,fp,loss,lr,mcc,npv,precision,recall,specificity,tn,tp,val_accuracy,val_auc,val_f1_score,val_fn,val_fp,val_loss,val_mcc,val_npv,val_precision,val_recall,val_specificity,val_tn,val_tp
0,0.5088541507720947,0.5424844622612,0.5225962400436401,1112.0,1116.0,0.7435054183006287,0.01,0.04772953316569328,0.5254746675491333,0.5357736945152283,0.5366666913032532,0.5218750238418579,1284.0,1288.0,0.5,0.5,0.5,240.0,240.0,11.387211799621582,0.0,0.5,0.5,0.5,0.5,240.0,240.0
1,0.5369791388511658,0.5266823768615723,0.5185237526893616,918.0,934.0,0.711256742477417,0.01,0.03593749925494194,0.5186814069747925,0.5175619721412659,0.5218750238418579,0.5135416388511658,986.0,1002.0,0.5,0.5,0.5,240.0,240.0,7.4182515144348145,0.0,0.5,0.5,0.5,0.5,240.0,240.0
2,0.5791666507720947,0.6138622760772705,0.5695847868919373,821.0,831.0,0.6751607060432434,0.01,0.13973809778690338,0.5719671249389648,0.5694300532341003,0.5723958611488342,0.567187488079071,1089.0,1099.0,0.5,0.6035546660423279,0.5,240.0,240.0,0.978126585483551,0.0,0.5,0.5,0.5,0.5,240.0,240.0
3,0.6052083373069763,0.6381676197052002,0.6041992902755737,751.0,779.0,0.6694807410240173,0.01,0.20337219536304474,0.6034256815910339,0.6001026630401611,0.6088541746139526,0.5942708253860474,1141.0,1169.0,0.5,0.5811979174613953,0.5,240.0,240.0,1.2003037929534912,0.0,0.5,0.5,0.5,0.5,240.0,240.0
4,0.6041666865348816,0.6413363218307495,0.6004183292388916,765.0,772.0,0.6620484590530396,0.0009999999,0.1996290236711502,0.6000251173973083,0.5993772745132446,0.6015625,0.5979166626930237,1148.0,1155.0,0.5,0.5958941578865051,0.5,240.0,240.0,1.468005895614624,0.0,0.5,0.5,0.5,0.5,240.0,240.0
5,0.629687488079071,0.6665913462638855,0.628038763999939,713.0,716.0,0.6498216986656189,0.0009999999,0.2557823359966278,0.628268301486969,0.627665102481842,0.6286458373069763,0.6270833611488342,1204.0,1207.0,0.5,0.6006337404251099,0.5,240.0,240.0,2.1540284156799316,0.0,0.5,0.5,0.5,0.5,240.0,240.0
