epoch,accuracy,auc,f1_score,fn,fp,loss,lr,mcc,npv,precision,recall,specificity,tn,tp,val_accuracy,val_auc,val_f1_score,val_fn,val_fp,val_loss,val_mcc,val_npv,val_precision,val_recall,val_specificity,val_tn,val_tp
0,0.5458333492279053,0.5349138975143433,0.5425230860710144,1120.0,1105.0,0.7238624691963196,0.01,0.09148108214139938,0.5449742078781128,0.5366876125335693,0.5333333611488342,0.5494791865348816,1295.0,1280.0,0.5,0.5,0.0,480.0,0.0,7.515469074249268,0.0,0.5,0.0,0.0,1.0,480.0,0.0
1,0.612500011920929,0.648375391960144,0.5981318354606628,775.0,756.0,0.6646835207939148,0.01,0.20307257771492004,0.6014876961708069,0.6023145914077759,0.5963541865348816,0.606249988079071,1164.0,1145.0,0.5,0.5509070754051208,0.4989418089389801,241.0,239.0,3.0340728759765625,0.0,0.5,0.5,0.49791666865348816,0.5020833611488342,241.0,239.0
2,0.6567708253860474,0.6922075748443604,0.6499221324920654,672.0,672.0,0.6447914242744446,0.01,0.3001987338066101,0.6501166224479675,0.6499999761581421,0.6499999761581421,0.6499999761581421,1248.0,1248.0,0.5,0.5190169215202332,0.5,240.0,240.0,4.251597881317139,0.0,0.5,0.5,0.5,0.5,240.0,240.0
3,0.6552083492279053,0.7071770429611206,0.651246964931488,668.0,673.0,0.6299079656600952,0.01,0.30162638425827026,0.651129961013794,0.6503896117210388,0.6520833373069763,0.6494791507720947,1247.0,1252.0,0.5,0.5653667449951172,0.5,240.0,230.0,2.4506499767303467,0.020280519500374794,0.5197266936302185,0.5106382966041565,0.5,0.5208333134651184,250.0,240.0
4,0.7083333134651184,0.7643927931785583,0.7067910432815552,565.0,559.0,0.589336633682251,0.0009999999,0.4146158993244171,0.7067376971244812,0.707941472530365,0.7057291865348816,0.7088541388511658,1361.0,1355.0,0.5,0.5892035365104675,0.5,240.0,222.0,1.9698317050933838,0.03553304821252823,0.5335512161254883,0.5194805264472961,0.5,0.5375000238418579,258.0,240.0
5,0.7322916388511658,0.7989833950996399,0.7312371134757996,516.0,516.0,0.5481396913528442,0.0009999999,0.4625300168991089,0.7312800288200378,0.731249988079071,0.731249988079071,0.731249988079071,1404.0,1404.0,0.5,0.510425329208374,0.5,240.0,240.0,3.9725701808929443,0.0,0.5,0.5,0.5,0.5,240.0,240.0
