epoch,accuracy,auc,f1_score,fn,fp,loss,lr,mcc,npv,precision,recall,specificity,tn,tp,val_accuracy,val_auc,val_f1_score,val_fn,val_fp,val_loss,val_mcc,val_npv,val_precision,val_recall,val_specificity,val_tn,val_tp
0,0.5494791865348816,0.5414978265762329,0.5427033305168152,1123.0,1098.0,0.7222750782966614,0.01,0.09356008470058441,0.5456289052963257,0.5376842021942139,0.5320833325386047,0.5531250238418579,1302.0,1277.0,0.5,0.5,0.5,240.0,240.0,18.278173446655273,0.0,0.5,0.5,0.5,0.5,240.0,240.0
1,0.6088541746139526,0.6487534046173096,0.6044664978981018,745.0,793.0,0.6683273911476135,0.01,0.1995096504688263,0.6014401316642761,0.5970528721809387,0.6119791865348816,0.5869791507720947,1127.0,1175.0,0.5,0.5,0.5,240.0,240.0,25.99668312072754,0.0,0.5,0.5,0.5,0.5,240.0,240.0
2,0.6395833492279053,0.6769124865531921,0.6336279511451721,690.0,734.0,0.6497107148170471,0.01,0.2586973309516907,0.6314790844917297,0.6262729167938232,0.640625,0.6177083253860474,1186.0,1230.0,0.5,0.5501692891120911,0.46130627393722534,275.0,157.0,2.2115213871002197,0.08723430335521698,0.5655710101127625,0.5662983655929565,0.4270833432674408,0.6729166507720947,323.0,205.0
3,0.643750011920929,0.7031828761100769,0.6434713006019592,687.0,679.0,0.6285812258720398,0.01,0.2886369824409485,0.6437452435493469,0.6448744535446167,0.6421874761581421,0.6463541388511658,1241.0,1233.0,0.5,0.5,0.5,240.0,240.0,3.690617322921753,0.0,0.5,0.5,0.5,0.5,240.0,240.0
4,0.6130208373069763,0.6326386332511902,0.5972731113433838,775.0,768.0,0.6646263599395752,0.0009999999,0.19681844115257263,0.5977040529251099,0.5985363125801086,0.5963541865348816,0.6000000238418579,1152.0,1145.0,0.5,0.5,0.5,240.0,240.0,4.166356563568115,0.0,0.5,0.5,0.5,0.5,240.0,240.0
5,0.6651041507720947,0.7226977944374084,0.6657276749610901,644.0,637.0,0.6129077076911926,0.0009999999,0.3328753709793091,0.6659224033355713,0.6670151352882385,0.6645833253860474,0.6682291626930237,1283.0,1276.0,0.5,0.5935720205307007,0.5,240.0,240.0,2.499321699142456,0.0,0.5,0.5,0.5,0.5,240.0,240.0
