epoch,accuracy,auc,f1_score,fn,fp,loss,lr,mcc,npv,precision,recall,specificity,tn,tp,val_accuracy,val_auc,val_f1_score,val_fn,val_fp,val_loss,val_mcc,val_npv,val_precision,val_recall,val_specificity,val_tn,val_tp
0,0.515625,0.5115153789520264,0.5121572017669678,1176.0,1167.0,0.7488793134689331,0.01,0.029823990538716316,0.5150392651557922,0.5119196772575378,0.5099999904632568,0.5171874761581421,1233.0,1224.0,0.5,0.5,0.5,240.0,240.0,16.73577308654785,0.0,0.5,0.5,0.5,0.5,240.0,240.0
1,0.606249988079071,0.6335957646369934,0.5916836261749268,780.0,793.0,0.6768867373466492,0.01,0.18098433315753937,0.5904608964920044,0.5897568464279175,0.59375,0.5869791507720947,1127.0,1140.0,0.5,0.5,0.5,240.0,240.0,6.495141506195068,0.0,0.5,0.5,0.5,0.5,240.0,240.0
2,0.6385416388511658,0.6779236793518066,0.6279792785644531,722.0,695.0,0.6500091552734375,0.01,0.26222118735313416,0.6298588514328003,0.6328579187393188,0.6239583492279053,0.6380208134651184,1225.0,1198.0,0.5,0.5,0.5,240.0,240.0,4.909749984741211,0.0,0.5,0.5,0.5,0.5,240.0,240.0
3,0.653124988079071,0.6990352272987366,0.6496533155441284,673.0,673.0,0.6348447203636169,0.01,0.29909563064575195,0.6490122675895691,0.6494791507720947,0.6494791507720947,0.6494791507720947,1247.0,1247.0,0.5,0.5,0.5,240.0,240.0,6.210759162902832,0.0,0.5,0.5,0.5,0.5,240.0,240.0
4,0.6932291388511658,0.7545148730278015,0.6923567652702332,593.0,586.0,0.5986689925193787,0.0009999999,0.38597288727760315,0.6923762559890747,0.6936748623847961,0.6911458373069763,0.6947916746139526,1334.0,1327.0,0.5,0.5,0.5,240.0,240.0,6.399037837982178,0.0,0.5,0.5,0.5,0.5,240.0,240.0
5,0.7161458134651184,0.7720541954040527,0.715194582939148,548.0,545.0,0.5735519528388977,0.0009999999,0.43075740337371826,0.7149284482002258,0.7157016396522522,0.7145833373069763,0.7161458134651184,1375.0,1372.0,0.5,0.5,0.5,240.0,240.0,5.465432643890381,0.0,0.5,0.5,0.5,0.5,240.0,240.0
