epoch,accuracy,auc,f1_score,fn,fp,loss,lr,mcc,npv,precision,recall,specificity,tn,tp,val_accuracy,val_auc,val_f1_score,val_fn,val_fp,val_loss,val_mcc,val_npv,val_precision,val_recall,val_specificity,val_tn,val_tp
0,0.5328124761581421,0.5259884595870972,0.5216353535652161,1163.0,1137.0,0.7297219634056091,0.01,0.05246013030409813,0.5246619582176208,0.5210614800453186,0.51541668176651,0.5328124761581421,1263.0,1237.0,0.5,0.5,0.5,240.0,240.0,6.749521255493164,0.0,0.5,0.5,0.5,0.5,240.0,240.0
1,0.621874988079071,0.6531351804733276,0.6120335459709167,736.0,765.0,0.6654350161552429,0.01,0.2186834216117859,0.6105229258537292,0.6074910163879395,0.6166666746139526,0.6015625,1155.0,1184.0,0.5458333492279053,0.6115126013755798,0.6755887269973755,3.0,456.0,1.1703338623046875,0.07573437690734863,0.4000000059604645,0.5112540125846863,0.9937499761581421,0.05000000074505806,24.0,477.0
2,0.6526041626930237,0.6921564340591431,0.6425965428352356,687.0,683.0,0.6408725380897522,0.01,0.2866670489311218,0.6432209014892578,0.643528163433075,0.6421874761581421,0.6442708373069763,1237.0,1233.0,0.5,0.5072222352027893,0.5,240.0,240.0,4.070600986480713,0.0,0.5,0.5,0.5,0.5,240.0,240.0
3,0.6656249761581421,0.7128549218177795,0.6644095778465271,648.0,636.0,0.6245452165603638,0.01,0.3313564658164978,0.664915919303894,0.6666666865348816,0.6625000238418579,0.668749988079071,1284.0,1272.0,0.5,0.5,0.5,240.0,240.0,5.215781211853027,0.0,0.5,0.5,0.5,0.5,240.0,240.0
4,0.6838541626930237,0.7402080297470093,0.6818336248397827,613.0,606.0,0.6049535870552063,0.01,0.3651364743709564,0.6821689605712891,0.6832200884819031,0.6807291507720947,0.684374988079071,1314.0,1307.0,0.5,0.5157031416893005,0.5,240.0,240.0,3.3998825550079346,0.0,0.5,0.5,0.5,0.5,240.0,240.0
5,0.698437511920929,0.7632321715354919,0.696414053440094,582.0,585.0,0.5799934267997742,0.0009999999,0.39223963022232056,0.6962518692016602,0.6957878470420837,0.6968749761581421,0.6953125,1335.0,1338.0,0.5,0.5206249356269836,0.5,240.0,240.0,3.2136385440826416,0.0,0.5,0.5,0.5,0.5,240.0,240.0
6,0.7364583611488342,0.8058688044548035,0.7374342083930969,503.0,506.0,0.5390607118606567,0.0009999999,0.47450077533721924,0.7376440763473511,0.7368694543838501,0.7380208373069763,0.7364583611488342,1414.0,1417.0,0.5,0.51827472448349,0.5,240.0,240.0,3.451064348220825,0.0,0.5,0.5,0.5,0.5,240.0,240.0
