epoch,accuracy,auc,f1_score,fn,fp,loss,lr,mcc,npv,precision,recall,specificity,tn,tp,val_accuracy,val_auc,val_f1_score,val_fn,val_fp,val_loss,val_mcc,val_npv,val_precision,val_recall,val_specificity,val_tn,val_tp
0,0.49947917461395264,0.49533286690711975,0.49607113003730774,1204.0,1203.0,0.7437105774879456,0.01,-0.003631846746429801,0.4992927014827728,0.49854105710983276,0.4983333349227905,0.4984374940395355,1197.0,1196.0,0.5,0.4556141793727875,0.5,240.0,240.0,0.8523343205451965,0.0,0.5,0.5,0.5,0.5,240.0,240.0
1,0.5072916746139526,0.5066558122634888,0.4999484717845917,966.0,934.0,0.7161028385162354,0.01,0.010608100332319736,0.5052603483200073,0.5052965879440308,0.49687498807907104,0.5135416388511658,986.0,954.0,0.5687500238418579,0.6033246517181396,0.6692343950271606,7.0,461.0,0.6919845342636108,0.044424135237932205,0.4000000059604645,0.5064240097999573,0.9854166507720947,0.03958333283662796,19.0,473.0
2,0.5739583373069763,0.6004148125648499,0.5699220299720764,827.0,819.0,0.6833075881004333,0.01,0.1429380476474762,0.5714027285575867,0.5716527104377747,0.5692708492279053,0.573437511920929,1101.0,1093.0,0.5,0.6093142628669739,0.5,240.0,240.0,0.7856982350349426,0.0,0.5,0.5,0.5,0.5,240.0,240.0
3,0.637499988079071,0.6907719373703003,0.6357678174972534,694.0,712.0,0.6373926997184753,0.01,0.2678031325340271,0.634652316570282,0.6326109170913696,0.6385416388511658,0.6291666626930237,1208.0,1226.0,0.5,0.5,0.5,240.0,240.0,15.582809448242188,0.0,0.5,0.5,0.5,0.5,240.0,240.0
4,0.6614583134651184,0.7152171730995178,0.6609669327735901,652.0,649.0,0.616870641708374,0.01,0.3224566876888275,0.6608758568763733,0.661450207233429,0.6604166626930237,0.6619791388511658,1271.0,1268.0,0.5,0.5,0.5,240.0,240.0,3.7566840648651123,0.0,0.5,0.5,0.5,0.5,240.0,240.0
5,0.6817708611488342,0.7483056783676147,0.680989682674408,614.0,609.0,0.5918994545936584,0.0009999999,0.3630307614803314,0.681235134601593,0.6819843053817749,0.6802083253860474,0.682812511920929,1311.0,1306.0,0.5,0.6409288048744202,0.5,240.0,240.0,1.4569227695465088,0.0,0.5,0.5,0.5,0.5,240.0,240.0
6,0.7083333134651184,0.7874402403831482,0.7086021900177002,560.0,559.0,0.55596923828125,0.0009999999,0.4171968996524811,0.7083180546760559,0.7087024450302124,0.7083333134651184,0.7088541388511658,1361.0,1360.0,0.5,0.6292382478713989,0.5,240.0,240.0,2.3692681789398193,0.0,0.5,0.5,0.5,0.5,240.0,240.0
