epoch,accuracy,auc,f1_score,fn,fp,loss,lr,mcc,npv,precision,recall,specificity,tn,tp,val_accuracy,val_auc,val_f1_score,val_fn,val_fp,val_loss,val_mcc,val_npv,val_precision,val_recall,val_specificity,val_tn,val_tp
0,0.5619791746139526,0.5485919713973999,0.5467436909675598,1107.0,1113.0,0.723727822303772,0.01,0.09384315460920334,0.546289324760437,0.5374065041542053,0.5387499928474426,0.5453125238418579,1287.0,1293.0,0.5,0.5,0.5,240.0,240.0,7.817007064819336,0.0,0.5,0.5,0.5,0.5,240.0,240.0
1,0.6041666865348816,0.6331461668014526,0.5966099500656128,772.0,780.0,0.677689790725708,0.01,0.1921377182006836,0.5957446694374084,0.5954356789588928,0.5979166626930237,0.59375,1140.0,1148.0,0.5,0.5279383659362793,0.5,240.0,240.0,3.9930832386016846,0.0,0.5,0.5,0.5,0.5,240.0,240.0
2,0.6260416507720947,0.6645018458366394,0.6178603768348694,735.0,728.0,0.6606529355049133,0.01,0.23828738927841187,0.61879563331604,0.6194459199905396,0.6171875,0.6208333373069763,1192.0,1185.0,0.5,0.5580620765686035,0.5,240.0,240.0,2.558823823928833,0.0,0.5,0.5,0.5,0.5,240.0,240.0
3,0.6354166865348816,0.6875367760658264,0.635877788066864,692.0,715.0,0.6428002119064331,0.01,0.2673269808292389,0.6347619891166687,0.6320123672485352,0.6395833492279053,0.6276041865348816,1205.0,1228.0,0.5,0.6024782657623291,0.5,240.0,240.0,1.5300335884094238,0.0,0.5,0.5,0.5,0.5,240.0,240.0
4,0.6536458134651184,0.6950371861457825,0.6454609632492065,681.0,676.0,0.6368904709815979,0.0009999999,0.2936115264892578,0.6475213170051575,0.6469973921775818,0.645312488079071,0.6479166746139526,1244.0,1239.0,0.5,0.6031250357627869,0.5,240.0,240.0,1.1770082712173462,0.0,0.5,0.5,0.5,0.5,240.0,240.0
5,0.6911458373069763,0.7489031553268433,0.6893333196640015,599.0,592.0,0.5958945751190186,0.0009999999,0.3797554671764374,0.6890555024147034,0.6905384063720703,0.6880208253860474,0.6916666626930237,1328.0,1321.0,0.5,0.5952799320220947,0.5,240.0,240.0,2.529350519180298,0.0,0.5,0.5,0.5,0.5,240.0,240.0
