epoch,accuracy,auc,f1_score,fn,fp,loss,lr,mcc,npv,precision,recall,specificity,tn,tp,val_accuracy,val_auc,val_f1_score,val_fn,val_fp,val_loss,val_mcc,val_npv,val_precision,val_recall,val_specificity,val_tn,val_tp
0,0.5546875,0.546153724193573,0.5456417202949524,1103.0,1130.0,0.7176191806793213,0.01,0.08711554110050201,0.5443082451820374,0.5344046354293823,0.5404166579246521,0.5364583134651184,1270.0,1297.0,0.5,0.5,0.5,240.0,240.0,10.185212135314941,0.0,0.5,0.5,0.5,0.5,240.0,240.0
1,0.578125,0.6166924238204956,0.5677610039710999,832.0,815.0,0.6928216218948364,0.01,0.14240005612373352,0.5723034739494324,0.5717288255691528,0.5666666626930237,0.5755208134651184,1105.0,1088.0,0.5,0.5260590314865112,0.6685579419136047,0.0,476.0,1.463584542274475,0.023947374895215034,0.13333334028720856,0.5020920634269714,1.0,0.008333333767950535,4.0,480.0
2,0.621874988079071,0.6739853024482727,0.6241435408592224,718.0,730.0,0.649531900882721,0.01,0.24617396295070648,0.6233546733856201,0.6221532225608826,0.6260416507720947,0.6197916865348816,1190.0,1202.0,0.5,0.5590494871139526,0.5020822882652283,237.0,244.0,1.714403748512268,-0.0019924798980355263,0.5,0.4989733099937439,0.5062500238418579,0.49166667461395264,236.0,243.0
3,0.6463541388511658,0.6919332146644592,0.648527204990387,662.0,702.0,0.6421623826026917,0.01,0.28985297679901123,0.6477064490318298,0.6418367624282837,0.6552083492279053,0.6343749761581421,1218.0,1258.0,0.5,0.5162543058395386,0.5,240.0,240.0,3.5705528259277344,0.0,0.5,0.5,0.5,0.5,240.0,240.0
4,0.6739583611488342,0.7256121039390564,0.6723547577857971,630.0,627.0,0.610658586025238,0.0009999999,0.34533563256263733,0.6724757552146912,0.6729264259338379,0.671875,0.6734374761581421,1293.0,1290.0,0.5,0.5387260913848877,0.5,240.0,240.0,2.963365316390991,0.0,0.5,0.5,0.5,0.5,240.0,240.0
5,0.6901041865348816,0.758056104183197,0.6904448866844177,594.0,595.0,0.585131824016571,0.0009999999,0.38076505064964294,0.6904743909835815,0.6902654767036438,0.690625011920929,0.6901041865348816,1325.0,1326.0,0.5,0.5130468606948853,0.5,240.0,240.0,3.3837640285491943,0.0,0.5,0.5,0.5,0.5,240.0,240.0
