epoch,accuracy,auc,f1_score,fn,fp,loss,lr,mcc,npv,precision,recall,specificity,tn,tp,val_accuracy,val_auc,val_f1_score,val_fn,val_fp,val_loss,val_mcc,val_npv,val_precision,val_recall,val_specificity,val_tn,val_tp
0,0.5859375,0.558394730091095,0.5665870308876038,1076.0,1062.0,0.7049489617347717,0.01,0.13675540685653687,0.5665479898452759,0.5549036264419556,0.5516666769981384,0.5718749761581421,1338.0,1324.0,0.5,0.5,0.5,240.0,240.0,14.356453895568848,0.0,0.5,0.5,0.5,0.5,240.0,240.0
1,0.6208333373069763,0.6728296279907227,0.6205482482910156,721.0,743.0,0.6513312458992004,0.01,0.2377602458000183,0.6207047700881958,0.6174047589302063,0.6244791746139526,0.6130208373069763,1177.0,1199.0,0.5,0.5120399594306946,0.5,240.0,240.0,3.6207547187805176,0.0,0.5,0.5,0.5,0.5,240.0,240.0
2,0.6546875238418579,0.7017393112182617,0.6536476016044617,661.0,672.0,0.6333839297294617,0.01,0.30595552921295166,0.6541272401809692,0.6519938111305237,0.6557291746139526,0.6499999761581421,1248.0,1259.0,0.5,0.5,0.5,240.0,240.0,9.72801399230957,0.0,0.5,0.5,0.5,0.5,240.0,240.0
3,0.6499999761581421,0.7107481956481934,0.6495230197906494,677.0,663.0,0.6215292811393738,0.01,0.30220070481300354,0.6504060626029968,0.6521511077880859,0.6473958492279053,0.6546875238418579,1257.0,1243.0,0.5,0.5083333253860474,0.5,240.0,240.0,3.0807344913482666,0.0,0.5,0.5,0.5,0.5,240.0,240.0
4,0.6854166388511658,0.7468242049217224,0.6852702498435974,605.0,603.0,0.5975720286369324,0.0009999999,0.3708501160144806,0.6851890683174133,0.6856099963188171,0.6848958134651184,0.6859375238418579,1317.0,1315.0,0.5,0.5,0.5,240.0,240.0,3.9334654808044434,0.0,0.5,0.5,0.5,0.5,240.0,240.0
5,0.7005208134651184,0.7712138891220093,0.7001393437385559,576.0,575.0,0.572347104549408,0.0009999999,0.4005332887172699,0.7002484202384949,0.7003647685050964,0.699999988079071,0.7005208134651184,1345.0,1344.0,0.5,0.6008377075195312,0.5,240.0,240.0,2.4910237789154053,0.0,0.5,0.5,0.5,0.5,240.0,240.0
