epoch,accuracy,auc,f1_score,fn,fp,loss,lr,mcc,npv,precision,recall,specificity,tn,tp,val_accuracy,val_auc,val_f1_score,val_fn,val_fp,val_loss,val_mcc,val_npv,val_precision,val_recall,val_specificity,val_tn,val_tp
0,0.5135416388511658,0.5174422860145569,0.5173899531364441,1171.0,1144.0,0.7438189387321472,0.01,0.044561006128787994,0.5221410989761353,0.517909824848175,0.5120833516120911,0.5291666388511658,1256.0,1229.0,0.5,0.5,0.5,240.0,240.0,9.380182266235352,0.0,0.5,0.5,0.5,0.5,240.0,240.0
1,0.6166666746139526,0.633802592754364,0.5991056561470032,769.0,763.0,0.6786680221557617,0.01,0.20262090861797333,0.6025291681289673,0.6013584136962891,0.5994791388511658,0.6026041507720947,1157.0,1151.0,0.5,0.5517382621765137,0.48921146988868713,250.0,212.0,1.435746669769287,0.03334152698516846,0.5289739370346069,0.5203620195388794,0.4791666567325592,0.5583333373069763,268.0,230.0
2,0.6161458492279053,0.6589077115058899,0.6106545925140381,745.0,748.0,0.6571223139762878,0.01,0.2227451056241989,0.6123502850532532,0.6110244393348694,0.6119791865348816,0.6104166507720947,1172.0,1175.0,0.5,0.5010416507720947,0.5,240.0,240.0,5.195709705352783,0.0,0.5,0.5,0.5,0.5,240.0,240.0
3,0.6494791507720947,0.7093268632888794,0.6468958258628845,682.0,670.0,0.625339686870575,0.01,0.2958689332008362,0.6468281149864197,0.6488469839096069,0.6447916626930237,0.6510416865348816,1250.0,1238.0,0.5,0.531616747379303,0.5,240.0,240.0,2.5817301273345947,0.0,0.5,0.5,0.5,0.5,240.0,240.0
4,0.6864583492279053,0.7344335913658142,0.6825257539749146,609.0,611.0,0.6128756403923035,0.0009999999,0.3648337721824646,0.6823682188987732,0.6821019649505615,0.682812511920929,0.6817708611488342,1309.0,1311.0,0.5,0.5,0.5,240.0,240.0,3.9262969493865967,0.0,0.5,0.5,0.5,0.5,240.0,240.0
5,0.7104166746139526,0.7763204574584961,0.710249125957489,556.0,557.0,0.5683717727661133,0.0009999999,0.420334130525589,0.7102348804473877,0.7100468277931213,0.7104166746139526,0.7098958492279053,1363.0,1364.0,0.5,0.5005208253860474,0.5,240.0,240.0,3.616252899169922,0.0,0.5,0.5,0.5,0.5,240.0,240.0
