epoch,accuracy,auc,f1_score,fn,fp,loss,lr,mcc,npv,precision,recall,specificity,tn,tp,val_accuracy,val_auc,val_f1_score,val_fn,val_fp,val_loss,val_mcc,val_npv,val_precision,val_recall,val_specificity,val_tn,val_tp
0,0.5645833611488342,0.5577523112297058,0.5598468780517578,1072.0,1115.0,0.6941407918930054,0.01,0.11165876686573029,0.5563229918479919,0.5435939431190491,0.5533333420753479,0.5442708134651184,1285.0,1328.0,0.5,0.5,0.5,240.0,240.0,144.25852966308594,0.0,0.5,0.5,0.5,0.5,240.0,240.0
1,0.6385416388511658,0.6920865774154663,0.6302614212036133,712.0,701.0,0.6368272304534912,0.01,0.2643861472606659,0.6324740648269653,0.632792055606842,0.6291666626930237,0.6348958611488342,1219.0,1208.0,0.5,0.49790364503860474,0.5,240.0,240.0,5.393551826477051,0.0,0.5,0.5,0.5,0.5,240.0,240.0
2,0.6630208492279053,0.7177876830101013,0.6645461916923523,640.0,652.0,0.6189364790916443,0.01,0.32736635208129883,0.6647163033485413,0.6625258922576904,0.6666666865348816,0.6604166626930237,1268.0,1280.0,0.5,0.5407595038414001,0.5,240.0,240.0,3.918757200241089,0.0,0.5,0.5,0.5,0.5,240.0,240.0
3,0.6708333492279053,0.7285757660865784,0.6642554402351379,644.0,645.0,0.6110528707504272,0.01,0.32877352833747864,0.6646879315376282,0.664237380027771,0.6645833253860474,0.6640625,1275.0,1276.0,0.5,0.5,0.5,240.0,240.0,15.793316841125488,0.0,0.5,0.5,0.5,0.5,240.0,240.0
4,0.6833333373069763,0.7521129846572876,0.6858956813812256,603.0,604.0,0.5891334414482117,0.0009999999,0.3714068830013275,0.6855089068412781,0.6855804324150085,0.6859375238418579,0.6854166388511658,1316.0,1317.0,0.5,0.5,0.5,240.0,240.0,10.568628311157227,0.0,0.5,0.5,0.5,0.5,240.0,240.0
5,0.7057291865348816,0.767679750919342,0.7075029611587524,558.0,568.0,0.5760332345962524,0.0009999999,0.4136215150356293,0.7079422473907471,0.7056995034217834,0.7093750238418579,0.7041666507720947,1352.0,1362.0,0.5,0.5,0.5,240.0,240.0,9.521810531616211,0.0,0.5,0.5,0.5,0.5,240.0,240.0
