epoch,accuracy,auc,f1_score,fn,fp,loss,lr,mcc,npv,precision,recall,specificity,tn,tp,val_accuracy,val_auc,val_f1_score,val_fn,val_fp,val_loss,val_mcc,val_npv,val_precision,val_recall,val_specificity,val_tn,val_tp
0,0.5822916626930237,0.5778645277023315,0.5831394195556641,1039.0,1044.0,0.6835578083992004,0.01,0.16549302637577057,0.5813547968864441,0.5659043788909912,0.5670833587646484,0.581250011920929,1356.0,1361.0,0.5,0.5,0.5,240.0,240.0,42.11577224731445,0.0,0.5,0.5,0.5,0.5,240.0,240.0
1,0.6307291388511658,0.668566107749939,0.6245201230049133,716.0,731.0,0.6506089568138123,0.01,0.2468262016773224,0.6243295669555664,0.6222222447395325,0.6270833611488342,0.6192708611488342,1189.0,1204.0,0.5,0.5,0.5,240.0,240.0,23.05950355529785,0.0,0.5,0.5,0.5,0.5,240.0,240.0
2,0.6322916746139526,0.6873985528945923,0.632892906665802,701.0,712.0,0.6337215304374695,0.01,0.26425108313560486,0.6331712603569031,0.6312791109085083,0.6348958611488342,0.6291666626930237,1208.0,1219.0,0.5,0.5,0.5,240.0,240.0,4.775094032287598,0.0,0.5,0.5,0.5,0.5,240.0,240.0
3,0.6416666507720947,0.698623538017273,0.6403274536132812,681.0,711.0,0.6285717487335205,0.01,0.27517169713974,0.6394277811050415,0.6353846192359924,0.645312488079071,0.629687488079071,1209.0,1239.0,0.5,0.5,0.5,240.0,240.0,119.97624206542969,0.0,0.5,0.5,0.5,0.5,240.0,240.0
4,0.6552083492279053,0.7053903937339783,0.6549444794654846,666.0,656.0,0.6265265345573425,0.0009999999,0.31165969371795654,0.6546739339828491,0.6565445065498352,0.653124988079071,0.6583333611488342,1264.0,1254.0,0.5,0.5,0.5,240.0,240.0,17.775461196899414,0.0,0.5,0.5,0.5,0.5,240.0,240.0
5,0.6630208492279053,0.7207424640655518,0.6613485217094421,651.0,648.0,0.614942193031311,0.0009999999,0.32353001832962036,0.6616867780685425,0.6619718074798584,0.660937488079071,0.6625000238418579,1272.0,1269.0,0.5,0.5,0.5,240.0,240.0,8.60052490234375,0.0,0.5,0.5,0.5,0.5,240.0,240.0
