epoch,accuracy,auc,f1_score,fn,fp,loss,lr,mcc,npv,precision,recall,specificity,tn,tp,val_accuracy,val_auc,val_f1_score,val_fn,val_fp,val_loss,val_mcc,val_npv,val_precision,val_recall,val_specificity,val_tn,val_tp
0,0.5927083492279053,0.5774262547492981,0.5851008892059326,1017.0,1074.0,0.688808262348175,0.01,0.15936130285263062,0.5820419788360596,0.562881588935852,0.5762500166893005,0.5645833611488342,1326.0,1383.0,0.5,0.5,0.5,240.0,240.0,50.167362213134766,0.0,0.5,0.5,0.5,0.5,240.0,240.0
1,0.6489583253860474,0.6804282069206238,0.6380927562713623,687.0,712.0,0.6495886445045471,0.01,0.27170997858047485,0.6368235945701599,0.6339331865310669,0.6421874761581421,0.6291666626930237,1208.0,1233.0,0.5,0.5,0.5,240.0,240.0,9.82768726348877,0.0,0.5,0.5,0.5,0.5,240.0,240.0
2,0.6421874761581421,0.7012560367584229,0.6360186338424683,693.0,710.0,0.6303238272666931,0.01,0.2696525454521179,0.6361581683158875,0.6334537863731384,0.6390625238418579,0.6302083134651184,1210.0,1227.0,0.5,0.5,0.5,240.0,240.0,10.99136734008789,0.0,0.5,0.5,0.5,0.5,240.0,240.0
3,0.6697916388511658,0.7189729809761047,0.6683700680732727,626.0,658.0,0.6175731420516968,0.01,0.331651508808136,0.6683405041694641,0.6629098653793335,0.6739583611488342,0.6572916507720947,1262.0,1294.0,0.5,0.5,0.5,240.0,240.0,7.786630153656006,0.0,0.5,0.5,0.5,0.5,240.0,240.0
4,0.6973958611488342,0.758008599281311,0.6965765357017517,580.0,586.0,0.5862598419189453,0.0009999999,0.3928816020488739,0.6975235342979431,0.6957424879074097,0.6979166865348816,0.6947916746139526,1334.0,1340.0,0.5,0.5,0.5,240.0,240.0,9.40478801727295,0.0,0.5,0.5,0.5,0.5,240.0,240.0
5,0.7036458253860474,0.7693694233894348,0.7051748037338257,563.0,572.0,0.5727452039718628,0.0009999999,0.4089053273200989,0.7052688002586365,0.7034733295440674,0.7067708373069763,0.7020833492279053,1348.0,1357.0,0.5,0.5,0.5,240.0,240.0,8.777692794799805,0.0,0.5,0.5,0.5,0.5,240.0,240.0
