epoch,accuracy,auc,f1_score,fn,fp,loss,lr,mcc,npv,precision,recall,specificity,tn,tp,val_accuracy,val_auc,val_f1_score,val_fn,val_fp,val_loss,val_mcc,val_npv,val_precision,val_recall,val_specificity,val_tn,val_tp
0,0.5520833134651184,0.5438232421875,0.5445946455001831,1118.0,1093.0,0.7163954973220825,0.01,0.09897969663143158,0.5494439005851746,0.5397894978523254,0.534166693687439,0.5557291507720947,1307.0,1282.0,0.5,0.5,0.5,240.0,240.0,33.714515686035156,0.0,0.5,0.5,0.5,0.5,240.0,240.0
1,0.6322916746139526,0.6622345447540283,0.6200096011161804,728.0,732.0,0.6566241979598999,0.01,0.23973529040813446,0.6202070713043213,0.6195425987243652,0.6208333373069763,0.6187499761581421,1188.0,1192.0,0.5,0.5041666626930237,0.5,240.0,240.0,3.361008405685425,0.0,0.5,0.5,0.5,0.5,240.0,240.0
2,0.640625,0.6831296682357788,0.6387951970100403,690.0,700.0,0.6400709748268127,0.01,0.27626603841781616,0.6390652060508728,0.6373056769371033,0.640625,0.6354166865348816,1220.0,1230.0,0.5,0.5508940815925598,0.5,240.0,240.0,1.9042613506317139,0.0,0.5,0.5,0.5,0.5,240.0,240.0
3,0.6536458134651184,0.7071399092674255,0.6539819240570068,662.0,669.0,0.6195581555366516,0.01,0.30683672428131104,0.6539974808692932,0.6528282165527344,0.6552083492279053,0.651562511920929,1251.0,1258.0,0.5,0.5,0.5,240.0,240.0,4.76869010925293,0.0,0.5,0.5,0.5,0.5,240.0,240.0
4,0.6958333253860474,0.7501410841941833,0.6948022842407227,582.0,592.0,0.5956977605819702,0.0009999999,0.3886794447898865,0.6958843469619751,0.6932642459869385,0.6968749761581421,0.6916666626930237,1328.0,1338.0,0.5,0.5,0.5,240.0,240.0,6.639676570892334,0.0,0.5,0.5,0.5,0.5,240.0,240.0
5,0.7015625238418579,0.7708823680877686,0.7023779153823853,569.0,576.0,0.5743404030799866,0.0009999999,0.4036760926246643,0.702545702457428,0.7010897994041443,0.7036458253860474,0.699999988079071,1344.0,1351.0,0.5,0.528124988079071,0.5,240.0,240.0,2.9621798992156982,0.0,0.5,0.5,0.5,0.5,240.0,240.0
