epoch,accuracy,auc,f1_score,fn,fp,loss,lr,mcc,npv,precision,recall,specificity,tn,tp,val_accuracy,val_auc,val_f1_score,val_fn,val_fp,val_loss,val_mcc,val_npv,val_precision,val_recall,val_specificity,val_tn,val_tp
0,0.5864583253860474,0.570019543170929,0.5738000273704529,1069.0,1029.0,0.6899887919425964,0.01,0.15778978168964386,0.5766798257827759,0.5639830231666565,0.5545833110809326,0.589062511920929,1371.0,1331.0,0.5,0.5,0.5,240.0,240.0,22.009981155395508,0.0,0.5,0.5,0.5,0.5,240.0,240.0
1,0.643750011920929,0.6812040209770203,0.6356456279754639,694.0,709.0,0.6462871432304382,0.01,0.2695592939853668,0.6363828182220459,0.6335917115211487,0.6385416388511658,0.6307291388511658,1211.0,1226.0,0.5,0.5,0.5,240.0,240.0,4.697877883911133,0.0,0.5,0.5,0.5,0.5,240.0,240.0
2,0.6640625,0.7064228057861328,0.6606715321540833,652.0,650.0,0.6239693760871887,0.01,0.3220711052417755,0.6608854532241821,0.6611053347587585,0.6604166626930237,0.6614583134651184,1270.0,1268.0,0.5,0.5541297793388367,0.5718129277229309,175.0,289.0,1.420587420463562,0.03195934370160103,0.5090909004211426,0.5134680271148682,0.6354166865348816,0.39791667461395264,191.0,305.0
3,0.6692708134651184,0.7164241075515747,0.6720444560050964,624.0,639.0,0.616905927658081,0.01,0.3423967957496643,0.6731293201446533,0.669767439365387,0.675000011920929,0.667187511920929,1281.0,1296.0,0.5,0.5047069787979126,0.5,240.0,240.0,4.4623799324035645,0.0,0.5,0.5,0.5,0.5,240.0,240.0
4,0.6864583492279053,0.7509043216705322,0.6872718334197998,596.0,609.0,0.5899791121482849,0.0009999999,0.37248218059539795,0.687467634677887,0.6849457025527954,0.6895833611488342,0.682812511920929,1311.0,1324.0,0.5,0.5,0.5,240.0,240.0,5.743654251098633,0.0,0.5,0.5,0.5,0.5,240.0,240.0
5,0.7041666507720947,0.7723370790481567,0.7035064697265625,567.0,573.0,0.5665775537490845,0.0009999999,0.4063105881214142,0.7039521932601929,0.7024922370910645,0.7046874761581421,0.7015625238418579,1347.0,1353.0,0.5,0.5,0.5,240.0,240.0,4.635891437530518,0.0,0.5,0.5,0.5,0.5,240.0,240.0
