epoch,accuracy,auc,f1_score,fn,fp,loss,lr,mcc,npv,precision,recall,specificity,tn,tp,val_accuracy,val_auc,val_f1_score,val_fn,val_fp,val_loss,val_mcc,val_npv,val_precision,val_recall,val_specificity,val_tn,val_tp
0,0.5843750238418579,0.5723857283592224,0.5795494914054871,1039.0,1055.0,0.7014890313148499,0.01,0.1597142517566681,0.5830460786819458,0.5633277893066406,0.5670833587646484,0.5755208134651184,1345.0,1361.0,0.5,0.5,0.5,240.0,240.0,10.28270435333252,0.0,0.5,0.5,0.5,0.5,240.0,240.0
1,0.628125011920929,0.6587963700294495,0.6162270903587341,737.0,734.0,0.6617186069488525,0.01,0.23412059247493744,0.6172738671302795,0.6171100735664368,0.6161458492279053,0.6177083253860474,1186.0,1183.0,0.6770833134651184,0.7290842533111572,0.14748334884643555,437.0,2.0,0.7743650078773499,0.1696433424949646,0.5242999196052551,0.9555555582046509,0.08958332985639572,0.9958333373069763,478.0,43.0
2,0.640625,0.6808263659477234,0.6367142796516418,696.0,699.0,0.6427977085113525,0.01,0.27378520369529724,0.6371937990188599,0.6365054845809937,0.637499988079071,0.635937511920929,1221.0,1224.0,0.5,0.5,0.5,240.0,240.0,5.363550186157227,0.0,0.5,0.5,0.5,0.5,240.0,240.0
3,0.6526041626930237,0.6933565139770508,0.6502207517623901,671.0,669.0,0.6358383297920227,0.01,0.3022572696208954,0.6521142721176147,0.6511991620063782,0.6505208611488342,0.651562511920929,1251.0,1249.0,0.5,0.5,0.5,240.0,240.0,5.306402683258057,0.0,0.5,0.5,0.5,0.5,240.0,240.0
4,0.651562511920929,0.7104233503341675,0.6498335003852844,676.0,665.0,0.6216679811477661,0.01,0.30176830291748047,0.6497743725776672,0.651650071144104,0.6479166746139526,0.6536458134651184,1255.0,1244.0,0.5,0.5,0.5,240.0,240.0,7.921732425689697,0.0,0.5,0.5,0.5,0.5,240.0,240.0
5,0.6499999761581421,0.7053388953208923,0.6493023633956909,665.0,692.0,0.6295043230056763,0.0009999999,0.29351431131362915,0.6480472087860107,0.6445813775062561,0.6536458134651184,0.6395833492279053,1228.0,1255.0,0.5,0.5913845300674438,0.5,240.0,240.0,1.5888804197311401,0.0,0.5,0.5,0.5,0.5,240.0,240.0
6,0.6838541626930237,0.7451669573783875,0.6837593913078308,608.0,605.0,0.5971781015396118,0.0009999999,0.36828234791755676,0.6840450763702393,0.6844027042388916,0.6833333373069763,0.6848958134651184,1315.0,1312.0,0.5020833611488342,0.6043792963027954,0.5,240.0,238.0,2.0506906509399414,0.004103533457964659,0.5040404200553894,0.5020920634269714,0.5,0.5041666626930237,242.0,240.0
