epoch,accuracy,auc,f1_score,fn,fp,loss,lr,mcc,npv,precision,recall,specificity,tn,tp,val_accuracy,val_auc,val_f1_score,val_fn,val_fp,val_loss,val_mcc,val_npv,val_precision,val_recall,val_specificity,val_tn,val_tp
0,0.5489583611488342,0.5575964450836182,0.5319047570228577,1120.0,1114.0,0.7237353920936584,0.01,0.06435485929250717,0.5320994257926941,0.5346699953079224,0.5333333611488342,0.5307291746139526,1286.0,1280.0,0.5,0.5,0.5,240.0,240.0,25.753170013427734,0.0,0.5,0.5,0.5,0.5,240.0,240.0
1,0.6114583611488342,0.6465867161750793,0.604970395565033,746.0,781.0,0.6778885126113892,0.01,0.205465167760849,0.6056677103042603,0.6005114912986755,0.6114583611488342,0.5932291746139526,1139.0,1174.0,0.5,0.5,0.5,240.0,240.0,7.634519100189209,0.0,0.5,0.5,0.5,0.5,240.0,240.0
2,0.6713541746139526,0.7178671956062317,0.6691417694091797,635.0,636.0,0.6249096989631653,0.01,0.3382129371166229,0.6690138578414917,0.6689224243164062,0.6692708134651184,0.668749988079071,1284.0,1285.0,0.5,0.5,0.5,240.0,240.0,35.47843551635742,0.0,0.5,0.5,0.5,0.5,240.0,240.0
3,0.6911458373069763,0.7581635117530823,0.690848708152771,590.0,600.0,0.5853949189186096,0.01,0.3802873194217682,0.6912276744842529,0.6891191601753235,0.6927083134651184,0.6875,1320.0,1330.0,0.5,0.5,0.5,240.0,240.0,9.148479461669922,0.0,0.5,0.5,0.5,0.5,240.0,240.0
4,0.6744791865348816,0.7206279039382935,0.6684814691543579,629.0,650.0,0.6155173778533936,0.0009999999,0.3340532183647156,0.6693229079246521,0.6651210784912109,0.6723958253860474,0.6614583134651184,1270.0,1291.0,0.5,0.5,0.5,240.0,240.0,6.090734481811523,0.0,0.5,0.5,0.5,0.5,240.0,240.0
5,0.7286458611488342,0.794634222984314,0.727515459060669,524.0,522.0,0.5514634847640991,0.0009999999,0.4552608132362366,0.7272818684577942,0.7278414964675903,0.7270833253860474,0.7281249761581421,1398.0,1396.0,0.5,0.5,0.5,240.0,240.0,4.985573768615723,0.0,0.5,0.5,0.5,0.5,240.0,240.0
