epoch,accuracy,auc,f1_score,fn,fp,loss,lr,mcc,npv,precision,recall,specificity,tn,tp,val_accuracy,val_auc,val_f1_score,val_fn,val_fp,val_loss,val_mcc,val_npv,val_precision,val_recall,val_specificity,val_tn,val_tp
0,0.49531251192092896,0.5126675963401794,0.4994531273841858,1175.0,1220.0,0.7457042336463928,0.01,-0.006507928017526865,0.49440333247184753,0.5010225176811218,0.5104166865348816,0.4895833432674408,1180.0,1225.0,0.5,0.4906250238418579,0.6666666269302368,0.0,480.0,3.0581343173980713,0.0,0.0,0.5,1.0,0.0,0.0,480.0
1,0.5791666507720947,0.5912287831306458,0.5696023106575012,823.0,830.0,0.7028582692146301,0.01,0.1394156515598297,0.5698073506355286,0.5692786574363708,0.5713541507720947,0.5677083134651184,1090.0,1097.0,0.5,0.4932291507720947,0.5,240.0,240.0,3.9678685665130615,0.0,0.5,0.5,0.5,0.5,240.0,240.0
2,0.6041666865348816,0.6375835537910461,0.6031805276870728,754.0,778.0,0.6716468334197998,0.01,0.20236214995384216,0.6026353240013123,0.5997942090034485,0.6072916388511658,0.5947916507720947,1142.0,1166.0,0.49791666865348816,0.6002300381660461,0.3166363537311554,369.0,43.0,1.1188162565231323,0.1261189728975296,0.5501566529273987,0.7207792401313782,0.23125000298023224,0.9104166626930237,437.0,111.0
3,0.651562511920929,0.704724907875061,0.644196629524231,687.0,671.0,0.6273282766342163,0.01,0.29288357496261597,0.6461499929428101,0.6475840210914612,0.6421874761581421,0.6505208611488342,1249.0,1233.0,0.5,0.5,0.5,240.0,240.0,4.3341522216796875,0.0,0.5,0.5,0.5,0.5,240.0,240.0
4,0.6885416507720947,0.743679404258728,0.6839510202407837,609.0,602.0,0.5998668074607849,0.0009999999,0.36936017870903015,0.6841614842414856,0.6853110194206238,0.682812511920929,0.6864583492279053,1318.0,1311.0,0.5,0.529053807258606,0.5,240.0,240.0,3.287651300430298,0.0,0.5,0.5,0.5,0.5,240.0,240.0
5,0.7197916507720947,0.7858174443244934,0.7199388742446899,537.0,539.0,0.5625173449516296,0.0009999999,0.43960216641426086,0.7200223207473755,0.7195629477500916,0.7203124761581421,0.7192708253860474,1381.0,1383.0,0.5,0.5166926980018616,0.5,240.0,240.0,3.466761589050293,0.0,0.5,0.5,0.5,0.5,240.0,240.0
