epoch,accuracy,auc,f1_score,fn,fp,loss,lr,mcc,npv,precision,recall,specificity,tn,tp,val_accuracy,val_auc,val_f1_score,val_fn,val_fp,val_loss,val_mcc,val_npv,val_precision,val_recall,val_specificity,val_tn,val_tp
0,0.5260416865348816,0.5323166847229004,0.5105670690536499,1160.0,1166.0,0.7324495315551758,0.01,0.022478140890598297,0.5107361674308777,0.5153782367706299,0.5166666507720947,0.5093749761581421,1234.0,1240.0,0.5,0.5,0.0,480.0,0.0,9.272882461547852,0.0,0.5,0.0,0.0,1.0,480.0,0.0
1,0.49010416865348816,0.5038683414459229,0.5082222819328308,914.0,1026.0,0.7175851464271545,0.01,-0.010774401016533375,0.49293380975723267,0.4950787425041199,0.5239583253860474,0.46562498807907104,894.0,1006.0,0.5,0.49797526001930237,0.5,240.0,240.0,2.214949131011963,0.0,0.5,0.5,0.5,0.5,240.0,240.0
2,0.5802083611488342,0.594388484954834,0.5753160119056702,811.0,828.0,0.6881522536277771,0.01,0.14676398038864136,0.5724783539772034,0.5725348591804504,0.5776041746139526,0.5687500238418579,1092.0,1109.0,0.5,0.5127734541893005,0.5,240.0,240.0,3.0709927082061768,0.0,0.5,0.5,0.5,0.5,240.0,240.0
3,0.653124988079071,0.6873018741607666,0.6491281986236572,671.0,676.0,0.6447368860244751,0.01,0.2987620234489441,0.6505675911903381,0.6488311886787415,0.6505208611488342,0.6479166746139526,1244.0,1249.0,0.5,0.5,0.5,240.0,240.0,10.727849960327148,0.0,0.5,0.5,0.5,0.5,240.0,240.0
4,0.6770833134651184,0.7344620227813721,0.6758051514625549,623.0,621.0,0.6156235337257385,0.0009999999,0.35214701294898987,0.6760075688362122,0.6762252449989319,0.6755208373069763,0.676562488079071,1299.0,1297.0,0.5,0.5607226490974426,0.34012874960899353,357.0,49.0,1.9683481454849243,0.14651259779930115,0.5571063756942749,0.7151162624359131,0.2562499940395355,0.8979166746139526,431.0,123.0
5,0.7052083611488342,0.7727683782577515,0.7038297653198242,570.0,566.0,0.5699822306632996,0.0009999999,0.4083694517612457,0.703811764717102,0.7045928835868835,0.703125,0.7052083611488342,1354.0,1350.0,0.5,0.5508724451065063,0.5,240.0,240.0,3.050287961959839,0.0,0.5,0.5,0.5,0.5,240.0,240.0
