epoch,accuracy,auc,f1_score,fn,fp,loss,lr,mcc,npv,precision,recall,specificity,tn,tp,val_accuracy,val_auc,val_f1_score,val_fn,val_fp,val_loss,val_mcc,val_npv,val_precision,val_recall,val_specificity,val_tn,val_tp
0,0.5286458134651184,0.5230770707130432,0.5221384763717651,1156.0,1154.0,0.7259913086891174,0.01,0.047049377113580704,0.5231700539588928,0.5187656283378601,0.5183333158493042,0.5239583253860474,1246.0,1244.0,0.5,0.5,0.5,240.0,240.0,17.48969078063965,0.0,0.5,0.5,0.5,0.5,240.0,240.0
1,0.606249988079071,0.6265721321105957,0.5841983556747437,809.0,769.0,0.6770022511482239,0.01,0.17823082208633423,0.5875495076179504,0.5909574627876282,0.5786458253860474,0.5994791388511658,1151.0,1111.0,0.5,0.5990559458732605,0.5,240.0,240.0,1.7619967460632324,0.0,0.5,0.5,0.5,0.5,240.0,240.0
2,0.6447916626930237,0.6911699771881104,0.6427886486053467,683.0,692.0,0.6419164538383484,0.01,0.2840019464492798,0.6424766182899475,0.6412649154663086,0.6442708373069763,0.6395833492279053,1228.0,1237.0,0.5,0.5476518869400024,0.5,240.0,240.0,2.4442100524902344,0.0,0.5,0.5,0.5,0.5,240.0,240.0
3,0.6760416626930237,0.732990562915802,0.6749025583267212,624.0,625.0,0.6106310486793518,0.01,0.3495374917984009,0.6746586561203003,0.674648642539978,0.675000011920929,0.6744791865348816,1295.0,1296.0,0.5,0.5,0.5,240.0,240.0,13.187344551086426,0.0,0.5,0.5,0.5,0.5,240.0,240.0
4,0.7015625238418579,0.7618082761764526,0.7005721926689148,574.0,576.0,0.5846535563468933,0.0009999999,0.4011170566082001,0.7009385228157043,0.7003121972084045,0.7010416388511658,0.699999988079071,1344.0,1346.0,0.5,0.5,0.5,240.0,240.0,12.80286693572998,0.0,0.5,0.5,0.5,0.5,240.0,240.0
5,0.7380208373069763,0.8092197179794312,0.7398090958595276,501.0,497.0,0.5363848209381104,0.0009999999,0.4802652895450592,0.7396724224090576,0.7406054139137268,0.739062488079071,0.7411458492279053,1423.0,1419.0,0.5,0.5,0.5,240.0,240.0,10.848627090454102,0.0,0.5,0.5,0.5,0.5,240.0,240.0
