epoch,accuracy,auc,f1_score,fn,fp,loss,lr,mcc,npv,precision,recall,specificity,tn,tp,val_accuracy,val_auc,val_f1_score,val_fn,val_fp,val_loss,val_mcc,val_npv,val_precision,val_recall,val_specificity,val_tn,val_tp
0,0.5041666626930237,0.5119408965110779,0.5086848139762878,1164.0,1198.0,0.7617286443710327,0.01,0.013386355713009834,0.50789475440979,0.5078060626983643,0.5149999856948853,0.49791666865348816,1202.0,1236.0,0.5,0.5,0.5,240.0,240.0,14.696999549865723,0.0,0.5,0.5,0.5,0.5,240.0,240.0
1,0.5927083492279053,0.6082578897476196,0.5770969986915588,822.0,786.0,0.6921586394309998,0.01,0.16310986876487732,0.5795559287071228,0.5828025341033936,0.5718749761581421,0.590624988079071,1134.0,1098.0,0.5,0.5,0.5,240.0,240.0,9.473562240600586,0.0,0.5,0.5,0.5,0.5,240.0,240.0
2,0.6328125,0.665197491645813,0.6259438395500183,720.0,711.0,0.6611257791519165,0.01,0.2549905776977539,0.6275614500045776,0.6279434561729431,0.625,0.629687488079071,1209.0,1200.0,0.5,0.5762760639190674,0.6662476658821106,50.0,384.0,1.610255479812622,0.09644439816474915,0.5333333611488342,0.5282555222511292,0.8958333134651184,0.20000000298023224,96.0,430.0
3,0.6489583253860474,0.6846817135810852,0.6427145004272461,686.0,685.0,0.6444587707519531,0.01,0.2861367166042328,0.6431596279144287,0.6430432796478271,0.6427083611488342,0.6432291865348816,1235.0,1234.0,0.5,0.5005208253860474,0.5,240.0,240.0,4.447544574737549,0.0,0.5,0.5,0.5,0.5,240.0,240.0
4,0.6713541746139526,0.7291221618652344,0.6718610525131226,629.0,632.0,0.6108759641647339,0.0009999999,0.343246728181839,0.6719009280204773,0.6713468432426453,0.6723958253860474,0.6708333492279053,1288.0,1291.0,0.5,0.5119596719741821,0.5,240.0,240.0,3.7202439308166504,0.0,0.5,0.5,0.5,0.5,240.0,240.0
5,0.6953125,0.7553134560585022,0.6949462890625,584.0,589.0,0.5866880416870117,0.0009999999,0.38908666372299194,0.6950034499168396,0.694025993347168,0.6958333253860474,0.6932291388511658,1331.0,1336.0,0.5,0.5,0.5,240.0,240.0,4.539883136749268,0.0,0.5,0.5,0.5,0.5,240.0,240.0
