epoch,accuracy,auc,f1_score,fn,fp,loss,lr,mcc,npv,precision,recall,specificity,tn,tp,val_accuracy,val_auc,val_f1_score,val_fn,val_fp,val_loss,val_mcc,val_npv,val_precision,val_recall,val_specificity,val_tn,val_tp
0,0.48906248807907104,0.5037926435470581,0.48977136611938477,1223.0,1197.0,0.7507537007331848,0.01,-0.010458032600581646,0.4950404465198517,0.49578770995140076,0.49041667580604553,0.5015624761581421,1203.0,1177.0,0.5,0.5129904747009277,0.5,240.0,240.0,2.927020788192749,0.0,0.5,0.5,0.5,0.5,240.0,240.0
1,0.526562511920929,0.5179938077926636,0.5284896492958069,863.0,1015.0,0.7216039299964905,0.01,0.022112136706709862,0.5126948356628418,0.5101351141929626,0.5505208373069763,0.4713541567325592,905.0,1057.0,0.5,0.5467166304588318,0.5061227679252625,236.0,242.0,1.2493408918380737,0.004103541374206543,0.5,0.5020576119422913,0.5083333253860474,0.4958333373069763,238.0,244.0
2,0.5505208373069763,0.564983069896698,0.5486409068107605,849.0,904.0,0.7029115557670593,0.01,0.08737553656101227,0.5448142290115356,0.5422784686088562,0.557812511920929,0.5291666388511658,1016.0,1071.0,0.5,0.5062500238418579,0.5,240.0,240.0,3.245375156402588,0.0,0.5,0.5,0.5,0.5,240.0,240.0
3,0.6583333611488342,0.6985813975334167,0.6545962691307068,662.0,666.0,0.637749433517456,0.01,0.3083867132663727,0.6542350649833679,0.6538461446762085,0.6552083492279053,0.653124988079071,1254.0,1258.0,0.5,0.5,0.5,240.0,240.0,5.082042217254639,0.0,0.5,0.5,0.5,0.5,240.0,240.0
4,0.6156250238418579,0.6582485437393188,0.614698052406311,731.0,760.0,0.6546763181686401,0.0009999999,0.22369356453418732,0.6130903363227844,0.610056459903717,0.6192708611488342,0.6041666865348816,1160.0,1189.0,0.5,0.5010416507720947,0.5,240.0,240.0,3.2319273948669434,0.0,0.5,0.5,0.5,0.5,240.0,240.0
5,0.684374988079071,0.7443022131919861,0.6848264336585999,606.0,604.0,0.59815913438797,0.0009999999,0.3698227107524872,0.6845035552978516,0.6850886344909668,0.684374988079071,0.6854166388511658,1316.0,1314.0,0.5,0.5,0.5,240.0,240.0,3.5661683082580566,0.0,0.5,0.5,0.5,0.5,240.0,240.0
