epoch,accuracy,auc,f1_score,fn,fp,loss,lr,mcc,npv,precision,recall,specificity,tn,tp,val_accuracy,val_auc,val_f1_score,val_fn,val_fp,val_loss,val_mcc,val_npv,val_precision,val_recall,val_specificity,val_tn,val_tp
0,0.5406249761581421,0.5315805673599243,0.5370252728462219,1121.0,1136.0,0.7306345701217651,0.01,0.07499866187572479,0.5396311283111572,0.5296066403388977,0.5329166650772095,0.5333333611488342,1264.0,1279.0,0.5,0.4944010376930237,0.0,480.0,0.0,0.8107690811157227,0.0,0.5,0.0,0.0,1.0,480.0,0.0
1,0.606249988079071,0.6316750645637512,0.5932912826538086,777.0,786.0,0.6825931668281555,0.01,0.18633031845092773,0.5940845012664795,0.5925350189208984,0.5953124761581421,0.590624988079071,1134.0,1143.0,0.5,0.5479817390441895,0.4989418089389801,241.0,238.0,2.8956148624420166,0.0020517667289823294,0.5020201802253723,0.50104820728302,0.49791666865348816,0.5041666626930237,242.0,239.0
2,0.6697916388511658,0.7143002152442932,0.6654526591300964,643.0,638.0,0.628796398639679,0.01,0.33297082781791687,0.6669623255729675,0.6668407320976257,0.6651041507720947,0.6677083373069763,1282.0,1277.0,0.5,0.5,0.5,240.0,240.0,50.055198669433594,0.0,0.5,0.5,0.5,0.5,240.0,240.0
3,0.6953125,0.7530871629714966,0.6938894391059875,588.0,587.0,0.5960017442703247,0.01,0.3880668878555298,0.6939825415611267,0.6941115260124207,0.6937500238418579,0.6942708492279053,1333.0,1332.0,0.5,0.5,0.5,240.0,240.0,23.430797576904297,0.0,0.5,0.5,0.5,0.5,240.0,240.0
4,0.739062488079071,0.8048428893089294,0.7385391592979431,501.0,504.0,0.5453437566757202,0.0009999999,0.4765769839286804,0.7385482788085938,0.7379094958305359,0.739062488079071,0.737500011920929,1416.0,1419.0,0.5,0.569006085395813,0.5,240.0,240.0,2.7504465579986572,0.0,0.5,0.5,0.5,0.5,240.0,240.0
5,0.7630208134651184,0.8383458852767944,0.7630447745323181,453.0,458.0,0.4974769055843353,0.0009999999,0.5255434513092041,0.7635079622268677,0.7620779275894165,0.7640625238418579,0.7614583373069763,1462.0,1467.0,0.5,0.6016145944595337,0.5,240.0,240.0,2.548006772994995,0.0,0.5,0.5,0.5,0.5,240.0,240.0
