epoch,accuracy,auc,f1_score,fn,fp,loss,lr,mcc,npv,precision,recall,specificity,tn,tp,val_accuracy,val_auc,val_f1_score,val_fn,val_fp,val_loss,val_mcc,val_npv,val_precision,val_recall,val_specificity,val_tn,val_tp
0,0.5859375,0.5651127696037292,0.5705445408821106,1065.0,1059.0,0.7033402323722839,0.01,0.14419075846672058,0.5713526010513306,0.5576441287994385,0.5562499761581421,0.573437511920929,1341.0,1335.0,0.5,0.5,0.5,240.0,240.0,73.83296203613281,0.0,0.5,0.5,0.5,0.5,240.0,240.0
1,0.557812511920929,0.5989264249801636,0.5557737946510315,862.0,821.0,0.691275417804718,0.01,0.12367221713066101,0.5615586042404175,0.5630654692649841,0.5510416626930237,0.5723958611488342,1099.0,1058.0,0.5708333253860474,0.5988650321960449,0.5677866339683533,210.0,197.0,0.732257604598999,0.15183492004871368,0.5782011151313782,0.578158438205719,0.5625,0.5895833373069763,283.0,270.0
2,0.6734374761581421,0.7291246056556702,0.6700145602226257,632.0,636.0,0.6132475137710571,0.01,0.339695543050766,0.6703922152519226,0.6694386601448059,0.6708333492279053,0.668749988079071,1284.0,1288.0,0.5,0.5,0.5,240.0,240.0,7.413720607757568,0.0,0.5,0.5,0.5,0.5,240.0,240.0
3,0.714062511920929,0.7780864238739014,0.7143656015396118,548.0,549.0,0.5632914900779724,0.01,0.42867812514305115,0.7145099639892578,0.7142113447189331,0.7145833373069763,0.714062511920929,1371.0,1372.0,0.5,0.5,0.5,240.0,240.0,8.946441650390625,0.0,0.5,0.5,0.5,0.5,240.0,240.0
4,0.7421875,0.8092798590660095,0.7423022389411926,496.0,493.0,0.5365952849388123,0.01,0.4849398732185364,0.7419793605804443,0.7428273558616638,0.7416666746139526,0.7432291507720947,1427.0,1424.0,0.5,0.5031467080116272,0.5,240.0,240.0,4.3706183433532715,0.0,0.5,0.5,0.5,0.5,240.0,240.0
5,0.7041666507720947,0.7738483548164368,0.7026311159133911,570.0,572.0,0.5692097544670105,0.0009999999,0.405250608921051,0.7030870318412781,0.7023933529853821,0.703125,0.7020833492279053,1348.0,1350.0,0.5062500238418579,0.591295599937439,0.5043715834617615,238.0,232.0,1.1861988306045532,0.02044893056154251,0.5154655575752258,0.5105485320091248,0.5041666626930237,0.5166666507720947,248.0,242.0
6,0.7755208611488342,0.8548154234886169,0.775844395160675,431.0,429.0,0.4810226261615753,0.0009999999,0.552124559879303,0.7759362459182739,0.776329517364502,0.7755208611488342,0.776562511920929,1491.0,1489.0,0.5,0.5062500238418579,0.5,240.0,240.0,3.7273812294006348,0.0,0.5,0.5,0.5,0.5,240.0,240.0
