epoch,accuracy,auc,f1_score,fn,fp,loss,lr,mcc,npv,precision,recall,specificity,tn,tp,val_accuracy,val_auc,val_f1_score,val_fn,val_fp,val_loss,val_mcc,val_npv,val_precision,val_recall,val_specificity,val_tn,val_tp
0,0.5708333253860474,0.598950207233429,0.5629509091377258,1052.0,1022.0,0.6984006762504578,0.01,0.12957479059696198,0.5651357769966125,0.5687763690948486,0.5616666674613953,0.565625011920929,1378.0,1348.0,0.5,0.5,0.5,240.0,240.0,10.734357833862305,0.0,0.5,0.5,0.5,0.5,240.0,240.0
1,0.6468750238418579,0.6933186650276184,0.6440175175666809,681.0,687.0,0.6402033567428589,0.01,0.28772324323654175,0.6445930004119873,0.6433022022247314,0.645312488079071,0.6421874761581421,1233.0,1239.0,0.5645833611488342,0.6031771302223206,0.5872696042060852,189.0,224.0,0.7046836614608765,0.13898219168186188,0.5680955648422241,0.5650485157966614,0.606249988079071,0.5333333611488342,256.0,291.0
2,0.6989583373069763,0.753860354423523,0.6978408098220825,579.0,581.0,0.5908330678939819,0.01,0.39597034454345703,0.6986247897148132,0.6977106928825378,0.698437511920929,0.6973958611488342,1339.0,1341.0,0.5,0.5,0.5,240.0,240.0,7.956579685211182,0.0,0.5,0.5,0.5,0.5,240.0,240.0
3,0.703125,0.7739083170890808,0.7042296528816223,565.0,572.0,0.5695140361785889,0.01,0.40801817178726196,0.7051618695259094,0.7031655311584473,0.7057291865348816,0.7020833492279053,1348.0,1355.0,0.5,0.5010416507720947,0.5,240.0,240.0,3.863056182861328,0.0,0.5,0.5,0.5,0.5,240.0,240.0
4,0.7281249761581421,0.7955527305603027,0.7266516089439392,528.0,519.0,0.5596033334732056,0.01,0.4547605514526367,0.7264140844345093,0.7284144163131714,0.7250000238418579,0.729687511920929,1401.0,1392.0,0.5,0.5068533420562744,0.5,240.0,240.0,5.3199687004089355,0.0,0.5,0.5,0.5,0.5,240.0,240.0
5,0.739062488079071,0.8208163976669312,0.7389024496078491,503.0,499.0,0.5264967679977417,0.0009999999,0.47815245389938354,0.73835688829422,0.7395615577697754,0.7380208373069763,0.7401041388511658,1421.0,1417.0,0.5,0.5250629186630249,0.5,240.0,240.0,3.434873104095459,0.0,0.5,0.5,0.5,0.5,240.0,240.0
6,0.7593749761581421,0.8403302431106567,0.7591517567634583,464.0,460.0,0.49521106481552124,0.0009999999,0.518768846988678,0.7587910294532776,0.7599164843559265,0.7583333253860474,0.7604166865348816,1460.0,1456.0,0.5,0.5135459899902344,0.5,240.0,240.0,3.902498483657837,0.0,0.5,0.5,0.5,0.5,240.0,240.0
