epoch,accuracy,auc,f1_score,fn,fp,loss,lr,mcc,npv,precision,recall,specificity,tn,tp,val_accuracy,val_auc,val_f1_score,val_fn,val_fp,val_loss,val_mcc,val_npv,val_precision,val_recall,val_specificity,val_tn,val_tp
0,0.5494791865348816,0.5413932204246521,0.5436227321624756,1111.0,1119.0,0.7303147912025452,0.01,0.08840573579072952,0.5443483591079712,0.5352990031242371,0.5370833277702332,0.542187511920929,1281.0,1289.0,0.5,0.5,0.5,240.0,240.0,27.092905044555664,0.0,0.5,0.5,0.5,0.5,240.0,240.0
1,0.6078125238418579,0.6302723288536072,0.5939585566520691,778.0,784.0,0.6756567358970642,0.01,0.1868244856595993,0.5928888320922852,0.5929387211799622,0.5947916507720947,0.5916666388511658,1136.0,1142.0,0.5,0.5646159052848816,0.5,240.0,240.0,1.3024983406066895,0.0,0.5,0.5,0.5,0.5,240.0,240.0
2,0.628125011920929,0.6577401161193848,0.6192227602005005,731.0,729.0,0.6632214784622192,0.01,0.23980821669101715,0.6203218698501587,0.619916558265686,0.6192708611488342,0.620312511920929,1191.0,1189.0,0.5,0.5437847375869751,0.5,240.0,240.0,3.006378650665283,0.0,0.5,0.5,0.5,0.5,240.0,240.0
3,0.6578124761581421,0.7099170684814453,0.6583297848701477,656.0,657.0,0.6262941360473633,0.01,0.3162226676940918,0.6578284502029419,0.6579906344413757,0.6583333611488342,0.6578124761581421,1263.0,1264.0,0.5,0.5274804830551147,0.5,240.0,240.0,3.22654390335083,0.0,0.5,0.5,0.5,0.5,240.0,240.0
4,0.6541666388511658,0.7079014182090759,0.6561435461044312,653.0,675.0,0.6257535815238953,0.0009999999,0.30842405557632446,0.6559383869171143,0.652420163154602,0.6598958373069763,0.6484375,1245.0,1267.0,0.5,0.5553429126739502,0.5,240.0,240.0,2.378476858139038,0.0,0.5,0.5,0.5,0.5,240.0,240.0
5,0.6932291388511658,0.7472885847091675,0.6941301226615906,585.0,591.0,0.5972986817359924,0.0009999999,0.38753870129585266,0.6945549249649048,0.6931464076042175,0.6953125,0.692187488079071,1329.0,1335.0,0.5,0.515640139579773,0.5,240.0,240.0,3.946986198425293,0.0,0.5,0.5,0.5,0.5,240.0,240.0
