epoch,accuracy,auc,f1_score,fn,fp,loss,lr,mcc,npv,precision,recall,specificity,tn,tp,val_accuracy,val_auc,val_f1_score,val_fn,val_fp,val_loss,val_mcc,val_npv,val_precision,val_recall,val_specificity,val_tn,val_tp
0,0.6385416388511658,0.7225969433784485,0.6178878545761108,820.0,819.0,0.7501450777053833,0.01,0.23714780807495117,0.6189773678779602,0.6586077809333801,0.6583333611488342,0.6177083253860474,1581.0,1580.0,0.5,0.4923393726348877,0.45610135793685913,277.0,208.0,0.7414124011993408,-0.008453805930912495,0.4938044846057892,0.4939172863960266,0.4229166805744171,0.5666666626930237,272.0,203.0
1,0.7489583492279053,0.8100689053535461,0.7306404113769531,519.0,512.0,0.5336857438087463,0.01,0.4643407464027405,0.7320388555526733,0.7323575615882874,0.729687511920929,0.7333333492279053,1408.0,1401.0,0.5,0.5108203291893005,0.5025315880775452,239.0,239.0,0.7459188103675842,0.004136125091463327,0.501075267791748,0.5020833611488342,0.5020833611488342,0.5020833611488342,241.0,241.0
2,0.8072916865348816,0.8823225498199463,0.7999826669692993,388.0,379.0,0.43064844608306885,0.01,0.6012360453605652,0.7988713383674622,0.8016745448112488,0.7979166507720947,0.8026041388511658,1541.0,1532.0,0.5,0.502842903137207,0.5,240.0,239.0,0.8922682404518127,0.0020517667289823294,0.5020201802253723,0.5010438561439514,0.5,0.5020833611488342,241.0,240.0
3,0.8510416746139526,0.9251348972320557,0.8475913405418396,292.0,293.0,0.34924277663230896,0.01,0.695729672908783,0.848361074924469,0.8474752902984619,0.8479166626930237,0.8473958373069763,1627.0,1628.0,0.5,0.5005902647972107,0.5,240.0,240.0,1.076147198677063,0.0,0.5,0.5,0.5,0.5,240.0,240.0
4,0.8942708373069763,0.9547981023788452,0.8893254995346069,217.0,207.0,0.2820870578289032,0.0009999999,0.7794704437255859,0.8877525925636292,0.8916230201721191,0.8869791626930237,0.8921874761581421,1713.0,1703.0,0.5,0.5407508611679077,0.5,240.0,240.0,1.2967467308044434,0.0,0.5,0.5,0.5,0.5,240.0,240.0
5,0.9322916865348816,0.9773141145706177,0.9298411011695862,137.0,132.0,0.2115859091281891,0.0009999999,0.8601776361465454,0.9291099309921265,0.9310705065727234,0.9286458492279053,0.9312499761581421,1788.0,1783.0,0.5,0.5462130904197693,0.5,240.0,240.0,1.5977033376693726,0.0,0.5,0.5,0.5,0.5,240.0,240.0
