epoch,accuracy,auc,f1_score,fn,fp,loss,lr,mcc,npv,precision,recall,specificity,tn,tp,val_accuracy,val_auc,val_f1_score,val_fn,val_fp,val_loss,val_mcc,val_npv,val_precision,val_recall,val_specificity,val_tn,val_tp
0,0.6427083611488342,0.6853572726249695,0.6246968507766724,869.0,877.0,0.7344614863395691,0.01,0.249857097864151,0.6267678141593933,0.6357973217964172,0.6379166841506958,0.6213541626930237,1523.0,1531.0,0.5,0.5346094369888306,0.5,240.0,240.0,1.7584726810455322,0.0,0.5,0.5,0.5,0.5,240.0,240.0
1,0.7541666626930237,0.8203026652336121,0.7472871541976929,476.0,500.0,0.5260083675384521,0.01,0.4922240376472473,0.7493979334831238,0.7427983283996582,0.7520833611488342,0.7395833134651184,1420.0,1444.0,0.5,0.5925065279006958,0.5,240.0,240.0,1.901518702507019,0.0,0.5,0.5,0.5,0.5,240.0,240.0
2,0.8140624761581421,0.8953820466995239,0.8115745186805725,360.0,363.0,0.4069240987300873,0.01,0.6241553425788879,0.8132944107055664,0.8112324476242065,0.8125,0.8109375238418579,1557.0,1560.0,0.5,0.5646028518676758,0.5,240.0,240.0,1.9903240203857422,0.0,0.5,0.5,0.5,0.5,240.0,240.0
3,0.84375,0.9214978218078613,0.840884268283844,309.0,301.0,0.3563254475593567,0.01,0.6827272772789001,0.839919924736023,0.8425732254981995,0.839062511920929,0.8432291746139526,1619.0,1611.0,0.5,0.5036523342132568,0.5,240.0,240.0,3.230262517929077,0.0,0.5,0.5,0.5,0.5,240.0,240.0
4,0.8385416865348816,0.9143540859222412,0.8380662202835083,308.0,314.0,0.37010687589645386,0.0009999999,0.6765015721321106,0.8398382067680359,0.8369678258895874,0.8395833373069763,0.8364583253860474,1606.0,1612.0,0.5,0.6054449081420898,0.5,240.0,240.0,2.2271504402160645,0.0,0.5,0.5,0.5,0.5,240.0,240.0
5,0.885937511920929,0.9580771923065186,0.8866546154022217,218.0,217.0,0.27370214462280273,0.0009999999,0.7737429141998291,0.8868380784988403,0.8869202733039856,0.8864583373069763,0.8869791626930237,1703.0,1702.0,0.5,0.6072655916213989,0.5,240.0,240.0,1.9354623556137085,0.0,0.5,0.5,0.5,0.5,240.0,240.0
