epoch,accuracy,auc,f1_score,fn,fp,loss,lr,mcc,npv,precision,recall,specificity,tn,tp,val_accuracy,val_auc,val_f1_score,val_fn,val_fp,val_loss,val_mcc,val_npv,val_precision,val_recall,val_specificity,val_tn,val_tp
0,0.6015625,0.6591129302978516,0.6014593243598938,915.0,908.0,0.724346935749054,0.01,0.20551492273807526,0.6018534302711487,0.6205599904060364,0.6187499761581421,0.6041666865348816,1492.0,1485.0,0.5,0.5,0.5,240.0,240.0,13.086136817932129,0.0,0.5,0.5,0.5,0.5,240.0,240.0
1,0.667187511920929,0.7150667905807495,0.6599542498588562,650.0,653.0,0.6253483891487122,0.01,0.3221310079097748,0.6629387140274048,0.6604264378547668,0.6614583134651184,0.6598958373069763,1267.0,1270.0,0.5,0.5,0.5,240.0,240.0,7.727672100067139,0.0,0.5,0.5,0.5,0.5,240.0,240.0
2,0.6812499761581421,0.7442173957824707,0.6826993823051453,602.0,622.0,0.5981420874595642,0.01,0.36297255754470825,0.6835483312606812,0.6793814301490784,0.6864583492279053,0.6760416626930237,1298.0,1318.0,0.5,0.5,0.5,240.0,240.0,4.5491437911987305,0.0,0.5,0.5,0.5,0.5,240.0,240.0
3,0.7114583253860474,0.7725352644920349,0.7106354236602783,549.0,568.0,0.5712497234344482,0.01,0.4186282157897949,0.7111496329307556,0.7070655226707458,0.714062511920929,0.7041666507720947,1352.0,1371.0,0.5,0.5,0.5,240.0,240.0,3.9414782524108887,0.0,0.5,0.5,0.5,0.5,240.0,240.0
4,0.737500011920929,0.8106798529624939,0.7368144392967224,502.0,510.0,0.5338951945304871,0.0009999999,0.47311875224113464,0.7379370927810669,0.7354771494865417,0.7385416626930237,0.734375,1410.0,1418.0,0.5,0.5711979269981384,0.5,240.0,240.0,2.748033046722412,0.0,0.5,0.5,0.5,0.5,240.0,240.0
5,0.7677083611488342,0.836773157119751,0.7668219208717346,450.0,444.0,0.5029670596122742,0.0009999999,0.5345084071159363,0.7664251327514648,0.7680251002311707,0.765625,0.768750011920929,1476.0,1470.0,0.5,0.6478277444839478,0.5,240.0,240.0,1.8388112783432007,0.0,0.5,0.5,0.5,0.5,240.0,240.0
