epoch,accuracy,auc,f1_score,fn,fp,loss,lr,mcc,npv,precision,recall,specificity,tn,tp,val_accuracy,val_auc,val_f1_score,val_fn,val_fp,val_loss,val_mcc,val_npv,val_precision,val_recall,val_specificity,val_tn,val_tp
0,0.6197916865348816,0.6304547786712646,0.6095293760299683,957.0,979.0,0.7062330842018127,0.01,0.21553286910057068,0.6086987257003784,0.5957885980606079,0.6012499928474426,0.6005208492279053,1421.0,1443.0,0.5,0.5204340815544128,0.15889450907707214,432.0,9.0,3.606710195541382,0.09554655104875565,0.5241032242774963,0.8421052694320679,0.10000000149011612,0.981249988079071,471.0,48.0
1,0.6598958373069763,0.7005395293235779,0.6480767726898193,677.0,672.0,0.63655024766922,0.01,0.2983669638633728,0.6486712098121643,0.6490861773490906,0.6473958492279053,0.6499999761581421,1248.0,1243.0,0.5,0.5351020097732544,0.5,240.0,240.0,1.8986194133758545,0.0,0.5,0.5,0.5,0.5,240.0,240.0
2,0.7052083611488342,0.750213623046875,0.7001787424087524,580.0,568.0,0.5971814393997192,0.01,0.40257471799850464,0.6998166441917419,0.7023060917854309,0.6979166865348816,0.7041666507720947,1352.0,1340.0,0.5,0.5604079961776733,0.5,240.0,240.0,1.2067210674285889,0.0,0.5,0.5,0.5,0.5,240.0,240.0
3,0.7083333134651184,0.7778170108795166,0.7125169038772583,548.0,559.0,0.568951427936554,0.01,0.4238685965538025,0.7130609154701233,0.7105126976966858,0.7145833373069763,0.7088541388511658,1361.0,1372.0,0.5,0.5950477719306946,0.5,240.0,240.0,1.139392375946045,0.0,0.5,0.5,0.5,0.5,240.0,240.0
4,0.7171875238418579,0.7871313691139221,0.7174323797225952,541.0,545.0,0.5606439709663391,0.0009999999,0.43482211232185364,0.717805027961731,0.7167359590530396,0.7182291746139526,0.7161458134651184,1375.0,1379.0,0.5,0.6021071672439575,0.5,240.0,240.0,1.2042802572250366,0.0,0.5,0.5,0.5,0.5,240.0,240.0
5,0.7536458373069763,0.8300639986991882,0.7593389749526978,459.0,466.0,0.5141409039497375,0.0009999999,0.5186915397644043,0.7607421875,0.7581733465194702,0.760937511920929,0.7572916746139526,1454.0,1461.0,0.5,0.6082486510276794,0.5015384554862976,239.0,240.0,0.8866741061210632,0.0020843506790697575,0.501075267791748,0.5010395050048828,0.5020833611488342,0.5,240.0,241.0
