epoch,accuracy,auc,f1_score,fn,fp,loss,lr,mcc,npv,precision,recall,specificity,tn,tp,val_accuracy,val_auc,val_f1_score,val_fn,val_fp,val_loss,val_mcc,val_npv,val_precision,val_recall,val_specificity,val_tn,val_tp
0,0.6026041507720947,0.6651432514190674,0.5864876508712769,949.0,897.0,0.7307972311973572,0.01,0.1831766813993454,0.5894671082496643,0.617972731590271,0.6045833230018616,0.6015625,1503.0,1451.0,0.5,0.49192923307418823,0.6666666269302368,0.0,480.0,1.8861256837844849,0.0,0.0,0.5,1.0,0.0,0.0,480.0
1,0.7057291865348816,0.7641881704330444,0.7008205056190491,570.0,581.0,0.5808658003807068,0.01,0.40099409222602844,0.7019966244697571,0.6991196274757385,0.703125,0.6973958611488342,1339.0,1350.0,0.5,0.545789897441864,0.5147596001625061,229.0,249.0,1.155077576637268,0.0040249270386993885,0.4965516924858093,0.5019999742507935,0.5229166746139526,0.48124998807907104,231.0,251.0
2,0.7244791388511658,0.8046349287033081,0.7219220399856567,530.0,541.0,0.5340216755867004,0.01,0.442542165517807,0.7224265336990356,0.7198342680931091,0.7239583134651184,0.7182291746139526,1379.0,1390.0,0.5,0.546215295791626,0.5,240.0,240.0,2.222562074661255,0.0,0.5,0.5,0.5,0.5,240.0,240.0
3,0.7578125,0.8306185007095337,0.7548532485961914,471.0,470.0,0.504732608795166,0.01,0.5101438164710999,0.7549983859062195,0.7550807595252991,0.754687488079071,0.7552083134651184,1450.0,1449.0,0.5,0.6166797280311584,0.5,240.0,240.0,1.0689738988876343,0.0,0.5,0.5,0.5,0.5,240.0,240.0
4,0.7583333253860474,0.8478659391403198,0.7590922117233276,459.0,469.0,0.48960596323013306,0.0009999999,0.5168828368186951,0.7595323920249939,0.7569948434829712,0.760937511920929,0.7557291388511658,1451.0,1461.0,0.5,0.6423437595367432,0.5,240.0,240.0,1.0384548902511597,0.0,0.5,0.5,0.5,0.5,240.0,240.0
5,0.8083333373069763,0.8840528726577759,0.8063253164291382,371.0,373.0,0.4358038306236267,0.0009999999,0.6127529144287109,0.8067829012870789,0.8059313297271729,0.8067708611488342,0.8057291507720947,1547.0,1549.0,0.5,0.6431359052658081,0.5,240.0,240.0,1.3103373050689697,0.0,0.5,0.5,0.5,0.5,240.0,240.0
