epoch,accuracy,auc,f1_score,fn,fp,loss,lr,mcc,npv,precision,recall,specificity,tn,tp,val_accuracy,val_auc,val_f1_score,val_fn,val_fp,val_loss,val_mcc,val_npv,val_precision,val_recall,val_specificity,val_tn,val_tp
0,0.6156250238418579,0.6187511682510376,0.6075264811515808,1003.0,970.0,0.762408971786499,0.01,0.22327736020088196,0.6089054346084595,0.5901985764503479,0.5820833444595337,0.6197916865348816,1430.0,1397.0,0.5083333253860474,0.520961344242096,0.03728972375392914,470.0,1.0,0.765977680683136,0.03776631876826286,0.5050103664398193,0.9090909361839294,0.02083333395421505,0.9979166388511658,479.0,10.0
1,0.6901041865348816,0.7521987557411194,0.6803380250930786,599.0,639.0,0.5860554575920105,0.01,0.3564216196537018,0.6828387379646301,0.6739795804023743,0.6880208253860474,0.667187511920929,1281.0,1321.0,0.4833333194255829,0.5060068964958191,0.03248119726777077,471.0,0.0,0.7332397103309631,0.036226678639650345,0.5050876140594482,1.0,0.01875000074505806,1.0,480.0,9.0
2,0.7223958373069763,0.7980310916900635,0.7160179615020752,536.0,561.0,0.5424753427505493,0.01,0.42952701449394226,0.7177237868309021,0.7115681171417236,0.7208333611488342,0.707812488079071,1359.0,1384.0,0.5,0.4747113883495331,0.46027010679244995,272.0,217.0,0.783503532409668,-0.01744123362004757,0.4906114637851715,0.48941177129745483,0.4333333373069763,0.5479166507720947,263.0,208.0
3,0.7473958134651184,0.8440849781036377,0.7443949580192566,489.0,495.0,0.48050811886787415,0.01,0.48801007866859436,0.7442951798439026,0.7429906725883484,0.745312511920929,0.7421875,1425.0,1431.0,0.5,0.4902387261390686,0.4989418089389801,241.0,240.0,0.8516752123832703,-0.0020517746452242136,0.4979797899723053,0.4989561438560486,0.49791666865348816,0.5,240.0,239.0
4,0.7598958611488342,0.8498217463493347,0.7591645121574402,465.0,456.0,0.47480010986328125,0.0009999999,0.5207179188728333,0.7599563598632812,0.7613814473152161,0.7578125,0.762499988079071,1464.0,1455.0,0.5,0.4748198986053467,0.5,240.0,240.0,0.8767997026443481,0.0,0.5,0.5,0.5,0.5,240.0,240.0
5,0.8177083134651184,0.903844952583313,0.8147606253623962,350.0,363.0,0.3968993127346039,0.0009999999,0.6295450329780579,0.8174985647201538,0.8122090101242065,0.8177083134651184,0.8109375238418579,1557.0,1570.0,0.4791666567325592,0.46085283160209656,0.4838746190071106,246.0,254.0,0.8199378848075867,-0.04166056588292122,0.47786903381347656,0.4795081913471222,0.48750001192092896,0.47083333134651184,226.0,234.0
