epoch,accuracy,auc,f1_score,fn,fp,loss,lr,mcc,npv,precision,recall,specificity,tn,tp,val_accuracy,val_auc,val_f1_score,val_fn,val_fp,val_loss,val_mcc,val_npv,val_precision,val_recall,val_specificity,val_tn,val_tp
0,0.6473958492279053,0.6816782355308533,0.6406336426734924,884.0,857.0,0.7134501338005066,0.01,0.2852369248867035,0.6415075659751892,0.6388537883758545,0.6316666603088379,0.6458333134651184,1543.0,1516.0,0.5,0.4832031726837158,0.5,240.0,240.0,1.6539937257766724,0.0,0.5,0.5,0.5,0.5,240.0,240.0
1,0.715624988079071,0.7768668532371521,0.7121063470840454,550.0,559.0,0.5706278085708618,0.01,0.42353734374046326,0.7120026350021362,0.7102125287055969,0.7135416865348816,0.7088541388511658,1361.0,1370.0,0.5,0.507361114025116,0.4949946701526642,239.0,247.0,0.7964586615562439,-0.012078753672540188,0.5,0.4938524663448334,0.5020833611488342,0.4854166805744171,233.0,241.0
2,0.739062488079071,0.8170681595802307,0.7372676134109497,501.0,509.0,0.5224258899688721,0.01,0.4745967984199524,0.7387515306472778,0.7359958291053772,0.739062488079071,0.7348958253860474,1411.0,1419.0,0.5,0.504869818687439,0.5950079560279846,130.0,347.0,0.7954301834106445,0.007296367548406124,0.5058823823928833,0.5021520853042603,0.7291666865348816,0.2770833373069763,133.0,350.0
3,0.7604166865348816,0.8435543775558472,0.7616840600967407,455.0,462.0,0.4898937940597534,0.01,0.5228849053382874,0.7623134255409241,0.7602490782737732,0.7630208134651184,0.7593749761581421,1458.0,1465.0,0.5,0.4705425202846527,0.5,240.0,240.0,0.8368298411369324,0.0,0.5,0.5,0.5,0.5,240.0,240.0
4,0.7890625,0.8695520162582397,0.7849985957145691,419.0,403.0,0.45284712314605713,0.0009999999,0.5724424719810486,0.7839757800102234,0.7883403301239014,0.7817708253860474,0.7901041507720947,1517.0,1501.0,0.5,0.4884071350097656,0.5,240.0,240.0,0.7426918745040894,0.0,0.5,0.5,0.5,0.5,240.0,240.0
5,0.8427083492279053,0.9188967347145081,0.8376753330230713,318.0,302.0,0.3708273768424988,0.0009999999,0.6774146556854248,0.8363406658172607,0.8413865566253662,0.8343750238418579,0.8427083492279053,1618.0,1602.0,0.5,0.4997309446334839,0.5246493220329285,224.0,247.0,0.7145755887031555,0.017751725390553474,0.5,0.5089462995529175,0.5333333611488342,0.4854166805744171,233.0,256.0
