epoch,accuracy,auc,f1_score,fn,fp,loss,lr,mcc,npv,precision,recall,specificity,tn,tp,val_accuracy,val_auc,val_f1_score,val_fn,val_fp,val_loss,val_mcc,val_npv,val_precision,val_recall,val_specificity,val_tn,val_tp
0,0.643750011920929,0.662086546421051,0.6317883729934692,899.0,933.0,0.7238198518753052,0.01,0.26455774903297424,0.6345452666282654,0.616680383682251,0.6254166960716248,0.6286458373069763,1467.0,1501.0,0.5,0.5049870014190674,0.5,240.0,240.0,0.8068848848342896,0.0,0.5,0.5,0.5,0.5,240.0,240.0
1,0.6682291626930237,0.7210739850997925,0.6503089666366577,671.0,671.0,0.6112762689590454,0.01,0.3017277121543884,0.6508028507232666,0.6505208611488342,0.6505208611488342,0.6505208611488342,1249.0,1249.0,0.5,0.5457921028137207,0.5,240.0,240.0,1.0122454166412354,0.0,0.5,0.5,0.5,0.5,240.0,240.0
2,0.7036458253860474,0.7753666043281555,0.7019026279449463,571.0,570.0,0.5579893589019775,0.01,0.4065287709236145,0.704753577709198,0.7029703259468079,0.7026041746139526,0.703125,1350.0,1349.0,0.5,0.5133615136146545,0.5,240.0,240.0,0.9350181221961975,0.0,0.5,0.5,0.5,0.5,240.0,240.0
3,0.7307291626930237,0.8065146803855896,0.7255866527557373,526.0,527.0,0.5319059491157532,0.01,0.4521161615848541,0.7266204953193665,0.7256637215614319,0.7260416746139526,0.7255208492279053,1393.0,1394.0,0.5,0.5305620431900024,0.5,240.0,240.0,1.0662636756896973,0.0,0.5,0.5,0.5,0.5,240.0,240.0
4,0.7671874761581421,0.8539502024650574,0.7705764770507812,431.0,455.0,0.47956448793411255,0.0009999999,0.5390525460243225,0.7732254266738892,0.7659465074539185,0.7755208611488342,0.7630208134651184,1465.0,1489.0,0.5,0.4958789050579071,0.5,240.0,240.0,1.3063949346542358,0.0,0.5,0.5,0.5,0.5,240.0,240.0
5,0.8182291388511658,0.8996062278747559,0.8185675740242004,341.0,358.0,0.40028348565101624,0.0009999999,0.6362558007240295,0.8214296102523804,0.8151780962944031,0.8223958611488342,0.8135416507720947,1562.0,1579.0,0.5,0.4956510365009308,0.5,240.0,240.0,1.2355490922927856,0.0,0.5,0.5,0.5,0.5,240.0,240.0
