epoch,accuracy,auc,f1_score,fn,fp,loss,lr,mcc,npv,precision,recall,specificity,tn,tp,val_accuracy,val_auc,val_f1_score,val_fn,val_fp,val_loss,val_mcc,val_npv,val_precision,val_recall,val_specificity,val_tn,val_tp
0,0.612500011920929,0.6392820477485657,0.6044208407402039,940.0,945.0,0.764030396938324,0.01,0.21109242737293243,0.6067264080047607,0.6070685982704163,0.6083333492279053,0.604687511920929,1455.0,1460.0,0.5,0.5215820670127869,0.5,240.0,240.0,1.1757200956344604,0.0,0.5,0.5,0.5,0.5,240.0,240.0
1,0.6734374761581421,0.7324106693267822,0.6677377820014954,641.0,628.0,0.6097387075424194,0.01,0.3396623730659485,0.6696344017982483,0.6706869602203369,0.6661458611488342,0.6729166507720947,1292.0,1279.0,0.5,0.5325368642807007,0.5,240.0,240.0,2.1459858417510986,0.0,0.5,0.5,0.5,0.5,240.0,240.0
2,0.7177083492279053,0.7824929356575012,0.7131774425506592,557.0,539.0,0.560030996799469,0.01,0.42976996302604675,0.7129020094871521,0.7166140675544739,0.7098958492279053,0.7192708253860474,1381.0,1363.0,0.5,0.5707009434700012,0.5,240.0,240.0,1.4094356298446655,0.0,0.5,0.5,0.5,0.5,240.0,240.0
3,0.7479166388511658,0.8194162249565125,0.7436361312866211,495.0,487.0,0.5214904546737671,0.01,0.4890941083431244,0.743653416633606,0.7452929019927979,0.7421875,0.7463541626930237,1433.0,1425.0,0.5,0.5606141090393066,0.5,240.0,240.0,2.077808380126953,0.0,0.5,0.5,0.5,0.5,240.0,240.0
4,0.785937488079071,0.8635541200637817,0.7847978472709656,417.0,407.0,0.4627089202404022,0.0009999999,0.5711448788642883,0.7842251062393188,0.7869110107421875,0.7828124761581421,0.7880208492279053,1513.0,1503.0,0.5,0.5573133230209351,0.5,240.0,240.0,2.0732836723327637,0.0,0.5,0.5,0.5,0.5,240.0,240.0
5,0.8354166746139526,0.9112114310264587,0.8368458151817322,310.0,318.0,0.38252392411231995,0.0009999999,0.6732469201087952,0.8380106687545776,0.8350622653961182,0.8385416865348816,0.8343750238418579,1602.0,1610.0,0.5,0.5685699582099915,0.5,240.0,240.0,1.9529324769973755,0.0,0.5,0.5,0.5,0.5,240.0,240.0
