epoch,accuracy,auc,f1_score,fn,fp,loss,lr,mcc,npv,precision,recall,specificity,tn,tp,val_accuracy,val_auc,val_f1_score,val_fn,val_fp,val_loss,val_mcc,val_npv,val_precision,val_recall,val_specificity,val_tn,val_tp
0,0.515625,0.5068999528884888,0.5138428807258606,1164.0,1192.0,0.7544810771942139,0.01,0.02302744798362255,0.5121272206306458,0.5090609788894653,0.5149999856948853,0.5041666626930237,1208.0,1236.0,0.5,0.5,0.5,240.0,240.0,14.250956535339355,0.0,0.5,0.5,0.5,0.5,240.0,240.0
1,0.5703125,0.6038423776626587,0.5626935958862305,831.0,857.0,0.6826849579811096,0.01,0.12104277312755585,0.5612450838088989,0.5596094727516174,0.567187488079071,0.5536458492279053,1063.0,1089.0,0.5,0.5,0.5,240.0,240.0,6.9092864990234375,0.0,0.5,0.5,0.5,0.5,240.0,240.0
2,0.651562511920929,0.6875105500221252,0.6431030631065369,683.0,687.0,0.6423301696777344,0.01,0.28659623861312866,0.6444278359413147,0.6429314017295837,0.6442708373069763,0.6421874761581421,1233.0,1237.0,0.5,0.5602213144302368,0.6655645966529846,78.0,340.0,1.8116872310638428,0.10889682173728943,0.5200000405311584,0.5417789816856384,0.8374999761581421,0.2916666567325592,140.0,402.0
3,0.6604166626930237,0.711248517036438,0.6617588400840759,648.0,653.0,0.6242555379867554,0.01,0.3224515914916992,0.6613746881484985,0.6607792377471924,0.6625000238418579,0.6598958373069763,1267.0,1272.0,0.5,0.5,0.5,240.0,240.0,4.906849384307861,0.0,0.5,0.5,0.5,0.5,240.0,240.0
4,0.6869791746139526,0.746048629283905,0.6880970597267151,598.0,601.0,0.5970503091812134,0.0009999999,0.3755577504634857,0.6878700256347656,0.6874675154685974,0.6885416507720947,0.6869791746139526,1319.0,1322.0,0.5,0.550926685333252,0.5,240.0,240.0,2.4832723140716553,0.0,0.5,0.5,0.5,0.5,240.0,240.0
5,0.6989583373069763,0.7664327621459961,0.6987034678459167,579.0,578.0,0.5767177939414978,0.0009999999,0.3974098265171051,0.6984268426895142,0.6988014578819275,0.698437511920929,0.6989583373069763,1342.0,1341.0,0.5,0.5,0.5,240.0,240.0,5.439441204071045,0.0,0.5,0.5,0.5,0.5,240.0,240.0
