epoch,accuracy,auc,f1_score,fn,fp,loss,lr,mcc,npv,precision,recall,specificity,tn,tp,val_accuracy,val_auc,val_f1_score,val_fn,val_fp,val_loss,val_mcc,val_npv,val_precision,val_recall,val_specificity,val_tn,val_tp
0,0.5270833373069763,0.5129470825195312,0.5131462812423706,1178.0,1148.0,0.7406648993492126,0.01,0.03882557526230812,0.5209806561470032,0.5156118273735046,0.5091666579246521,0.5270833373069763,1252.0,1222.0,0.5,0.49031251668930054,0.5,240.0,240.0,2.687208652496338,0.0,0.5,0.5,0.5,0.5,240.0,240.0
1,0.5817708373069763,0.5988060832023621,0.5610402822494507,851.0,816.0,0.6930817365646362,0.01,0.13215328752994537,0.5647950768470764,0.5671087503433228,0.5567708611488342,0.574999988079071,1104.0,1069.0,0.5,0.5,0.5,240.0,240.0,4.517617702484131,0.0,0.5,0.5,0.5,0.5,240.0,240.0
2,0.6057291626930237,0.639542281627655,0.6021074652671814,757.0,776.0,0.6711606383323669,0.01,0.2017969936132431,0.6028509140014648,0.5997937321662903,0.6057291626930237,0.5958333611488342,1144.0,1163.0,0.5,0.5,0.5,240.0,240.0,4.192342281341553,0.0,0.5,0.5,0.5,0.5,240.0,240.0
3,0.6307291388511658,0.6696093678474426,0.6254227757453918,729.0,699.0,0.6539914011955261,0.01,0.2564975619316101,0.6255394220352173,0.6301587224006653,0.620312511920929,0.635937511920929,1221.0,1191.0,0.5,0.5704882740974426,0.5,240.0,240.0,1.2586027383804321,0.0,0.5,0.5,0.5,0.5,240.0,240.0
4,0.65625,0.7135898470878601,0.654745876789093,665.0,659.0,0.6246363520622253,0.0009999999,0.31045645475387573,0.6545787453651428,0.6556949019432068,0.6536458134651184,0.6567708253860474,1261.0,1255.0,0.5,0.5,0.5,240.0,240.0,3.7612180709838867,0.0,0.5,0.5,0.5,0.5,240.0,240.0
5,0.6802083253860474,0.7409321665763855,0.6804133653640747,615.0,611.0,0.6006978154182434,0.0009999999,0.3614812195301056,0.6803284287452698,0.681106448173523,0.6796875,0.6817708611488342,1309.0,1305.0,0.5,0.5,0.5,240.0,240.0,5.513134956359863,0.0,0.5,0.5,0.5,0.5,240.0,240.0
