epoch,accuracy,auc,f1_score,fn,fp,loss,lr,mcc,npv,precision,recall,specificity,tn,tp,val_accuracy,val_auc,val_f1_score,val_fn,val_fp,val_loss,val_mcc,val_npv,val_precision,val_recall,val_specificity,val_tn,val_tp
0,0.5302083492279053,0.5326364636421204,0.525583028793335,1155.0,1129.0,0.7226144671440125,0.01,0.06073146313428879,0.5296238660812378,0.5244313478469849,0.518750011920929,0.5369791388511658,1271.0,1245.0,0.5,0.5,0.5,240.0,240.0,34.94974136352539,0.0,0.5,0.5,0.5,0.5,240.0,240.0
1,0.6078125238418579,0.6386277079582214,0.5990774631500244,768.0,772.0,0.6724172830581665,0.01,0.19817566871643066,0.5994375348091125,0.5987526178359985,0.6000000238418579,0.5979166626930237,1148.0,1152.0,0.5,0.601173996925354,0.5,240.0,240.0,1.8289812803268433,0.0,0.5,0.5,0.5,0.5,240.0,240.0
2,0.6317708492279053,0.6745285391807556,0.6281079649925232,719.0,702.0,0.6481844186782837,0.01,0.2602388858795166,0.6290709376335144,0.6311087608337402,0.6255208253860474,0.6343749761581421,1218.0,1201.0,0.5,0.503125011920929,0.5,240.0,240.0,3.331557512283325,0.0,0.5,0.5,0.5,0.5,240.0,240.0
3,0.6604166626930237,0.7056763768196106,0.6607349514961243,650.0,654.0,0.6301813125610352,0.01,0.3208852708339691,0.6608277559280396,0.6600831747055054,0.6614583134651184,0.659375011920929,1266.0,1270.0,0.5,0.5197916626930237,0.5,240.0,240.0,3.33699107170105,0.0,0.5,0.5,0.5,0.5,240.0,240.0
4,0.6713541746139526,0.7261122465133667,0.6721741557121277,627.0,634.0,0.615020215511322,0.0009999999,0.3432614505290985,0.6723229289054871,0.6709911823272705,0.6734374761581421,0.6697916388511658,1286.0,1293.0,0.5,0.5,0.5,240.0,240.0,4.017027854919434,0.0,0.5,0.5,0.5,0.5,240.0,240.0
5,0.7093750238418579,0.7655001878738403,0.7100527882575989,554.0,561.0,0.5848391652107239,0.0009999999,0.41930466890335083,0.7106386423110962,0.7088738679885864,0.7114583253860474,0.707812488079071,1359.0,1366.0,0.5,0.5010416507720947,0.5,240.0,240.0,4.014154434204102,0.0,0.5,0.5,0.5,0.5,240.0,240.0
