epoch,accuracy,auc,f1_score,fn,fp,loss,lr,mcc,npv,precision,recall,specificity,tn,tp,val_accuracy,val_auc,val_f1_score,val_fn,val_fp,val_loss,val_mcc,val_npv,val_precision,val_recall,val_specificity,val_tn,val_tp
0,0.5807291865348816,0.5856258869171143,0.5644084811210632,1046.0,1038.0,0.7136887311935425,0.01,0.13056138157844543,0.5648263692855835,0.5660535097122192,0.5641666650772095,0.5651041865348816,1362.0,1354.0,0.5,0.5306228399276733,0.5,240.0,240.0,6.890242099761963,0.0,0.5,0.5,0.5,0.5,240.0,240.0
1,0.6223958134651184,0.6602523326873779,0.616008460521698,748.0,710.0,0.6599894165992737,0.01,0.24089579284191132,0.6186952590942383,0.6227417588233948,0.6104166507720947,0.6302083134651184,1210.0,1172.0,0.5,0.5399565696716309,0.5,240.0,240.0,2.3604815006256104,0.0,0.5,0.5,0.5,0.5,240.0,240.0
2,0.6526041626930237,0.7031280994415283,0.6545010209083557,662.0,666.0,0.6321461796760559,0.01,0.30849772691726685,0.65452641248703,0.6538461446762085,0.6552083492279053,0.653124988079071,1254.0,1258.0,0.5,0.5444487929344177,0.5,240.0,240.0,2.2873432636260986,0.0,0.5,0.5,0.5,0.5,240.0,240.0
3,0.6833333373069763,0.7428900599479675,0.6829169988632202,611.0,604.0,0.6089648008346558,0.01,0.3672407567501068,0.6831170320510864,0.6842655539512634,0.6817708611488342,0.6854166388511658,1316.0,1309.0,0.5,0.5,0.5,240.0,240.0,8.318001747131348,0.0,0.5,0.5,0.5,0.5,240.0,240.0
4,0.7328125238418579,0.7965022325515747,0.7326269149780273,514.0,513.0,0.555237889289856,0.0009999999,0.46513447165489197,0.7321511507034302,0.7326732873916626,0.7322916388511658,0.7328125238418579,1407.0,1406.0,0.5,0.5,0.5,240.0,240.0,6.32241153717041,0.0,0.5,0.5,0.5,0.5,240.0,240.0
5,0.7536458373069763,0.825819730758667,0.753615140914917,474.0,472.0,0.5124550461769104,0.0009999999,0.507331907749176,0.7532125115394592,0.7539103031158447,0.753125011920929,0.7541666626930237,1448.0,1446.0,0.5,0.5,0.5,240.0,240.0,5.594480991363525,0.0,0.5,0.5,0.5,0.5,240.0,240.0
