epoch,accuracy,auc,f1_score,fn,fp,loss,lr,mcc,npv,precision,recall,specificity,tn,tp,val_accuracy,val_auc,val_f1_score,val_fn,val_fp,val_loss,val_mcc,val_npv,val_precision,val_recall,val_specificity,val_tn,val_tp
0,0.5427083373069763,0.5368614792823792,0.5394940972328186,1120.0,1133.0,0.7225804924964905,0.01,0.0766826793551445,0.5380406975746155,0.530460000038147,0.5333333611488342,0.5348958373069763,1267.0,1280.0,0.5,0.5,0.5,240.0,240.0,963.7771606445312,0.0,0.5,0.5,0.5,0.5,240.0,240.0
1,0.6166666746139526,0.6355618238449097,0.6079025864601135,752.0,752.0,0.6742575168609619,0.01,0.21700231730937958,0.608872652053833,0.6083333492279053,0.6083333492279053,0.6083333492279053,1168.0,1168.0,0.5,0.5,0.5,240.0,240.0,4.130640506744385,0.0,0.5,0.5,0.5,0.5,240.0,240.0
2,0.625,0.6695892810821533,0.6211583018302917,732.0,714.0,0.6534192562103271,0.01,0.2470734864473343,0.6230736374855042,0.624605655670166,0.6187499761581421,0.628125011920929,1206.0,1188.0,0.5,0.5923437476158142,0.5,240.0,238.0,1.085986852645874,0.004103533457964659,0.5040404200553894,0.5020920634269714,0.5,0.5041666626930237,242.0,240.0
3,0.6552083492279053,0.6976183652877808,0.6532555818557739,666.0,665.0,0.6390024423599243,0.01,0.3068639039993286,0.6533697247505188,0.6534653306007385,0.653124988079071,0.6536458134651184,1255.0,1254.0,0.5,0.5,0.5,240.0,240.0,3.609666347503662,0.0,0.5,0.5,0.5,0.5,240.0,240.0
4,0.6817708611488342,0.740274965763092,0.6822879314422607,611.0,607.0,0.6036303639411926,0.0009999999,0.3656754195690155,0.6828314065933228,0.6831941604614258,0.6817708611488342,0.6838541626930237,1313.0,1309.0,0.5,0.6125715970993042,0.5,240.0,240.0,1.9887356758117676,0.0,0.5,0.5,0.5,0.5,240.0,240.0
5,0.6973958611488342,0.7573947310447693,0.6979271173477173,580.0,580.0,0.5890181660652161,0.0009999999,0.3958593010902405,0.6978932023048401,0.6979166865348816,0.6979166865348816,0.6979166865348816,1340.0,1340.0,0.5,0.6077647805213928,0.5,240.0,240.0,1.3616119623184204,0.0,0.5,0.5,0.5,0.5,240.0,240.0
