epoch,accuracy,auc,f1_score,fn,fp,loss,lr,mcc,npv,precision,recall,specificity,tn,tp,val_accuracy,val_auc,val_f1_score,val_fn,val_fp,val_loss,val_mcc,val_npv,val_precision,val_recall,val_specificity,val_tn,val_tp
0,0.5645833611488342,0.6105676293373108,0.5553339123725891,1024.0,1025.0,0.7272942066192627,0.01,0.11290523409843445,0.5568134784698486,0.5730945467948914,0.5733333230018616,0.5557291507720947,1375.0,1376.0,0.5,0.5,0.5,240.0,240.0,37543.91796875,0.0,0.5,0.5,0.5,0.5,240.0,240.0
1,0.6234375238418579,0.6476814150810242,0.6133062243461609,738.0,751.0,0.6724937558174133,0.01,0.2250411957502365,0.6129282116889954,0.6114847660064697,0.6156250238418579,0.6088541746139526,1169.0,1182.0,0.5062500238418579,0.5583659410476685,0.4374927878379822,293.0,147.0,1.4692069292068481,0.06895805150270462,0.548784613609314,0.559880256652832,0.3895833194255829,0.6937500238418579,333.0,187.0
2,0.6552083492279053,0.6844351887702942,0.6434313654899597,691.0,667.0,0.6502012014389038,0.01,0.2929912507534027,0.645806610584259,0.6482067704200745,0.6401041746139526,0.6526041626930237,1253.0,1229.0,0.5,0.5206054449081421,0.5,240.0,240.0,4.0308427810668945,0.0,0.5,0.5,0.5,0.5,240.0,240.0
3,0.6713541746139526,0.7192350625991821,0.6698577404022217,627.0,647.0,0.6218469142913818,0.01,0.3366970419883728,0.6702286005020142,0.6664948463439941,0.6734374761581421,0.6630208492279053,1273.0,1293.0,0.5,0.503125011920929,0.5,240.0,240.0,4.7523112297058105,0.0,0.5,0.5,0.5,0.5,240.0,240.0
4,0.6979166865348816,0.7505050897598267,0.6992361545562744,577.0,579.0,0.6023606657981873,0.01,0.3979700803756714,0.6989302039146423,0.6987513303756714,0.6994791626930237,0.698437511920929,1341.0,1343.0,0.5,0.5448741316795349,0.5,240.0,240.0,2.973334789276123,0.0,0.5,0.5,0.5,0.5,240.0,240.0
5,0.6656249761581421,0.7220280170440674,0.6652815341949463,642.0,644.0,0.6218689680099487,0.0009999999,0.33038029074668884,0.6652724742889404,0.664932370185852,0.6656249761581421,0.6645833253860474,1276.0,1278.0,0.5,0.5400477647781372,0.5,240.0,240.0,2.9262661933898926,0.0,0.5,0.5,0.5,0.5,240.0,240.0
6,0.6973958611488342,0.76559978723526,0.697737455368042,580.0,581.0,0.5834425091743469,0.0009999999,0.3953198790550232,0.6977532505989075,0.6975533366203308,0.6979166865348816,0.6973958611488342,1339.0,1340.0,0.5020833611488342,0.5907703638076782,0.5,240.0,239.0,2.298375368118286,0.0020517667289823294,0.5020201802253723,0.5010438561439514,0.5,0.5020833611488342,241.0,240.0
