epoch,accuracy,auc,f1_score,fn,fp,loss,lr,mcc,npv,precision,recall,specificity,tn,tp,val_accuracy,val_auc,val_f1_score,val_fn,val_fp,val_loss,val_mcc,val_npv,val_precision,val_recall,val_specificity,val_tn,val_tp
0,0.5473958253860474,0.5341240167617798,0.530613899230957,1139.0,1133.0,0.7500253319740295,0.01,0.06633193790912628,0.5337087512016296,0.5267335176467896,0.5254166722297668,0.534375011920929,1267.0,1261.0,0.5,0.5,0.5,240.0,240.0,16.59083366394043,0.0,0.5,0.5,0.5,0.5,240.0,240.0
1,0.5921875238418579,0.6095330119132996,0.5708562135696411,823.0,817.0,0.6928612589836121,0.01,0.14617256820201874,0.5742772221565247,0.5731452703475952,0.5713541507720947,0.5744791626930237,1103.0,1097.0,0.5,0.5,0.5,240.0,240.0,6.1450700759887695,0.0,0.5,0.5,0.5,0.5,240.0,240.0
2,0.6130208373069763,0.6426784992218018,0.601629912853241,770.0,752.0,0.6677817702293396,0.01,0.20762257277965546,0.6027651429176331,0.6046267151832581,0.5989583134651184,0.6083333492279053,1168.0,1150.0,0.5,0.5,0.5,240.0,240.0,4.454742908477783,0.0,0.5,0.5,0.5,0.5,240.0,240.0
3,0.6317708492279053,0.6770788431167603,0.6279652714729309,716.0,709.0,0.6471652388572693,0.01,0.2579336166381836,0.6288898587226868,0.6293779611587524,0.6270833611488342,0.6307291388511658,1211.0,1204.0,0.5,0.6042426824569702,0.5,240.0,240.0,1.1641488075256348,0.0,0.5,0.5,0.5,0.5,240.0,240.0
4,0.6145833134651184,0.6630127429962158,0.6101683378219604,748.0,753.0,0.6490719318389893,0.0009999999,0.21844062209129333,0.607448160648346,0.6088311672210693,0.6104166507720947,0.6078125238418579,1167.0,1172.0,0.5,0.550952672958374,0.5,240.0,240.0,2.8631937503814697,0.0,0.5,0.5,0.5,0.5,240.0,240.0
5,0.6546875238418579,0.7101634740829468,0.6521163582801819,672.0,659.0,0.6259663701057434,0.0009999999,0.3067985475063324,0.6525251865386963,0.6544310450553894,0.6499999761581421,0.6567708253860474,1261.0,1248.0,0.5,0.5892382860183716,0.5,240.0,240.0,2.235652208328247,0.0,0.5,0.5,0.5,0.5,240.0,240.0
