epoch,accuracy,auc,f1_score,fn,fp,loss,lr,mcc,npv,precision,recall,specificity,tn,tp,val_accuracy,val_auc,val_f1_score,val_fn,val_fp,val_loss,val_mcc,val_npv,val_precision,val_recall,val_specificity,val_tn,val_tp
0,0.5338541865348816,0.5419372916221619,0.5057518482208252,1148.0,1130.0,0.7389909625053406,0.01,0.02466975525021553,0.5151225924491882,0.5256087183952332,0.5216666460037231,0.5177083611488342,1270.0,1252.0,0.5,0.5,0.5,240.0,240.0,32.21935272216797,0.0,0.5,0.5,0.5,0.5,240.0,240.0
1,0.5385416746139526,0.5470020771026611,0.5281740427017212,910.0,886.0,0.7022443413734436,0.01,0.06481224298477173,0.5323945879936218,0.5327004194259644,0.5260416865348816,0.5385416746139526,1034.0,1010.0,0.5,0.5093749761581421,0.5,240.0,240.0,3.498584747314453,0.0,0.5,0.5,0.5,0.5,240.0,240.0
2,0.5703125,0.5932741165161133,0.5621405243873596,843.0,829.0,0.6839789152145386,0.01,0.12940101325511932,0.5648046135902405,0.5650576949119568,0.5609375238418579,0.5682291388511658,1091.0,1077.0,0.5,0.5832443833351135,0.5,240.0,240.0,1.847474455833435,0.0,0.5,0.5,0.5,0.5,240.0,240.0
3,0.621874988079071,0.6668009161949158,0.6191093325614929,734.0,724.0,0.6527606248855591,0.01,0.24071422219276428,0.6200913190841675,0.6209424138069153,0.6177083253860474,0.6229166388511658,1196.0,1186.0,0.5,0.5198698043823242,0.5,240.0,240.0,3.272247791290283,0.0,0.5,0.5,0.5,0.5,240.0,240.0
4,0.621874988079071,0.6650078892707825,0.6205576658248901,729.0,727.0,0.6500614881515503,0.0009999999,0.24172161519527435,0.6208227872848511,0.6209593415260315,0.620312511920929,0.6213541626930237,1193.0,1191.0,0.5,0.6149804592132568,0.5059701800346375,237.0,240.0,1.0698024034500122,0.0059827170334756374,0.5,0.5031055808067322,0.5062500238418579,0.5,240.0,243.0
5,0.6567708253860474,0.6970025300979614,0.6553456783294678,663.0,659.0,0.6318569183349609,0.0009999999,0.3114873170852661,0.6554486155509949,0.6560542583465576,0.6546875238418579,0.6567708253860474,1261.0,1257.0,0.5,0.612879753112793,0.5,240.0,240.0,2.1668713092803955,0.0,0.5,0.5,0.5,0.5,240.0,240.0
