epoch,accuracy,auc,f1_score,fn,fp,loss,lr,mcc,npv,precision,recall,specificity,tn,tp,val_accuracy,val_auc,val_f1_score,val_fn,val_fp,val_loss,val_mcc,val_npv,val_precision,val_recall,val_specificity,val_tn,val_tp
0,0.621874988079071,0.5946208834648132,0.598690927028656,1016.0,980.0,0.6829620599746704,0.01,0.21015779674053192,0.6050436496734619,0.5854483842849731,0.5766666531562805,0.614062488079071,1420.0,1384.0,0.5,0.5,0.5,240.0,240.0,17.19525909423828,0.0,0.5,0.5,0.5,0.5,240.0,240.0
1,0.6447916626930237,0.6917721033096313,0.6444147229194641,675.0,698.0,0.6414306163787842,0.01,0.28525686264038086,0.6444342136383057,0.6407617330551147,0.6484375,0.6364583373069763,1222.0,1245.0,0.5,0.5250781178474426,0.5,240.0,240.0,3.8306610584259033,0.0,0.5,0.5,0.5,0.5,240.0,240.0
2,0.6817708611488342,0.7298543453216553,0.6774102449417114,623.0,613.0,0.6114138960838318,0.01,0.35640421509742737,0.6770058870315552,0.6790575981140137,0.6755208373069763,0.6807291507720947,1307.0,1297.0,0.5,0.5519119501113892,0.5059701800346375,237.0,240.0,3.210153341293335,0.0059827170334756374,0.5,0.5031055808067322,0.5062500238418579,0.5,240.0,243.0
3,0.7093750238418579,0.7768589854240417,0.7097171545028687,556.0,559.0,0.5670955181121826,0.01,0.4194149971008301,0.7102746963500977,0.709308385848999,0.7104166746139526,0.7088541388511658,1361.0,1364.0,0.5,0.5,0.5,240.0,240.0,6.64019250869751,0.0,0.5,0.5,0.5,0.5,240.0,240.0
4,0.6880208253860474,0.7527515888214111,0.6884534358978271,595.0,604.0,0.6021601557731628,0.0009999999,0.3755500912666321,0.6887264847755432,0.6868844032287598,0.6901041865348816,0.6854166388511658,1316.0,1325.0,0.5,0.628684937953949,0.5071794390678406,236.0,241.0,1.3262470960617065,0.00615529203787446,0.5,0.5030927658081055,0.5083333253860474,0.49791666865348816,239.0,244.0
5,0.75,0.8286479115486145,0.7514619827270508,476.0,479.0,0.5114410519599915,0.0009999999,0.5026333928108215,0.751779317855835,0.7509100437164307,0.7520833611488342,0.7505208253860474,1441.0,1444.0,0.5,0.5,0.5,240.0,240.0,5.789913654327393,0.0,0.5,0.5,0.5,0.5,240.0,240.0
