epoch,accuracy,auc,f1_score,fn,fp,loss,lr,mcc,npv,precision,recall,specificity,tn,tp,val_accuracy,val_auc,val_f1_score,val_fn,val_fp,val_loss,val_mcc,val_npv,val_precision,val_recall,val_specificity,val_tn,val_tp
0,0.5921875238418579,0.5734573602676392,0.5788251161575317,1042.0,1063.0,0.6868324279785156,0.01,0.15400539338588715,0.5775919556617737,0.5609252452850342,0.565833330154419,0.5713541507720947,1337.0,1358.0,0.5,0.5,0.5,240.0,240.0,22.611318588256836,0.0,0.5,0.5,0.5,0.5,240.0,240.0
1,0.6244791746139526,0.6572350859642029,0.6118816137313843,747.0,736.0,0.6628462076187134,0.01,0.2278795689344406,0.614294707775116,0.6144578456878662,0.6109374761581421,0.6166666746139526,1184.0,1173.0,0.5,0.5,0.5,240.0,240.0,9.261527061462402,0.0,0.5,0.5,0.5,0.5,240.0,240.0
2,0.635937511920929,0.6826146245002747,0.6289920806884766,714.0,709.0,0.6472877860069275,0.01,0.25915783643722534,0.6288630962371826,0.6297650337219238,0.628125011920929,0.6307291388511658,1211.0,1206.0,0.5,0.5608354806900024,0.5,240.0,240.0,2.6288344860076904,0.0,0.5,0.5,0.5,0.5,240.0,240.0
3,0.6708333492279053,0.7165619134902954,0.6672196984291077,642.0,632.0,0.6181091070175171,0.01,0.3365739583969116,0.667626678943634,0.6691099405288696,0.6656249761581421,0.6708333492279053,1288.0,1278.0,0.5,0.5104166269302368,0.5,240.0,240.0,3.4373481273651123,0.0,0.5,0.5,0.5,0.5,240.0,240.0
4,0.698437511920929,0.7514034509658813,0.6952444314956665,589.0,577.0,0.5926707983016968,0.0009999999,0.39276331663131714,0.695447564125061,0.697589099407196,0.6932291388511658,0.6994791626930237,1343.0,1331.0,0.5,0.5439887642860413,0.5,240.0,240.0,3.0137698650360107,0.0,0.5,0.5,0.5,0.5,240.0,240.0
5,0.734375,0.7899034023284912,0.7329177856445312,516.0,507.0,0.5603355765342712,0.0009999999,0.4672274887561798,0.7326147556304932,0.7346938848495483,0.731249988079071,0.7359374761581421,1413.0,1404.0,0.5,0.5114800930023193,0.5,240.0,240.0,3.446338653564453,0.0,0.5,0.5,0.5,0.5,240.0,240.0
