epoch,accuracy,auc,f1_score,fn,fp,loss,lr,mcc,npv,precision,recall,specificity,tn,tp,val_accuracy,val_auc,val_f1_score,val_fn,val_fp,val_loss,val_mcc,val_npv,val_precision,val_recall,val_specificity,val_tn,val_tp
0,0.5729166865348816,0.5577000975608826,0.5594192743301392,1084.0,1077.0,0.7038909792900085,0.01,0.12490788102149963,0.5647074580192566,0.5499373078346252,0.5483333468437195,0.5640624761581421,1323.0,1316.0,0.5,0.5,0.5,240.0,240.0,5.868763446807861,0.0,0.5,0.5,0.5,0.5,240.0,240.0
1,0.609375,0.6450437307357788,0.6026617288589478,767.0,750.0,0.6730614900588989,0.01,0.21015127003192902,0.6045495867729187,0.6058854460716248,0.6005208492279053,0.609375,1170.0,1153.0,0.5,0.5,0.5,240.0,240.0,7.590322494506836,0.0,0.5,0.5,0.5,0.5,240.0,240.0
2,0.6052083373069763,0.6433019638061523,0.5992743968963623,774.0,758.0,0.6691116690635681,0.01,0.20230259001255035,0.5999160408973694,0.6018907427787781,0.596875011920929,0.6052083373069763,1162.0,1146.0,0.5,0.5,0.5,240.0,240.0,9.242019653320312,0.0,0.5,0.5,0.5,0.5,240.0,240.0
3,0.6578124761581421,0.7045447826385498,0.6563718318939209,657.0,664.0,0.6299805045127869,0.01,0.3120819628238678,0.6570485234260559,0.6554229259490967,0.6578124761581421,0.6541666388511658,1256.0,1263.0,0.5,0.6338585019111633,0.4739462733268738,267.0,145.0,1.337869644165039,0.12094433605670929,0.5860281586647034,0.5949720740318298,0.4437499940395355,0.6979166865348816,335.0,213.0
4,0.6781250238418579,0.7341580986976624,0.6789482235908508,614.0,621.0,0.611497700214386,0.0009999999,0.3568490445613861,0.6790745854377747,0.6777374148368835,0.6802083253860474,0.676562488079071,1299.0,1306.0,0.5,0.5300998091697693,0.5,240.0,240.0,3.58882212638855,0.0,0.5,0.5,0.5,0.5,240.0,240.0
5,0.6880208253860474,0.7492544054985046,0.6874251961708069,599.0,602.0,0.5942105054855347,0.0009999999,0.3744972348213196,0.6876567602157593,0.6869474649429321,0.6880208253860474,0.6864583492279053,1318.0,1321.0,0.5,0.5078146457672119,0.5,240.0,240.0,3.7932229042053223,0.0,0.5,0.5,0.5,0.5,240.0,240.0
