epoch,accuracy,auc,f1_score,fn,fp,loss,lr,mcc,npv,precision,recall,specificity,tn,tp,val_accuracy,val_auc,val_f1_score,val_fn,val_fp,val_loss,val_mcc,val_npv,val_precision,val_recall,val_specificity,val_tn,val_tp
0,0.5885416865348816,0.5546567440032959,0.5563629269599915,1091.0,1085.0,0.7173674702644348,0.01,0.11683856695890427,0.5583475232124329,0.5467836260795593,0.5454166531562805,0.5598958134651184,1315.0,1309.0,0.5,0.5,0.5,240.0,240.0,15.512022972106934,0.0,0.5,0.5,0.5,0.5,240.0,240.0
1,0.6567708253860474,0.6858816146850586,0.6344975829124451,700.0,702.0,0.6513394713401794,0.01,0.2703168988227844,0.6359283924102783,0.6347554922103882,0.6354166865348816,0.6343749761581421,1218.0,1220.0,0.5,0.5084244608879089,0.5,240.0,240.0,4.583830833435059,0.0,0.5,0.5,0.5,0.5,240.0,240.0
2,0.6661458611488342,0.7123568654060364,0.664519190788269,648.0,638.0,0.6293501257896423,0.01,0.33036014437675476,0.6636898517608643,0.6659685969352722,0.6625000238418579,0.6677083373069763,1282.0,1272.0,0.5,0.5199435949325562,0.5,240.0,240.0,3.0903666019439697,0.0,0.5,0.5,0.5,0.5,240.0,240.0
3,0.6817708611488342,0.7333968281745911,0.678733229637146,626.0,598.0,0.6095025539398193,0.01,0.3627147674560547,0.6790101528167725,0.683932363986969,0.6739583611488342,0.6885416507720947,1322.0,1294.0,0.5,0.5863324403762817,0.5,240.0,240.0,1.7408034801483154,0.0,0.5,0.5,0.5,0.5,240.0,240.0
4,0.6880208253860474,0.744860053062439,0.6876007318496704,598.0,603.0,0.5996090173721313,0.0009999999,0.3745155334472656,0.6878217458724976,0.6867532730102539,0.6885416507720947,0.6859375238418579,1317.0,1322.0,0.5,0.5,0.5,240.0,240.0,5.2964043617248535,0.0,0.5,0.5,0.5,0.5,240.0,240.0
5,0.7250000238418579,0.7946659922599792,0.7247884273529053,529.0,527.0,0.5518963932991028,0.0009999999,0.45003312826156616,0.7249028086662292,0.7252346277236938,0.7244791388511658,0.7255208492279053,1393.0,1391.0,0.5,0.5,0.5,240.0,240.0,5.852333068847656,0.0,0.5,0.5,0.5,0.5,240.0,240.0
