epoch,accuracy,auc,f1_score,fn,fp,loss,lr,mcc,npv,precision,recall,specificity,tn,tp,val_accuracy,val_auc,val_f1_score,val_fn,val_fp,val_loss,val_mcc,val_npv,val_precision,val_recall,val_specificity,val_tn,val_tp
0,0.5145833492279053,0.5151682496070862,0.5111660361289978,1181.0,1169.0,0.7315579056739807,0.01,0.02595866657793522,0.5105493664741516,0.5104690194129944,0.5079166889190674,0.5161458253860474,1231.0,1219.0,0.5,0.5,0.5,240.0,240.0,12.40748119354248,0.0,0.5,0.5,0.5,0.5,240.0,240.0
1,0.589062511920929,0.6112172603607178,0.5831004977226257,799.0,803.0,0.6881271004676819,0.01,0.16610269248485565,0.5825089812278748,0.5826403498649597,0.5838541388511658,0.5817708373069763,1117.0,1121.0,0.6208333373069763,0.6610633730888367,0.4227122962474823,331.0,70.0,0.7120810151100159,0.19632413983345032,0.5531888604164124,0.6803653240203857,0.31041666865348816,0.8541666865348816,410.0,149.0
2,0.6557291746139526,0.7000121474266052,0.6488667130470276,678.0,666.0,0.6376243829727173,0.01,0.3001890182495117,0.6490467190742493,0.650943398475647,0.6468750238418579,0.653124988079071,1254.0,1242.0,0.6083333492279053,0.6609244346618652,0.05875222384929657,465.0,5.0,1.2485243082046509,0.06663675606250763,0.5053777098655701,0.75,0.03125,0.9895833134651184,475.0,15.0
3,0.6619791388511658,0.7158936858177185,0.6609996557235718,650.0,650.0,0.6246218085289001,0.01,0.3230559527873993,0.6622816324234009,0.6614583134651184,0.6614583134651184,0.6614583134651184,1270.0,1270.0,0.5,0.5858333706855774,0.5,240.0,240.0,2.136859178543091,0.0,0.5,0.5,0.5,0.5,240.0,240.0
4,0.6833333373069763,0.7397051453590393,0.6833880543708801,609.0,606.0,0.6062838435173035,0.01,0.36721929907798767,0.683226466178894,0.6838810443878174,0.682812511920929,0.684374988079071,1314.0,1311.0,0.5,0.5,0.5,240.0,240.0,6.256354808807373,0.0,0.5,0.5,0.5,0.5,240.0,240.0
5,0.6963541507720947,0.761333703994751,0.6953372359275818,587.0,581.0,0.5886369943618774,0.0009999999,0.39168497920036316,0.6952651143074036,0.6964472532272339,0.6942708492279053,0.6973958611488342,1339.0,1333.0,0.5,0.569140613079071,0.5,240.0,240.0,2.8869359493255615,0.0,0.5,0.5,0.5,0.5,240.0,240.0
6,0.7541666626930237,0.8289988040924072,0.753516435623169,473.0,474.0,0.5124594569206238,0.0009999999,0.5067822933197021,0.7533887028694153,0.7532535195350647,0.7536458373069763,0.753125011920929,1446.0,1447.0,0.5,0.5,0.5,240.0,240.0,5.577693462371826,0.0,0.5,0.5,0.5,0.5,240.0,240.0
