epoch,accuracy,auc,f1_score,fn,fp,loss,lr,mcc,npv,precision,recall,specificity,tn,tp,val_accuracy,val_auc,val_f1_score,val_fn,val_fp,val_loss,val_mcc,val_npv,val_precision,val_recall,val_specificity,val_tn,val_tp
0,0.5093749761581421,0.5078455805778503,0.5054206252098083,1180.0,1211.0,0.7376314401626587,0.01,0.004651304800063372,0.501542329788208,0.5018510818481445,0.5083333253860474,0.49427083134651184,1189.0,1220.0,0.5,0.5,0.5,240.0,240.0,8.034839630126953,0.0,0.5,0.5,0.5,0.5,240.0,240.0
1,0.6151041388511658,0.6445020437240601,0.6074780821800232,756.0,747.0,0.6702808141708374,0.01,0.21753492951393127,0.6081492304801941,0.6091051697731018,0.606249988079071,0.6109374761581421,1173.0,1164.0,0.5979166626930237,0.6351432204246521,0.297421395778656,378.0,55.0,0.8900485634803772,0.10362501442432404,0.5321242213249207,0.6496815085411072,0.21250000596046448,0.8854166865348816,425.0,102.0
2,0.659375011920929,0.707564115524292,0.6565154790878296,659.0,660.0,0.6255033016204834,0.01,0.3131353259086609,0.6567288637161255,0.6564289331436157,0.6567708253860474,0.65625,1260.0,1261.0,0.5,0.5771332383155823,0.5,240.0,240.0,1.5412098169326782,0.0,0.5,0.5,0.5,0.5,240.0,240.0
3,0.6885416507720947,0.7530705332756042,0.6869267821311951,600.0,603.0,0.5901670455932617,0.01,0.37349528074264526,0.6870952248573303,0.6864274740219116,0.6875,0.6859375238418579,1317.0,1320.0,0.5,0.5837239623069763,0.5,240.0,240.0,2.3913161754608154,0.0,0.5,0.5,0.5,0.5,240.0,240.0
4,0.7177083492279053,0.7784264087677002,0.7191986441612244,538.0,541.0,0.5698043704032898,0.01,0.4380495846271515,0.7194221019744873,0.7186687588691711,0.7197916507720947,0.7182291746139526,1379.0,1382.0,0.5,0.5,0.5,240.0,240.0,6.1561479568481445,0.0,0.5,0.5,0.5,0.5,240.0,240.0
5,0.6859375238418579,0.7487699389457703,0.6841131448745728,609.0,602.0,0.5996637940406799,0.0009999999,0.3693235516548157,0.6838642358779907,0.6853110194206238,0.682812511920929,0.6864583492279053,1318.0,1311.0,0.4895833432674408,0.6036566495895386,0.46996015310287476,266.0,171.0,0.9528539180755615,0.07919883728027344,0.5658707022666931,0.5558441281318665,0.44583332538604736,0.643750011920929,309.0,214.0
6,0.7697916626930237,0.8439542055130005,0.7699735164642334,442.0,441.0,0.4912262558937073,0.0009999999,0.5401074886322021,0.7699494957923889,0.7701928019523621,0.7697916626930237,0.770312488079071,1479.0,1478.0,0.5,0.5446744561195374,0.5,240.0,240.0,3.1880128383636475,0.0,0.5,0.5,0.5,0.5,240.0,240.0
