epoch,accuracy,auc,f1_score,fn,fp,loss,lr,mcc,npv,precision,recall,specificity,tn,tp,val_accuracy,val_auc,val_f1_score,val_fn,val_fp,val_loss,val_mcc,val_npv,val_precision,val_recall,val_specificity,val_tn,val_tp
0,0.5177083611488342,0.5253477692604065,0.5182874798774719,1172.0,1133.0,0.7293965220451355,0.01,0.04945528879761696,0.5240238308906555,0.5201185941696167,0.5116666555404663,0.5348958373069763,1267.0,1228.0,0.5,0.5,0.5,240.0,240.0,5.81752872467041,0.0,0.5,0.5,0.5,0.5,240.0,240.0
1,0.6041666865348816,0.6263522505760193,0.587247908115387,796.0,777.0,0.6812355518341064,0.01,0.18100731074810028,0.5909260511398315,0.5912677645683289,0.5854166746139526,0.5953124761581421,1143.0,1124.0,0.5,0.5,0.5,240.0,240.0,10.708050727844238,0.0,0.5,0.5,0.5,0.5,240.0,240.0
2,0.6343749761581421,0.6670865416526794,0.6228503584861755,723.0,722.0,0.663571298122406,0.01,0.24762439727783203,0.6243919134140015,0.6237623691558838,0.6234375238418579,0.6239583492279053,1198.0,1197.0,0.5,0.5,0.5,240.0,240.0,5.114770889282227,0.0,0.5,0.5,0.5,0.5,240.0,240.0
3,0.6630208492279053,0.7164024710655212,0.6575576066970825,663.0,645.0,0.6266383528709412,0.01,0.3189220130443573,0.6582518815994263,0.6608833074569702,0.6546875238418579,0.6640625,1275.0,1257.0,0.5,0.5,0.5,240.0,240.0,403.0003356933594,0.0,0.5,0.5,0.5,0.5,240.0,240.0
4,0.6468750238418579,0.7024597525596619,0.6384239196777344,700.0,683.0,0.6264387369155884,0.0009999999,0.2800903618335724,0.6381948590278625,0.6410930156707764,0.6354166865348816,0.6442708373069763,1237.0,1220.0,0.5,0.5,0.0,480.0,0.0,16.596660614013672,0.0,0.5,0.0,0.0,1.0,480.0,0.0
5,0.6859375238418579,0.7501181364059448,0.6847642064094543,604.0,607.0,0.5967341065406799,0.0009999999,0.3694368004798889,0.6851873397827148,0.68434739112854,0.6854166388511658,0.6838541626930237,1313.0,1316.0,0.5,0.5,0.0,480.0,0.0,7.587228775024414,0.0,0.5,0.0,0.0,1.0,480.0,0.0
