epoch,accuracy,auc,f1_score,fn,fp,loss,lr,mcc,npv,precision,recall,specificity,tn,tp,val_accuracy,val_auc,val_f1_score,val_fn,val_fp,val_loss,val_mcc,val_npv,val_precision,val_recall,val_specificity,val_tn,val_tp
0,0.5447916388511658,0.5343676805496216,0.5339868068695068,1132.0,1137.0,0.7292853593826294,0.01,0.06859510391950607,0.533981442451477,0.5272349119186401,0.528333306312561,0.5328124761581421,1263.0,1268.0,0.5,0.5,0.5,240.0,240.0,25.760265350341797,0.0,0.5,0.5,0.5,0.5,240.0,240.0
1,0.6031249761581421,0.6166266798973083,0.5905213952064514,780.0,799.0,0.6916206479072571,0.01,0.1778629571199417,0.5894958972930908,0.5879319310188293,0.59375,0.5838541388511658,1121.0,1140.0,0.5,0.5461696982383728,0.5,240.0,240.0,3.972214937210083,0.0,0.5,0.5,0.5,0.5,240.0,240.0
2,0.6479166746139526,0.6815817356109619,0.6409369111061096,693.0,681.0,0.6500087380409241,0.01,0.2846773862838745,0.6414759755134583,0.643081784248352,0.6390625238418579,0.645312488079071,1239.0,1227.0,0.5,0.5,0.5,240.0,240.0,5.584466457366943,0.0,0.5,0.5,0.5,0.5,240.0,240.0
3,0.6291666626930237,0.668883740901947,0.6193495988845825,735.0,722.0,0.654697835445404,0.01,0.24129228293895721,0.6193972229957581,0.6213948726654053,0.6171875,0.6239583492279053,1198.0,1185.0,0.5,0.5,0.5,240.0,240.0,4.279995918273926,0.0,0.5,0.5,0.5,0.5,240.0,240.0
4,0.6953125,0.7568143010139465,0.6949295401573181,584.0,589.0,0.5902112126350403,0.0009999999,0.3891177177429199,0.6950507760047913,0.694025993347168,0.6958333253860474,0.6932291388511658,1331.0,1336.0,0.5,0.5,0.5,240.0,240.0,5.921221733093262,0.0,0.5,0.5,0.5,0.5,240.0,240.0
5,0.7270833253860474,0.7974027991294861,0.7285557389259338,520.0,523.0,0.5499405264854431,0.0009999999,0.45680922269821167,0.7288392782211304,0.7280291318893433,0.7291666865348816,0.7276041507720947,1397.0,1400.0,0.5,0.5,0.5,240.0,240.0,6.1292219161987305,0.0,0.5,0.5,0.5,0.5,240.0,240.0
