epoch,accuracy,auc,f1_score,fn,fp,loss,lr,mcc,npv,precision,recall,specificity,tn,tp,val_accuracy,val_auc,val_f1_score,val_fn,val_fp,val_loss,val_mcc,val_npv,val_precision,val_recall,val_specificity,val_tn,val_tp
0,0.5260416865348816,0.5178454518318176,0.5214448571205139,1154.0,1166.0,0.7413033843040466,0.01,0.04190034791827202,0.5204282999038696,0.5165837407112122,0.5191666483879089,0.5177083611488342,1234.0,1246.0,0.5,0.5,0.5,240.0,240.0,24.94112777709961,0.0,0.5,0.5,0.5,0.5,240.0,240.0
1,0.5609375238418579,0.591234564781189,0.5594227313995361,846.0,839.0,0.7023607492446899,0.01,0.12292896956205368,0.5617445111274719,0.5614218711853027,0.559374988079071,0.5630208253860474,1081.0,1074.0,0.5,0.5,0.5,240.0,240.0,5.583868503570557,0.0,0.5,0.5,0.5,0.5,240.0,240.0
2,0.606249988079071,0.6361880302429199,0.5984934568405151,768.0,778.0,0.6754173636436462,0.01,0.19503594934940338,0.5972570180892944,0.5968911647796631,0.6000000238418579,0.5947916507720947,1142.0,1152.0,0.5,0.5751736164093018,0.4989418089389801,241.0,240.0,1.5814324617385864,-0.0020517667289823294,0.4979797899723053,0.4989561438560486,0.49791666865348816,0.5,240.0,239.0
3,0.6411458253860474,0.6812325119972229,0.6371806859970093,699.0,689.0,0.6432003378868103,0.01,0.2774919271469116,0.6386080980300903,0.6392670273780823,0.635937511920929,0.6411458253860474,1231.0,1221.0,0.5,0.5,0.5,240.0,240.0,6.569086074829102,0.0,0.5,0.5,0.5,0.5,240.0,240.0
4,0.6583333611488342,0.7257935404777527,0.6581952571868896,655.0,658.0,0.6257869601249695,0.0009999999,0.3162016272544861,0.6585615873336792,0.65782630443573,0.6588541865348816,0.6572916507720947,1262.0,1265.0,0.5,0.5411784648895264,0.5464136600494385,208.0,256.0,5.736015319824219,0.03104987181723118,0.5,0.5151515007019043,0.5666666626930237,0.46666666865348816,224.0,272.0
5,0.6791666746139526,0.7335053086280823,0.6763685941696167,621.0,622.0,0.6116591095924377,0.0009999999,0.3526654839515686,0.6763722896575928,0.6762102842330933,0.676562488079071,0.6760416626930237,1298.0,1299.0,0.5,0.5529253482818604,0.632695198059082,131.0,285.0,1.9915879964828491,0.11171695590019226,0.5148147940635681,0.5504732131958008,0.7270833253860474,0.40625,195.0,349.0
