epoch,accuracy,auc,f1_score,fn,fp,loss,lr,mcc,npv,precision,recall,specificity,tn,tp,val_accuracy,val_auc,val_f1_score,val_fn,val_fp,val_loss,val_mcc,val_npv,val_precision,val_recall,val_specificity,val_tn,val_tp
0,0.5380208492279053,0.5304338932037354,0.5238898396492004,1169.0,1102.0,0.733391523361206,0.01,0.06753233075141907,0.5330571532249451,0.5276467800140381,0.5129166841506958,0.5510416626930237,1298.0,1231.0,0.5,0.5031249523162842,0.5,240.0,240.0,4.291038990020752,0.0,0.5,0.5,0.5,0.5,240.0,240.0
1,0.6067708134651184,0.63555508852005,0.5968061685562134,757.0,813.0,0.6736143231391907,0.01,0.18261004984378815,0.5935790538787842,0.5885627269744873,0.6057291626930237,0.5765625238418579,1107.0,1163.0,0.5,0.5,0.5,240.0,240.0,7.02959680557251,0.0,0.5,0.5,0.5,0.5,240.0,240.0
2,0.651562511920929,0.6974626183509827,0.6478923559188843,675.0,677.0,0.6371805667877197,0.01,0.2959378957748413,0.6482812762260437,0.6477627754211426,0.6484375,0.6473958492279053,1243.0,1245.0,0.5,0.5026041269302368,0.5,240.0,240.0,3.7208211421966553,0.0,0.5,0.5,0.5,0.5,240.0,240.0
3,0.667187511920929,0.7137728333473206,0.663087785243988,651.0,637.0,0.6274990439414978,0.01,0.32938626408576965,0.6638501286506653,0.6657922267913818,0.660937488079071,0.6682291626930237,1283.0,1269.0,0.5,0.4984222650527954,0.5,240.0,240.0,3.331439733505249,0.0,0.5,0.5,0.5,0.5,240.0,240.0
4,0.6911458373069763,0.754855215549469,0.6916103959083557,586.0,603.0,0.5894562602043152,0.0009999999,0.380879282951355,0.6923406720161438,0.6886938810348511,0.6947916746139526,0.6859375238418579,1317.0,1334.0,0.5,0.5559418797492981,0.5,240.0,240.0,2.306629180908203,0.0,0.5,0.5,0.5,0.5,240.0,240.0
5,0.7109375,0.774233341217041,0.7097161412239075,556.0,560.0,0.5694052577018738,0.0009999999,0.41877999901771545,0.7097472548484802,0.7089397311210632,0.7104166746139526,0.7083333134651184,1360.0,1364.0,0.5,0.5602430105209351,0.5,240.0,240.0,2.2850160598754883,0.0,0.5,0.5,0.5,0.5,240.0,240.0
