epoch,accuracy,auc,f1_score,fn,fp,loss,lr,mcc,npv,precision,recall,specificity,tn,tp,val_accuracy,val_auc,val_f1_score,val_fn,val_fp,val_loss,val_mcc,val_npv,val_precision,val_recall,val_specificity,val_tn,val_tp
0,0.5583333373069763,0.579982578754425,0.5399724245071411,1073.0,1064.0,0.7223790884017944,0.01,0.08474216610193253,0.5427473783493042,0.5549979209899902,0.5529166460037231,0.5442708134651184,1336.0,1327.0,0.5,0.5,0.5,240.0,240.0,35.31418228149414,0.0,0.5,0.5,0.5,0.5,240.0,240.0
1,0.5994791388511658,0.625713586807251,0.5846591591835022,796.0,798.0,0.6841860413551331,0.01,0.1700490266084671,0.5852765440940857,0.5848075151443481,0.5854166746139526,0.5843750238418579,1122.0,1124.0,0.5,0.5,0.5,240.0,240.0,5.970236301422119,0.0,0.5,0.5,0.5,0.5,240.0,240.0
2,0.6468750238418579,0.6872131824493408,0.6380618810653687,708.0,667.0,0.6445132493972778,0.01,0.2845703363418579,0.6389308571815491,0.6450239419937134,0.6312500238418579,0.6526041626930237,1253.0,1212.0,0.5,0.503125011920929,0.5,240.0,240.0,3.8346610069274902,0.0,0.5,0.5,0.5,0.5,240.0,240.0
3,0.6697916388511658,0.7246078848838806,0.6671279668807983,644.0,628.0,0.613041341304779,0.01,0.33767661452293396,0.6678155660629272,0.6701680421829224,0.6645833253860474,0.6729166507720947,1292.0,1276.0,0.5,0.5372591018676758,0.5,240.0,240.0,7.286690711975098,0.0,0.5,0.5,0.5,0.5,240.0,240.0
4,0.6682291626930237,0.7180864214897156,0.6640965342521667,646.0,641.0,0.6226137280464172,0.0009999999,0.32980597019195557,0.6649534702301025,0.6652741432189941,0.6635416746139526,0.6661458611488342,1279.0,1274.0,0.5,0.5,0.5,240.0,240.0,4.885047435760498,0.0,0.5,0.5,0.5,0.5,240.0,240.0
5,0.6963541507720947,0.7510868906974792,0.6943783164024353,589.0,583.0,0.5976349711418152,0.0009999999,0.389639288187027,0.694065511226654,0.6954023241996765,0.6932291388511658,0.6963541507720947,1337.0,1331.0,0.5,0.5,0.5,240.0,240.0,4.800091743469238,0.0,0.5,0.5,0.5,0.5,240.0,240.0
