epoch,accuracy,auc,f1_score,fn,fp,loss,lr,mcc,npv,precision,recall,specificity,tn,tp,val_accuracy,val_auc,val_f1_score,val_fn,val_fp,val_loss,val_mcc,val_npv,val_precision,val_recall,val_specificity,val_tn,val_tp
0,0.5619791746139526,0.5427853465080261,0.5472479462623596,1117.0,1081.0,0.7392551898956299,0.01,0.10551914572715759,0.5521066188812256,0.5427241921424866,0.534583330154419,0.5619791746139526,1319.0,1283.0,0.5,0.5,0.5,240.0,240.0,62.512149810791016,0.0,0.5,0.5,0.5,0.5,240.0,240.0
1,0.6057291626930237,0.634589433670044,0.5982997417449951,774.0,765.0,0.6757254004478455,0.01,0.19865408539772034,0.5981085896492004,0.5996860265731812,0.596875011920929,0.6015625,1155.0,1146.0,0.5,0.5279882550239563,0.5,240.0,240.0,2.863421678543091,0.0,0.5,0.5,0.5,0.5,240.0,240.0
2,0.6484375,0.6879096627235413,0.6434451341629028,690.0,672.0,0.6447761058807373,0.01,0.2908177375793457,0.6442475914955139,0.6466876864433289,0.640625,0.6499999761581421,1248.0,1230.0,0.5,0.5499218702316284,0.5080214738845825,236.0,240.0,1.777823567390442,0.008034483529627323,0.5,0.5041322112083435,0.5083333253860474,0.5,240.0,244.0
3,0.660937488079071,0.7149590849876404,0.6590277552604675,651.0,663.0,0.6194644570350647,0.01,0.3157515823841095,0.6585349440574646,0.6568322777748108,0.660937488079071,0.6546875238418579,1257.0,1269.0,0.5,0.5,0.5,240.0,240.0,6.942197799682617,0.0,0.5,0.5,0.5,0.5,240.0,240.0
4,0.6786458492279053,0.7371808886528015,0.6769281625747681,621.0,619.0,0.6083153486251831,0.0009999999,0.3541809022426605,0.6768694519996643,0.6772679686546326,0.676562488079071,0.6776041388511658,1301.0,1299.0,0.5,0.5,0.5,240.0,240.0,4.752514362335205,0.0,0.5,0.5,0.5,0.5,240.0,240.0
5,0.698437511920929,0.7703341841697693,0.6989743113517761,578.0,578.0,0.5762960314750671,0.0009999999,0.39793193340301514,0.6989247798919678,0.6989583373069763,0.6989583373069763,0.6989583373069763,1342.0,1342.0,0.5,0.5,0.5,240.0,240.0,7.305014133453369,0.0,0.5,0.5,0.5,0.5,240.0,240.0
