epoch,accuracy,auc,f1_score,fn,fp,loss,lr,mcc,npv,precision,recall,specificity,tn,tp,val_accuracy,val_auc,val_f1_score,val_fn,val_fp,val_loss,val_mcc,val_npv,val_precision,val_recall,val_specificity,val_tn,val_tp
0,0.5562499761581421,0.5355669856071472,0.5445167422294617,1115.0,1103.0,0.7200804948806763,0.01,0.09544205665588379,0.5487080812454224,0.5381072163581848,0.5354166626930237,0.5505208373069763,1297.0,1285.0,0.5,0.5564279556274414,0.5,240.0,240.0,4.377706050872803,0.0,0.5,0.5,0.5,0.5,240.0,240.0
1,0.6354166865348816,0.6704159379005432,0.6169678568840027,740.0,720.0,0.6542242169380188,0.01,0.24010629951953888,0.6197976469993591,0.621052622795105,0.6145833134651184,0.625,1200.0,1180.0,0.5479166507720947,0.6418120861053467,0.6380836367607117,141.0,266.0,0.854374349117279,0.14027629792690277,0.5419443845748901,0.5603305697441101,0.706250011920929,0.44583332538604736,214.0,339.0
2,0.6807291507720947,0.7356431484222412,0.6818335652351379,613.0,607.0,0.6082385778427124,0.01,0.36478784680366516,0.6816797256469727,0.6828631162643433,0.6807291507720947,0.6838541626930237,1313.0,1307.0,0.5,0.6077474355697632,0.5,240.0,240.0,2.1396048069000244,0.0,0.5,0.5,0.5,0.5,240.0,240.0
3,0.7177083492279053,0.7833895087242126,0.7167829871177673,541.0,549.0,0.5634335279464722,0.01,0.432333379983902,0.7169696092605591,0.7152489423751831,0.7182291746139526,0.714062511920929,1371.0,1379.0,0.5,0.5,0.5,240.0,240.0,14.207274436950684,0.0,0.5,0.5,0.5,0.5,240.0,240.0
4,0.7229166626930237,0.7933098077774048,0.723055899143219,532.0,531.0,0.5495952367782593,0.01,0.4463992416858673,0.7231805920600891,0.7232933640480042,0.7229166626930237,0.723437488079071,1389.0,1388.0,0.5,0.5031249523162842,0.5,240.0,240.0,3.5287017822265625,0.0,0.5,0.5,0.5,0.5,240.0,240.0
5,0.7953125238418579,0.86519855260849,0.7958889603614807,389.0,396.0,0.48739683628082275,0.0009999999,0.5912137627601624,0.796805739402771,0.7944992184638977,0.7973958253860474,0.793749988079071,1524.0,1531.0,0.5,0.5223958492279053,0.5,240.0,240.0,3.520810604095459,0.0,0.5,0.5,0.5,0.5,240.0,240.0
6,0.8291666507720947,0.9070330262184143,0.8291646242141724,328.0,328.0,0.39628320932388306,0.0009999999,0.6583908200263977,0.8292078375816345,0.8291666507720947,0.8291666507720947,0.8291666507720947,1592.0,1592.0,0.5,0.5770485997200012,0.5,240.0,240.0,2.9513041973114014,0.0,0.5,0.5,0.5,0.5,240.0,240.0
