epoch,accuracy,auc,f1_score,fn,fp,loss,lr,mcc,npv,precision,recall,specificity,tn,tp,val_accuracy,val_auc,val_f1_score,val_fn,val_fp,val_loss,val_mcc,val_npv,val_precision,val_recall,val_specificity,val_tn,val_tp
0,0.5036458373069763,0.5093730688095093,0.5117577910423279,1167.0,1192.0,0.7354562282562256,0.01,0.021373039111495018,0.5124419331550598,0.5084536075592041,0.5137500166893005,0.5041666626930237,1208.0,1233.0,0.5,0.5,0.5,240.0,240.0,5.778040409088135,0.0,0.5,0.5,0.5,0.5,240.0,240.0
1,0.543749988079071,0.5509642362594604,0.5311413407325745,897.0,900.0,0.7203828692436218,0.01,0.06436990946531296,0.5328918099403381,0.5319812893867493,0.5328124761581421,0.53125,1020.0,1023.0,0.5,0.5,0.5,240.0,240.0,16.167057037353516,0.0,0.5,0.5,0.5,0.5,240.0,240.0
2,0.6145833134651184,0.6495491862297058,0.6112152338027954,739.0,756.0,0.6648680567741394,0.01,0.22216905653476715,0.6144422888755798,0.6097057461738586,0.6151041388511658,0.606249988079071,1164.0,1181.0,0.5,0.5451020002365112,0.5,240.0,240.0,2.7064273357391357,0.0,0.5,0.5,0.5,0.5,240.0,240.0
3,0.6416666507720947,0.6841236352920532,0.6400359272956848,690.0,693.0,0.6444075703620911,0.01,0.2798331677913666,0.6401746869087219,0.639625608921051,0.640625,0.6390625238418579,1227.0,1230.0,0.5,0.5,0.5,240.0,240.0,5.913217067718506,0.0,0.5,0.5,0.5,0.5,240.0,240.0
4,0.6848958134651184,0.7272533774375916,0.6826304197311401,602.0,624.0,0.6150587797164917,0.0009999999,0.3615873157978058,0.6826527118682861,0.6786817908287048,0.6864583492279053,0.675000011920929,1296.0,1318.0,0.5,0.5,0.5,240.0,240.0,5.729889869689941,0.0,0.5,0.5,0.5,0.5,240.0,240.0
5,0.6791666746139526,0.7470222115516663,0.6814796328544617,609.0,616.0,0.5941591858863831,0.0009999999,0.3620104491710663,0.681843638420105,0.6803321242332458,0.682812511920929,0.6791666746139526,1304.0,1311.0,0.5,0.5526453852653503,0.5,240.0,240.0,2.6584126949310303,0.0,0.5,0.5,0.5,0.5,240.0,240.0
