epoch,accuracy,auc,f1_score,fn,fp,loss,lr,mcc,npv,precision,recall,specificity,tn,tp,val_accuracy,val_auc,val_f1_score,val_fn,val_fp,val_loss,val_mcc,val_npv,val_precision,val_recall,val_specificity,val_tn,val_tp
0,0.557812511920929,0.5449515581130981,0.5476153492927551,1109.0,1100.0,0.7196169495582581,0.01,0.09974120557308197,0.5499019622802734,0.5399414300918579,0.5379166603088379,0.5520833134651184,1300.0,1291.0,0.5,0.5,0.5,240.0,240.0,39.41196060180664,0.0,0.5,0.5,0.5,0.5,240.0,240.0
1,0.6171875,0.6411259174346924,0.5994901061058044,764.0,776.0,0.6754449605941772,0.01,0.19833160936832428,0.6005952954292297,0.5983436703681946,0.6020833253860474,0.5958333611488342,1144.0,1156.0,0.5,0.54952472448349,0.5361875295639038,220.0,243.0,4.119429588317871,0.03329811990261078,0.5,0.5168986320495605,0.5416666865348816,0.4937500059604645,237.0,260.0
2,0.6499999761581421,0.6841309666633606,0.6393324136734009,693.0,691.0,0.6502696871757507,0.01,0.27945366501808167,0.6394234895706177,0.6397289037704468,0.6390625238418579,0.6401041746139526,1229.0,1227.0,0.5,0.5,0.5,240.0,240.0,5.412854194641113,0.0,0.5,0.5,0.5,0.5,240.0,240.0
3,0.6229166388511658,0.6807202696800232,0.617334246635437,743.0,714.0,0.6483301520347595,0.01,0.24132440984249115,0.619248628616333,0.6224219799041748,0.6130208373069763,0.628125011920929,1206.0,1177.0,0.5,0.5529730916023254,0.5020512938499451,239.0,240.0,2.046647548675537,0.0020517667289823294,0.5,0.5010395050048828,0.5020833611488342,0.5,240.0,241.0
4,0.6432291865348816,0.6961812973022461,0.6408215165138245,684.0,700.0,0.6360122561454773,0.0009999999,0.2796269655227661,0.6410642266273499,0.6384297609329224,0.643750011920929,0.6354166865348816,1220.0,1236.0,0.5,0.5652604103088379,0.5,240.0,240.0,2.6658856868743896,0.0,0.5,0.5,0.5,0.5,240.0,240.0
5,0.6848958134651184,0.7443951368331909,0.6842771768569946,607.0,605.0,0.6027697324752808,0.0009999999,0.36876577138900757,0.6840486526489258,0.6845672726631165,0.6838541626930237,0.6848958134651184,1315.0,1313.0,0.5,0.5036458373069763,0.5,240.0,240.0,3.967480421066284,0.0,0.5,0.5,0.5,0.5,240.0,240.0
