epoch,accuracy,auc,f1_score,fn,fp,loss,lr,mcc,npv,precision,recall,specificity,tn,tp,val_accuracy,val_auc,val_f1_score,val_fn,val_fp,val_loss,val_mcc,val_npv,val_precision,val_recall,val_specificity,val_tn,val_tp
0,0.5239583253860474,0.5262688994407654,0.5162873864173889,1162.0,1177.0,0.7308332324028015,0.01,0.03361732140183449,0.5183073878288269,0.5126293897628784,0.51583331823349,0.5130208134651184,1223.0,1238.0,0.5,0.5,0.5,240.0,240.0,31.79860496520996,0.0,0.5,0.5,0.5,0.5,240.0,240.0
1,0.5963541865348816,0.6148026585578918,0.5699312686920166,830.0,810.0,0.6882122159004211,0.01,0.14632391929626465,0.5722458958625793,0.5736842155456543,0.5677083134651184,0.578125,1110.0,1090.0,0.5,0.5,0.6666666269302368,0.0,480.0,20.91547203063965,0.0,0.0,0.5,1.0,0.0,0.0,480.0
2,0.6291666626930237,0.6652226448059082,0.6250540018081665,717.0,724.0,0.6579920649528503,0.01,0.24971380829811096,0.6256564855575562,0.6242864727973938,0.6265624761581421,0.6229166388511658,1196.0,1203.0,0.5,0.5,0.5,240.0,240.0,8.231653213500977,0.0,0.5,0.5,0.5,0.5,240.0,240.0
3,0.6651041507720947,0.7058902978897095,0.6622528433799744,643.0,658.0,0.635603666305542,0.01,0.3225552439689636,0.662998378276825,0.6599483489990234,0.6651041507720947,0.6572916507720947,1262.0,1277.0,0.5,0.5,0.5,240.0,240.0,10.957103729248047,0.0,0.5,0.5,0.5,0.5,240.0,240.0
4,0.6807291507720947,0.7285410165786743,0.6802099347114563,612.0,618.0,0.6223382949829102,0.0009999999,0.35939738154411316,0.680198609828949,0.6791277527809143,0.6812499761581421,0.6781250238418579,1302.0,1308.0,0.5,0.5881271362304688,0.5,240.0,240.0,1.783382534980774,0.0,0.5,0.5,0.5,0.5,240.0,240.0
5,0.7010416388511658,0.7623057961463928,0.7007617950439453,575.0,574.0,0.5865777134895325,0.0009999999,0.4016070067882538,0.7005731463432312,0.7008858919143677,0.7005208134651184,0.7010416388511658,1346.0,1345.0,0.5,0.5601909160614014,0.5,240.0,240.0,2.6854097843170166,0.0,0.5,0.5,0.5,0.5,240.0,240.0
