epoch,accuracy,auc,f1_score,fn,fp,loss,lr,mcc,npv,precision,recall,specificity,tn,tp,val_accuracy,val_auc,val_f1_score,val_fn,val_fp,val_loss,val_mcc,val_npv,val_precision,val_recall,val_specificity,val_tn,val_tp
0,0.5302083492279053,0.5592113733291626,0.5151153802871704,1112.0,1117.0,0.7301424741744995,0.01,0.032383032143116,0.5166094899177551,0.5355509519577026,0.5366666913032532,0.5151041746139526,1283.0,1288.0,0.5,0.5,0.5,240.0,240.0,28.30320167541504,0.0,0.5,0.5,0.5,0.5,240.0,240.0
1,0.578125,0.5897130966186523,0.5494711995124817,878.0,818.0,0.6885877847671509,0.01,0.11715172231197357,0.5582026839256287,0.5602150559425354,0.5427083373069763,0.5739583373069763,1102.0,1042.0,0.5,0.5,0.5,240.0,240.0,11.209298133850098,0.0,0.5,0.5,0.5,0.5,240.0,240.0
2,0.625,0.658602774143219,0.6214459538459778,729.0,723.0,0.6631954312324524,0.01,0.24404188990592957,0.6210330724716187,0.6222570538520813,0.620312511920929,0.6234375238418579,1197.0,1191.0,0.5,0.5461587905883789,0.5,240.0,240.0,4.136392116546631,0.0,0.5,0.5,0.5,0.5,240.0,240.0
3,0.6463541388511658,0.6877217888832092,0.6461165547370911,683.0,671.0,0.648611307144165,0.01,0.29490071535110474,0.6468542218208313,0.6483228802680969,0.6442708373069763,0.6505208611488342,1249.0,1237.0,0.5,0.5,0.5,240.0,240.0,5.057379245758057,0.0,0.5,0.5,0.5,0.5,240.0,240.0
4,0.5843750238418579,0.6201730966567993,0.5760238170623779,813.0,812.0,0.6692802309989929,0.0009999999,0.15393072366714478,0.5774561762809753,0.5768629312515259,0.5765625238418579,0.5770833492279053,1108.0,1107.0,0.5,0.5488758683204651,0.5,240.0,240.0,2.0377485752105713,0.0,0.5,0.5,0.5,0.5,240.0,240.0
5,0.635937511920929,0.683748185634613,0.6310766339302063,709.0,707.0,0.6413511633872986,0.0009999999,0.2626035511493683,0.6310293674468994,0.6313868761062622,0.6307291388511658,0.6317708492279053,1213.0,1211.0,0.5,0.565186619758606,0.5,240.0,240.0,2.218276262283325,0.0,0.5,0.5,0.5,0.5,240.0,240.0
