epoch,accuracy,auc,f1_score,fn,fp,loss,lr,mcc,npv,precision,recall,specificity,tn,tp,val_accuracy,val_auc,val_f1_score,val_fn,val_fp,val_loss,val_mcc,val_npv,val_precision,val_recall,val_specificity,val_tn,val_tp
0,0.5249999761581421,0.5282325148582458,0.526268482208252,1134.0,1182.0,0.7330616116523743,0.01,0.0428684800863266,0.5208720564842224,0.5171568393707275,0.5274999737739563,0.5088541507720947,1218.0,1266.0,0.5,0.5,0.5,240.0,240.0,3.2283902168273926,0.0,0.5,0.5,0.5,0.5,240.0,240.0
1,0.5604166388511658,0.5851512551307678,0.5636032819747925,823.0,872.0,0.6936294436454773,0.01,0.11753462255001068,0.5603751540184021,0.5571355819702148,0.5713541507720947,0.5458333492279053,1048.0,1097.0,0.5020833611488342,0.5845529437065125,0.528933584690094,225.0,240.0,1.112242341041565,0.029111353680491447,0.5,0.5151515007019043,0.53125,0.5,240.0,255.0
2,0.6192708611488342,0.6616611480712891,0.6163676977157593,738.0,729.0,0.657034695148468,0.01,0.23620733618736267,0.6183590292930603,0.6185243129730225,0.6156250238418579,0.620312511920929,1191.0,1182.0,0.5,0.5278711318969727,0.5,240.0,240.0,2.6198410987854004,0.0,0.5,0.5,0.5,0.5,240.0,240.0
3,0.6260416507720947,0.6721846461296082,0.6233342289924622,721.0,725.0,0.6513357758522034,0.01,0.24695903062820435,0.6245002746582031,0.6231808662414551,0.6244791746139526,0.6223958134651184,1195.0,1199.0,0.5,0.5,0.5,240.0,240.0,4.6449971199035645,0.0,0.5,0.5,0.5,0.5,240.0,240.0
4,0.6635416746139526,0.7155570983886719,0.6636894941329956,646.0,645.0,0.6222237944602966,0.01,0.3276176452636719,0.6637585163116455,0.6638874411582947,0.6635416746139526,0.6640625,1275.0,1274.0,0.5,0.5,0.5,240.0,240.0,3.847715139389038,0.0,0.5,0.5,0.5,0.5,240.0,240.0
5,0.6885416507720947,0.7515302300453186,0.6875120997428894,599.0,601.0,0.5983722805976868,0.0009999999,0.3750489056110382,0.6880045533180237,0.6873049139976501,0.6880208253860474,0.6869791746139526,1319.0,1321.0,0.5,0.5,0.5,240.0,240.0,6.71786642074585,0.0,0.5,0.5,0.5,0.5,240.0,240.0
6,0.7098958492279053,0.7837466597557068,0.709837794303894,556.0,559.0,0.5621662735939026,0.0009999999,0.4192909300327301,0.7100220918655396,0.709308385848999,0.7104166746139526,0.7088541388511658,1361.0,1364.0,0.5,0.5,0.5,240.0,240.0,5.431312561035156,0.0,0.5,0.5,0.5,0.5,240.0,240.0
