epoch,accuracy,auc,f1_score,fn,fp,loss,lr,mcc,npv,precision,recall,specificity,tn,tp,val_accuracy,val_auc,val_f1_score,val_fn,val_fp,val_loss,val_mcc,val_npv,val_precision,val_recall,val_specificity,val_tn,val_tp
0,0.5453125238418579,0.5412182807922363,0.5484773516654968,1104.0,1109.0,0.7227031588554382,0.01,0.09828957915306091,0.5483277440071106,0.5388773679733276,0.5400000214576721,0.5473958253860474,1291.0,1296.0,0.5,0.5,0.5,240.0,240.0,33.59559631347656,0.0,0.5,0.5,0.5,0.5,240.0,240.0
1,0.5942708253860474,0.6185420751571655,0.5772979855537415,817.0,794.0,0.6878419518470764,0.01,0.16115449368953705,0.5794626474380493,0.5814443826675415,0.5744791626930237,0.5864583253860474,1126.0,1103.0,0.5,0.5,0.5,240.0,240.0,21.500667572021484,0.0,0.5,0.5,0.5,0.5,240.0,240.0
2,0.6312500238418579,0.6637855768203735,0.6171537041664124,728.0,750.0,0.6583441495895386,0.01,0.23050756752490997,0.6164577007293701,0.6138002276420593,0.6208333373069763,0.609375,1170.0,1192.0,0.5,0.5677951574325562,0.4946407377719879,245.0,236.0,1.2030164003372192,-0.001992464065551758,0.4980986416339874,0.4989384412765503,0.4895833432674408,0.5083333253860474,244.0,235.0
3,0.6499999761581421,0.698633074760437,0.6474300026893616,678.0,674.0,0.6361624598503113,0.01,0.2959200143814087,0.6478261351585388,0.6482254862785339,0.6468750238418579,0.6489583253860474,1246.0,1242.0,0.5,0.5311393141746521,0.5,240.0,240.0,3.762667179107666,0.0,0.5,0.5,0.5,0.5,240.0,240.0
4,0.6661458611488342,0.7193471789360046,0.6670383214950562,633.0,651.0,0.6245461702346802,0.0009999999,0.33133503794670105,0.6675033569335938,0.6640866994857788,0.6703125238418579,0.660937488079071,1269.0,1287.0,0.5,0.5423328876495361,0.5,240.0,240.0,2.496107578277588,0.0,0.5,0.5,0.5,0.5,240.0,240.0
5,0.6848958134651184,0.743609607219696,0.6858308911323547,602.0,605.0,0.5965871214866638,0.0009999999,0.37139156460762024,0.6861625909805298,0.6853874325752258,0.6864583492279053,0.6848958134651184,1315.0,1318.0,0.5,0.516197919845581,0.5,240.0,240.0,3.2448301315307617,0.0,0.5,0.5,0.5,0.5,240.0,240.0
