epoch,accuracy,auc,f1_score,fn,fp,loss,lr,mcc,npv,precision,recall,specificity,tn,tp,val_accuracy,val_auc,val_f1_score,val_fn,val_fp,val_loss,val_mcc,val_npv,val_precision,val_recall,val_specificity,val_tn,val_tp
0,0.5385416746139526,0.5281820893287659,0.5232585072517395,1148.0,1171.0,0.7286165952682495,0.01,0.04232190176844597,0.5212110280990601,0.5167148113250732,0.5216666460037231,0.5151041746139526,1229.0,1252.0,0.5,0.5,0.5,240.0,240.0,10.852564811706543,0.0,0.5,0.5,0.5,0.5,240.0,240.0
1,0.598437488079071,0.6187193989753723,0.5867900252342224,796.0,776.0,0.686087429523468,0.01,0.18175645172595978,0.5916245579719543,0.5915789604187012,0.5854166746139526,0.5958333611488342,1144.0,1124.0,0.5,0.5,0.5,240.0,240.0,9.298846244812012,0.0,0.5,0.5,0.5,0.5,240.0,240.0
2,0.6223958134651184,0.6520183086395264,0.6112419366836548,745.0,749.0,0.6669448614120483,0.01,0.22217614948749542,0.6110753417015076,0.6107068657875061,0.6119791865348816,0.6098958253860474,1171.0,1175.0,0.5,0.5208051204681396,0.0,480.0,0.0,1.298852562904358,0.0,0.5,0.0,0.0,1.0,480.0,0.0
3,0.6432291865348816,0.6905588507652283,0.6410112380981445,689.0,690.0,0.6405861973762512,0.01,0.281955361366272,0.6408662796020508,0.64081209897995,0.6411458253860474,0.640625,1230.0,1231.0,0.5,0.5137891173362732,0.46617984771728516,270.0,184.0,1.6293909549713135,0.04796511307358742,0.540303111076355,0.5329949259757996,0.4375,0.6166666746139526,296.0,210.0
4,0.640625,0.6932519674301147,0.6430363059043884,681.0,694.0,0.6358473300933838,0.0009999999,0.2839190661907196,0.6430925130844116,0.6409725546836853,0.645312488079071,0.6385416388511658,1226.0,1239.0,0.5,0.5135828852653503,0.5,240.0,240.0,1.7304794788360596,0.0,0.5,0.5,0.5,0.5,240.0,240.0
5,0.6739583611488342,0.726868748664856,0.6726341843605042,626.0,633.0,0.6122359037399292,0.0009999999,0.3443354070186615,0.6729769110679626,0.6715101003646851,0.6739583611488342,0.6703125238418579,1287.0,1294.0,0.5,0.5299631357192993,0.5,240.0,240.0,2.0274641513824463,0.0,0.5,0.5,0.5,0.5,240.0,240.0
