epoch,accuracy,auc,f1_score,fn,fp,loss,lr,mcc,npv,precision,recall,specificity,tn,tp,val_accuracy,val_auc,val_f1_score,val_fn,val_fp,val_loss,val_mcc,val_npv,val_precision,val_recall,val_specificity,val_tn,val_tp
0,0.5473958253860474,0.5448653101921082,0.5420002341270447,1122.0,1100.0,0.72237229347229,0.01,0.09199456870555878,0.5454522967338562,0.5374264121055603,0.5325000286102295,0.5520833134651184,1300.0,1278.0,0.5,0.5,0.5,240.0,240.0,13.466024398803711,0.0,0.5,0.5,0.5,0.5,240.0,240.0
1,0.6276041865348816,0.6553393602371216,0.6115709543228149,746.0,743.0,0.6645838618278503,0.01,0.22490106523036957,0.6125065684318542,0.6124152541160583,0.6114583611488342,0.6130208373069763,1177.0,1174.0,0.5,0.5,0.5,240.0,240.0,5.386335372924805,0.0,0.5,0.5,0.5,0.5,240.0,240.0
2,0.651562511920929,0.6978000402450562,0.6473513245582581,680.0,669.0,0.634752094745636,0.01,0.29754841327667236,0.6484607458114624,0.6495547294616699,0.6458333134651184,0.651562511920929,1251.0,1240.0,0.5,0.5,0.5,240.0,240.0,7.791637897491455,0.0,0.5,0.5,0.5,0.5,240.0,240.0
3,0.671875,0.7253564596176147,0.6725253462791443,632.0,622.0,0.6156456470489502,0.01,0.3469386398792267,0.6726693511009216,0.6743455529212952,0.6708333492279053,0.6760416626930237,1298.0,1288.0,0.5,0.5,0.5,240.0,240.0,5.549752235412598,0.0,0.5,0.5,0.5,0.5,240.0,240.0
4,0.7015625238418579,0.7576607465744019,0.7035534977912903,568.0,571.0,0.5925379395484924,0.0009999999,0.40685051679611206,0.7038468718528748,0.7030681371688843,0.7041666507720947,0.7026041746139526,1349.0,1352.0,0.5,0.5115668773651123,0.5,240.0,240.0,3.129876136779785,0.0,0.5,0.5,0.5,0.5,240.0,240.0
5,0.7203124761581421,0.7845178842544556,0.7199358344078064,536.0,541.0,0.5622411370277405,0.0009999999,0.4390774965286255,0.7200269103050232,0.7189610600471497,0.7208333611488342,0.7182291746139526,1379.0,1384.0,0.5,0.5740950107574463,0.5,240.0,240.0,2.582873582839966,0.0,0.5,0.5,0.5,0.5,240.0,240.0
