epoch,accuracy,auc,f1_score,fn,fp,loss,lr,mcc,npv,precision,recall,specificity,tn,tp,val_accuracy,val_auc,val_f1_score,val_fn,val_fp,val_loss,val_mcc,val_npv,val_precision,val_recall,val_specificity,val_tn,val_tp
0,0.5802083611488342,0.5950013399124146,0.5686108469963074,1038.0,1036.0,0.6885515451431274,0.01,0.13885167241096497,0.568717896938324,0.5679733157157898,0.5674999952316284,0.5697916746139526,1364.0,1362.0,0.5,0.5,0.5,240.0,240.0,15.17603588104248,0.0,0.5,0.5,0.5,0.5,240.0,240.0
1,0.6489583253860474,0.6804673671722412,0.6417011618614197,683.0,700.0,0.6503750681877136,0.01,0.2799501419067383,0.6404474377632141,0.6386164426803589,0.6442708373069763,0.6354166865348816,1220.0,1237.0,0.5,0.6144183874130249,0.4935108423233032,248.0,211.0,1.3342698812484741,0.04152620583772659,0.5345163345336914,0.5237020254135132,0.4833333194255829,0.5604166388511658,269.0,232.0
2,0.671875,0.7248834371566772,0.6670892834663391,644.0,629.0,0.6152369976043701,0.01,0.3370700478553772,0.6673669219017029,0.669816255569458,0.6645833253860474,0.6723958253860474,1291.0,1276.0,0.5,0.5036458373069763,0.5,240.0,240.0,3.5418176651000977,0.0,0.5,0.5,0.5,0.5,240.0,240.0
3,0.7052083611488342,0.7686225175857544,0.708392322063446,562.0,556.0,0.5777614712715149,0.01,0.41778266429901123,0.7082434892654419,0.7095088958740234,0.7072916626930237,0.7104166746139526,1364.0,1358.0,0.5,0.6200346946716309,0.5,240.0,239.0,1.353197693824768,0.0020517667289823294,0.5020201802253723,0.5010438561439514,0.5,0.5020833611488342,241.0,240.0
4,0.7182291746139526,0.7835817337036133,0.7180728316307068,542.0,540.0,0.5628284811973572,0.0009999999,0.43648427724838257,0.7180270552635193,0.7184567451477051,0.7177083492279053,0.71875,1380.0,1378.0,0.5,0.5378949642181396,0.5,240.0,240.0,2.9414479732513428,0.0,0.5,0.5,0.5,0.5,240.0,240.0
5,0.753125011920929,0.8329272270202637,0.7530964016914368,474.0,474.0,0.5061576962471008,0.0009999999,0.5062657594680786,0.7531896829605103,0.753125011920929,0.753125011920929,0.753125011920929,1446.0,1446.0,0.5,0.603552520275116,0.5,240.0,240.0,2.509629249572754,0.0,0.5,0.5,0.5,0.5,240.0,240.0
