epoch,accuracy,auc,f1_score,fn,fp,loss,lr,mcc,npv,precision,recall,specificity,tn,tp,val_accuracy,val_auc,val_f1_score,val_fn,val_fp,val_loss,val_mcc,val_npv,val_precision,val_recall,val_specificity,val_tn,val_tp
0,0.5630208253860474,0.5486781001091003,0.5494756102561951,1100.0,1113.0,0.7242621183395386,0.01,0.09791502356529236,0.5488951206207275,0.5387484431266785,0.5416666865348816,0.5453125238418579,1287.0,1300.0,0.5,0.5,0.0,480.0,0.0,5.722327709197998,0.0,0.5,0.0,0.0,1.0,480.0,0.0
1,0.6151041388511658,0.6525857448577881,0.6039409041404724,758.0,757.0,0.6622018218040466,0.01,0.2113458812236786,0.6073410511016846,0.6055237054824829,0.6052083373069763,0.6057291626930237,1163.0,1162.0,0.5,0.5026041865348816,0.5,240.0,240.0,4.0793304443359375,0.0,0.5,0.5,0.5,0.5,240.0,240.0
2,0.6343749761581421,0.6940292119979858,0.6332694888114929,712.0,682.0,0.6414401531219482,0.01,0.27402040362358093,0.6359621286392212,0.6391534209251404,0.6291666626930237,0.6447916626930237,1238.0,1208.0,0.4937500059604645,0.5846787691116333,0.25974905490875244,394.0,25.0,1.1817630529403687,0.1231176108121872,0.5419893264770508,0.7747747898101807,0.17916665971279144,0.9479166865348816,455.0,86.0
3,0.6697916388511658,0.7302032113075256,0.6665278673171997,641.0,637.0,0.6106464862823486,0.01,0.3345138132572174,0.6674221754074097,0.6675365567207336,0.6661458611488342,0.6682291626930237,1283.0,1279.0,0.5,0.503125011920929,0.5,240.0,240.0,3.9644157886505127,0.0,0.5,0.5,0.5,0.5,240.0,240.0
4,0.6901041865348816,0.7581647038459778,0.6878412365913391,600.0,598.0,0.5811852216720581,0.0009999999,0.3761211037635803,0.6878719329833984,0.6882168650627136,0.6875,0.6885416507720947,1322.0,1320.0,0.5,0.5,0.5,240.0,240.0,6.093985557556152,0.0,0.5,0.5,0.5,0.5,240.0,240.0
5,0.7447916865348816,0.814710795879364,0.7443305253982544,489.0,494.0,0.5257620215415955,0.0009999999,0.4880561828613281,0.7446892261505127,0.743376612663269,0.745312511920929,0.7427083253860474,1426.0,1431.0,0.5,0.5,0.5,240.0,240.0,5.790689468383789,0.0,0.5,0.5,0.5,0.5,240.0,240.0
