epoch,accuracy,auc,f1_score,fn,fp,loss,lr,mcc,npv,precision,recall,specificity,tn,tp,val_accuracy,val_auc,val_f1_score,val_fn,val_fp,val_loss,val_mcc,val_npv,val_precision,val_recall,val_specificity,val_tn,val_tp
0,0.5067708492279053,0.5127784609794617,0.5109778642654419,1176.0,1184.0,0.7526328563690186,0.01,0.020925937220454216,0.5089369416236877,0.5083056688308716,0.5099999904632568,0.5083333253860474,1216.0,1224.0,0.5,0.5,0.6666666269302368,0.0,480.0,8.098528861999512,0.0,0.0,0.5,1.0,0.0,0.0,480.0
1,0.5531250238418579,0.5482257008552551,0.5248719453811646,908.0,912.0,0.7079113125801086,0.01,0.05214100703597069,0.5265735983848572,0.5259875059127808,0.5270833373069763,0.5249999761581421,1008.0,1012.0,0.5,0.503125011920929,0.5,240.0,240.0,7.951674938201904,0.0,0.5,0.5,0.5,0.5,240.0,240.0
2,0.5567708611488342,0.5798684358596802,0.5546593070030212,854.0,853.0,0.6902408003807068,0.01,0.11124776303768158,0.5556648373603821,0.5554976463317871,0.5552083253860474,0.5557291507720947,1067.0,1066.0,0.5,0.5018055438995361,0.5,240.0,240.0,3.0018818378448486,0.0,0.5,0.5,0.5,0.5,240.0,240.0
3,0.5989583134651184,0.6286619901657104,0.594940721988678,778.0,775.0,0.6702241897583008,0.01,0.19133122265338898,0.5956981778144836,0.595722496509552,0.5947916507720947,0.5963541865348816,1145.0,1142.0,0.5,0.5,0.5,240.0,240.0,8.460747718811035,0.0,0.5,0.5,0.5,0.5,240.0,240.0
4,0.6312500238418579,0.6720380187034607,0.6302835941314697,709.0,711.0,0.6654740571975708,0.0009999999,0.2604416012763977,0.6305753588676453,0.630072832107544,0.6307291388511658,0.629687488079071,1209.0,1211.0,0.5,0.5,0.5,240.0,240.0,7.293539524078369,0.0,0.5,0.5,0.5,0.5,240.0,240.0
5,0.6338541507720947,0.6771292090415955,0.6338487863540649,699.0,711.0,0.6458708047866821,0.0009999999,0.26566776633262634,0.6338494420051575,0.6319875717163086,0.635937511920929,0.629687488079071,1209.0,1221.0,0.5,0.5,0.5,240.0,240.0,5.163985729217529,0.0,0.5,0.5,0.5,0.5,240.0,240.0
