epoch,accuracy,auc,f1_score,fn,fp,loss,lr,mcc,npv,precision,recall,specificity,tn,tp,val_accuracy,val_auc,val_f1_score,val_fn,val_fp,val_loss,val_mcc,val_npv,val_precision,val_recall,val_specificity,val_tn,val_tp
0,0.5427083373069763,0.5435812473297119,0.5426642298698425,1116.0,1116.0,0.7252333760261536,0.01,0.08772290498018265,0.5437622666358948,0.5350000262260437,0.5350000262260437,0.543749988079071,1284.0,1284.0,0.5,0.5,0.5,240.0,240.0,15.65013599395752,0.0,0.5,0.5,0.5,0.5,240.0,240.0
1,0.6364583373069763,0.6790334582328796,0.6284199357032776,714.0,710.0,0.6512223482131958,0.01,0.2586544454097748,0.6292674541473389,0.6294363141059875,0.628125011920929,0.6302083134651184,1210.0,1206.0,0.5270833373069763,0.5723741054534912,0.5178355574607849,235.0,218.0,0.8664996027946472,0.05583477020263672,0.529749870300293,0.5291576385498047,0.5104166865348816,0.5458333492279053,262.0,245.0
2,0.6723958253860474,0.7185381650924683,0.6684703230857849,634.0,642.0,0.6212437748908997,0.01,0.33554765582084656,0.6682655811309814,0.6670124530792236,0.6697916388511658,0.6656249761581421,1278.0,1286.0,0.5,0.5,0.5,240.0,240.0,6.459245204925537,0.0,0.5,0.5,0.5,0.5,240.0,240.0
3,0.6723958253860474,0.7409983277320862,0.671765148639679,628.0,634.0,0.6025113463401794,0.01,0.3427724540233612,0.6720865368843079,0.6708203554153442,0.6729166507720947,0.6697916388511658,1286.0,1292.0,0.5,0.5,0.5,240.0,240.0,5.75844669342041,0.0,0.5,0.5,0.5,0.5,240.0,240.0
4,0.6989583373069763,0.7559823989868164,0.697345495223999,580.0,583.0,0.588830292224884,0.01,0.39430567622184753,0.6975042223930359,0.6968278884887695,0.6979166865348816,0.6963541507720947,1337.0,1340.0,0.5,0.5,0.5,240.0,240.0,4.469849586486816,0.0,0.5,0.5,0.5,0.5,240.0,240.0
5,0.7239583134651184,0.7924677729606628,0.723443865776062,531.0,531.0,0.5571903586387634,0.0009999999,0.4468841552734375,0.7234303951263428,0.723437488079071,0.723437488079071,0.723437488079071,1389.0,1389.0,0.5041666626930237,0.5587065815925598,0.5079602003097534,236.0,239.0,2.68355655670166,0.010167821310460567,0.502298891544342,0.5051760077476501,0.5083333253860474,0.5020833611488342,241.0,244.0
6,0.7479166388511658,0.8288893103599548,0.7478898763656616,484.0,484.0,0.5074484348297119,0.0009999999,0.495840460062027,0.7479726672172546,0.7479166388511658,0.7479166388511658,0.7479166388511658,1436.0,1436.0,0.5,0.5067708492279053,0.5,240.0,240.0,4.158038139343262,0.0,0.5,0.5,0.5,0.5,240.0,240.0
