epoch,accuracy,auc,f1_score,fn,fp,loss,lr,mcc,npv,precision,recall,specificity,tn,tp,val_accuracy,val_auc,val_f1_score,val_fn,val_fp,val_loss,val_mcc,val_npv,val_precision,val_recall,val_specificity,val_tn,val_tp
0,0.621874988079071,0.6048137545585632,0.6176891326904297,966.0,977.0,0.7045650482177734,0.01,0.2353879064321518,0.6193864345550537,0.5947739481925964,0.5975000262260437,0.6145833134651184,1423.0,1434.0,0.5,0.5,0.5,240.0,240.0,11.67913818359375,0.0,0.5,0.5,0.5,0.5,240.0,240.0
1,0.7130208611488342,0.7876725196838379,0.7116384506225586,550.0,558.0,0.5543704628944397,0.01,0.42327865958213806,0.7133292555809021,0.7105808854103088,0.7135416865348816,0.7093750238418579,1362.0,1370.0,0.5,0.5,0.5,240.0,240.0,4.844325065612793,0.0,0.5,0.5,0.5,0.5,240.0,240.0
2,0.7697916626930237,0.8362136483192444,0.7682661414146423,443.0,448.0,0.5004266500473022,0.01,0.5362863540649414,0.7688906192779541,0.7672727108001709,0.7692708373069763,0.7666666507720947,1472.0,1477.0,0.5,0.5421874523162842,0.5,240.0,240.0,2.866205930709839,0.0,0.5,0.5,0.5,0.5,240.0,240.0
3,0.7677083611488342,0.8587011694908142,0.7691420316696167,444.0,442.0,0.4676608741283417,0.01,0.5387781262397766,0.7690979242324829,0.7695516347885132,0.768750011920929,0.7697916626930237,1478.0,1476.0,0.5,0.568346381187439,0.5,240.0,240.0,2.0984227657318115,0.0,0.5,0.5,0.5,0.5,240.0,240.0
4,0.7802083492279053,0.871743381023407,0.7813048958778381,421.0,419.0,0.44606491923332214,0.0009999999,0.5626394748687744,0.7807032465934753,0.7815432548522949,0.7807291746139526,0.7817708253860474,1501.0,1499.0,0.5,0.6090016961097717,0.5,240.0,233.0,1.1536825895309448,0.013854917138814926,0.5131217241287231,0.5073995590209961,0.5,0.5145833492279053,247.0,240.0
5,0.8291666507720947,0.9134320616722107,0.8277243971824646,326.0,336.0,0.38291749358177185,0.0009999999,0.6555601954460144,0.8302446603775024,0.8259067535400391,0.8302083611488342,0.824999988079071,1584.0,1594.0,0.5,0.6114387512207031,0.5,240.0,240.0,1.7715486288070679,0.0,0.5,0.5,0.5,0.5,240.0,240.0
