epoch,accuracy,auc,f1_score,fn,fp,loss,lr,mcc,npv,precision,recall,specificity,tn,tp,val_accuracy,val_auc,val_f1_score,val_fn,val_fp,val_loss,val_mcc,val_npv,val_precision,val_recall,val_specificity,val_tn,val_tp
0,0.6427083611488342,0.6708780527114868,0.6285646557807922,879.0,880.0,0.6876145601272583,0.01,0.25762030482292175,0.6289371848106384,0.6334860324859619,0.6337500214576721,0.628125011920929,1520.0,1521.0,0.5,0.5,0.5,240.0,240.0,22.026744842529297,0.0,0.5,0.5,0.5,0.5,240.0,240.0
1,0.7057291865348816,0.7833911180496216,0.7050581574440002,569.0,559.0,0.5581212639808655,0.01,0.41273680329322815,0.7060607671737671,0.7073298692703247,0.7036458253860474,0.7088541388511658,1361.0,1351.0,0.5,0.5,0.5,240.0,240.0,10.332158088684082,0.0,0.5,0.5,0.5,0.5,240.0,240.0
2,0.7442708611488342,0.8283712863922119,0.7460252046585083,485.0,491.0,0.5065459609031677,0.01,0.4919775724411011,0.7471994757652283,0.7450674772262573,0.7473958134651184,0.7442708611488342,1429.0,1435.0,0.5,0.5,0.5,240.0,240.0,5.986036777496338,0.0,0.5,0.5,0.5,0.5,240.0,240.0
3,0.768750011920929,0.8510176539421082,0.7662467360496521,445.0,455.0,0.47693532705307007,0.01,0.5314414501190186,0.7670869827270508,0.7642487287521362,0.7682291865348816,0.7630208134651184,1465.0,1475.0,0.5,0.5020833015441895,0.5,240.0,240.0,3.1003687381744385,0.0,0.5,0.5,0.5,0.5,240.0,240.0
4,0.792187511920929,0.8748355507850647,0.7937915325164795,396.0,397.0,0.4434414803981781,0.0009999999,0.587149977684021,0.7932328581809998,0.793336808681488,0.793749988079071,0.7932291626930237,1523.0,1524.0,0.5,0.5976171493530273,0.5,240.0,240.0,2.439471960067749,0.0,0.5,0.5,0.5,0.5,240.0,240.0
5,0.8223958611488342,0.9027692675590515,0.8230828046798706,343.0,335.0,0.39844730496406555,0.0009999999,0.6470366716384888,0.8221611380577087,0.8247907757759094,0.8213541507720947,0.8255208134651184,1585.0,1577.0,0.5,0.6256705522537231,0.5,240.0,240.0,1.4500921964645386,0.0,0.5,0.5,0.5,0.5,240.0,240.0
