epoch,accuracy,auc,f1_score,fn,fp,loss,lr,mcc,npv,precision,recall,specificity,tn,tp,val_accuracy,val_auc,val_f1_score,val_fn,val_fp,val_loss,val_mcc,val_npv,val_precision,val_recall,val_specificity,val_tn,val_tp
0,0.6260416507720947,0.676457405090332,0.6264565587043762,880.0,890.0,0.6879986524581909,0.01,0.25473645329475403,0.6299165487289429,0.6307054162025452,0.6333333253860474,0.625,1510.0,1520.0,0.5,0.5,0.5,240.0,240.0,12.628902435302734,0.0,0.5,0.5,0.5,0.5,240.0,240.0
1,0.714062511920929,0.7814356684684753,0.7132041454315186,549.0,553.0,0.5603876709938049,0.01,0.42648231983184814,0.7138744592666626,0.7125779390335083,0.714062511920929,0.7119791507720947,1367.0,1371.0,0.5,0.5,0.5,240.0,240.0,10.92279052734375,0.0,0.5,0.5,0.5,0.5,240.0,240.0
2,0.7401041388511658,0.8164617419242859,0.743550717830658,493.0,491.0,0.5245882272720337,0.01,0.487797349691391,0.7437490820884705,0.7440041899681091,0.7432291507720947,0.7442708611488342,1429.0,1427.0,0.5,0.5,0.5,240.0,240.0,6.697501182556152,0.0,0.5,0.5,0.5,0.5,240.0,240.0
3,0.7604166865348816,0.8456931114196777,0.7634127736091614,451.0,460.0,0.4847271144390106,0.01,0.5258261561393738,0.7639704942703247,0.7615344524383545,0.7651041746139526,0.7604166865348816,1460.0,1469.0,0.5,0.5,0.5,240.0,240.0,4.2960205078125,0.0,0.5,0.5,0.5,0.5,240.0,240.0
4,0.7911458611488342,0.8720449805259705,0.7892195582389832,402.0,409.0,0.4477626085281372,0.0009999999,0.5778168439865112,0.7899205684661865,0.7877529859542847,0.7906249761581421,0.7869791388511658,1511.0,1518.0,0.5,0.6491427421569824,0.5,240.0,240.0,1.9573241472244263,0.0,0.5,0.5,0.5,0.5,240.0,240.0
5,0.8291666507720947,0.9070563912391663,0.8295512795448303,327.0,327.0,0.3876076638698578,0.0009999999,0.6596306562423706,0.8301336169242859,0.8296874761581421,0.8296874761581421,0.8296874761581421,1593.0,1593.0,0.5,0.6707313656806946,0.5,240.0,240.0,1.594195008277893,0.0,0.5,0.5,0.5,0.5,240.0,240.0
