epoch,accuracy,auc,f1_score,fn,fp,loss,lr,mcc,npv,precision,recall,specificity,tn,tp,val_accuracy,val_auc,val_f1_score,val_fn,val_fp,val_loss,val_mcc,val_npv,val_precision,val_recall,val_specificity,val_tn,val_tp
0,0.635937511920929,0.6152255535125732,0.6232626438140869,963.0,959.0,0.695225179195404,0.01,0.24945023655891418,0.6252937912940979,0.5997495651245117,0.5987499952316284,0.6255208253860474,1441.0,1437.0,0.5,0.5,0.5,240.0,240.0,8.949398040771484,0.0,0.5,0.5,0.5,0.5,240.0,240.0
1,0.6833333373069763,0.7560328245162964,0.68314528465271,615.0,595.0,0.5829046368598938,0.01,0.3701571524143219,0.6831737756729126,0.6868420839309692,0.6796875,0.6901041865348816,1325.0,1305.0,0.5,0.5,0.5,240.0,240.0,6.307396411895752,0.0,0.5,0.5,0.5,0.5,240.0,240.0
2,0.737500011920929,0.8120030760765076,0.7312763929367065,513.0,521.0,0.5252466201782227,0.01,0.46172913908958435,0.7318419814109802,0.7297717928886414,0.7328125238418579,0.7286458611488342,1399.0,1407.0,0.5,0.5,0.5,240.0,240.0,4.850057601928711,0.0,0.5,0.5,0.5,0.5,240.0,240.0
3,0.7692708373069763,0.8563485741615295,0.7662417888641357,453.0,443.0,0.46938952803611755,0.01,0.533522367477417,0.765015184879303,0.7680628299713135,0.7640625238418579,0.7692708373069763,1477.0,1467.0,0.5,0.5015624761581421,0.5,240.0,240.0,3.1637728214263916,0.0,0.5,0.5,0.5,0.5,240.0,240.0
4,0.8010416626930237,0.8778388500213623,0.8002955913543701,379.0,391.0,0.4386354982852936,0.0009999999,0.5992441177368164,0.8011516332626343,0.7976190447807312,0.8026041388511658,0.7963541746139526,1529.0,1541.0,0.5,0.6403363943099976,0.5,240.0,240.0,1.4256497621536255,0.0,0.5,0.5,0.5,0.5,240.0,240.0
5,0.8427083492279053,0.9194915294647217,0.8433307409286499,299.0,304.0,0.3689172565937042,0.0009999999,0.6860751509666443,0.8436534404754639,0.842077910900116,0.8442708253860474,0.8416666388511658,1616.0,1621.0,0.5,0.6498568058013916,0.5,240.0,240.0,1.4831217527389526,0.0,0.5,0.5,0.5,0.5,240.0,240.0
