epoch,accuracy,auc,f1_score,fn,fp,loss,lr,mcc,npv,precision,recall,specificity,tn,tp,val_accuracy,val_auc,val_f1_score,val_fn,val_fp,val_loss,val_mcc,val_npv,val_precision,val_recall,val_specificity,val_tn,val_tp
0,0.6338541507720947,0.6190675497055054,0.625689685344696,953.0,927.0,0.706761360168457,0.01,0.2597857117652893,0.625527024269104,0.6095197796821594,0.6029166579246521,0.6401041746139526,1473.0,1447.0,0.5,0.513098955154419,0.6666666269302368,0.0,480.0,4.301285266876221,0.0,0.0,0.5,1.0,0.0,0.0,480.0
1,0.7281249761581421,0.7931928038597107,0.7299045324325562,521.0,513.0,0.5512713193893433,0.01,0.46180978417396545,0.7303956151008606,0.7316945791244507,0.7286458611488342,0.7328125238418579,1407.0,1399.0,0.5,0.5970182418823242,0.5,240.0,240.0,1.5988624095916748,0.0,0.5,0.5,0.5,0.5,240.0,240.0
2,0.7588541507720947,0.8366978168487549,0.7607954740524292,461.0,457.0,0.49806538224220276,0.01,0.5220728516578674,0.7603021860122681,0.7614822387695312,0.7598958611488342,0.7619791626930237,1463.0,1459.0,0.5,0.5354166626930237,0.5,240.0,240.0,2.9233977794647217,0.0,0.5,0.5,0.5,0.5,240.0,240.0
3,0.778124988079071,0.8589473366737366,0.7774624228477478,425.0,430.0,0.4682108759880066,0.01,0.554916262626648,0.7785071730613708,0.7766233682632446,0.7786458134651184,0.7760416865348816,1490.0,1495.0,0.5,0.5821614265441895,0.5,240.0,240.0,2.1915056705474854,0.0,0.5,0.5,0.5,0.5,240.0,240.0
4,0.7630208134651184,0.8421687483787537,0.7623424530029297,456.0,456.0,0.49441540241241455,0.0009999999,0.5252169966697693,0.7629120349884033,0.762499988079071,0.762499988079071,0.762499988079071,1464.0,1464.0,0.5,0.5,0.5,240.0,240.0,3.5462586879730225,0.0,0.5,0.5,0.5,0.5,240.0,240.0
5,0.8104166388511658,0.8900202512741089,0.8101043701171875,363.0,366.0,0.4282726049423218,0.0009999999,0.6207227110862732,0.8112978339195251,0.8096724152565002,0.8109375238418579,0.809374988079071,1554.0,1557.0,0.5,0.581347644329071,0.5,240.0,240.0,2.615790843963623,0.0,0.5,0.5,0.5,0.5,240.0,240.0
