epoch,accuracy,auc,f1_score,fn,fp,loss,lr,mcc,npv,precision,recall,specificity,tn,tp,val_accuracy,val_auc,val_f1_score,val_fn,val_fp,val_loss,val_mcc,val_npv,val_precision,val_recall,val_specificity,val_tn,val_tp
0,0.6130208373069763,0.6893113851547241,0.6043285727500916,877.0,870.0,0.7042042016983032,0.01,0.21194082498550415,0.6052643060684204,0.6364396214485168,0.6345833539962769,0.6083333492279053,1530.0,1523.0,0.5,0.5,0.5,240.0,240.0,27.87821388244629,0.0,0.5,0.5,0.5,0.5,240.0,240.0
1,0.7067708373069763,0.7709007859230042,0.7062565684318542,569.0,553.0,0.5759000778198242,0.01,0.41607990860939026,0.7068042755126953,0.7095588445663452,0.7036458253860474,0.7119791507720947,1367.0,1351.0,0.5,0.5,0.5,240.0,240.0,7.052229881286621,0.0,0.5,0.5,0.5,0.5,240.0,240.0
2,0.745312511920929,0.8168742060661316,0.7443764209747314,490.0,492.0,0.5276352763175964,0.01,0.4889156222343445,0.7447753548622131,0.7440166473388672,0.7447916865348816,0.7437499761581421,1428.0,1430.0,0.5,0.5,0.5,240.0,240.0,4.7979559898376465,0.0,0.5,0.5,0.5,0.5,240.0,240.0
3,0.7713541388511658,0.8469570279121399,0.7700420022010803,440.0,444.0,0.4865340292453766,0.01,0.539786696434021,0.7704532146453857,0.7692307829856873,0.7708333134651184,0.768750011920929,1476.0,1480.0,0.5,0.5,0.5,240.0,240.0,4.090330600738525,0.0,0.5,0.5,0.5,0.5,240.0,240.0
4,0.7953125238418579,0.88060462474823,0.7976053357124329,388.0,390.0,0.43980857729911804,0.0009999999,0.5951256155967712,0.7977124452590942,0.7970863580703735,0.7979166507720947,0.796875,1530.0,1532.0,0.5,0.6323003172874451,0.5,240.0,240.0,2.300095319747925,0.0,0.5,0.5,0.5,0.5,240.0,240.0
5,0.8338541388511658,0.9109708666801453,0.8339959383010864,319.0,317.0,0.39015311002731323,0.0009999999,0.6689440608024597,0.834749162197113,0.8347236514091492,0.8338541388511658,0.8348958492279053,1603.0,1601.0,0.5,0.6615602970123291,0.5,240.0,240.0,1.552172064781189,0.0,0.5,0.5,0.5,0.5,240.0,240.0
