epoch,accuracy,auc,f1_score,fn,fp,loss,lr,mcc,npv,precision,recall,specificity,tn,tp,val_accuracy,val_auc,val_f1_score,val_fn,val_fp,val_loss,val_mcc,val_npv,val_precision,val_recall,val_specificity,val_tn,val_tp
0,0.6182291507720947,0.6551360487937927,0.6095093488693237,909.0,917.0,0.7104097008705139,0.01,0.22237221896648407,0.6134872436523438,0.6191860437393188,0.6212499737739563,0.6104166507720947,1483.0,1491.0,0.5,0.5,0.6666666269302368,0.0,480.0,6.559388637542725,0.0,0.0,0.5,1.0,0.0,0.0,480.0
1,0.6979166865348816,0.7605375051498413,0.6947427988052368,583.0,591.0,0.5857558846473694,0.01,0.38902390003204346,0.6955775618553162,0.6934647560119629,0.6963541507720947,0.692187488079071,1329.0,1337.0,0.5,0.5,0.5,240.0,240.0,4.928005695343018,0.0,0.5,0.5,0.5,0.5,240.0,240.0
2,0.7354166507720947,0.8020116686820984,0.7361791729927063,512.0,496.0,0.5410084128379822,0.01,0.475341260433197,0.7361206412315369,0.7394958138465881,0.7333333492279053,0.7416666746139526,1424.0,1408.0,0.5,0.5622222423553467,0.5,240.0,240.0,2.452855348587036,0.0,0.5,0.5,0.5,0.5,240.0,240.0
3,0.760937511920929,0.8367275595664978,0.7634090781211853,453.0,456.0,0.5023343563079834,0.01,0.5268202424049377,0.7639434933662415,0.7628704905509949,0.7640625238418579,0.762499988079071,1464.0,1467.0,0.5,0.6493033766746521,0.5,240.0,240.0,1.3160934448242188,0.0,0.5,0.5,0.5,0.5,240.0,240.0
4,0.785937488079071,0.8644868731498718,0.7837945222854614,412.0,419.0,0.46638602018356323,0.0009999999,0.5675262212753296,0.7852160334587097,0.7825635671615601,0.7854166626930237,0.7817708253860474,1501.0,1508.0,0.5,0.6542361378669739,0.5,240.0,240.0,1.5750199556350708,0.0,0.5,0.5,0.5,0.5,240.0,240.0
5,0.8203125,0.8976463079452515,0.8185214400291443,352.0,343.0,0.4142831861972809,0.0009999999,0.6383064389228821,0.8178178071975708,0.8205128312110901,0.8166666626930237,0.8213541507720947,1577.0,1568.0,0.5,0.6517144441604614,0.5,240.0,240.0,2.057068347930908,0.0,0.5,0.5,0.5,0.5,240.0,240.0
