epoch,accuracy,auc,f1_score,fn,fp,loss,lr,mcc,npv,precision,recall,specificity,tn,tp,val_accuracy,val_auc,val_f1_score,val_fn,val_fp,val_loss,val_mcc,val_npv,val_precision,val_recall,val_specificity,val_tn,val_tp
0,0.5776041746139526,0.6100283861160278,0.5726248621940613,1022.0,1008.0,0.7196933627128601,0.01,0.14326398074626923,0.5746209621429443,0.5775356292724609,0.5741666555404663,0.5645833611488342,1392.0,1378.0,0.5,0.5,0.6666666269302368,0.0,480.0,15.891948699951172,0.0,0.0,0.5,1.0,0.0,0.0,480.0
1,0.6343749761581421,0.6743208169937134,0.636845588684082,693.0,708.0,0.645521342754364,0.01,0.27085933089256287,0.6354801058769226,0.6341085433959961,0.6390625238418579,0.6312500238418579,1212.0,1227.0,0.5,0.5182291269302368,0.5,240.0,240.0,3.176833152770996,0.0,0.5,0.5,0.5,0.5,240.0,240.0
2,0.6567708253860474,0.7163941860198975,0.6522502899169922,673.0,654.0,0.6180263161659241,0.01,0.3091122806072235,0.6536938548088074,0.6559705138206482,0.6494791507720947,0.659375011920929,1266.0,1247.0,0.5,0.582949161529541,0.5,240.0,240.0,1.147347092628479,0.0,0.5,0.5,0.5,0.5,240.0,240.0
3,0.676562488079071,0.7446651458740234,0.6763331294059753,622.0,620.0,0.5934553146362305,0.01,0.3533058762550354,0.6764496564865112,0.6767466068267822,0.6760416626930237,0.6770833134651184,1300.0,1298.0,0.5,0.5981184840202332,0.5,240.0,240.0,1.6172749996185303,0.0,0.5,0.5,0.5,0.5,240.0,240.0
4,0.6937500238418579,0.7684838771820068,0.6935706734657288,594.0,576.0,0.5736345052719116,0.0009999999,0.3908100128173828,0.6941097378730774,0.6971608996391296,0.690625011920929,0.699999988079071,1344.0,1326.0,0.5,0.6143337488174438,0.5,240.0,240.0,1.0689748525619507,0.0,0.5,0.5,0.5,0.5,240.0,240.0
5,0.7151041626930237,0.7881354093551636,0.7150917053222656,547.0,546.0,0.5559300780296326,0.0009999999,0.43097755312919617,0.7157436013221741,0.7154768109321594,0.7151041626930237,0.715624988079071,1374.0,1373.0,0.5,0.6221224069595337,0.5,240.0,240.0,0.9143446087837219,0.0,0.5,0.5,0.5,0.5,240.0,240.0
