epoch,accuracy,auc,f1_score,fn,fp,loss,lr,mcc,npv,precision,recall,specificity,tn,tp,val_accuracy,val_auc,val_f1_score,val_fn,val_fp,val_loss,val_mcc,val_npv,val_precision,val_recall,val_specificity,val_tn,val_tp
0,0.5895833373069763,0.6106340289115906,0.5792040228843689,1011.0,996.0,0.7242360711097717,0.01,0.15848955512046814,0.5775578618049622,0.5823899507522583,0.5787500143051147,0.578125,1404.0,1389.0,0.5,0.5,0.5,240.0,240.0,160.89373779296875,0.0,0.5,0.5,0.5,0.5,240.0,240.0
1,0.6270833611488342,0.6656090021133423,0.6218937039375305,719.0,738.0,0.6602603197097778,0.01,0.24159005284309387,0.6225550174713135,0.6193914413452148,0.6255208253860474,0.6156250238418579,1182.0,1201.0,0.5,0.5,0.5,240.0,240.0,19.392526626586914,0.0,0.5,0.5,0.5,0.5,240.0,240.0
2,0.6489583253860474,0.6983138918876648,0.6451846957206726,687.0,668.0,0.6285350918769836,0.01,0.2945316433906555,0.646011471748352,0.64860600233078,0.6421874761581421,0.6520833373069763,1252.0,1233.0,0.5,0.5,0.5,240.0,240.0,8.744329452514648,0.0,0.5,0.5,0.5,0.5,240.0,240.0
3,0.6536458134651184,0.7182034254074097,0.6530689001083374,667.0,664.0,0.6113588213920593,0.01,0.3070244789123535,0.6531930565834045,0.6536254286766052,0.6526041626930237,0.6541666388511658,1256.0,1253.0,0.5,0.5,0.5,240.0,240.0,11.734827995300293,0.0,0.5,0.5,0.5,0.5,240.0,240.0
4,0.653124988079071,0.7144588828086853,0.6534721255302429,664.0,667.0,0.6213201880455017,0.0009999999,0.3069470524787903,0.6539775729179382,0.6531461477279663,0.6541666388511658,0.6526041626930237,1253.0,1256.0,0.5,0.5,0.5,240.0,240.0,5.277219772338867,0.0,0.5,0.5,0.5,0.5,240.0,240.0
5,0.6947916746139526,0.7728021144866943,0.6948410272598267,584.0,590.0,0.5684601664543152,0.0009999999,0.38876911997795105,0.694728434085846,0.693665623664856,0.6958333253860474,0.6927083134651184,1330.0,1336.0,0.5,0.5571115612983704,0.5,240.0,240.0,2.5562808513641357,0.0,0.5,0.5,0.5,0.5,240.0,240.0
