epoch,accuracy,auc,f1_score,fn,fp,loss,lr,mcc,npv,precision,recall,specificity,tn,tp,val_accuracy,val_auc,val_f1_score,val_fn,val_fp,val_loss,val_mcc,val_npv,val_precision,val_recall,val_specificity,val_tn,val_tp
0,0.5869791507720947,0.5677440166473389,0.5780910849571228,1044.0,1056.0,0.7274637222290039,0.01,0.156876802444458,0.5803029537200928,0.5621890425682068,0.5649999976158142,0.574999988079071,1344.0,1356.0,0.5,0.5,0.5,240.0,240.0,80.87512969970703,0.0,0.5,0.5,0.5,0.5,240.0,240.0
1,0.614062488079071,0.6465900540351868,0.5999980568885803,769.0,763.0,0.6673625707626343,0.01,0.20254682004451752,0.6008817553520203,0.6013584136962891,0.5994791388511658,0.6026041507720947,1157.0,1151.0,0.5,0.4954405426979065,0.5,240.0,240.0,2.4132955074310303,0.0,0.5,0.5,0.5,0.5,240.0,240.0
2,0.6505208611488342,0.7045261263847351,0.6515258550643921,655.0,698.0,0.6281211972236633,0.01,0.2959692180156708,0.6511710286140442,0.6444218158721924,0.6588541865348816,0.6364583373069763,1222.0,1265.0,0.5,0.5463042259216309,0.5,240.0,240.0,2.1368496417999268,0.0,0.5,0.5,0.5,0.5,240.0,240.0
3,0.6755208373069763,0.7239341735839844,0.6725546717643738,623.0,639.0,0.6129014492034912,0.01,0.3430406451225281,0.6731277704238892,0.6699380278587341,0.6755208373069763,0.667187511920929,1281.0,1297.0,0.5,0.5737196207046509,0.5,240.0,240.0,1.6318538188934326,0.0,0.5,0.5,0.5,0.5,240.0,240.0
4,0.6661458611488342,0.7295160293579102,0.6636136174201965,645.0,646.0,0.6050169467926025,0.0009999999,0.32790103554725647,0.6644036769866943,0.6637167930603027,0.6640625,0.6635416746139526,1274.0,1275.0,0.5,0.6051019430160522,0.5,240.0,240.0,1.2388782501220703,0.0,0.5,0.5,0.5,0.5,240.0,240.0
5,0.6869791746139526,0.7671787142753601,0.690765917301178,587.0,605.0,0.5725954174995422,0.0009999999,0.3794829249382019,0.6919906139373779,0.6878225207328796,0.6942708492279053,0.6848958134651184,1315.0,1333.0,0.5,0.6176583766937256,0.5,240.0,240.0,0.8451090455055237,0.0,0.5,0.5,0.5,0.5,240.0,240.0
