epoch,accuracy,auc,f1_score,fn,fp,loss,lr,mcc,npv,precision,recall,specificity,tn,tp,val_accuracy,val_auc,val_f1_score,val_fn,val_fp,val_loss,val_mcc,val_npv,val_precision,val_recall,val_specificity,val_tn,val_tp
0,0.6057291626930237,0.6269263625144958,0.5813730955123901,1004.0,956.0,0.7161696553230286,0.01,0.16994522511959076,0.5844248533248901,0.5935373902320862,0.5816666483879089,0.5901041626930237,1444.0,1396.0,0.5,0.5,0.0,480.0,0.0,150.1396942138672,0.0,0.5,0.0,0.0,1.0,480.0,0.0
1,0.6468750238418579,0.6852847337722778,0.6341590285301208,698.0,708.0,0.6466884613037109,0.01,0.26800477504730225,0.6356233358383179,0.6331606507301331,0.6364583373069763,0.6312500238418579,1212.0,1222.0,0.5,0.5206358432769775,0.5,240.0,240.0,3.1749091148376465,0.0,0.5,0.5,0.5,0.5,240.0,240.0
2,0.6661458611488342,0.7195667624473572,0.6673883199691772,626.0,662.0,0.6170780658721924,0.01,0.3295140564441681,0.6683169603347778,0.661554217338562,0.6739583611488342,0.6552083492279053,1258.0,1294.0,0.5,0.5,0.5,240.0,240.0,3.983571767807007,0.0,0.5,0.5,0.5,0.5,240.0,240.0
3,0.6645833253860474,0.7176905870437622,0.6610139608383179,655.0,642.0,0.6167811155319214,0.01,0.32473331689834595,0.6613252758979797,0.6633455753326416,0.6588541865348816,0.6656249761581421,1278.0,1265.0,0.5,0.5344618558883667,0.5,240.0,240.0,2.8424341678619385,0.0,0.5,0.5,0.5,0.5,240.0,240.0
4,0.6916666626930237,0.7636094689369202,0.6874648928642273,602.0,595.0,0.5770618319511414,0.0009999999,0.3767639398574829,0.6881269216537476,0.6889702081680298,0.6864583492279053,0.6901041865348816,1325.0,1318.0,0.5,0.5958940982818604,0.5,240.0,240.0,1.6172573566436768,0.0,0.5,0.5,0.5,0.5,240.0,240.0
5,0.7057291865348816,0.7846711277961731,0.7069301605224609,559.0,568.0,0.5570181012153625,0.0009999999,0.41325727105140686,0.7081131339073181,0.7055469155311584,0.7088541388511658,0.7041666507720947,1352.0,1361.0,0.5,0.6006032824516296,0.5041025876998901,238.0,240.0,0.9565515518188477,0.004103541374206543,0.5,0.5020747184753418,0.5041666626930237,0.5,240.0,242.0
