epoch,accuracy,auc,f1_score,fn,fp,loss,lr,mcc,npv,precision,recall,specificity,tn,tp,val_accuracy,val_auc,val_f1_score,val_fn,val_fp,val_loss,val_mcc,val_npv,val_precision,val_recall,val_specificity,val_tn,val_tp
0,0.565625011920929,0.5630878210067749,0.561451256275177,1080.0,1077.0,0.7380132675170898,0.01,0.12584975361824036,0.5623185038566589,0.5506883859634399,0.550000011920929,0.5640624761581421,1323.0,1320.0,0.5,0.5,0.6666666269302368,0.0,480.0,7.844846725463867,0.0,0.0,0.5,1.0,0.0,0.0,480.0
1,0.6312500238418579,0.6729187369346619,0.6220011115074158,731.0,709.0,0.6499640345573425,0.01,0.25054341554641724,0.6247396469116211,0.6264488697052002,0.6192708611488342,0.6307291388511658,1211.0,1189.0,0.5,0.5373567342758179,0.6200932264328003,134.0,304.0,1.4344309568405151,0.0677066519856453,0.49629631638526917,0.5323076844215393,0.7208333611488342,0.36666667461395264,176.0,346.0
2,0.6557291746139526,0.7129435539245605,0.6505368947982788,675.0,662.0,0.6203268766403198,0.01,0.3039371371269226,0.650929868221283,0.6528578996658325,0.6484375,0.6552083492279053,1258.0,1245.0,0.5,0.5,0.5,240.0,240.0,4.301338195800781,0.0,0.5,0.5,0.5,0.5,240.0,240.0
3,0.6645833253860474,0.732196569442749,0.6626304388046265,645.0,654.0,0.604042112827301,0.01,0.32364022731781006,0.6621736288070679,0.6609642505645752,0.6640625,0.659375011920929,1266.0,1275.0,0.5,0.6180251836776733,0.5,240.0,240.0,1.5513920783996582,0.0,0.5,0.5,0.5,0.5,240.0,240.0
4,0.6979166865348816,0.757774829864502,0.6975352168083191,563.0,613.0,0.5894736051559448,0.0009999999,0.38814637064933777,0.6994001269340515,0.6888324618339539,0.7067708373069763,0.6807291507720947,1307.0,1357.0,0.5,0.6010329723358154,0.5,240.0,240.0,2.2127673625946045,0.0,0.5,0.5,0.5,0.5,240.0,240.0
5,0.707812488079071,0.7799710035324097,0.7033026218414307,565.0,576.0,0.5624688267707825,0.0009999999,0.4061027765274048,0.7050201892852783,0.701708972454071,0.7057291865348816,0.699999988079071,1344.0,1355.0,0.5,0.6243359446525574,0.5,240.0,240.0,1.717128038406372,0.0,0.5,0.5,0.5,0.5,240.0,240.0
