epoch,accuracy,auc,f1_score,fn,fp,loss,lr,mcc,npv,precision,recall,specificity,tn,tp,val_accuracy,val_auc,val_f1_score,val_fn,val_fp,val_loss,val_mcc,val_npv,val_precision,val_recall,val_specificity,val_tn,val_tp
0,0.573437511920929,0.662196159362793,0.5694590210914612,931.0,938.0,0.7185870409011841,0.01,0.13890382647514343,0.5699983835220337,0.6103032827377319,0.6120833158493042,0.567187488079071,1462.0,1469.0,0.5,0.5,0.5,240.0,240.0,12.926583290100098,0.0,0.5,0.5,0.5,0.5,240.0,240.0
1,0.6192708611488342,0.6635406017303467,0.6191993355751038,732.0,724.0,0.6569808125495911,0.01,0.24233897030353546,0.6217177510261536,0.6213389039039612,0.6187499761581421,0.6229166388511658,1196.0,1188.0,0.5,0.4932291805744171,0.5,240.0,240.0,3.398791790008545,0.0,0.5,0.5,0.5,0.5,240.0,240.0
2,0.6505208611488342,0.707441508769989,0.650701105594635,675.0,664.0,0.6228967308998108,0.01,0.3028717041015625,0.6495193839073181,0.6521739363670349,0.6484375,0.6541666388511658,1256.0,1245.0,0.5,0.5239583253860474,0.5,240.0,240.0,2.603959083557129,0.0,0.5,0.5,0.5,0.5,240.0,240.0
3,0.667187511920929,0.7238506078720093,0.6701513528823853,630.0,639.0,0.6123482584953308,0.01,0.33947962522506714,0.6706754565238953,0.6687402725219727,0.671875,0.667187511920929,1281.0,1290.0,0.5,0.54645836353302,0.5,240.0,240.0,1.7712041139602661,0.0,0.5,0.5,0.5,0.5,240.0,240.0
4,0.7072916626930237,0.7764059901237488,0.7082502841949463,559.0,562.0,0.5694270730018616,0.0009999999,0.41640567779541016,0.7085555791854858,0.707748293876648,0.7088541388511658,0.7072916626930237,1358.0,1361.0,0.5,0.5882725715637207,0.5,240.0,240.0,1.313254714012146,0.0,0.5,0.5,0.5,0.5,240.0,240.0
5,0.731249988079071,0.797773540019989,0.7306872010231018,516.0,518.0,0.5494833588600159,0.0009999999,0.46163156628608704,0.7314099073410034,0.7304890751838684,0.731249988079071,0.7302083373069763,1402.0,1404.0,0.5,0.5929969549179077,0.5,240.0,240.0,0.8856565356254578,0.0,0.5,0.5,0.5,0.5,240.0,240.0
