epoch,accuracy,auc,f1_score,fn,fp,loss,lr,mcc,npv,precision,recall,specificity,tn,tp,val_accuracy,val_auc,val_f1_score,val_fn,val_fp,val_loss,val_mcc,val_npv,val_precision,val_recall,val_specificity,val_tn,val_tp
0,0.559374988079071,0.6035385131835938,0.5537473559379578,1044.0,1004.0,0.7451533675193787,0.01,0.11121917515993118,0.5549470782279968,0.5745762586593628,0.5649999976158142,0.5583333373069763,1396.0,1356.0,0.5,0.5152278542518616,0.5,240.0,240.0,2.8018133640289307,0.0,0.5,0.5,0.5,0.5,240.0,240.0
1,0.6057291626930237,0.661034107208252,0.6041629314422607,761.0,754.0,0.6503250598907471,0.01,0.2113139033317566,0.6055261492729187,0.6058546900749207,0.6036458611488342,0.6072916388511658,1166.0,1159.0,0.5,0.5062500238418579,0.5,240.0,240.0,3.4745278358459473,0.0,0.5,0.5,0.5,0.5,240.0,240.0
2,0.6557291746139526,0.7082231044769287,0.6557607054710388,656.0,668.0,0.6215001940727234,0.01,0.3107498586177826,0.6570327877998352,0.6542443037033081,0.6583333611488342,0.6520833373069763,1252.0,1264.0,0.5,0.5729297399520874,0.5,240.0,240.0,1.0863006114959717,0.0,0.5,0.5,0.5,0.5,240.0,240.0
3,0.6697916388511658,0.7287067770957947,0.664645254611969,649.0,633.0,0.6100587844848633,0.01,0.33264920115470886,0.6650447845458984,0.667542040348053,0.6619791388511658,0.6703125238418579,1287.0,1271.0,0.5,0.5661523342132568,0.5,240.0,240.0,1.9045666456222534,0.0,0.5,0.5,0.5,0.5,240.0,240.0
4,0.6942708492279053,0.7606731057167053,0.6923601627349854,592.0,588.0,0.5866459608078003,0.0009999999,0.38565200567245483,0.6923235654830933,0.6931106448173523,0.6916666626930237,0.6937500238418579,1332.0,1328.0,0.5,0.5906314849853516,0.5,240.0,240.0,1.396614670753479,0.0,0.5,0.5,0.5,0.5,240.0,240.0
5,0.714062511920929,0.7802450060844421,0.7099671959877014,558.0,555.0,0.5662401914596558,0.0009999999,0.4205949902534485,0.7098214626312256,0.7104851603507996,0.7093750238418579,0.7109375,1365.0,1362.0,0.5,0.597118079662323,0.5,240.0,240.0,0.956498384475708,0.0,0.5,0.5,0.5,0.5,240.0,240.0
