epoch,accuracy,auc,f1_score,fn,fp,loss,lr,mcc,npv,precision,recall,specificity,tn,tp,val_accuracy,val_auc,val_f1_score,val_fn,val_fp,val_loss,val_mcc,val_npv,val_precision,val_recall,val_specificity,val_tn,val_tp
0,0.6161458492279053,0.59858638048172,0.6067812442779541,994.0,994.0,0.6944541335105896,0.01,0.215379998087883,0.6073300242424011,0.5858333110809326,0.5858333110809326,0.6072916388511658,1406.0,1406.0,0.5,0.5,0.5,240.0,240.0,43.45777130126953,0.0,0.5,0.5,0.5,0.5,240.0,240.0
1,0.6484375,0.6931571364402771,0.6417496204376221,683.0,694.0,0.6339403986930847,0.01,0.2833314538002014,0.6435863971710205,0.6406007409095764,0.6442708373069763,0.6385416388511658,1226.0,1237.0,0.5,0.5,0.5,240.0,240.0,12.930254936218262,0.0,0.5,0.5,0.5,0.5,240.0,240.0
2,0.6708333492279053,0.7244545817375183,0.6697381138801575,633.0,636.0,0.6147511601448059,0.01,0.3394816219806671,0.6698442697525024,0.6692667603492737,0.6703125238418579,0.668749988079071,1284.0,1287.0,0.5,0.5,0.5,240.0,240.0,4.2559309005737305,0.0,0.5,0.5,0.5,0.5,240.0,240.0
3,0.6848958134651184,0.7507131695747375,0.6857177019119263,605.0,599.0,0.5884073972702026,0.01,0.37306585907936096,0.6863781213760376,0.6870428323745728,0.6848958134651184,0.6880208253860474,1321.0,1315.0,0.5,0.5427083373069763,0.5,240.0,240.0,2.6654558181762695,0.0,0.5,0.5,0.5,0.5,240.0,240.0
4,0.6927083134651184,0.7676116228103638,0.6931010484695435,589.0,590.0,0.5821335911750793,0.0009999999,0.38638341426849365,0.6930719614028931,0.6928682923316956,0.6932291388511658,0.6927083134651184,1330.0,1331.0,0.5,0.57470703125,0.5,240.0,240.0,2.059809923171997,0.0,0.5,0.5,0.5,0.5,240.0,240.0
5,0.7114583253860474,0.7829539775848389,0.7084592580795288,565.0,550.0,0.5636875629425049,0.0009999999,0.4195285141468048,0.7081527709960938,0.7112860679626465,0.7057291865348816,0.7135416865348816,1370.0,1355.0,0.5,0.5932639241218567,0.5,240.0,240.0,1.8273937702178955,0.0,0.5,0.5,0.5,0.5,240.0,240.0
