epoch,accuracy,auc,f1_score,fn,fp,loss,lr,mcc,npv,precision,recall,specificity,tn,tp,val_accuracy,val_auc,val_f1_score,val_fn,val_fp,val_loss,val_mcc,val_npv,val_precision,val_recall,val_specificity,val_tn,val_tp
0,0.6010416746139526,0.6724107265472412,0.6007118821144104,879.0,905.0,0.7314023971557617,0.01,0.19925729930400848,0.6025539040565491,0.6269579529762268,0.6337500214576721,0.5921875238418579,1495.0,1521.0,0.5,0.5,0.5,240.0,240.0,66.6836929321289,0.0,0.5,0.5,0.5,0.5,240.0,240.0
1,0.6385416388511658,0.6872103214263916,0.6342735290527344,706.0,691.0,0.6431788206100464,0.01,0.27292120456695557,0.6359674334526062,0.6372703313827515,0.6322916746139526,0.6401041746139526,1229.0,1214.0,0.5,0.5218988656997681,0.5,240.0,240.0,1.97318434715271,0.0,0.5,0.5,0.5,0.5,240.0,240.0
2,0.6640625,0.7215780019760132,0.6640709042549133,641.0,652.0,0.6134225130081177,0.01,0.3269560635089874,0.664604127407074,0.662351131439209,0.6661458611488342,0.6604166626930237,1268.0,1279.0,0.5,0.5,0.5,240.0,240.0,3.5491867065429688,0.0,0.5,0.5,0.5,0.5,240.0,240.0
3,0.6848958134651184,0.7425105571746826,0.6802952885627747,617.0,607.0,0.5970147848129272,0.01,0.3627430200576782,0.6805748343467712,0.6821989417076111,0.6786458492279053,0.6838541626930237,1313.0,1303.0,0.5,0.5,0.5,240.0,240.0,3.932931661605835,0.0,0.5,0.5,0.5,0.5,240.0,240.0
4,0.6869791746139526,0.750892698764801,0.6881687641143799,596.0,603.0,0.5907906889915466,0.0009999999,0.37586069107055664,0.6888301968574524,0.6870783567428589,0.6895833611488342,0.6859375238418579,1317.0,1324.0,0.5,0.6157682538032532,0.5,240.0,240.0,1.5611217021942139,0.0,0.5,0.5,0.5,0.5,240.0,240.0
5,0.721875011920929,0.7895453572273254,0.722672700881958,528.0,540.0,0.5567775964736938,0.0009999999,0.4440537691116333,0.723506510257721,0.7204968929290771,0.7250000238418579,0.71875,1380.0,1392.0,0.5,0.6301822066307068,0.5,240.0,240.0,0.8091813921928406,0.0,0.5,0.5,0.5,0.5,240.0,240.0
