epoch,accuracy,auc,f1_score,fn,fp,loss,lr,mcc,npv,precision,recall,specificity,tn,tp,val_accuracy,val_auc,val_f1_score,val_fn,val_fp,val_loss,val_mcc,val_npv,val_precision,val_recall,val_specificity,val_tn,val_tp
0,0.5927083492279053,0.5751845240592957,0.5814605951309204,1036.0,1055.0,0.7141897082328796,0.01,0.16145452857017517,0.5824724435806274,0.5638693571090698,0.5683333277702332,0.5755208134651184,1345.0,1364.0,0.5166666507720947,0.5,0.0,480.0,0.0,88.57594299316406,0.0,0.5,0.0,0.0,1.0,480.0,0.0
1,0.6489583253860474,0.6970807313919067,0.6424891948699951,682.0,692.0,0.6303397417068481,0.01,0.2849498391151428,0.6440468430519104,0.6414507627487183,0.6447916626930237,0.6395833492279053,1228.0,1238.0,0.5,0.5,0.5,240.0,240.0,8.894227981567383,0.0,0.5,0.5,0.5,0.5,240.0,240.0
2,0.6723958253860474,0.7333377003669739,0.6720197200775146,634.0,618.0,0.6047133207321167,0.01,0.3483034074306488,0.6735683679580688,0.6754201650619507,0.6697916388511658,0.6781250238418579,1302.0,1286.0,0.5,0.5233550071716309,0.5,240.0,240.0,3.1235411167144775,0.0,0.5,0.5,0.5,0.5,240.0,240.0
3,0.6869791746139526,0.7555700540542603,0.6853989958763123,599.0,614.0,0.5820459127426147,0.01,0.368552029132843,0.6855257749557495,0.6826873421669006,0.6880208253860474,0.6802083253860474,1306.0,1321.0,0.5,0.5304557085037231,0.5,240.0,240.0,2.660517930984497,0.0,0.5,0.5,0.5,0.5,240.0,240.0
4,0.714062511920929,0.7869094014167786,0.7141997814178467,547.0,552.0,0.5550776124000549,0.0009999999,0.4278548061847687,0.7143828272819519,0.713246762752533,0.7151041626930237,0.7124999761581421,1368.0,1373.0,0.5,0.5896462202072144,0.5,240.0,240.0,1.690740704536438,0.0,0.5,0.5,0.5,0.5,240.0,240.0
5,0.7317708134651184,0.8043567538261414,0.7307801842689514,517.0,516.0,0.5379859805107117,0.0009999999,0.4623367190361023,0.7312644124031067,0.7311099767684937,0.7307291626930237,0.731249988079071,1404.0,1403.0,0.5,0.5961567163467407,0.5,240.0,240.0,1.1628223657608032,0.0,0.5,0.5,0.5,0.5,240.0,240.0
