epoch,accuracy,auc,f1_score,fn,fp,loss,lr,mcc,npv,precision,recall,specificity,tn,tp,val_accuracy,val_auc,val_f1_score,val_fn,val_fp,val_loss,val_mcc,val_npv,val_precision,val_recall,val_specificity,val_tn,val_tp
0,0.5885416865348816,0.6370686888694763,0.5905621647834778,932.0,970.0,0.7251736521720886,0.01,0.1786770224571228,0.5903953909873962,0.6021329164505005,0.6116666793823242,0.5838541388511658,1430.0,1468.0,0.5,0.5,0.0,480.0,0.0,15.097623825073242,0.0,0.5,0.0,0.0,1.0,480.0,0.0
1,0.6348958611488342,0.6836113333702087,0.6346891522407532,691.0,720.0,0.6458168029785156,0.01,0.26577767729759216,0.6354973316192627,0.6305797696113586,0.6401041746139526,0.625,1200.0,1229.0,0.5,0.5,0.5,240.0,240.0,5.298572063446045,0.0,0.5,0.5,0.5,0.5,240.0,240.0
2,0.6541666388511658,0.709384560585022,0.6490556001663208,665.0,688.0,0.6212124228477478,0.01,0.29592499136924744,0.6508209109306335,0.6459084153175354,0.6536458134651184,0.6416666507720947,1232.0,1255.0,0.5,0.542187511920929,0.5,240.0,240.0,2.483691453933716,0.0,0.5,0.5,0.5,0.5,240.0,240.0
3,0.676562488079071,0.7413311004638672,0.6746436953544617,624.0,626.0,0.5955312848091125,0.01,0.3493247926235199,0.6747124791145325,0.6742976307868958,0.675000011920929,0.6739583611488342,1294.0,1296.0,0.5,0.5416319370269775,0.5,240.0,240.0,2.4854683876037598,0.0,0.5,0.5,0.5,0.5,240.0,240.0
4,0.690625011920929,0.761010468006134,0.6864245533943176,603.0,600.0,0.5774310827255249,0.0009999999,0.373892217874527,0.6866181492805481,0.6870109438896179,0.6859375238418579,0.6875,1320.0,1317.0,0.5,0.5772265791893005,0.5,240.0,240.0,1.9026072025299072,0.0,0.5,0.5,0.5,0.5,240.0,240.0
5,0.721875011920929,0.7872616648674011,0.7186868786811829,537.0,546.0,0.5565372109413147,0.0009999999,0.43626224994659424,0.7189733982086182,0.7169517874717712,0.7203124761581421,0.715624988079071,1374.0,1383.0,0.5,0.5921310186386108,0.5,240.0,240.0,1.1717585325241089,0.0,0.5,0.5,0.5,0.5,240.0,240.0
