epoch,accuracy,auc,f1_score,fn,fp,loss,lr,mcc,npv,precision,recall,specificity,tn,tp,val_accuracy,val_auc,val_f1_score,val_fn,val_fp,val_loss,val_mcc,val_npv,val_precision,val_recall,val_specificity,val_tn,val_tp
0,0.5817708373069763,0.6345533728599548,0.5765178799629211,971.0,953.0,0.7150566577911377,0.01,0.15792955458164215,0.5789696574211121,0.5999160408973694,0.5954166650772095,0.581250011920929,1447.0,1429.0,0.5,0.5,0.6666666269302368,0.0,480.0,123.10620880126953,0.0,0.0,0.5,1.0,0.0,0.0,480.0
1,0.6317708492279053,0.6799651384353638,0.6313357949256897,696.0,728.0,0.6455646753311157,0.01,0.2587054371833801,0.6329637169837952,0.6270492076873779,0.637499988079071,0.6208333373069763,1192.0,1224.0,0.5,0.533812940120697,0.5,240.0,240.0,2.2806036472320557,0.0,0.5,0.5,0.5,0.5,240.0,240.0
2,0.675000011920929,0.738825798034668,0.6768624782562256,622.0,617.0,0.5988657474517822,0.01,0.35496917366981506,0.6770459413528442,0.6778067946434021,0.6760416626930237,0.6786458492279053,1303.0,1298.0,0.5,0.5615906715393066,0.5,240.0,240.0,1.1467785835266113,0.0,0.5,0.5,0.5,0.5,240.0,240.0
3,0.6864583492279053,0.7511484026908875,0.6832917332649231,607.0,608.0,0.5889183282852173,0.01,0.3675290644168854,0.6845070719718933,0.683498203754425,0.6838541626930237,0.6833333373069763,1312.0,1313.0,0.5,0.5842208862304688,0.5,240.0,240.0,0.7305201292037964,0.0,0.5,0.5,0.5,0.5,240.0,240.0
4,0.7317708134651184,0.7911550402641296,0.7243017554283142,535.0,518.0,0.5544044971466064,0.0009999999,0.45184651017189026,0.7244028449058533,0.7277982234954834,0.7213541865348816,0.7302083373069763,1402.0,1385.0,0.5,0.577233076095581,0.5,240.0,240.0,0.8473888635635376,0.0,0.5,0.5,0.5,0.5,240.0,240.0
5,0.7432291507720947,0.8104535937309265,0.7393753528594971,503.0,497.0,0.5309462547302246,0.0009999999,0.4793948829174042,0.7385223507881165,0.7403343915939331,0.7380208373069763,0.7411458492279053,1423.0,1417.0,0.5,0.5666948556900024,0.4957330524921417,244.0,234.0,0.777649462223053,0.004103533457964659,0.5040404200553894,0.5021276473999023,0.49166667461395264,0.512499988079071,246.0,236.0
