epoch,accuracy,auc,f1_score,fn,fp,loss,lr,mcc,npv,precision,recall,specificity,tn,tp,val_accuracy,val_auc,val_f1_score,val_fn,val_fp,val_loss,val_mcc,val_npv,val_precision,val_recall,val_specificity,val_tn,val_tp
0,0.567187488079071,0.5594221353530884,0.5570451617240906,1087.0,1091.0,0.741970956325531,0.01,0.11588044464588165,0.5587864518165588,0.5461730360984802,0.54708331823349,0.5567708611488342,1309.0,1313.0,0.5,0.5,0.6666666269302368,0.0,480.0,64.53646850585938,0.0,0.0,0.5,1.0,0.0,0.0,480.0
1,0.6348958611488342,0.6776763200759888,0.6301820278167725,702.0,723.0,0.6439198851585388,0.01,0.2584640383720398,0.6317824125289917,0.6275116205215454,0.6343749761581421,0.6234375238418579,1197.0,1218.0,0.5,0.5,0.5,240.0,240.0,3.293113946914673,0.0,0.5,0.5,0.5,0.5,240.0,240.0
2,0.6468750238418579,0.7008578777313232,0.6484193801879883,677.0,669.0,0.623037576675415,0.01,0.2991725504398346,0.6494462490081787,0.6501045823097229,0.6473958492279053,0.651562511920929,1251.0,1243.0,0.5,0.5881162881851196,0.5,240.0,240.0,0.743794322013855,0.0,0.5,0.5,0.5,0.5,240.0,240.0
3,0.6598958373069763,0.7173475027084351,0.6585970520973206,654.0,658.0,0.6110695004463196,0.01,0.3169218599796295,0.6588021516799927,0.6580041646957397,0.659375011920929,0.6572916507720947,1262.0,1266.0,0.5,0.5724457502365112,0.5,240.0,240.0,1.1516884565353394,0.0,0.5,0.5,0.5,0.5,240.0,240.0
4,0.6786458492279053,0.7363173365592957,0.6782777309417725,615.0,621.0,0.6010341048240662,0.0009999999,0.35642483830451965,0.6793748736381531,0.677570104598999,0.6796875,0.676562488079071,1299.0,1305.0,0.5,0.5709852576255798,0.5,240.0,240.0,1.0185081958770752,0.0,0.5,0.5,0.5,0.5,240.0,240.0
5,0.6927083134651184,0.7659704685211182,0.694599986076355,582.0,593.0,0.5758329629898071,0.0009999999,0.38820523023605347,0.6957570910453796,0.6929052472114563,0.6968749761581421,0.6911458373069763,1327.0,1338.0,0.5,0.5823937058448792,0.5015695095062256,238.0,242.0,0.7297863364219666,9.187062823912129e-05,0.501075267791748,0.5,0.5041666626930237,0.4958333373069763,238.0,242.0
