epoch,accuracy,auc,f1_score,fn,fp,loss,lr,mcc,npv,precision,recall,specificity,tn,tp,val_accuracy,val_auc,val_f1_score,val_fn,val_fp,val_loss,val_mcc,val_npv,val_precision,val_recall,val_specificity,val_tn,val_tp
0,0.5927083492279053,0.5810883641242981,0.5933088660240173,1027.0,1005.0,0.7157994508743286,0.01,0.19237329065799713,0.5944182276725769,0.5773759484291077,0.5720833539962769,0.6015625,1395.0,1373.0,0.5,0.5,0.5,240.0,240.0,33.08777618408203,0.0,0.5,0.5,0.5,0.5,240.0,240.0
1,0.635937511920929,0.6944530010223389,0.6432767510414124,680.0,693.0,0.6363092660903931,0.01,0.2854239344596863,0.643963098526001,0.6414899230003357,0.6458333134651184,0.6390625238418579,1227.0,1240.0,0.5,0.5,0.5,240.0,240.0,13.08454418182373,0.0,0.5,0.5,0.5,0.5,240.0,240.0
2,0.6786458492279053,0.7366383671760559,0.678754448890686,617.0,615.0,0.6052798628807068,0.01,0.35873210430145264,0.6795219779014587,0.6793534755706787,0.6786458492279053,0.6796875,1305.0,1303.0,0.5,0.5,0.5,240.0,240.0,4.972523212432861,0.0,0.5,0.5,0.5,0.5,240.0,240.0
3,0.6994791626930237,0.7572843432426453,0.6981528997421265,578.0,580.0,0.585067093372345,0.01,0.39718514680862427,0.6996187567710876,0.6982309818267822,0.6989583373069763,0.6979166865348816,1340.0,1342.0,0.5,0.5,0.5,240.0,240.0,7.347046852111816,0.0,0.5,0.5,0.5,0.5,240.0,240.0
4,0.6802083253860474,0.7437965273857117,0.6796106100082397,615.0,614.0,0.6006879806518555,0.0009999999,0.36011987924575806,0.68035888671875,0.6800416707992554,0.6796875,0.6802083253860474,1306.0,1305.0,0.5,0.5,0.5,240.0,240.0,5.221501350402832,0.0,0.5,0.5,0.5,0.5,240.0,240.0
5,0.7265625,0.8001710176467896,0.7233238816261292,535.0,525.0,0.5451244711875916,0.0009999999,0.4480663537979126,0.7226735353469849,0.7251309156417847,0.7213541865348816,0.7265625,1395.0,1385.0,0.5,0.5,0.5,240.0,240.0,4.498483180999756,0.0,0.5,0.5,0.5,0.5,240.0,240.0
