epoch,accuracy,auc,f1_score,fn,fp,loss,lr,mcc,npv,precision,recall,specificity,tn,tp,val_accuracy,val_auc,val_f1_score,val_fn,val_fp,val_loss,val_mcc,val_npv,val_precision,val_recall,val_specificity,val_tn,val_tp
0,0.5963541865348816,0.5825135111808777,0.5845776796340942,1032.0,1050.0,0.6933165788650513,0.01,0.1662469208240509,0.5826931595802307,0.5657567977905273,0.5699999928474426,0.578125,1350.0,1368.0,0.512499988079071,0.5,0.0,480.0,0.0,10.721051216125488,0.0,0.5,0.0,0.0,1.0,480.0,0.0
1,0.6447916626930237,0.6926578879356384,0.6420671343803406,688.0,682.0,0.6319181323051453,0.01,0.28675761818885803,0.6438435316085815,0.6436781883239746,0.6416666507720947,0.6447916626930237,1238.0,1232.0,0.5,0.5200867652893066,0.5,240.0,240.0,1.6100634336471558,0.0,0.5,0.5,0.5,0.5,240.0,240.0
2,0.675000011920929,0.7305284142494202,0.6682895421981812,637.0,634.0,0.6072958707809448,0.01,0.3383094370365143,0.6696669459342957,0.6692749261856079,0.6682291626930237,0.6697916388511658,1286.0,1283.0,0.5,0.5372568964958191,0.5,240.0,240.0,1.8531568050384521,0.0,0.5,0.5,0.5,0.5,240.0,240.0
3,0.6838541626930237,0.741680383682251,0.6822226047515869,609.0,612.0,0.5971471667289734,0.01,0.3643089830875397,0.6824761629104614,0.6817472577095032,0.682812511920929,0.6812499761581421,1308.0,1311.0,0.5,0.6146766543388367,0.5,240.0,240.0,1.3305244445800781,0.0,0.5,0.5,0.5,0.5,240.0,240.0
4,0.7124999761581421,0.7794254422187805,0.7090340852737427,555.0,565.0,0.5647559762001038,0.0009999999,0.41689565777778625,0.7095763087272644,0.7072538733482361,0.7109375,0.7057291865348816,1355.0,1365.0,0.5,0.6187673807144165,0.5,240.0,240.0,0.9858375191688538,0.0,0.5,0.5,0.5,0.5,240.0,240.0
5,0.7223958373069763,0.7961617112159729,0.7226644158363342,531.0,535.0,0.547329306602478,0.0009999999,0.4450027048587799,0.7229668498039246,0.7219334840774536,0.723437488079071,0.7213541865348816,1385.0,1389.0,0.5,0.6231401562690735,0.5,240.0,240.0,1.1665291786193848,0.0,0.5,0.5,0.5,0.5,240.0,240.0
