epoch,accuracy,auc,f1_score,fn,fp,loss,lr,mcc,npv,precision,recall,specificity,tn,tp,val_accuracy,val_auc,val_f1_score,val_fn,val_fp,val_loss,val_mcc,val_npv,val_precision,val_recall,val_specificity,val_tn,val_tp
0,0.5744791626930237,0.6399034261703491,0.5659599304199219,981.0,957.0,0.7082111835479736,0.01,0.1403053253889084,0.5689386129379272,0.5972222089767456,0.5912500023841858,0.5760416388511658,1443.0,1419.0,0.5,0.5,0.5,240.0,240.0,200.40948486328125,0.0,0.5,0.5,0.5,0.5,240.0,240.0
1,0.6213541626930237,0.6649914979934692,0.6252832412719727,719.0,721.0,0.6505053639411926,0.01,0.25028547644615173,0.6247285604476929,0.6248699426651001,0.6255208253860474,0.6244791746139526,1199.0,1201.0,0.5,0.5,0.5,240.0,240.0,18.910625457763672,0.0,0.5,0.5,0.5,0.5,240.0,240.0
2,0.6447916626930237,0.688452959060669,0.6378427147865295,700.0,682.0,0.6339696049690247,0.01,0.2805343568325043,0.6397521495819092,0.6414300799369812,0.6354166865348816,0.6447916626930237,1238.0,1220.0,0.5,0.5,0.5,240.0,240.0,3.542792558670044,0.0,0.5,0.5,0.5,0.5,240.0,240.0
3,0.6567708253860474,0.7091127634048462,0.6543903350830078,658.0,674.0,0.6201339960098267,0.01,0.3065008223056793,0.6547696590423584,0.6518595218658447,0.6572916507720947,0.6489583253860474,1246.0,1262.0,0.5,0.5652517676353455,0.5,240.0,240.0,1.8701876401901245,0.0,0.5,0.5,0.5,0.5,240.0,240.0
4,0.6640625,0.7286199331283569,0.6631473302841187,649.0,642.0,0.6071308851242065,0.0009999999,0.3278723359107971,0.6633018255233765,0.6644014716148376,0.6619791388511658,0.6656249761581421,1278.0,1271.0,0.5,0.6161501407623291,0.5,240.0,240.0,1.1148980855941772,0.0,0.5,0.5,0.5,0.5,240.0,240.0
5,0.6859375238418579,0.7534386515617371,0.6871236562728882,606.0,591.0,0.5879801511764526,0.0009999999,0.37677624821662903,0.6867406368255615,0.6897637844085693,0.684374988079071,0.692187488079071,1329.0,1314.0,0.5,0.6078754663467407,0.5,240.0,240.0,1.4515628814697266,0.0,0.5,0.5,0.5,0.5,240.0,240.0
