epoch,accuracy,auc,f1_score,fn,fp,loss,lr,mcc,npv,precision,recall,specificity,tn,tp,val_accuracy,val_auc,val_f1_score,val_fn,val_fp,val_loss,val_mcc,val_npv,val_precision,val_recall,val_specificity,val_tn,val_tp
0,0.5911458134651184,0.6160321831703186,0.5891525149345398,999.0,975.0,0.6965054869651794,0.01,0.18424631655216217,0.5916039347648621,0.5896464586257935,0.5837500095367432,0.596875011920929,1425.0,1401.0,0.5,0.5,0.5,240.0,240.0,6.806233882904053,0.0,0.5,0.5,0.5,0.5,240.0,240.0
1,0.6354166865348816,0.6765061616897583,0.6329289078712463,708.0,699.0,0.6445150375366211,0.01,0.26761704683303833,0.632269561290741,0.6342229247093201,0.6312500238418579,0.635937511920929,1221.0,1212.0,0.5,0.5159158110618591,0.5,240.0,240.0,3.0291264057159424,0.0,0.5,0.5,0.5,0.5,240.0,240.0
2,0.6442708373069763,0.6890541911125183,0.639859139919281,698.0,672.0,0.6345084309577942,0.01,0.28673824667930603,0.6430065631866455,0.6451953649520874,0.6364583373069763,0.6499999761581421,1248.0,1222.0,0.5,0.5,0.5,240.0,240.0,6.578423976898193,0.0,0.5,0.5,0.5,0.5,240.0,240.0
3,0.6677083373069763,0.7338277697563171,0.6702922582626343,636.0,627.0,0.6004462838172913,0.01,0.3423626124858856,0.6703302264213562,0.6718995571136475,0.668749988079071,0.6734374761581421,1293.0,1284.0,0.5,0.56591796875,0.5,240.0,240.0,1.6261560916900635,0.0,0.5,0.5,0.5,0.5,240.0,240.0
4,0.6953125,0.7564841508865356,0.6878760457038879,607.0,582.0,0.5842545032501221,0.0009999999,0.38105538487434387,0.6888471841812134,0.6928759813308716,0.6838541626930237,0.6968749761581421,1338.0,1313.0,0.5,0.5281835794448853,0.5,240.0,240.0,2.700749635696411,0.0,0.5,0.5,0.5,0.5,240.0,240.0
5,0.7083333134651184,0.7835375666618347,0.7086252570152283,558.0,561.0,0.5608357787132263,0.0009999999,0.4173727333545685,0.7093402147293091,0.7082683444023132,0.7093750238418579,0.707812488079071,1359.0,1362.0,0.5,0.5761631727218628,0.5,240.0,240.0,1.9588114023208618,0.0,0.5,0.5,0.5,0.5,240.0,240.0
