epoch,accuracy,auc,f1_score,fn,fp,loss,lr,mcc,npv,precision,recall,specificity,tn,tp,val_accuracy,val_auc,val_f1_score,val_fn,val_fp,val_loss,val_mcc,val_npv,val_precision,val_recall,val_specificity,val_tn,val_tp
0,0.6182291507720947,0.592000424861908,0.604829728603363,993.0,1007.0,0.6886292695999146,0.01,0.20865467190742493,0.6060670018196106,0.5828500390052795,0.5862500071525574,0.6005208492279053,1393.0,1407.0,0.5,0.5,0.5,240.0,240.0,14.509705543518066,0.0,0.5,0.5,0.5,0.5,240.0,240.0
1,0.660937488079071,0.7090058326721191,0.6519092917442322,670.0,663.0,0.6208402514457703,0.01,0.30607205629348755,0.6528751254081726,0.6534239649772644,0.6510416865348816,0.6546875238418579,1257.0,1250.0,0.5,0.5338541865348816,0.5,240.0,240.0,2.1360409259796143,0.0,0.5,0.5,0.5,0.5,240.0,240.0
2,0.6786458492279053,0.7317425012588501,0.6799371838569641,614.0,615.0,0.6044279932975769,0.01,0.3601215183734894,0.6802647709846497,0.6798542141914368,0.6802083253860474,0.6796875,1305.0,1306.0,0.5,0.5634982585906982,0.5,240.0,240.0,1.0957595109939575,0.0,0.5,0.5,0.5,0.5,240.0,240.0
3,0.6760416626930237,0.7402474284172058,0.6762040257453918,623.0,621.0,0.5955532789230347,0.01,0.3522930443286896,0.6752085089683533,0.6762252449989319,0.6755208373069763,0.676562488079071,1299.0,1297.0,0.5,0.5567295551300049,0.5,240.0,240.0,1.4578701257705688,0.0,0.5,0.5,0.5,0.5,240.0,240.0
4,0.699999988079071,0.7720516920089722,0.7009206414222717,575.0,572.0,0.5684128999710083,0.0009999999,0.4028170704841614,0.701323390007019,0.7016171216964722,0.7005208134651184,0.7020833492279053,1348.0,1345.0,0.5,0.5683789253234863,0.5,240.0,240.0,1.4051121473312378,0.0,0.5,0.5,0.5,0.5,240.0,240.0
5,0.7244791388511658,0.8014219403266907,0.7229111194610596,538.0,522.0,0.5389559864997864,0.0009999999,0.44816428422927856,0.7219908237457275,0.7258403301239014,0.7197916507720947,0.7281249761581421,1398.0,1382.0,0.5,0.5763064026832581,0.5,240.0,240.0,0.8881632089614868,0.0,0.5,0.5,0.5,0.5,240.0,240.0
