epoch,accuracy,auc,f1_score,fn,fp,loss,lr,mcc,npv,precision,recall,specificity,tn,tp,val_accuracy,val_auc,val_f1_score,val_fn,val_fp,val_loss,val_mcc,val_npv,val_precision,val_recall,val_specificity,val_tn,val_tp
0,0.5869791507720947,0.5757296681404114,0.5870547890663147,1034.0,1030.0,0.7256047129631042,0.01,0.1754838526248932,0.5857623219490051,0.5701168775558472,0.5691666603088379,0.5885416865348816,1370.0,1366.0,0.5,0.5,0.5,240.0,240.0,73.24296569824219,0.0,0.5,0.5,0.5,0.5,240.0,240.0
1,0.6421874761581421,0.6849647760391235,0.6385918259620667,699.0,683.0,0.6400358080863953,0.01,0.2809268534183502,0.6387680172920227,0.6412814855575562,0.635937511920929,0.6442708373069763,1237.0,1221.0,0.5,0.5,0.5,240.0,240.0,11.448136329650879,0.0,0.5,0.5,0.5,0.5,240.0,240.0
2,0.65625,0.706928551197052,0.6555281281471252,665.0,655.0,0.6221519112586975,0.01,0.312798410654068,0.655038595199585,0.6570680737495422,0.6536458134651184,0.6588541865348816,1265.0,1255.0,0.5,0.5,0.5,240.0,240.0,2.7592718601226807,0.0,0.5,0.5,0.5,0.5,240.0,240.0
3,0.667187511920929,0.7315459847450256,0.6697286367416382,634.0,634.0,0.6046801805496216,0.01,0.33990830183029175,0.6699296236038208,0.6697916388511658,0.6697916388511658,0.6697916388511658,1286.0,1286.0,0.5,0.5752018690109253,0.5,240.0,240.0,0.9105269908905029,0.0,0.5,0.5,0.5,0.5,240.0,240.0
4,0.6848958134651184,0.7538670897483826,0.6840049624443054,607.0,604.0,0.5891087651252747,0.0009999999,0.36970388889312744,0.685232937335968,0.6849243640899658,0.6838541626930237,0.6854166388511658,1316.0,1313.0,0.5,0.5907118320465088,0.5270594954490662,220.0,252.0,0.7016986012458801,0.015717657282948494,0.501075267791748,0.5078125,0.5416666865348816,0.4749999940395355,228.0,260.0
5,0.6968749761581421,0.7758803963661194,0.6959826946258545,584.0,581.0,0.5647012591362,0.0009999999,0.3934752345085144,0.697134256362915,0.6969223022460938,0.6958333253860474,0.6973958611488342,1339.0,1336.0,0.5,0.5929383635520935,0.5,240.0,240.0,0.7864335179328918,0.0,0.5,0.5,0.5,0.5,240.0,240.0
