epoch,accuracy,auc,f1_score,fn,fp,loss,lr,mcc,npv,precision,recall,specificity,tn,tp,val_accuracy,val_auc,val_f1_score,val_fn,val_fp,val_loss,val_mcc,val_npv,val_precision,val_recall,val_specificity,val_tn,val_tp
0,0.567187488079071,0.5682520866394043,0.5669702291488647,1068.0,1070.0,0.7428076267242432,0.01,0.1368710845708847,0.5693768262863159,0.5545378923416138,0.5550000071525574,0.5677083134651184,1330.0,1332.0,0.5,0.5,0.5,240.0,240.0,42.74208068847656,0.0,0.5,0.5,0.5,0.5,240.0,240.0
1,0.6234375238418579,0.6698203086853027,0.6227656602859497,719.0,734.0,0.6483136415481567,0.01,0.24365739524364471,0.6230249404907227,0.620671808719635,0.6255208253860474,0.6177083253860474,1186.0,1201.0,0.5,0.5278884172439575,0.5,240.0,240.0,1.7084884643554688,0.0,0.5,0.5,0.5,0.5,240.0,240.0
2,0.6380208134651184,0.6901067495346069,0.64113450050354,689.0,688.0,0.6309335231781006,0.01,0.2830958962440491,0.6416396498680115,0.6414799094200134,0.6411458253860474,0.6416666507720947,1232.0,1231.0,0.5,0.5356835722923279,0.5,240.0,240.0,1.218971848487854,0.0,0.5,0.5,0.5,0.5,240.0,240.0
3,0.6619791388511658,0.722721517086029,0.6602327227592468,658.0,640.0,0.6094721555709839,0.01,0.32417964935302734,0.6607105731964111,0.663512110710144,0.6572916507720947,0.6666666865348816,1280.0,1262.0,0.5,0.5953385829925537,0.5,240.0,240.0,1.6200871467590332,0.0,0.5,0.5,0.5,0.5,240.0,240.0
4,0.6979166865348816,0.763914942741394,0.693338930606842,590.0,586.0,0.5802713632583618,0.0009999999,0.3878334164619446,0.6936036348342896,0.6941545009613037,0.6927083134651184,0.6947916746139526,1334.0,1330.0,0.5,0.6002256870269775,0.5,240.0,240.0,1.3988537788391113,0.0,0.5,0.5,0.5,0.5,240.0,240.0
5,0.7088541388511658,0.7768256068229675,0.7057838439941406,563.0,568.0,0.5674439072608948,0.0009999999,0.4112587571144104,0.7062583565711975,0.7049350738525391,0.7067708373069763,0.7041666507720947,1352.0,1357.0,0.5,0.6055164337158203,0.5,240.0,240.0,1.0453107357025146,0.0,0.5,0.5,0.5,0.5,240.0,240.0
