epoch,accuracy,auc,f1_score,fn,fp,loss,lr,mcc,npv,precision,recall,specificity,tn,tp,val_accuracy,val_auc,val_f1_score,val_fn,val_fp,val_loss,val_mcc,val_npv,val_precision,val_recall,val_specificity,val_tn,val_tp
0,0.5885416865348816,0.6655673384666443,0.5814175009727478,921.0,935.0,0.6980803608894348,0.01,0.16238489747047424,0.5826393961906433,0.6126760840415955,0.6162499785423279,0.5776041746139526,1465.0,1479.0,0.5,0.5,0.6666666269302368,0.0,480.0,6.191527366638184,0.0,0.0,0.5,1.0,0.0,0.0,480.0
1,0.645312488079071,0.7024158835411072,0.6423921585083008,679.0,702.0,0.6209309101104736,0.01,0.28118568658828735,0.6420997977256775,0.6387030482292175,0.6463541388511658,0.6343749761581421,1218.0,1241.0,0.5,0.5227105021476746,0.6666666269302368,0.0,480.0,1.4446195363998413,0.0,0.0,0.5,1.0,0.0,0.0,480.0
2,0.6770833134651184,0.7386959791183472,0.6722298860549927,635.0,619.0,0.5966576337814331,0.01,0.34721559286117554,0.6716517210006714,0.6748949289321899,0.6692708134651184,0.6776041388511658,1301.0,1285.0,0.5,0.5509092807769775,0.5,240.0,240.0,1.2713253498077393,0.0,0.5,0.5,0.5,0.5,240.0,240.0
3,0.6812499761581421,0.7532126903533936,0.6850797533988953,604.0,605.0,0.5890704989433289,0.01,0.3706359565258026,0.6856318712234497,0.6850598454475403,0.6854166388511658,0.6848958134651184,1315.0,1316.0,0.5,0.5,0.5,240.0,240.0,3.131197452545166,0.0,0.5,0.5,0.5,0.5,240.0,240.0
4,0.6994791626930237,0.7713618278503418,0.6987246870994568,580.0,574.0,0.5697571039199829,0.0009999999,0.39913269877433777,0.6994255781173706,0.7001044750213623,0.6979166865348816,0.7010416388511658,1346.0,1340.0,0.5,0.5951758027076721,0.5,240.0,240.0,1.1227461099624634,0.0,0.5,0.5,0.5,0.5,240.0,240.0
5,0.7260416746139526,0.8009140491485596,0.7243748903274536,526.0,534.0,0.5392938256263733,0.0009999999,0.4480878710746765,0.72527015209198,0.7230290174484253,0.7260416746139526,0.721875011920929,1386.0,1394.0,0.5,0.5926106572151184,0.5,240.0,240.0,0.8369884490966797,0.0,0.5,0.5,0.5,0.5,240.0,240.0
