epoch,accuracy,auc,f1_score,fn,fp,loss,lr,mcc,npv,precision,recall,specificity,tn,tp,val_accuracy,val_auc,val_f1_score,val_fn,val_fp,val_loss,val_mcc,val_npv,val_precision,val_recall,val_specificity,val_tn,val_tp
0,0.5427083373069763,0.533538281917572,0.527685821056366,1155.0,1118.0,0.7365731596946716,0.01,0.06643662601709366,0.5312585830688477,0.5268726348876953,0.518750011920929,0.5427083373069763,1282.0,1245.0,0.5,0.5,0.0,480.0,0.0,11.863346099853516,0.0,0.5,0.0,0.0,1.0,480.0,0.0
1,0.6171875,0.6521355509757996,0.6159713864326477,734.0,743.0,0.656684160232544,0.01,0.23097525537014008,0.6160630583763123,0.6148263216018677,0.6177083253860474,0.6130208373069763,1177.0,1186.0,0.5,0.5,0.5,240.0,240.0,3.5521109104156494,0.0,0.5,0.5,0.5,0.5,240.0,240.0
2,0.643750011920929,0.6843616366386414,0.6450132131576538,672.0,702.0,0.6356914043426514,0.01,0.28483209013938904,0.6442437767982483,0.6399999856948853,0.6499999761581421,0.6343749761581421,1218.0,1248.0,0.5,0.5,0.5,240.0,240.0,4.048739910125732,0.0,0.5,0.5,0.5,0.5,240.0,240.0
3,0.6536458134651184,0.699769139289856,0.6486318707466125,674.0,674.0,0.6267045140266418,0.01,0.2981089651584625,0.6495778560638428,0.6489583253860474,0.6489583253860474,0.6489583253860474,1246.0,1246.0,0.5,0.5,0.5,240.0,240.0,3.376697063446045,0.0,0.5,0.5,0.5,0.5,240.0,240.0
4,0.676562488079071,0.7345448732376099,0.6786195039749146,615.0,619.0,0.6077982783317566,0.0009999999,0.35769227147102356,0.6797568798065186,0.6782744526863098,0.6796875,0.6776041388511658,1301.0,1305.0,0.5,0.5860763192176819,0.5,240.0,240.0,1.7009884119033813,0.0,0.5,0.5,0.5,0.5,240.0,240.0
5,0.6848958134651184,0.7394577264785767,0.6843993663787842,609.0,600.0,0.5991880297660828,0.0009999999,0.37048545479774475,0.684309720993042,0.686028242111206,0.682812511920929,0.6875,1320.0,1311.0,0.5,0.6045290231704712,0.5,240.0,240.0,0.8715318441390991,0.0,0.5,0.5,0.5,0.5,240.0,240.0
