epoch,accuracy,auc,f1_score,fn,fp,loss,lr,mcc,npv,precision,recall,specificity,tn,tp,val_accuracy,val_auc,val_f1_score,val_fn,val_fp,val_loss,val_mcc,val_npv,val_precision,val_recall,val_specificity,val_tn,val_tp
0,0.5802083611488342,0.5768174529075623,0.5776912569999695,1052.0,1044.0,0.7066883444786072,0.01,0.15859957039356232,0.5788988471031189,0.5635451674461365,0.5616666674613953,0.581250011920929,1356.0,1348.0,0.5,0.5,0.5,240.0,240.0,169.1661834716797,0.0,0.5,0.5,0.5,0.5,240.0,240.0
1,0.6447916626930237,0.6848431825637817,0.6397765278816223,685.0,703.0,0.6374262571334839,0.01,0.2776922583580017,0.6405323147773743,0.6372548937797546,0.6432291865348816,0.6338541507720947,1217.0,1235.0,0.5,0.5439713597297668,0.5,240.0,240.0,1.419065237045288,0.0,0.5,0.5,0.5,0.5,240.0,240.0
2,0.6526041626930237,0.7099654078483582,0.6547636389732361,662.0,662.0,0.6221070885658264,0.01,0.3106870949268341,0.6560705900192261,0.6552083492279053,0.6552083492279053,0.6552083492279053,1258.0,1258.0,0.5,0.5869444608688354,0.5,240.0,240.0,1.015690565109253,0.0,0.5,0.5,0.5,0.5,240.0,240.0
3,0.6812499761581421,0.7370612621307373,0.6775894165039062,617.0,621.0,0.6003855466842651,0.01,0.35551002621650696,0.6787035465240479,0.677234947681427,0.6786458492279053,0.676562488079071,1299.0,1303.0,0.5,0.5624761581420898,0.5,240.0,240.0,2.089293956756592,0.0,0.5,0.5,0.5,0.5,240.0,240.0
4,0.6656249761581421,0.7426595687866211,0.6659098267555237,643.0,638.0,0.5927450060844421,0.0009999999,0.3330523371696472,0.66608065366745,0.6668407320976257,0.6651041507720947,0.6677083373069763,1282.0,1277.0,0.5,0.5686067342758179,0.5,240.0,240.0,1.9268418550491333,0.0,0.5,0.5,0.5,0.5,240.0,240.0
5,0.7072916626930237,0.7841071486473083,0.7091618776321411,558.0,559.0,0.5553644299507141,0.0009999999,0.41847631335258484,0.709337055683136,0.7090057134628296,0.7093750238418579,0.7088541388511658,1361.0,1362.0,0.5,0.5815733671188354,0.5,240.0,240.0,1.76401686668396,0.0,0.5,0.5,0.5,0.5,240.0,240.0
