epoch,accuracy,auc,f1_score,fn,fp,loss,lr,mcc,npv,precision,recall,specificity,tn,tp,val_accuracy,val_auc,val_f1_score,val_fn,val_fp,val_loss,val_mcc,val_npv,val_precision,val_recall,val_specificity,val_tn,val_tp
0,0.5874999761581421,0.5697563290596008,0.5754098892211914,1068.0,1024.0,0.7151411771774292,0.01,0.16103631258010864,0.5775077939033508,0.5653650164604187,0.5550000071525574,0.5916666388511658,1376.0,1332.0,0.5,0.5,0.5,240.0,240.0,28.561336517333984,0.0,0.5,0.5,0.5,0.5,240.0,240.0
1,0.6463541388511658,0.6903699040412903,0.6417256593704224,696.0,669.0,0.6340473294258118,0.01,0.28939783573150635,0.6429011821746826,0.6465927362442017,0.637499988079071,0.651562511920929,1251.0,1224.0,0.5,0.5,0.5,240.0,240.0,5.061758041381836,0.0,0.5,0.5,0.5,0.5,240.0,240.0
2,0.651562511920929,0.71051025390625,0.6494243741035461,668.0,683.0,0.6206759214401245,0.01,0.29663434624671936,0.6495369076728821,0.6470284461975098,0.6520833373069763,0.6442708373069763,1237.0,1252.0,0.5,0.5,0.5,240.0,240.0,4.533590793609619,0.0,0.5,0.5,0.5,0.5,240.0,240.0
3,0.6791666746139526,0.7460297346115112,0.6797677874565125,611.0,622.0,0.5930823683738708,0.01,0.3580370247364044,0.6800766587257385,0.6778870820999146,0.6817708611488342,0.6760416626930237,1298.0,1309.0,0.5,0.5,0.5,240.0,240.0,2.950392007827759,0.0,0.5,0.5,0.5,0.5,240.0,240.0
4,0.6968749761581421,0.7552827000617981,0.6989718079566956,574.0,586.0,0.5851048231124878,0.0009999999,0.3959667980670929,0.6989468336105347,0.6966874003410339,0.7010416388511658,0.6947916746139526,1334.0,1346.0,0.5,0.5,0.5,240.0,240.0,3.4231834411621094,0.0,0.5,0.5,0.5,0.5,240.0,240.0
5,0.721875011920929,0.7852267622947693,0.7200294137001038,534.0,545.0,0.5599778294563293,0.0009999999,0.43825986981391907,0.7199130654335022,0.71776282787323,0.721875011920929,0.7161458134651184,1375.0,1386.0,0.5,0.49947914481163025,0.5,240.0,240.0,2.9841816425323486,0.0,0.5,0.5,0.5,0.5,240.0,240.0
