epoch,accuracy,auc,f1_score,fn,fp,loss,lr,mcc,npv,precision,recall,specificity,tn,tp,val_accuracy,val_auc,val_f1_score,val_fn,val_fp,val_loss,val_mcc,val_npv,val_precision,val_recall,val_specificity,val_tn,val_tp
0,0.5760416388511658,0.5575519800186157,0.5636927485466003,1081.0,1063.0,0.7182596921920776,0.01,0.13381627202033997,0.566980242729187,0.5537363290786743,0.5495833158493042,0.5713541507720947,1337.0,1319.0,0.5,0.499479204416275,0.5,240.0,240.0,4.590586185455322,0.0,0.5,0.5,0.5,0.5,240.0,240.0
1,0.6244791746139526,0.6705524325370789,0.6250180602073669,715.0,732.0,0.6474819779396057,0.01,0.24673889577388763,0.6236141324043274,0.6220960021018982,0.6276041865348816,0.6187499761581421,1188.0,1205.0,0.5,0.5712456107139587,0.6680565476417542,19.0,443.0,0.7083432674407959,0.018934179097414017,0.3888888657093048,0.5099557638168335,0.9604166746139526,0.07708333432674408,37.0,461.0
2,0.6458333134651184,0.7033339738845825,0.6532496213912964,665.0,668.0,0.6253998875617981,0.01,0.3059718906879425,0.6528446078300476,0.652626097202301,0.6536458134651184,0.6520833373069763,1252.0,1255.0,0.5,0.5197916626930237,0.5,240.0,240.0,2.221904993057251,0.0,0.5,0.5,0.5,0.5,240.0,240.0
3,0.6677083373069763,0.728388249874115,0.6656008958816528,643.0,640.0,0.6065386533737183,0.01,0.331976979970932,0.6656755805015564,0.6661450266838074,0.6651041507720947,0.6666666865348816,1280.0,1277.0,0.5,0.6281163096427917,0.5,240.0,240.0,0.9986830353736877,0.0,0.5,0.5,0.5,0.5,240.0,240.0
4,0.7015625238418579,0.763500988483429,0.7004350423812866,571.0,582.0,0.5843455791473389,0.0009999999,0.39977529644966125,0.701305627822876,0.6986017823219299,0.7026041746139526,0.6968749761581421,1338.0,1349.0,0.5,0.6317708492279053,0.5,240.0,240.0,1.2437384128570557,0.0,0.5,0.5,0.5,0.5,240.0,240.0
5,0.7083333134651184,0.7765913605690002,0.7040225863456726,569.0,565.0,0.5670568943023682,0.0009999999,0.4095350205898285,0.7049931287765503,0.7051148414611816,0.7036458253860474,0.7057291865348816,1355.0,1351.0,0.5,0.6356011033058167,0.5,240.0,240.0,1.0916199684143066,0.0,0.5,0.5,0.5,0.5,240.0,240.0
