epoch,accuracy,auc,f1_score,fn,fp,loss,lr,mcc,npv,precision,recall,specificity,tn,tp,val_accuracy,val_auc,val_f1_score,val_fn,val_fp,val_loss,val_mcc,val_npv,val_precision,val_recall,val_specificity,val_tn,val_tp
0,0.5942708253860474,0.6284433007240295,0.5853938460350037,962.0,983.0,0.7223940491676331,0.01,0.16747531294822693,0.5823056697845459,0.5939694046974182,0.5991666913032532,0.5796874761581421,1417.0,1438.0,0.5,0.5,0.5,240.0,240.0,11.54287052154541,0.0,0.5,0.5,0.5,0.5,240.0,240.0
1,0.643750011920929,0.6918600797653198,0.6394897699356079,689.0,699.0,0.6318637728691101,0.01,0.27758485078811646,0.6391411423683167,0.6378238201141357,0.6411458253860474,0.635937511920929,1221.0,1231.0,0.5,0.5062000751495361,0.5,240.0,240.0,2.331068754196167,0.0,0.5,0.5,0.5,0.5,240.0,240.0
2,0.6567708253860474,0.7213456034660339,0.6574428677558899,655.0,663.0,0.6104260683059692,0.01,0.313789963722229,0.6574402451515198,0.6561203598976135,0.6588541865348816,0.6546875238418579,1257.0,1265.0,0.5,0.5379362106323242,0.5,240.0,240.0,1.304560899734497,0.0,0.5,0.5,0.5,0.5,240.0,240.0
3,0.6833333373069763,0.7406370043754578,0.6835995316505432,616.0,590.0,0.5945802927017212,0.01,0.37233027815818787,0.6838779449462891,0.6884899735450745,0.6791666746139526,0.6927083134651184,1330.0,1304.0,0.5,0.558214008808136,0.5,240.0,240.0,1.4366129636764526,0.0,0.5,0.5,0.5,0.5,240.0,240.0
4,0.6932291388511658,0.7682879567146301,0.6942673325538635,586.0,588.0,0.56723552942276,0.0009999999,0.3888535499572754,0.6948763132095337,0.6940686702728271,0.6947916746139526,0.6937500238418579,1332.0,1334.0,0.5,0.5802192091941833,0.5,240.0,240.0,0.8600509166717529,0.0,0.5,0.5,0.5,0.5,240.0,240.0
5,0.7145833373069763,0.786873996257782,0.7153298854827881,545.0,551.0,0.5524768829345703,0.0009999999,0.4294165074825287,0.7147715091705322,0.7139148712158203,0.7161458134651184,0.7130208611488342,1369.0,1375.0,0.5,0.5833138227462769,0.5,240.0,240.0,0.7316860556602478,0.0,0.5,0.5,0.5,0.5,240.0,240.0
