epoch,accuracy,auc,f1_score,fn,fp,loss,lr,mcc,npv,precision,recall,specificity,tn,tp,val_accuracy,val_auc,val_f1_score,val_fn,val_fp,val_loss,val_mcc,val_npv,val_precision,val_recall,val_specificity,val_tn,val_tp
0,0.620312511920929,0.639295756816864,0.6179196238517761,942.0,950.0,0.693162202835083,0.01,0.23376178741455078,0.6174821257591248,0.605481743812561,0.6075000166893005,0.6130208373069763,1450.0,1458.0,0.5,0.5,0.5,240.0,240.0,42.79115295410156,0.0,0.5,0.5,0.5,0.5,240.0,240.0
1,0.6625000238418579,0.7155119776725769,0.6546857953071594,667.0,652.0,0.6166602969169617,0.01,0.3134746849536896,0.6560583114624023,0.6577427983283997,0.6526041626930237,0.6604166626930237,1268.0,1253.0,0.5,0.5225086808204651,0.5,240.0,240.0,2.0632669925689697,0.0,0.5,0.5,0.5,0.5,240.0,240.0
2,0.684374988079071,0.745806872844696,0.6858141422271729,608.0,594.0,0.5953904390335083,0.01,0.3742712140083313,0.685690701007843,0.6883525848388672,0.6833333373069763,0.690625011920929,1326.0,1312.0,0.5,0.5,0.5,240.0,240.0,3.631988525390625,0.0,0.5,0.5,0.5,0.5,240.0,240.0
3,0.6958333253860474,0.7612904906272888,0.6989590525627136,575.0,581.0,0.5812259316444397,0.01,0.39827826619148254,0.7006132006645203,0.698338508605957,0.7005208134651184,0.6973958611488342,1339.0,1345.0,0.5,0.5296875238418579,0.5,240.0,240.0,2.6412222385406494,0.0,0.5,0.5,0.5,0.5,240.0,240.0
4,0.7093750238418579,0.7750564813613892,0.7095180749893188,552.0,566.0,0.5671098232269287,0.0009999999,0.4179207980632782,0.7112709283828735,0.707342267036438,0.7124999761581421,0.7052083611488342,1354.0,1368.0,0.5,0.5631228089332581,0.5,240.0,240.0,1.4662036895751953,0.0,0.5,0.5,0.5,0.5,240.0,240.0
5,0.7260416746139526,0.8025721311569214,0.7262773513793945,525.0,525.0,0.5400340557098389,0.0009999999,0.45335400104522705,0.7272310256958008,0.7265625,0.7265625,0.7265625,1395.0,1395.0,0.5,0.5667057633399963,0.5,240.0,240.0,1.269327163696289,0.0,0.5,0.5,0.5,0.5,240.0,240.0
