epoch,accuracy,auc,f1_score,fn,fp,loss,lr,mcc,npv,precision,recall,specificity,tn,tp,val_accuracy,val_auc,val_f1_score,val_fn,val_fp,val_loss,val_mcc,val_npv,val_precision,val_recall,val_specificity,val_tn,val_tp
0,0.5916666388511658,0.5825008749961853,0.5956659317016602,1012.0,1020.0,0.7078314423561096,0.01,0.19202974438667297,0.5972344875335693,0.5764119625091553,0.57833331823349,0.59375,1380.0,1388.0,0.5,0.5,0.5,240.0,240.0,18.43541717529297,0.0,0.5,0.5,0.5,0.5,240.0,240.0
1,0.6260416507720947,0.6781721115112305,0.6304333806037903,704.0,719.0,0.6419164538383484,0.01,0.2591741979122162,0.6311765909194946,0.6284237504005432,0.6333333253860474,0.6255208253860474,1201.0,1216.0,0.5,0.5,0.5,240.0,240.0,5.623854637145996,0.0,0.5,0.5,0.5,0.5,240.0,240.0
2,0.6635416746139526,0.7158116698265076,0.6591339707374573,653.0,656.0,0.6151739358901978,0.01,0.3185281455516815,0.6597824692726135,0.6588663458824158,0.6598958373069763,0.6583333611488342,1264.0,1267.0,0.5,0.5,0.5,240.0,240.0,5.053172588348389,0.0,0.5,0.5,0.5,0.5,240.0,240.0
3,0.6645833253860474,0.7341329455375671,0.6671625971794128,636.0,645.0,0.6008710861206055,0.01,0.3330661952495575,0.6672322750091553,0.6656298637390137,0.668749988079071,0.6640625,1275.0,1284.0,0.5,0.5,0.5,240.0,240.0,4.51677131652832,0.0,0.5,0.5,0.5,0.5,240.0,240.0
4,0.6729166507720947,0.7430585622787476,0.6733120083808899,627.0,627.0,0.5918676257133484,0.0009999999,0.3471889793872833,0.6736876964569092,0.6734374761581421,0.6734374761581421,0.6734374761581421,1293.0,1293.0,0.5,0.5702603459358215,0.5,240.0,240.0,1.8675826787948608,0.0,0.5,0.5,0.5,0.5,240.0,240.0
5,0.7052083611488342,0.772888720035553,0.7046305537223816,566.0,568.0,0.5695240497589111,0.0009999999,0.4097374975681305,0.705379068851471,0.7044745087623596,0.7052083611488342,0.7041666507720947,1352.0,1354.0,0.5,0.5789344310760498,0.5,240.0,240.0,1.9344842433929443,0.0,0.5,0.5,0.5,0.5,240.0,240.0
