epoch,accuracy,auc,f1_score,fn,fp,loss,lr,mcc,npv,precision,recall,specificity,tn,tp,val_accuracy,val_auc,val_f1_score,val_fn,val_fp,val_loss,val_mcc,val_npv,val_precision,val_recall,val_specificity,val_tn,val_tp
0,0.5744791626930237,0.5971367359161377,0.565829873085022,1038.0,1043.0,0.7169181704521179,0.01,0.1337297409772873,0.5653252005577087,0.5663201808929443,0.5674999952316284,0.5687500238418579,1357.0,1362.0,0.5,0.5,0.5,240.0,240.0,25.052120208740234,0.0,0.5,0.5,0.5,0.5,240.0,240.0
1,0.6135416626930237,0.6430452466011047,0.6062201261520386,758.0,752.0,0.6627914905548096,0.01,0.21410082280635834,0.6059370636940002,0.607105553150177,0.6052083373069763,0.6083333492279053,1168.0,1162.0,0.5,0.5196137428283691,0.5,240.0,240.0,0.788623571395874,0.0,0.5,0.5,0.5,0.5,240.0,240.0
2,0.6312500238418579,0.6796537041664124,0.6287265419960022,712.0,714.0,0.6387923359870911,0.01,0.25754356384277344,0.6288995146751404,0.6285119652748108,0.6291666626930237,0.628125011920929,1206.0,1208.0,0.5,0.5686328411102295,0.5,240.0,240.0,1.3619693517684937,0.0,0.5,0.5,0.5,0.5,240.0,240.0
3,0.6499999761581421,0.6972010135650635,0.6519649624824524,663.0,676.0,0.6290382146835327,0.01,0.3029544949531555,0.6532655358314514,0.6502845287322998,0.6546875238418579,0.6479166746139526,1244.0,1257.0,0.5,0.5761610269546509,0.5,240.0,240.0,1.763672947883606,0.0,0.5,0.5,0.5,0.5,240.0,240.0
4,0.6781250238418579,0.7321881055831909,0.6770210266113281,615.0,630.0,0.6023668646812439,0.0009999999,0.3520286977291107,0.6772167086601257,0.6744186282157898,0.6796875,0.671875,1290.0,1305.0,0.5,0.616527795791626,0.5071173310279846,236.0,241.0,0.6898444294929504,0.006096013356000185,0.5,0.5030927658081055,0.5083333253860474,0.49791666865348816,239.0,244.0
5,0.6895833611488342,0.7618645429611206,0.6889511346817017,598.0,597.0,0.5781656503677368,0.0009999999,0.37778425216674805,0.6881886720657349,0.6889004707336426,0.6885416507720947,0.6890624761581421,1323.0,1322.0,0.5,0.6234006285667419,0.5,240.0,240.0,1.0778653621673584,0.0,0.5,0.5,0.5,0.5,240.0,240.0
