epoch,accuracy,auc,f1_score,fn,fp,loss,lr,mcc,npv,precision,recall,specificity,tn,tp,val_accuracy,val_auc,val_f1_score,val_fn,val_fp,val_loss,val_mcc,val_npv,val_precision,val_recall,val_specificity,val_tn,val_tp
0,0.47864583134651184,0.483818918466568,0.4760454297065735,1246.0,1233.0,0.7624335885047913,0.01,-0.04120747745037079,0.48020461201667786,0.4834520220756531,0.4808333218097687,0.4828124940395355,1167.0,1154.0,0.5,0.5,0.5,240.0,240.0,4.3717522621154785,0.0,0.5,0.5,0.5,0.5,240.0,240.0
1,0.5333333611488342,0.5388251543045044,0.5271228551864624,902.0,923.0,0.7167894840240479,0.01,0.049484074115753174,0.5232828855514526,0.5244719386100769,0.5302083492279053,0.5192708373069763,997.0,1018.0,0.5,0.5547829866409302,0.5,240.0,240.0,2.076115608215332,0.0,0.5,0.5,0.5,0.5,240.0,240.0
2,0.6156250238418579,0.6472715735435486,0.6026073098182678,760.0,765.0,0.6606431603431702,0.01,0.2060687094926834,0.6042608022689819,0.6025974154472351,0.6041666865348816,0.6015625,1155.0,1160.0,0.5,0.5328124761581421,0.5,240.0,240.0,2.887558937072754,0.0,0.5,0.5,0.5,0.5,240.0,240.0
3,0.6552083492279053,0.7068730592727661,0.654118537902832,664.0,662.0,0.6285231113433838,0.01,0.3095097243785858,0.6553308367729187,0.6548488140106201,0.6541666388511658,0.6552083492279053,1258.0,1256.0,0.5,0.5,0.5,240.0,240.0,5.551802635192871,0.0,0.5,0.5,0.5,0.5,240.0,240.0
4,0.6723958253860474,0.7352599501609802,0.6711706519126892,630.0,634.0,0.6038016080856323,0.0009999999,0.3417135179042816,0.671222984790802,0.6704781651496887,0.671875,0.6697916388511658,1286.0,1290.0,0.5,0.517382800579071,0.5,240.0,240.0,3.0289223194122314,0.0,0.5,0.5,0.5,0.5,240.0,240.0
5,0.6958333253860474,0.7678641676902771,0.6952628493309021,586.0,583.0,0.5710236430168152,0.0009999999,0.3911679685115814,0.6954074501991272,0.6958789825439453,0.6947916746139526,0.6963541507720947,1337.0,1334.0,0.5,0.5884591341018677,0.5,240.0,240.0,1.4976787567138672,0.0,0.5,0.5,0.5,0.5,240.0,240.0
