epoch,accuracy,auc,f1_score,fn,fp,loss,lr,mcc,npv,precision,recall,specificity,tn,tp,val_accuracy,val_auc,val_f1_score,val_fn,val_fp,val_loss,val_mcc,val_npv,val_precision,val_recall,val_specificity,val_tn,val_tp
0,0.510937511920929,0.5039870738983154,0.4993182420730591,1194.0,1209.0,0.7427981495857239,0.01,-0.001604354358278215,0.49914997816085815,0.49937888979911804,0.5024999976158142,0.49531251192092896,1191.0,1206.0,0.5,0.5,0.5,240.0,240.0,3.955568790435791,0.0,0.5,0.5,0.5,0.5,240.0,240.0
1,0.5687500238418579,0.5965070724487305,0.5656615495681763,826.0,849.0,0.6860856413841248,0.01,0.12796910107135773,0.564407467842102,0.5630468130111694,0.5697916746139526,0.557812511920929,1071.0,1094.0,0.5,0.5232052803039551,0.5,240.0,240.0,5.83835506439209,0.0,0.5,0.5,0.5,0.5,240.0,240.0
2,0.6239583492279053,0.6584067344665527,0.6230877041816711,719.0,735.0,0.6601464152336121,0.01,0.24296599626541138,0.6216115951538086,0.620351254940033,0.6255208253860474,0.6171875,1185.0,1201.0,0.5,0.5405815839767456,0.0,480.0,0.0,2.897512197494507,0.0,0.5,0.0,0.0,1.0,480.0,0.0
3,0.6432291865348816,0.6839256286621094,0.6384888291358948,704.0,676.0,0.6433985829353333,0.01,0.28147366642951965,0.6375471949577332,0.6427061557769775,0.6333333253860474,0.6479166746139526,1244.0,1216.0,0.5,0.5,0.5,240.0,240.0,6.818602085113525,0.0,0.5,0.5,0.5,0.5,240.0,240.0
4,0.667187511920929,0.724486768245697,0.6650294065475464,644.0,641.0,0.6153406500816345,0.0009999999,0.33078187704086304,0.6652452945709229,0.6656233668327332,0.6645833253860474,0.6661458611488342,1279.0,1276.0,0.5,0.5,0.5,240.0,240.0,7.225619316101074,0.0,0.5,0.5,0.5,0.5,240.0,240.0
5,0.6817708611488342,0.736806333065033,0.6816927790641785,612.0,610.0,0.6057740449905396,0.0009999999,0.3635874390602112,0.6814092993736267,0.68196040391922,0.6812499761581421,0.6822916865348816,1310.0,1308.0,0.5,0.5,0.5,240.0,240.0,6.302760601043701,0.0,0.5,0.5,0.5,0.5,240.0,240.0
