epoch,accuracy,auc,f1_score,fn,fp,loss,lr,mcc,npv,precision,recall,specificity,tn,tp,val_accuracy,val_auc,val_f1_score,val_fn,val_fp,val_loss,val_mcc,val_npv,val_precision,val_recall,val_specificity,val_tn,val_tp
0,0.5447916388511658,0.5500385761260986,0.5353018641471863,1128.0,1115.0,0.7272503972053528,0.01,0.0767034962773323,0.53868168592453,0.5328864455223083,0.5299999713897705,0.542187511920929,1285.0,1272.0,0.5,0.5,0.5,240.0,240.0,17.145944595336914,0.0,0.5,0.5,0.5,0.5,240.0,240.0
1,0.6229166388511658,0.66167151927948,0.6120967864990234,738.0,760.0,0.658655047416687,0.01,0.21999698877334595,0.6110275387763977,0.6086508631706238,0.6156250238418579,0.6041666865348816,1160.0,1182.0,0.5,0.54582679271698,0.3880043029785156,326.0,105.0,2.034926652908325,0.08391649276018143,0.5503498911857605,0.5945945978164673,0.32083332538604736,0.78125,375.0,154.0
2,0.6567708253860474,0.7039369344711304,0.650053083896637,678.0,658.0,0.633499801158905,0.01,0.3043501675128937,0.6508995890617371,0.6536841988563538,0.6468750238418579,0.6572916507720947,1262.0,1242.0,0.5,0.5,0.5,240.0,240.0,4.545910358428955,0.0,0.5,0.5,0.5,0.5,240.0,240.0
3,0.6786458492279053,0.7395642995834351,0.6788727641105652,621.0,608.0,0.6015826463699341,0.01,0.3600066304206848,0.6787075400352478,0.681174635887146,0.676562488079071,0.6833333373069763,1312.0,1299.0,0.5,0.5,0.5,240.0,240.0,10.11380386352539,0.0,0.5,0.5,0.5,0.5,240.0,240.0
4,0.6927083134651184,0.7515016198158264,0.6927731037139893,587.0,595.0,0.5919801592826843,0.0009999999,0.3844055235385895,0.6930978298187256,0.6913900375366211,0.6942708492279053,0.6901041865348816,1325.0,1333.0,0.5,0.5,0.5,240.0,240.0,11.695196151733398,0.0,0.5,0.5,0.5,0.5,240.0,240.0
5,0.7536458373069763,0.8224607110023499,0.754414975643158,468.0,477.0,0.5198425650596619,0.0009999999,0.5078534483909607,0.7552587389945984,0.7527216076850891,0.7562500238418579,0.7515624761581421,1443.0,1452.0,0.5,0.5,0.5,240.0,240.0,10.616179466247559,0.0,0.5,0.5,0.5,0.5,240.0,240.0
