epoch,accuracy,auc,f1_score,fn,fp,loss,lr,mcc,npv,precision,recall,specificity,tn,tp,val_accuracy,val_auc,val_f1_score,val_fn,val_fp,val_loss,val_mcc,val_npv,val_precision,val_recall,val_specificity,val_tn,val_tp
0,0.5192708373069763,0.5282506942749023,0.5213317275047302,1143.0,1152.0,0.7405176162719727,0.01,0.04025644063949585,0.5202271342277527,0.5217932462692261,0.5237500071525574,0.5151041746139526,1248.0,1257.0,0.5,0.5,0.5,240.0,240.0,11.678740501403809,0.0,0.5,0.5,0.5,0.5,240.0,240.0
1,0.5739583373069763,0.5870445966720581,0.5536375641822815,873.0,810.0,0.6981857419013977,0.01,0.12381820380687714,0.5600319504737854,0.5638126134872437,0.5453125238418579,0.578125,1110.0,1047.0,0.5,0.5,0.5,240.0,240.0,5.854461669921875,0.0,0.5,0.5,0.5,0.5,240.0,240.0
2,0.612500011920929,0.65062016248703,0.6083611845970154,742.0,775.0,0.6681410074234009,0.01,0.21019086241722107,0.6064234972000122,0.60317462682724,0.6135416626930237,0.5963541865348816,1145.0,1178.0,0.5,0.5013042688369751,0.0,480.0,0.0,1.6519461870193481,0.0,0.5,0.0,0.0,1.0,480.0,0.0
3,0.6114583611488342,0.6447546482086182,0.6013311743736267,769.0,750.0,0.66796875,0.01,0.20904098451137543,0.6047304272651672,0.6054707765579224,0.5994791388511658,0.609375,1170.0,1151.0,0.5,0.5806553363800049,0.5,240.0,240.0,1.860344648361206,0.0,0.5,0.5,0.5,0.5,240.0,240.0
4,0.6604166626930237,0.7032307982444763,0.660922646522522,651.0,650.0,0.6304877996444702,0.0009999999,0.322442889213562,0.6614812016487122,0.661281943321228,0.660937488079071,0.6614583134651184,1270.0,1269.0,0.5,0.58670574426651,0.5,240.0,232.0,1.2235476970672607,0.015872478485107422,0.5150696039199829,0.508474588394165,0.5,0.5166666507720947,248.0,240.0
5,0.6755208373069763,0.7173339128494263,0.6756113171577454,625.0,618.0,0.6223229765892029,0.0009999999,0.35265180468559265,0.6758350133895874,0.6769471764564514,0.6744791865348816,0.6781250238418579,1302.0,1295.0,0.5,0.5852104425430298,0.5,240.0,240.0,1.5780583620071411,0.0,0.5,0.5,0.5,0.5,240.0,240.0
