epoch,accuracy,auc,f1_score,fn,fp,loss,lr,mcc,npv,precision,recall,specificity,tn,tp,val_accuracy,val_auc,val_f1_score,val_fn,val_fp,val_loss,val_mcc,val_npv,val_precision,val_recall,val_specificity,val_tn,val_tp
0,0.5395833253860474,0.5264902710914612,0.5321087837219238,1130.0,1156.0,0.7334144115447998,0.01,0.059521183371543884,0.5298717617988586,0.5234954953193665,0.5291666388511658,0.5229166746139526,1244.0,1270.0,0.5,0.5,0.5,240.0,240.0,13.146567344665527,0.0,0.5,0.5,0.5,0.5,240.0,240.0
1,0.6088541746139526,0.6306760907173157,0.5903151631355286,788.0,776.0,0.6771702170372009,0.01,0.18565967679023743,0.5933569073677063,0.5932914018630981,0.5895833373069763,0.5958333611488342,1144.0,1132.0,0.5,0.606410562992096,0.5,240.0,240.0,2.0945241451263428,0.0,0.5,0.5,0.5,0.5,240.0,240.0
2,0.6380208134651184,0.6848774552345276,0.6308028101921082,703.0,721.0,0.6399344205856323,0.01,0.2585807740688324,0.6305033564567566,0.6279670000076294,0.6338541507720947,0.6244791746139526,1199.0,1217.0,0.5,0.5,0.5,240.0,240.0,5.59794807434082,0.0,0.5,0.5,0.5,0.5,240.0,240.0
3,0.6734374761581421,0.7259618639945984,0.6714603304862976,629.0,635.0,0.6127864718437195,0.01,0.34179842472076416,0.6711259484291077,0.6703011393547058,0.6723958253860474,0.6692708134651184,1285.0,1291.0,0.5,0.5418967008590698,0.5020512938499451,239.0,240.0,5.18931770324707,0.0020517746452242136,0.5,0.5010395050048828,0.5020833611488342,0.5,240.0,241.0
4,0.7005208134651184,0.7679359316825867,0.7028771042823792,567.0,578.0,0.5730152130126953,0.0009999999,0.4037020802497864,0.7025720477104187,0.7006732225418091,0.7046874761581421,0.6989583373069763,1342.0,1353.0,0.5,0.5575346946716309,0.5194500088691711,230.0,240.0,3.4452083110809326,0.019556498154997826,0.5,0.5102040767669678,0.5208333134651184,0.5,240.0,250.0
5,0.7354166507720947,0.8052584528923035,0.7348825335502625,509.0,509.0,0.5373751521110535,0.0009999999,0.46982014179229736,0.7349405884742737,0.7348958253860474,0.7348958253860474,0.7348958253860474,1411.0,1411.0,0.5,0.5539778470993042,0.5020512938499451,239.0,240.0,3.294699192047119,0.0020517746452242136,0.5,0.5010395050048828,0.5020833611488342,0.5,240.0,241.0
