epoch,accuracy,auc,f1_score,fn,fp,loss,lr,mcc,npv,precision,recall,specificity,tn,tp,val_accuracy,val_auc,val_f1_score,val_fn,val_fp,val_loss,val_mcc,val_npv,val_precision,val_recall,val_specificity,val_tn,val_tp
0,0.5531250238418579,0.5528379082679749,0.5502121448516846,1105.0,1099.0,0.7139440178871155,0.01,0.10245358198881149,0.5499356985092163,0.5409356951713562,0.5395833253860474,0.5526041388511658,1301.0,1295.0,0.5,0.5,0.5,240.0,240.0,337.0697326660156,0.0,0.5,0.5,0.5,0.5,240.0,240.0
1,0.6104166507720947,0.6466196179389954,0.6048802137374878,754.0,769.0,0.66680908203125,0.01,0.20705777406692505,0.6035058498382568,0.6025840044021606,0.6072916388511658,0.5994791388511658,1151.0,1166.0,0.5375000238418579,0.5867382884025574,0.4429731070995331,300.0,130.0,1.0657095909118652,0.10225768387317657,0.5407832860946655,0.5806451439857483,0.375,0.7291666865348816,350.0,180.0
2,0.6567708253860474,0.6979379653930664,0.6538584232330322,666.0,661.0,0.6376228332519531,0.01,0.30900296568870544,0.6542064547538757,0.654830276966095,0.653124988079071,0.6557291746139526,1259.0,1254.0,0.5,0.5026041865348816,0.5,240.0,240.0,3.3171277046203613,0.0,0.5,0.5,0.5,0.5,240.0,240.0
3,0.6807291507720947,0.7266739010810852,0.6783371567726135,618.0,616.0,0.6146474480628967,0.01,0.35732680559158325,0.6787461638450623,0.6788321137428284,0.6781250238418579,0.6791666746139526,1304.0,1302.0,0.5145833492279053,0.5778841376304626,0.508465588092804,236.0,232.0,1.792178750038147,0.024822616949677467,0.5160427689552307,0.5126050710678101,0.5083333253860474,0.5166666507720947,248.0,244.0
4,0.6796875,0.7460615634918213,0.6811274886131287,611.0,614.0,0.5955736637115479,0.01,0.3620348870754242,0.6814928650856018,0.6807072162628174,0.6817708611488342,0.6802083253860474,1306.0,1309.0,0.5,0.5,0.5,240.0,240.0,6.437061786651611,0.0,0.5,0.5,0.5,0.5,240.0,240.0
5,0.707812488079071,0.7790361046791077,0.7081820964813232,561.0,559.0,0.5628215670585632,0.0009999999,0.41668039560317993,0.7081190347671509,0.7085505723953247,0.707812488079071,0.7088541388511658,1361.0,1359.0,0.5,0.5,0.5,240.0,240.0,6.7428789138793945,0.0,0.5,0.5,0.5,0.5,240.0,240.0
6,0.7427083253860474,0.8171724081039429,0.7436811327934265,493.0,491.0,0.5253104567527771,0.0009999999,0.4875178039073944,0.7433767914772034,0.7440041899681091,0.7432291507720947,0.7442708611488342,1429.0,1427.0,0.5,0.5,0.5,240.0,240.0,5.0718674659729,0.0,0.5,0.5,0.5,0.5,240.0,240.0
