epoch,accuracy,auc,f1_score,fn,fp,loss,lr,mcc,npv,precision,recall,specificity,tn,tp,val_accuracy,val_auc,val_f1_score,val_fn,val_fp,val_loss,val_mcc,val_npv,val_precision,val_recall,val_specificity,val_tn,val_tp
0,0.5463541746139526,0.5366640090942383,0.5477749109268188,1096.0,1133.0,0.715205729007721,0.01,0.08933588117361069,0.5449181795120239,0.5350841283798218,0.5433333516120911,0.5348958373069763,1267.0,1304.0,0.5,0.5,0.5,240.0,240.0,25.532684326171875,0.0,0.5,0.5,0.5,0.5,240.0,240.0
1,0.5921875238418579,0.6152612566947937,0.5846249461174011,783.0,831.0,0.6767244338989258,0.01,0.15969181060791016,0.5813602209091187,0.5777438879013062,0.5921875238418579,0.567187488079071,1089.0,1137.0,0.5,0.5,0.5,240.0,240.0,5.431314945220947,0.0,0.5,0.5,0.5,0.5,240.0,240.0
2,0.6333333253860474,0.6635697484016418,0.6249220371246338,721.0,720.0,0.6584463715553284,0.01,0.24959969520568848,0.6240848302841187,0.6248045563697815,0.6244791746139526,0.625,1200.0,1199.0,0.5,0.5725412368774414,0.5,240.0,240.0,1.6250660419464111,0.0,0.5,0.5,0.5,0.5,240.0,240.0
3,0.6463541388511658,0.687195360660553,0.6453455686569214,676.0,693.0,0.6416597366333008,0.01,0.28712376952171326,0.6440030336380005,0.6422302722930908,0.6479166746139526,0.6390625238418579,1227.0,1244.0,0.5,0.5579861402511597,0.5,240.0,240.0,1.9212034940719604,0.0,0.5,0.5,0.5,0.5,240.0,240.0
4,0.6510416865348816,0.6888124346733093,0.6502753496170044,663.0,689.0,0.6394641995429993,0.0009999999,0.29595106840133667,0.6499282717704773,0.645940363407135,0.6546875238418579,0.6411458253860474,1231.0,1257.0,0.5,0.5507660508155823,0.5,240.0,240.0,2.6178207397460938,0.0,0.5,0.5,0.5,0.5,240.0,240.0
5,0.6812499761581421,0.7365750670433044,0.6831218600273132,605.0,615.0,0.6047317385673523,0.0009999999,0.36463069915771484,0.6832358837127686,0.681347131729126,0.6848958134651184,0.6796875,1305.0,1315.0,0.5,0.5327539443969727,0.5,240.0,240.0,3.116530179977417,0.0,0.5,0.5,0.5,0.5,240.0,240.0
