epoch,accuracy,auc,f1_score,fn,fp,loss,lr,mcc,npv,precision,recall,specificity,tn,tp,val_accuracy,val_auc,val_f1_score,val_fn,val_fp,val_loss,val_mcc,val_npv,val_precision,val_recall,val_specificity,val_tn,val_tp
0,0.5427083373069763,0.611085832118988,0.5351800918579102,1015.0,1060.0,0.7223633527755737,0.01,0.061694901436567307,0.531045138835907,0.5664621591567993,0.5770833492279053,0.5192708373069763,1340.0,1385.0,0.5,0.5427473783493042,0.5,240.0,240.0,4.617650985717773,0.0,0.5,0.5,0.5,0.5,240.0,240.0
1,0.6026041507720947,0.6264050602912903,0.5952453017234802,770.0,791.0,0.6808779835700989,0.01,0.1873496174812317,0.5951980948448181,0.5924780964851379,0.5989583134651184,0.5880208611488342,1129.0,1150.0,0.5,0.5323024988174438,0.6666666269302368,0.0,480.0,4.592757701873779,0.0,0.0,0.5,1.0,0.0,0.0,480.0
2,0.6395833492279053,0.6756688952445984,0.635818600654602,699.0,697.0,0.6523869633674622,0.01,0.27317237854003906,0.6369802951812744,0.6366006135940552,0.635937511920929,0.6369791626930237,1223.0,1221.0,0.5,0.5468316078186035,0.6634816527366638,63.0,368.0,3.296191453933716,0.08328370749950409,0.4941176474094391,0.53121018409729,0.8687499761581421,0.23333333432674408,112.0,417.0
3,0.6546875238418579,0.697751522064209,0.6507728695869446,664.0,683.0,0.6361781358718872,0.01,0.29860401153564453,0.6510294675827026,0.6477565765380859,0.6541666388511658,0.6442708373069763,1237.0,1256.0,0.5,0.5083181858062744,0.5,240.0,240.0,5.458698749542236,0.0,0.5,0.5,0.5,0.5,240.0,240.0
4,0.692187488079071,0.7382561564445496,0.692783772945404,588.0,593.0,0.6060007214546204,0.0009999999,0.3849291503429413,0.6930921673774719,0.6919480562210083,0.6937500238418579,0.6911458373069763,1327.0,1332.0,0.5,0.5,0.5,240.0,240.0,5.814287185668945,0.0,0.5,0.5,0.5,0.5,240.0,240.0
5,0.7250000238418579,0.7815191149711609,0.7244549989700317,526.0,534.0,0.5684967637062073,0.0009999999,0.44795024394989014,0.725067138671875,0.7230290174484253,0.7260416746139526,0.721875011920929,1386.0,1394.0,0.5,0.5,0.5,240.0,240.0,4.776442050933838,0.0,0.5,0.5,0.5,0.5,240.0,240.0
