epoch,accuracy,auc,f1_score,fn,fp,loss,lr,mcc,npv,precision,recall,specificity,tn,tp,val_accuracy,val_auc,val_f1_score,val_fn,val_fp,val_loss,val_mcc,val_npv,val_precision,val_recall,val_specificity,val_tn,val_tp
0,0.5406249761581421,0.5249435901641846,0.5376254916191101,1107.0,1170.0,0.7259485125541687,0.01,0.06470401585102081,0.5334527492523193,0.5249695777893066,0.5387499928474426,0.515625,1230.0,1293.0,0.5,0.5,0.5,240.0,240.0,27.097509384155273,0.0,0.5,0.5,0.5,0.5,240.0,240.0
1,0.5796874761581421,0.5996646881103516,0.5718743801116943,811.0,843.0,0.6899999380111694,0.01,0.139262393116951,0.5709529519081116,0.5681352615356445,0.5776041746139526,0.5609375238418579,1077.0,1109.0,0.5,0.5024999976158142,0.5,240.0,240.0,3.3476853370666504,0.0,0.5,0.5,0.5,0.5,240.0,240.0
2,0.6338541507720947,0.6533296704292297,0.6258187890052795,713.0,726.0,0.6662693619728088,0.01,0.25108802318573,0.6276041865348816,0.6244180202484131,0.6286458373069763,0.621874988079071,1194.0,1207.0,0.5,0.5272852182388306,0.5,240.0,240.0,2.6167733669281006,0.0,0.5,0.5,0.5,0.5,240.0,240.0
3,0.6421874761581421,0.6733186841011047,0.6374056935310364,694.0,703.0,0.6537193655967712,0.01,0.27257296442985535,0.6359062194824219,0.6355624794960022,0.6385416388511658,0.6338541507720947,1217.0,1226.0,0.5,0.5,0.5,240.0,240.0,6.579331398010254,0.0,0.5,0.5,0.5,0.5,240.0,240.0
4,0.6427083611488342,0.6926065683364868,0.6433534026145935,685.0,684.0,0.6424817442893982,0.0009999999,0.2869962155818939,0.6434984803199768,0.6435643434524536,0.6432291865348816,0.643750011920929,1236.0,1235.0,0.5,0.5,0.5,240.0,240.0,6.000614643096924,0.0,0.5,0.5,0.5,0.5,240.0,240.0
5,0.667187511920929,0.7135138511657715,0.6686531901359558,636.0,637.0,0.6243618726730347,0.0009999999,0.33702319860458374,0.6684277057647705,0.6684018969535828,0.668749988079071,0.6682291626930237,1283.0,1284.0,0.5,0.5,0.5,240.0,240.0,6.655778408050537,0.0,0.5,0.5,0.5,0.5,240.0,240.0
