epoch,accuracy,auc,f1_score,fn,fp,loss,lr,mcc,npv,precision,recall,specificity,tn,tp,val_accuracy,val_auc,val_f1_score,val_fn,val_fp,val_loss,val_mcc,val_npv,val_precision,val_recall,val_specificity,val_tn,val_tp
0,0.546875,0.5389086008071899,0.5441280007362366,1113.0,1114.0,0.7160155177116394,0.01,0.09024093300104141,0.5456005334854126,0.536026656627655,0.5362499952316284,0.5447916388511658,1286.0,1287.0,0.5,0.5,0.5,240.0,240.0,24.740638732910156,0.0,0.5,0.5,0.5,0.5,240.0,240.0
1,0.596875011920929,0.6209092736244202,0.5863116383552551,792.0,798.0,0.6827144622802734,0.01,0.17254021763801575,0.585878312587738,0.585669755935669,0.5874999761581421,0.5843750238418579,1122.0,1128.0,0.5,0.5,0.5,240.0,240.0,16.627445220947266,0.0,0.5,0.5,0.5,0.5,240.0,240.0
2,0.6223958134651184,0.6499993205070496,0.6008741855621338,768.0,759.0,0.6675263047218323,0.01,0.20498277246952057,0.6026161313056946,0.6028257608413696,0.6000000238418579,0.604687511920929,1161.0,1152.0,0.5,0.49947917461395264,0.5,240.0,240.0,5.621415138244629,0.0,0.5,0.5,0.5,0.5,240.0,240.0
3,0.651562511920929,0.7027753591537476,0.6522723436355591,664.0,675.0,0.6324768662452698,0.01,0.30287715792655945,0.6522074937820435,0.6504402160644531,0.6541666388511658,0.6484375,1245.0,1256.0,0.5,0.5,0.5,240.0,240.0,7.183322429656982,0.0,0.5,0.5,0.5,0.5,240.0,240.0
4,0.6708333492279053,0.719809889793396,0.6709769368171692,624.0,646.0,0.6204490065574646,0.0009999999,0.33876463770866394,0.6716408133506775,0.6673532724380493,0.675000011920929,0.6635416746139526,1274.0,1296.0,0.5,0.5,0.5,240.0,240.0,8.299635887145996,0.0,0.5,0.5,0.5,0.5,240.0,240.0
5,0.6848958134651184,0.7367740869522095,0.6842653155326843,604.0,611.0,0.6042918562889099,0.0009999999,0.3672284483909607,0.6840828061103821,0.6829268336296082,0.6854166388511658,0.6817708611488342,1309.0,1316.0,0.5,0.5,0.5,240.0,240.0,5.7265191078186035,0.0,0.5,0.5,0.5,0.5,240.0,240.0
