epoch,accuracy,auc,f1_score,fn,fp,loss,lr,mcc,npv,precision,recall,specificity,tn,tp,val_accuracy,val_auc,val_f1_score,val_fn,val_fp,val_loss,val_mcc,val_npv,val_precision,val_recall,val_specificity,val_tn,val_tp
0,0.5723958611488342,0.5393384099006653,0.5379332304000854,1127.0,1121.0,0.7183101773262024,0.01,0.07948170602321625,0.5400366187095642,0.5317460298538208,0.5304166674613953,0.5411458611488342,1279.0,1273.0,0.5,0.5,0.5,240.0,240.0,23.963645935058594,0.0,0.5,0.5,0.5,0.5,240.0,240.0
1,0.6255208253860474,0.6578271389007568,0.6212351322174072,728.0,725.0,0.6582345962524414,0.01,0.24351033568382263,0.6214854121208191,0.6218048930168152,0.6208333373069763,0.6223958134651184,1195.0,1192.0,0.5,0.5299456715583801,0.0,480.0,0.0,4.1424665451049805,0.0,0.5,0.0,0.0,1.0,480.0,0.0
2,0.6692708134651184,0.7126153111457825,0.6659838557243347,642.0,640.0,0.6275733113288879,0.01,0.332457035779953,0.6659504771232605,0.6663190722465515,0.6656249761581421,0.6666666865348816,1280.0,1278.0,0.5,0.5010416507720947,0.5,240.0,240.0,7.278180122375488,0.0,0.5,0.5,0.5,0.5,240.0,240.0
3,0.6822916865348816,0.7321841716766357,0.6797290444374084,617.0,610.0,0.6085659861564636,0.01,0.3609667718410492,0.68011474609375,0.6811290979385376,0.6786458492279053,0.6822916865348816,1310.0,1303.0,0.5,0.5264431238174438,0.446853369474411,287.0,152.0,2.565382480621338,0.07267294079065323,0.5503628849983215,0.5594202876091003,0.4020833373069763,0.6833333373069763,328.0,193.0
4,0.698437511920929,0.7579898834228516,0.6982694864273071,579.0,579.0,0.5885125994682312,0.0009999999,0.39692026376724243,0.6987759470939636,0.698437511920929,0.698437511920929,0.698437511920929,1341.0,1341.0,0.5,0.5299283862113953,0.5,240.0,240.0,3.9940855503082275,0.0,0.5,0.5,0.5,0.5,240.0,240.0
5,0.7244791388511658,0.7811836004257202,0.7242764234542847,529.0,530.0,0.5654497146606445,0.0009999999,0.44844844937324524,0.724368155002594,0.7241020202636719,0.7244791388511658,0.7239583134651184,1390.0,1391.0,0.5,0.503125011920929,0.5,240.0,240.0,4.7042059898376465,0.0,0.5,0.5,0.5,0.5,240.0,240.0
