epoch,accuracy,auc,f1_score,fn,fp,loss,lr,mcc,npv,precision,recall,specificity,tn,tp,val_accuracy,val_auc,val_f1_score,val_fn,val_fp,val_loss,val_mcc,val_npv,val_precision,val_recall,val_specificity,val_tn,val_tp
0,0.6546875238418579,0.6698915362358093,0.6262444257736206,932.0,868.0,0.7281525731086731,0.01,0.2631978690624237,0.6300408244132996,0.6284246444702148,0.6116666793823242,0.640625,1532.0,1468.0,0.5,0.5107617378234863,0.5005291104316711,240.0,234.0,1.0473017692565918,0.012283897027373314,0.5109922885894775,0.5063291192054749,0.5,0.512499988079071,246.0,240.0
1,0.7817708253860474,0.8610410690307617,0.7731812596321106,435.0,436.0,0.4654175937175751,0.01,0.5472751259803772,0.7739225625991821,0.7730348706245422,0.7734375,0.7729166746139526,1484.0,1485.0,0.5,0.5656836628913879,0.5,240.0,240.0,1.2293763160705566,0.0,0.5,0.5,0.5,0.5,240.0,240.0
2,0.8880208134651184,0.9524320363998413,0.882952868938446,220.0,230.0,0.2790384292602539,0.01,0.7659590840339661,0.8854209184646606,0.8808290362358093,0.8854166865348816,0.8802083134651184,1690.0,1700.0,0.5,0.5183636546134949,0.5,240.0,240.0,2.350674867630005,0.0,0.5,0.5,0.5,0.5,240.0,240.0
3,0.9072916507720947,0.9656933546066284,0.9060385227203369,180.0,180.0,0.23775123059749603,0.01,0.8127502202987671,0.9068499803543091,0.90625,0.90625,0.90625,1740.0,1740.0,0.5,0.6018228530883789,0.5,240.0,240.0,1.7770230770111084,0.0,0.5,0.5,0.5,0.5,240.0,240.0
4,0.9281250238418579,0.9797680974006653,0.9266021847724915,142.0,140.0,0.18503837287425995,0.0009999999,0.853348970413208,0.92616868019104,0.9270073175430298,0.9260416626930237,0.9270833134651184,1780.0,1778.0,0.5,0.5996723175048828,0.5,240.0,240.0,1.9328372478485107,0.0,0.5,0.5,0.5,0.5,240.0,240.0
5,0.971875011920929,0.9963284134864807,0.9706393480300903,58.0,55.0,0.10039772093296051,0.0009999999,0.9413703083992004,0.9698647260665894,0.9713093638420105,0.9697916507720947,0.9713541865348816,1865.0,1862.0,0.5,0.6024869680404663,0.5,240.0,240.0,2.084139585494995,0.0,0.5,0.5,0.5,0.5,240.0,240.0
