epoch,accuracy,auc,f1_score,fn,fp,loss,lr,mcc,npv,precision,recall,specificity,tn,tp,val_accuracy,val_auc,val_f1_score,val_fn,val_fp,val_loss,val_mcc,val_npv,val_precision,val_recall,val_specificity,val_tn,val_tp
0,0.6442708373069763,0.7099956274032593,0.6269962787628174,847.0,841.0,0.7364414930343628,0.01,0.2587488293647766,0.6295440793037415,0.6487051248550415,0.6470833420753479,0.6317708492279053,1559.0,1553.0,0.625,0.6437781453132629,0.6663225293159485,24.0,433.0,0.7395323514938354,0.07873073220252991,0.6043651103973389,0.5129358768463135,0.949999988079071,0.09791667014360428,47.0,456.0
1,0.8005208373069763,0.8854721784591675,0.7942585349082947,395.0,391.0,0.4238944351673126,0.01,0.5919585824012756,0.7971881031990051,0.7959290146827698,0.7942708134651184,0.7963541746139526,1529.0,1525.0,0.5416666865348816,0.5771592855453491,0.5809547305107117,195.0,232.0,1.0858100652694702,0.10589708387851715,0.530701756477356,0.5512572526931763,0.59375,0.5166666507720947,248.0,285.0
2,0.8697916865348816,0.9488491415977478,0.8686135411262512,255.0,248.0,0.288700670003891,0.01,0.7385650277137756,0.8683807253837585,0.8703606724739075,0.8671875,0.8708333373069763,1672.0,1665.0,0.5687500238418579,0.590353786945343,0.5726306438446045,205.0,211.0,1.3509910106658936,0.13265833258628845,0.5594980120658875,0.5658436417579651,0.5729166865348816,0.5604166388511658,269.0,275.0
3,0.8942708373069763,0.9584323167800903,0.891692578792572,207.0,209.0,0.26069873571395874,0.01,0.7836485505104065,0.8924093246459961,0.8912591338157654,0.8921874761581421,0.8911458253860474,1711.0,1713.0,0.5,0.5292730331420898,0.5,240.0,240.0,3.7323877811431885,0.0,0.5,0.5,0.5,0.5,240.0,240.0
4,0.9385416507720947,0.9835754632949829,0.938539445400238,120.0,116.0,0.16482765972614288,0.0009999999,0.8773189783096313,0.9377171993255615,0.9394571781158447,0.9375,0.9395833611488342,1804.0,1800.0,0.5041666626930237,0.5396701097488403,0.5041025280952454,238.0,239.0,3.0757486820220947,0.006220483686774969,0.5021505355834961,0.5031185150146484,0.5041666626930237,0.5020833611488342,241.0,242.0
5,0.9770833253860474,0.9974902272224426,0.9752631783485413,48.0,47.0,0.08737459778785706,0.0009999999,0.950605034828186,0.9750758409500122,0.9755080938339233,0.9750000238418579,0.9755208492279053,1873.0,1872.0,0.5104166865348816,0.5450456142425537,0.5103525519371033,235.0,237.0,2.6608734130859375,0.016603533178567886,0.5062500238418579,0.5082987546920776,0.5104166865348816,0.5062500238418579,243.0,245.0
