epoch,accuracy,auc,f1_score,fn,fp,loss,lr,mcc,npv,precision,recall,specificity,tn,tp,val_accuracy,val_auc,val_f1_score,val_fn,val_fp,val_loss,val_mcc,val_npv,val_precision,val_recall,val_specificity,val_tn,val_tp
0,0.6630208492279053,0.7671675086021423,0.6482208967208862,737.0,742.0,0.6990534067153931,0.01,0.29608309268951416,0.6475222110748291,0.6914761066436768,0.6929166913032532,0.6463541388511658,1658.0,1663.0,0.5,0.561119794845581,0.5,240.0,240.0,1.2370803356170654,0.0,0.5,0.5,0.5,0.5,240.0,240.0
1,0.768750011920929,0.8496615290641785,0.759491503238678,470.0,450.0,0.4786660075187683,0.01,0.5220734477043152,0.7575753927230835,0.7631579041481018,0.7552083134651184,0.765625,1470.0,1450.0,0.5,0.5093402862548828,0.5,240.0,240.0,2.8656563758850098,0.0,0.5,0.5,0.5,0.5,240.0,240.0
2,0.8583333492279053,0.9312106966972351,0.8550183773040771,274.0,284.0,0.33302435278892517,0.01,0.7099663615226746,0.8570976257324219,0.8528497219085693,0.8572916388511658,0.8520833253860474,1636.0,1646.0,0.5,0.5,0.5,240.0,240.0,3.9288222789764404,0.0,0.5,0.5,0.5,0.5,240.0,240.0
3,0.9098958373069763,0.970537543296814,0.9130507707595825,165.0,169.0,0.21914714574813843,0.01,0.8263735175132751,0.9143034815788269,0.912162184715271,0.9140625,0.9119791388511658,1751.0,1755.0,0.5,0.5010416507720947,0.5,240.0,240.0,3.843395948410034,0.0,0.5,0.5,0.5,0.5,240.0,240.0
4,0.9213541746139526,0.9756152033805847,0.9204414486885071,150.0,156.0,0.19807559251785278,0.0009999999,0.84079909324646,0.9217750430107117,0.9190031290054321,0.921875,0.918749988079071,1764.0,1770.0,0.5,0.5000174045562744,0.5,240.0,240.0,3.8191676139831543,0.0,0.5,0.5,0.5,0.5,240.0,240.0
5,0.9750000238418579,0.9967421889305115,0.9731786847114563,52.0,51.0,0.08839402347803116,0.0009999999,0.9464500546455383,0.973004162311554,0.9734236598014832,0.9729166626930237,0.973437488079071,1869.0,1868.0,0.5,0.5238845348358154,0.5,240.0,240.0,3.247476100921631,0.0,0.5,0.5,0.5,0.5,240.0,240.0
