epoch,accuracy,auc,f1_score,fn,fp,loss,lr,mcc,npv,precision,recall,specificity,tn,tp,val_accuracy,val_auc,val_f1_score,val_fn,val_fp,val_loss,val_mcc,val_npv,val_precision,val_recall,val_specificity,val_tn,val_tp
0,0.543749988079071,0.5316334366798401,0.5349042415618896,1135.0,1121.0,0.7304633259773254,0.01,0.07511086761951447,0.5363640189170837,0.530176043510437,0.5270833373069763,0.5411458611488342,1279.0,1265.0,0.5,0.5,0.5,240.0,240.0,8.658327102661133,0.0,0.5,0.5,0.5,0.5,240.0,240.0
1,0.6052083373069763,0.6271064877510071,0.5908704400062561,790.0,770.0,0.6730250120162964,0.01,0.188144251704216,0.5936331152915955,0.5947368144989014,0.5885416865348816,0.5989583134651184,1150.0,1130.0,0.5270833373069763,0.5787781476974487,0.4491191506385803,289.0,125.0,0.9680405855178833,0.11855747550725937,0.5700027346611023,0.6044303774833679,0.39791667461395264,0.7395833134651184,355.0,191.0
2,0.625,0.6666085720062256,0.619590163230896,729.0,732.0,0.6566696763038635,0.01,0.23920410871505737,0.6200046539306641,0.6193447709083557,0.620312511920929,0.6187499761581421,1188.0,1191.0,0.5,0.5,0.5,240.0,240.0,7.802748680114746,0.0,0.5,0.5,0.5,0.5,240.0,240.0
3,0.6364583373069763,0.6834335923194885,0.63902747631073,686.0,708.0,0.6391456127166748,0.01,0.2741222381591797,0.6385968923568726,0.6354274153709412,0.6427083611488342,0.6312500238418579,1212.0,1234.0,0.5,0.5,0.5,240.0,240.0,5.536044120788574,0.0,0.5,0.5,0.5,0.5,240.0,240.0
4,0.6520833373069763,0.6871119141578674,0.6508339047431946,670.0,672.0,0.6398793458938599,0.01,0.3011048436164856,0.6504043936729431,0.6503642201423645,0.6510416865348816,0.6499999761581421,1248.0,1250.0,0.5,0.5,0.5,240.0,240.0,15.230608940124512,0.0,0.5,0.5,0.5,0.5,240.0,240.0
5,0.6598958373069763,0.7223993539810181,0.6594383120536804,652.0,658.0,0.6121931076049805,0.0009999999,0.3177332580089569,0.6592375636100769,0.6583592891693115,0.6604166626930237,0.6572916507720947,1262.0,1268.0,0.5,0.5,0.5,240.0,240.0,7.777636528015137,0.0,0.5,0.5,0.5,0.5,240.0,240.0
6,0.6942708492279053,0.7581605911254883,0.6934375762939453,588.0,590.0,0.5832568407058716,0.0009999999,0.3864944577217102,0.6933467388153076,0.6930280923843384,0.6937500238418579,0.6927083134651184,1330.0,1332.0,0.5,0.5,0.5,240.0,240.0,9.354985237121582,0.0,0.5,0.5,0.5,0.5,240.0,240.0
