epoch,accuracy,auc,f1_score,fn,fp,loss,lr,mcc,npv,precision,recall,specificity,tn,tp,val_accuracy,val_auc,val_f1_score,val_fn,val_fp,val_loss,val_mcc,val_npv,val_precision,val_recall,val_specificity,val_tn,val_tp
0,0.581250011920929,0.5712050795555115,0.5688096880912781,1069.0,1060.0,0.6976068615913391,0.01,0.14160694181919098,0.5707460641860962,0.5566708445549011,0.5545833110809326,0.5729166865348816,1340.0,1331.0,0.5,0.5,0.5,240.0,240.0,56.26490783691406,0.0,0.5,0.5,0.5,0.5,240.0,240.0
1,0.6317708492279053,0.6742005944252014,0.6265273690223694,709.0,734.0,0.6526879668235779,0.01,0.24868914484977722,0.6256064772605896,0.6226221323013306,0.6307291388511658,0.6177083253860474,1186.0,1211.0,0.5,0.5,0.5,240.0,240.0,6.083274841308594,0.0,0.5,0.5,0.5,0.5,240.0,240.0
2,0.6666666865348816,0.7134135961532593,0.6605414152145386,657.0,642.0,0.6285564303398132,0.01,0.3237547278404236,0.6602354049682617,0.6629921197891235,0.6578124761581421,0.6656249761581421,1278.0,1263.0,0.5,0.5,0.5,240.0,240.0,4.701901912689209,0.0,0.5,0.5,0.5,0.5,240.0,240.0
3,0.6713541746139526,0.7321313619613647,0.6699623465538025,637.0,627.0,0.6084606647491455,0.01,0.3417827785015106,0.6699545979499817,0.6717277765274048,0.6682291626930237,0.6734374761581421,1293.0,1283.0,0.5,0.5,0.5,240.0,240.0,7.356910705566406,0.0,0.5,0.5,0.5,0.5,240.0,240.0
4,0.6854166388511658,0.7347769141197205,0.6834158301353455,606.0,612.0,0.606640100479126,0.0009999999,0.3657555878162384,0.6831737160682678,0.6822429895401001,0.684374988079071,0.6812499761581421,1308.0,1314.0,0.5,0.5072916746139526,0.5,240.0,240.0,3.743016242980957,0.0,0.5,0.5,0.5,0.5,240.0,240.0
5,0.690625011920929,0.7574378252029419,0.6926151514053345,592.0,587.0,0.5851942896842957,0.0009999999,0.3859805166721344,0.6923845410346985,0.6934725642204285,0.6916666626930237,0.6942708492279053,1333.0,1328.0,0.5,0.5005208253860474,0.5,240.0,240.0,4.058102130889893,0.0,0.5,0.5,0.5,0.5,240.0,240.0
