epoch,accuracy,auc,f1_score,fn,fp,loss,lr,mcc,npv,precision,recall,specificity,tn,tp,val_accuracy,val_auc,val_f1_score,val_fn,val_fp,val_loss,val_mcc,val_npv,val_precision,val_recall,val_specificity,val_tn,val_tp
0,0.5552083253860474,0.5919142961502075,0.534010648727417,1068.0,1073.0,0.7189661860466003,0.01,0.07176461815834045,0.5377457737922668,0.5538461804389954,0.5550000071525574,0.534375011920929,1327.0,1332.0,0.5,0.5,0.5,240.0,240.0,38.5511474609375,0.0,0.5,0.5,0.5,0.5,240.0,240.0
1,0.6166666746139526,0.6447473168373108,0.6049037575721741,763.0,745.0,0.6713513731956482,0.01,0.21499408781528473,0.6068074107170105,0.6083070635795593,0.6026041507720947,0.6119791865348816,1175.0,1157.0,0.5,0.5005208253860474,0.5,240.0,240.0,6.1988091468811035,0.0,0.5,0.5,0.5,0.5,240.0,240.0
2,0.625,0.6621013879776001,0.6151142120361328,737.0,743.0,0.6604413390159607,0.01,0.22952605783939362,0.6147202253341675,0.6142264008522034,0.6161458492279053,0.6130208373069763,1177.0,1183.0,0.5,0.5057096481323242,0.5,240.0,240.0,3.932102918624878,0.0,0.5,0.5,0.5,0.5,240.0,240.0
3,0.6447916626930237,0.6877496242523193,0.6414555907249451,692.0,680.0,0.6474568843841553,0.01,0.28580278158187866,0.6419850587844849,0.6436058878898621,0.6395833492279053,0.6458333134651184,1240.0,1228.0,0.5,0.5182291865348816,0.5,240.0,240.0,3.7345216274261475,0.0,0.5,0.5,0.5,0.5,240.0,240.0
4,0.6223958134651184,0.6687325239181519,0.620554506778717,734.0,717.0,0.6561803221702576,0.0009999999,0.24437211453914642,0.6208721399307251,0.6232264637947083,0.6177083253860474,0.6265624761581421,1203.0,1186.0,0.5,0.5,0.5,240.0,240.0,5.1353068351745605,0.0,0.5,0.5,0.5,0.5,240.0,240.0
5,0.6567708253860474,0.7051185369491577,0.6511335372924805,676.0,656.0,0.6297677159309387,0.0009999999,0.3063647449016571,0.651867151260376,0.6547368168830872,0.6479166746139526,0.6583333611488342,1264.0,1244.0,0.5,0.5,0.5,240.0,240.0,8.113635063171387,0.0,0.5,0.5,0.5,0.5,240.0,240.0
