epoch,accuracy,auc,f1_score,fn,fp,loss,lr,mcc,npv,precision,recall,specificity,tn,tp,val_accuracy,val_auc,val_f1_score,val_fn,val_fp,val_loss,val_mcc,val_npv,val_precision,val_recall,val_specificity,val_tn,val_tp
0,0.5458333492279053,0.5308539271354675,0.533152163028717,1133.0,1134.0,0.727714478969574,0.01,0.06959495693445206,0.5350102782249451,0.5276967883110046,0.527916669845581,0.534375011920929,1266.0,1267.0,0.5,0.5,0.5,240.0,240.0,18.995147705078125,0.0,0.5,0.5,0.5,0.5,240.0,240.0
1,0.5776041746139526,0.5977619290351868,0.5667313933372498,832.0,826.0,0.6919664740562439,0.01,0.13675136864185333,0.568715512752533,0.5684430599212646,0.5666666626930237,0.5697916746139526,1094.0,1088.0,0.5,0.5,0.5,240.0,240.0,7.1057281494140625,0.0,0.5,0.5,0.5,0.5,240.0,240.0
2,0.5989583134651184,0.6290056705474854,0.5907972455024719,789.0,776.0,0.6719415187835693,0.01,0.18513934314250946,0.5919114947319031,0.5930781364440918,0.589062511920929,0.5958333611488342,1144.0,1131.0,0.5,0.5563346743583679,0.5,240.0,240.0,1.8266080617904663,0.0,0.5,0.5,0.5,0.5,240.0,240.0
3,0.6067708134651184,0.6412263512611389,0.6018959879875183,771.0,746.0,0.6623480916023254,0.01,0.21007446944713593,0.6043862104415894,0.6063324809074402,0.598437488079071,0.6114583611488342,1174.0,1149.0,0.5,0.503125011920929,0.5,240.0,240.0,3.7451770305633545,0.0,0.5,0.5,0.5,0.5,240.0,240.0
4,0.6229166388511658,0.6761175990104675,0.6235288381576538,724.0,720.0,0.650763213634491,0.0009999999,0.24795790016651154,0.6237711310386658,0.6242170929908752,0.6229166388511658,0.625,1200.0,1196.0,0.5,0.5010416507720947,0.5,240.0,240.0,4.292103290557861,0.0,0.5,0.5,0.5,0.5,240.0,240.0
5,0.628125011920929,0.6795587539672852,0.629699170589447,712.0,708.0,0.6424108743667603,0.0009999999,0.2604476809501648,0.6301742196083069,0.630480170249939,0.6291666626930237,0.6312500238418579,1212.0,1208.0,0.5,0.5098958611488342,0.5,240.0,240.0,3.3712501525878906,0.0,0.5,0.5,0.5,0.5,240.0,240.0
