epoch,accuracy,auc,f1_score,fn,fp,loss,lr,mcc,npv,precision,recall,specificity,tn,tp,val_accuracy,val_auc,val_f1_score,val_fn,val_fp,val_loss,val_mcc,val_npv,val_precision,val_recall,val_specificity,val_tn,val_tp
0,0.5692708492279053,0.533645749092102,0.5419743657112122,1104.0,1150.0,0.724227249622345,0.01,0.07658568769693375,0.5386620759963989,0.5298446416854858,0.5400000214576721,0.5260416865348816,1250.0,1296.0,0.5,0.5,0.5,240.0,240.0,18.03165626525879,0.0,0.5,0.5,0.5,0.5,240.0,240.0
1,0.6182291507720947,0.658238410949707,0.6100770235061646,746.0,755.0,0.6564836502075195,0.01,0.21858622133731842,0.6089889407157898,0.6086055040359497,0.6114583611488342,0.6067708134651184,1165.0,1174.0,0.5062500238418579,0.5563390254974365,0.5,240.0,232.0,3.7833950519561768,0.015699895098805428,0.5147233009338379,0.508474588394165,0.5,0.5166666507720947,248.0,240.0
2,0.6552083492279053,0.7047188878059387,0.6518704295158386,674.0,656.0,0.6256154775619507,0.01,0.30743905901908875,0.6525013446807861,0.6550998687744141,0.6489583253860474,0.6583333611488342,1264.0,1246.0,0.5,0.5241753458976746,0.5,240.0,240.0,3.8428683280944824,0.0,0.5,0.5,0.5,0.5,240.0,240.0
3,0.6713541746139526,0.7287061810493469,0.669542133808136,634.0,637.0,0.6083129644393921,0.01,0.33810514211654663,0.6687106490135193,0.6687467694282532,0.6697916388511658,0.6682291626930237,1283.0,1286.0,0.5,0.5443640947341919,0.5,240.0,240.0,2.0921928882598877,0.0,0.5,0.5,0.5,0.5,240.0,240.0
4,0.6822916865348816,0.7485677599906921,0.6819688677787781,609.0,613.0,0.5892230272293091,0.01,0.36358442902565,0.6824169158935547,0.6813929080963135,0.682812511920929,0.6807291507720947,1307.0,1311.0,0.5,0.5,0.5,240.0,240.0,5.900572776794434,0.0,0.5,0.5,0.5,0.5,240.0,240.0
5,0.7369791865348816,0.8144934177398682,0.7368572354316711,506.0,504.0,0.5289624333381653,0.0009999999,0.47399139404296875,0.7367189526557922,0.7372262477874756,0.7364583611488342,0.737500011920929,1416.0,1414.0,0.5,0.5,0.5,240.0,240.0,7.089685440063477,0.0,0.5,0.5,0.5,0.5,240.0,240.0
6,0.7614583373069763,0.8489571809768677,0.7616484761238098,460.0,454.0,0.4809049069881439,0.0009999999,0.52398681640625,0.7610953450202942,0.762800395488739,0.7604166865348816,0.7635416388511658,1466.0,1460.0,0.5,0.5052083134651184,0.5,240.0,240.0,4.35440731048584,0.0,0.5,0.5,0.5,0.5,240.0,240.0
