epoch,accuracy,auc,f1_score,fn,fp,loss,lr,mcc,npv,precision,recall,specificity,tn,tp,val_accuracy,val_auc,val_f1_score,val_fn,val_fp,val_loss,val_mcc,val_npv,val_precision,val_recall,val_specificity,val_tn,val_tp
0,0.581250011920929,0.5916329026222229,0.5729178190231323,1035.0,1045.0,0.7029018402099609,0.01,0.1453411728143692,0.5727555751800537,0.5663900375366211,0.5687500238418579,0.5697916746139526,1355.0,1365.0,0.5,0.5,0.5,240.0,240.0,17.761837005615234,0.0,0.5,0.5,0.5,0.5,240.0,240.0
1,0.6333333253860474,0.6791422367095947,0.6236100792884827,724.0,719.0,0.6562147736549377,0.01,0.24890345335006714,0.6237156987190247,0.6245430707931519,0.6229166388511658,0.6255208253860474,1201.0,1196.0,0.5,0.5381076335906982,0.5,240.0,240.0,1.590235948562622,0.0,0.5,0.5,0.5,0.5,240.0,240.0
2,0.6645833253860474,0.6980068683624268,0.6582686901092529,655.0,658.0,0.6395406126976013,0.01,0.316340833902359,0.6583787202835083,0.65782630443573,0.6588541865348816,0.6572916507720947,1262.0,1265.0,0.5,0.5185178518295288,0.5,240.0,240.0,3.1105599403381348,0.0,0.5,0.5,0.5,0.5,240.0,240.0
3,0.6760416626930237,0.7365832328796387,0.6743935346603394,624.0,626.0,0.6066750884056091,0.01,0.3490883708000183,0.6751644015312195,0.6742976307868958,0.675000011920929,0.6739583611488342,1294.0,1296.0,0.5,0.5,0.5,240.0,240.0,5.6783528327941895,0.0,0.5,0.5,0.5,0.5,240.0,240.0
4,0.6968749761581421,0.7628856301307678,0.6988664865493774,581.0,573.0,0.5810528993606567,0.0009999999,0.3990474343299866,0.6986393332481384,0.7003138065338135,0.6973958611488342,0.7015625238418579,1347.0,1339.0,0.5,0.5010416507720947,0.5,240.0,240.0,4.038619041442871,0.0,0.5,0.5,0.5,0.5,240.0,240.0
5,0.7171875238418579,0.7875090837478638,0.7168506383895874,544.0,543.0,0.552571713924408,0.0009999999,0.4339493215084076,0.7168639898300171,0.7170401215553284,0.7166666388511658,0.7171875238418579,1377.0,1376.0,0.5,0.5,0.5,240.0,240.0,4.690919399261475,0.0,0.5,0.5,0.5,0.5,240.0,240.0
