epoch,accuracy,auc,f1_score,fn,fp,loss,lr,mcc,npv,precision,recall,specificity,tn,tp,val_accuracy,val_auc,val_f1_score,val_fn,val_fp,val_loss,val_mcc,val_npv,val_precision,val_recall,val_specificity,val_tn,val_tp
0,0.5744791626930237,0.5571096539497375,0.5589681267738342,1085.0,1082.0,0.7072886228561401,0.01,0.12190280109643936,0.5615257620811462,0.5486024022102356,0.5479166507720947,0.5614583492279053,1318.0,1315.0,0.5,0.5,0.5,240.0,240.0,14.104531288146973,0.0,0.5,0.5,0.5,0.5,240.0,240.0
1,0.59375,0.6165788173675537,0.5769675970077515,807.0,818.0,0.6803721189498901,0.01,0.1540689766407013,0.5787252187728882,0.5763853192329407,0.5796874761581421,0.5739583373069763,1102.0,1113.0,0.5,0.5,0.0,480.0,0.0,18.666053771972656,0.0,0.5,0.0,0.0,1.0,480.0,0.0
2,0.6234375238418579,0.6599435210227966,0.6210435032844543,717.0,750.0,0.6569420099258423,0.01,0.23626083135604858,0.6202893853187561,0.6159754395484924,0.6265624761581421,0.609375,1170.0,1203.0,0.5,0.5,0.5,240.0,240.0,10.76023006439209,0.0,0.5,0.5,0.5,0.5,240.0,240.0
3,0.6380208134651184,0.6735914349555969,0.630112886428833,705.0,719.0,0.6478821039199829,0.01,0.2586438059806824,0.6308524012565613,0.6282316446304321,0.6328125,0.6255208253860474,1201.0,1215.0,0.5,0.5,0.5,240.0,240.0,12.798181533813477,0.0,0.5,0.5,0.5,0.5,240.0,240.0
4,0.625,0.6672869920730591,0.6205058693885803,732.0,720.0,0.6492761373519897,0.0009999999,0.24394279718399048,0.6213729381561279,0.6226415038108826,0.6187499761581421,0.625,1200.0,1188.0,0.5,0.5,0.5,240.0,240.0,8.510927200317383,0.0,0.5,0.5,0.5,0.5,240.0,240.0
5,0.6536458134651184,0.7051963806152344,0.6495283246040344,687.0,642.0,0.628402590751648,0.0009999999,0.308327853679657,0.6508375406265259,0.6575999855995178,0.6421874761581421,0.6656249761581421,1278.0,1233.0,0.5,0.5,0.5,240.0,240.0,7.0684380531311035,0.0,0.5,0.5,0.5,0.5,240.0,240.0
