epoch,accuracy,auc,f1_score,fn,fp,loss,lr,mcc,npv,precision,recall,specificity,tn,tp,val_accuracy,val_auc,val_f1_score,val_fn,val_fp,val_loss,val_mcc,val_npv,val_precision,val_recall,val_specificity,val_tn,val_tp
0,0.5651041865348816,0.6386557817459106,0.5585470199584961,969.0,972.0,0.730415940284729,0.01,0.11655483394861221,0.557923436164856,0.5955055952072144,0.5962499976158142,0.5562499761581421,1428.0,1431.0,0.5,0.5,0.5,240.0,240.0,50.85865783691406,0.0,0.5,0.5,0.5,0.5,240.0,240.0
1,0.6572916507720947,0.6952825784683228,0.645115315914154,682.0,677.0,0.6368892192840576,0.01,0.29291999340057373,0.6464964747428894,0.6464751958847046,0.6447916626930237,0.6473958492279053,1243.0,1238.0,0.5,0.5623849630355835,0.1531531661748886,435.0,27.0,0.9914445281028748,0.04106839746236801,0.5114923715591431,0.625,0.09375,0.9437500238418579,453.0,45.0
2,0.7046874761581421,0.7643904685974121,0.705746591091156,566.0,561.0,0.5816408395767212,0.01,0.4134095013141632,0.7069006562232971,0.7070496082305908,0.7052083611488342,0.707812488079071,1359.0,1354.0,0.5,0.5,0.5,240.0,240.0,4.375170707702637,0.0,0.5,0.5,0.5,0.5,240.0,240.0
3,0.7250000238418579,0.7897123694419861,0.7197837829589844,534.0,544.0,0.5586050748825073,0.01,0.4388944208621979,0.7209864854812622,0.7181347012519836,0.721875011920929,0.7166666388511658,1376.0,1386.0,0.5,0.5731597542762756,0.5,240.0,240.0,2.0457797050476074,0.0,0.5,0.5,0.5,0.5,240.0,240.0
4,0.7447916865348816,0.8226526975631714,0.7420790791511536,489.0,507.0,0.5206494927406311,0.0009999999,0.48158761858940125,0.7425792813301086,0.7383900880813599,0.745312511920929,0.7359374761581421,1413.0,1431.0,0.5,0.5897765159606934,0.5,240.0,240.0,1.2323031425476074,0.0,0.5,0.5,0.5,0.5,240.0,240.0
5,0.7708333134651184,0.8511664271354675,0.7722072005271912,435.0,441.0,0.48870792984962463,0.0009999999,0.5439069271087646,0.7728474140167236,0.7710280418395996,0.7734375,0.770312488079071,1479.0,1485.0,0.5,0.5937912464141846,0.5,240.0,240.0,1.1582804918289185,0.0,0.5,0.5,0.5,0.5,240.0,240.0
