epoch,accuracy,auc,f1_score,fn,fp,loss,lr,mcc,npv,precision,recall,specificity,tn,tp,val_accuracy,val_auc,val_f1_score,val_fn,val_fp,val_loss,val_mcc,val_npv,val_precision,val_recall,val_specificity,val_tn,val_tp
0,0.6109374761581421,0.6010979413986206,0.5976731777191162,997.0,1010.0,0.7028297781944275,0.01,0.19609566032886505,0.5994436144828796,0.581433892250061,0.5845833420753479,0.5953124761581421,1390.0,1403.0,0.5,0.5,0.6666666269302368,0.0,480.0,5.25104284286499,0.0,0.0,0.5,1.0,0.0,0.0,480.0
1,0.6645833253860474,0.7288832664489746,0.6644290089607239,644.0,643.0,0.6093560457229614,0.01,0.3301960229873657,0.6654656529426575,0.6649296283721924,0.6645833253860474,0.6651041507720947,1277.0,1276.0,0.5,0.5577343702316284,0.5,240.0,240.0,0.9932889342308044,0.0,0.5,0.5,0.5,0.5,240.0,240.0
2,0.7203124761581421,0.7894964218139648,0.7221721410751343,531.0,537.0,0.5569604635238647,0.01,0.44410833716392517,0.7229673266410828,0.7211837768554688,0.723437488079071,0.7203124761581421,1383.0,1389.0,0.5,0.6196897029876709,0.5,240.0,240.0,0.9319788813591003,0.0,0.5,0.5,0.5,0.5,240.0,240.0
3,0.7421875,0.8231497406959534,0.74303138256073,490.0,499.0,0.5160982608795166,0.01,0.4851546585559845,0.7437242865562439,0.7413167357444763,0.7447916865348816,0.7401041388511658,1421.0,1430.0,0.5,0.6055490374565125,0.5,240.0,240.0,2.5526976585388184,0.0,0.5,0.5,0.5,0.5,240.0,240.0
4,0.7630208134651184,0.8376214504241943,0.7635851502418518,453.0,455.0,0.49880120158195496,0.0009999999,0.5274546146392822,0.7641924619674683,0.763267457485199,0.7640625238418579,0.7630208134651184,1465.0,1467.0,0.5,0.6281792521476746,0.5,240.0,240.0,1.6570662260055542,0.0,0.5,0.5,0.5,0.5,240.0,240.0
5,0.7880208492279053,0.8743936419487,0.7924696207046509,399.0,398.0,0.44477590918540955,0.0009999999,0.5850555300712585,0.7922256588935852,0.7926003336906433,0.792187511920929,0.7927083373069763,1522.0,1521.0,0.5,0.6373133659362793,0.5,240.0,240.0,1.4961438179016113,0.0,0.5,0.5,0.5,0.5,240.0,240.0
