epoch,accuracy,auc,f1_score,fn,fp,loss,lr,mcc,npv,precision,recall,specificity,tn,tp,val_accuracy,val_auc,val_f1_score,val_fn,val_fp,val_loss,val_mcc,val_npv,val_precision,val_recall,val_specificity,val_tn,val_tp
0,0.6052083373069763,0.5931116938591003,0.5996995568275452,1001.0,1022.0,0.7056984305381775,0.01,0.19680945575237274,0.5997903347015381,0.577860414981842,0.5829166769981384,0.5927083492279053,1378.0,1399.0,0.5,0.5,0.5,240.0,240.0,10.058943748474121,0.0,0.5,0.5,0.5,0.5,240.0,240.0
1,0.731249988079071,0.7971612215042114,0.7302736639976501,517.0,519.0,0.5476663708686829,0.01,0.4609943926334381,0.7308233976364136,0.729968786239624,0.7307291626930237,0.729687511920929,1401.0,1403.0,0.5,0.5283702611923218,0.5,240.0,240.0,2.3234338760375977,0.0,0.5,0.5,0.5,0.5,240.0,240.0
2,0.7510416507720947,0.8256358504295349,0.7556387782096863,468.0,471.0,0.5142950415611267,0.01,0.511203944683075,0.7560557126998901,0.7550702095031738,0.7562500238418579,0.754687488079071,1449.0,1452.0,0.5,0.5875803232192993,0.509661853313446,234.0,242.0,0.838899552822113,0.007665427401661873,0.5,0.5040983557701111,0.512499988079071,0.4958333373069763,238.0,246.0
3,0.7578125,0.8435974717140198,0.757315456867218,466.0,466.0,0.48850688338279724,0.01,0.5148612260818481,0.7573692202568054,0.7572916746139526,0.7572916746139526,0.7572916746139526,1454.0,1454.0,0.5,0.49947914481163025,0.5,240.0,240.0,3.1057207584381104,0.0,0.5,0.5,0.5,0.5,240.0,240.0
4,0.784375011920929,0.8569061160087585,0.7841798067092896,415.0,413.0,0.47178399562835693,0.0009999999,0.568962037563324,0.7843781113624573,0.7846715450286865,0.7838541865348816,0.7848958373069763,1507.0,1505.0,0.5,0.5020833015441895,0.5,240.0,240.0,3.1506993770599365,0.0,0.5,0.5,0.5,0.5,240.0,240.0
5,0.8098958134651184,0.8881078958511353,0.8106393814086914,362.0,366.0,0.42591217160224915,0.0009999999,0.6210405826568604,0.8111459016799927,0.8097712993621826,0.8114583492279053,0.809374988079071,1554.0,1558.0,0.5,0.6054253578186035,0.5,240.0,240.0,1.5586401224136353,0.0,0.5,0.5,0.5,0.5,240.0,240.0
