epoch,accuracy,auc,f1_score,fn,fp,loss,lr,mcc,npv,precision,recall,specificity,tn,tp,val_accuracy,val_auc,val_f1_score,val_fn,val_fp,val_loss,val_mcc,val_npv,val_precision,val_recall,val_specificity,val_tn,val_tp
0,0.6015625,0.5923678874969482,0.5850569009780884,1018.0,1004.0,0.724506139755249,0.01,0.17516055703163147,0.586862325668335,0.5792120695114136,0.5758333206176758,0.5911458134651184,1396.0,1382.0,0.49791666865348816,0.5257747173309326,0.0,480.0,0.0,4.492143154144287,0.0,0.5,0.0,0.0,1.0,480.0,0.0
1,0.6333333253860474,0.6782321333885193,0.6306686401367188,717.0,691.0,0.6485611200332642,0.01,0.26715999841690063,0.6316919326782227,0.6351636648178101,0.6265624761581421,0.6401041746139526,1229.0,1203.0,0.5,0.5,0.5,240.0,240.0,8.086017608642578,0.0,0.5,0.5,0.5,0.5,240.0,240.0
2,0.6682291626930237,0.718640148639679,0.6642383337020874,642.0,648.0,0.6157767176628113,0.01,0.3284706771373749,0.6652091145515442,0.663551390171051,0.6656249761581421,0.6625000238418579,1272.0,1278.0,0.5,0.575805127620697,0.5,240.0,239.0,1.901161789894104,0.0020517667289823294,0.5020201802253723,0.5010438561439514,0.5,0.5020833611488342,241.0,240.0
3,0.6796875,0.7398544549942017,0.6812379956245422,602.0,632.0,0.6011830568313599,0.01,0.3575892448425293,0.6812647581100464,0.6758974194526672,0.6864583492279053,0.6708333492279053,1288.0,1318.0,0.5,0.5875586271286011,0.5,240.0,240.0,0.9788408875465393,0.0,0.5,0.5,0.5,0.5,240.0,240.0
4,0.706250011920929,0.7661983370780945,0.7005167007446289,575.0,575.0,0.5827217102050781,0.01,0.4012511670589447,0.7005519866943359,0.7005208134651184,0.7005208134651184,0.7005208134651184,1345.0,1345.0,0.5,0.5705512166023254,0.5,240.0,240.0,1.8527305126190186,0.0,0.5,0.5,0.5,0.5,240.0,240.0
5,0.7307291626930237,0.7977145314216614,0.7319666743278503,517.0,509.0,0.550813615322113,0.0009999999,0.465774804353714,0.7324754595756531,0.7337865829467773,0.7307291626930237,0.7348958253860474,1411.0,1403.0,0.5,0.5719661116600037,0.5,240.0,240.0,2.2970902919769287,0.0,0.5,0.5,0.5,0.5,240.0,240.0
6,0.7734375,0.8434183597564697,0.7745893597602844,434.0,431.0,0.4911528527736664,0.0009999999,0.5495536923408508,0.7743008732795715,0.7751695513725281,0.7739583253860474,0.7755208611488342,1489.0,1486.0,0.5,0.5249999761581421,0.5,240.0,240.0,2.725498676300049,0.0,0.5,0.5,0.5,0.5,240.0,240.0
