epoch,accuracy,auc,f1_score,fn,fp,loss,lr,mcc,npv,precision,recall,specificity,tn,tp,val_accuracy,val_auc,val_f1_score,val_fn,val_fp,val_loss,val_mcc,val_npv,val_precision,val_recall,val_specificity,val_tn,val_tp
0,0.559374988079071,0.549700915813446,0.5592013597488403,1092.0,1068.0,0.7287881970405579,0.01,0.12579330801963806,0.5604890584945679,0.5505050420761108,0.5450000166893005,0.5687500238418579,1332.0,1308.0,0.512499988079071,0.5,0.0,480.0,0.0,16.53458595275879,0.0,0.5,0.0,0.0,1.0,480.0,0.0
1,0.6098958253860474,0.6321016550064087,0.6068949103355408,746.0,773.0,0.678212583065033,0.01,0.2093353122472763,0.6062133312225342,0.6029789447784424,0.6114583611488342,0.5973958373069763,1147.0,1174.0,0.5,0.5,0.5,240.0,240.0,4.9454498291015625,0.0,0.5,0.5,0.5,0.5,240.0,240.0
2,0.6499999761581421,0.7044863700866699,0.6433570384979248,687.0,677.0,0.6251835227012634,0.01,0.2900967299938202,0.6448121666908264,0.6455497145652771,0.6421874761581421,0.6473958492279053,1243.0,1233.0,0.5,0.6054840087890625,0.5189697742462158,228.0,245.0,0.8692415952682495,0.01390891894698143,0.5,0.5070422291755676,0.5249999761581421,0.4895833432674408,235.0,252.0
3,0.6625000238418579,0.719596266746521,0.6563761830329895,662.0,654.0,0.6175668239593506,0.01,0.3149894177913666,0.6569092869758606,0.6579498052597046,0.6552083492279053,0.659375011920929,1266.0,1258.0,0.5,0.6118077039718628,0.48362213373184204,258.0,183.0,0.7365472912788391,0.0731620118021965,0.5570533871650696,0.5481481552124023,0.4625000059604645,0.6187499761581421,297.0,222.0
4,0.7328125238418579,0.7996926307678223,0.7330435514450073,506.0,523.0,0.5544560551643372,0.0009999999,0.46450263261795044,0.7346409559249878,0.7299948334693909,0.7364583611488342,0.7276041507720947,1397.0,1414.0,0.5,0.6261566877365112,0.5,240.0,240.0,0.8718878626823425,0.0,0.5,0.5,0.5,0.5,240.0,240.0
5,0.7432291507720947,0.8165600895881653,0.7422181367874146,490.0,502.0,0.5286268591880798,0.0009999999,0.4837331175804138,0.743916928768158,0.740165650844574,0.7447916865348816,0.7385416626930237,1418.0,1430.0,0.5,0.6374457478523254,0.5,240.0,240.0,0.8482692241668701,0.0,0.5,0.5,0.5,0.5,240.0,240.0
