epoch,accuracy,auc,f1_score,fn,fp,loss,lr,mcc,npv,precision,recall,specificity,tn,tp,val_accuracy,val_auc,val_f1_score,val_fn,val_fp,val_loss,val_mcc,val_npv,val_precision,val_recall,val_specificity,val_tn,val_tp
0,0.5562499761581421,0.5658044815063477,0.5376726984977722,1104.0,1068.0,0.7387900948524475,0.01,0.086213618516922,0.5422078967094421,0.5482233762741089,0.5400000214576721,0.5526041388511658,1332.0,1296.0,0.5,0.5,0.5,240.0,240.0,133.6437530517578,0.0,0.5,0.5,0.5,0.5,240.0,240.0
1,0.6213541626930237,0.6526131629943848,0.6061432361602783,760.0,742.0,0.6612533330917358,0.01,0.2183491587638855,0.6091365218162537,0.6098843216896057,0.6041666865348816,0.6135416626930237,1178.0,1160.0,0.49791666865348816,0.49270832538604736,0.0,480.0,0.0,2.7170393466949463,0.0,0.5,0.0,0.0,1.0,480.0,0.0
2,0.6635416746139526,0.7176985740661621,0.6603582501411438,653.0,648.0,0.6211349964141846,0.01,0.3228603005409241,0.6614657640457153,0.6616187691688538,0.6598958373069763,0.6625000238418579,1272.0,1267.0,0.5,0.5671050548553467,0.5,240.0,240.0,1.333863615989685,0.0,0.5,0.5,0.5,0.5,240.0,240.0
3,0.6791666746139526,0.7519115805625916,0.6801251769065857,614.0,613.0,0.5887699723243713,0.01,0.3612474501132965,0.6809195876121521,0.6805627942085266,0.6802083253860474,0.6807291507720947,1307.0,1306.0,0.5,0.5672764778137207,0.5,240.0,240.0,1.8075428009033203,0.0,0.5,0.5,0.5,0.5,240.0,240.0
4,0.7213541865348816,0.7895186543464661,0.7192558646202087,538.0,539.0,0.5550758242607117,0.0009999999,0.4393065869808197,0.7204506397247314,0.7194169759750366,0.7197916507720947,0.7192708253860474,1381.0,1382.0,0.5,0.584071159362793,0.5,240.0,240.0,1.0611798763275146,0.0,0.5,0.5,0.5,0.5,240.0,240.0
5,0.7322916388511658,0.8117943406105042,0.7350315451622009,505.0,514.0,0.5296133160591125,0.0009999999,0.4694315493106842,0.7362557053565979,0.7335407137870789,0.7369791865348816,0.7322916388511658,1406.0,1415.0,0.4937500059604645,0.5777994394302368,0.49589741230010986,241.0,243.0,0.8168792724609375,-0.008272250182926655,0.4978494644165039,0.4958506226539612,0.49791666865348816,0.4937500059604645,237.0,239.0
