epoch,accuracy,auc,f1_score,fn,fp,loss,lr,mcc,npv,precision,recall,specificity,tn,tp,val_accuracy,val_auc,val_f1_score,val_fn,val_fp,val_loss,val_mcc,val_npv,val_precision,val_recall,val_specificity,val_tn,val_tp
0,0.5458333492279053,0.6484619975090027,0.5505487322807312,963.0,964.0,0.7374598383903503,0.01,0.10272712260484695,0.5502833724021912,0.5985006093978882,0.5987499952316284,0.5510416626930237,1436.0,1437.0,0.5,0.5,0.5,240.0,240.0,2847.50537109375,0.0,0.5,0.5,0.5,0.5,240.0,240.0
1,0.6145833134651184,0.6426259875297546,0.6082294583320618,747.0,765.0,0.6662588715553284,0.01,0.2129356563091278,0.606667697429657,0.6052631735801697,0.6109374761581421,0.6015625,1155.0,1173.0,0.5,0.5,0.5,240.0,240.0,34.745765686035156,0.0,0.5,0.5,0.5,0.5,240.0,240.0
2,0.6135416626930237,0.6460428833961487,0.6143827438354492,744.0,732.0,0.6656371355056763,0.01,0.23151975870132446,0.6147311925888062,0.6163522005081177,0.612500011920929,0.6187499761581421,1188.0,1176.0,0.5,0.5727169513702393,0.5409974455833435,217.0,242.0,1.0733479261398315,0.04101423919200897,0.5034482479095459,0.5207920670509338,0.5479166507720947,0.4958333373069763,238.0,263.0
3,0.620312511920929,0.6551928520202637,0.6148630380630493,744.0,727.0,0.6576637029647827,0.01,0.23405010998249054,0.6164147257804871,0.6179715991020203,0.612500011920929,0.6213541626930237,1193.0,1176.0,0.5,0.5185893774032593,0.5,240.0,240.0,2.210120439529419,0.0,0.5,0.5,0.5,0.5,240.0,240.0
4,0.6234375238418579,0.6722570657730103,0.6238769888877869,720.0,727.0,0.6563833355903625,0.0009999999,0.2464599907398224,0.6235179901123047,0.6227296590805054,0.625,0.6213541626930237,1193.0,1200.0,0.5,0.584485650062561,0.5,240.0,240.0,0.8841664791107178,0.0,0.5,0.5,0.5,0.5,240.0,240.0
5,0.6427083611488342,0.6878328919410706,0.6439783573150635,681.0,689.0,0.6401475667953491,0.0009999999,0.28660717606544495,0.6437681913375854,0.6426348686218262,0.645312488079071,0.6411458253860474,1231.0,1239.0,0.5,0.5879513621330261,0.5,240.0,240.0,0.8071958422660828,0.0,0.5,0.5,0.5,0.5,240.0,240.0
