epoch,accuracy,auc,f1_score,fn,fp,loss,lr,mcc,npv,precision,recall,specificity,tn,tp,val_accuracy,val_auc,val_f1_score,val_fn,val_fp,val_loss,val_mcc,val_npv,val_precision,val_recall,val_specificity,val_tn,val_tp
0,0.5822916626930237,0.593439519405365,0.5762808322906494,1051.0,1028.0,0.7101820111274719,0.01,0.15711943805217743,0.5778793692588806,0.5675221085548401,0.5620833039283752,0.5817708373069763,1372.0,1349.0,0.5,0.5,0.5,240.0,240.0,45.64225387573242,0.0,0.5,0.5,0.5,0.5,240.0,240.0
1,0.6614583134651184,0.7194386124610901,0.6640802621841431,643.0,643.0,0.6151250004768372,0.01,0.3306465148925781,0.6671352386474609,0.6651041507720947,0.6651041507720947,0.6651041507720947,1277.0,1277.0,0.5,0.5,0.5,240.0,240.0,6.508965015411377,0.0,0.5,0.5,0.5,0.5,240.0,240.0
2,0.6859375238418579,0.7519614100456238,0.6895591020584106,597.0,593.0,0.5916491150856018,0.01,0.3805813491344452,0.6902207136154175,0.6905010342597961,0.6890624761581421,0.6911458373069763,1327.0,1323.0,0.5,0.5489344596862793,0.5,240.0,240.0,2.12913179397583,0.0,0.5,0.5,0.5,0.5,240.0,240.0
3,0.7119791507720947,0.7847269773483276,0.7090784907341003,559.0,554.0,0.5586392283439636,0.01,0.4205678701400757,0.7109689712524414,0.7107049822807312,0.7088541388511658,0.7114583253860474,1366.0,1361.0,0.5,0.5,0.5,240.0,240.0,4.034017562866211,0.0,0.5,0.5,0.5,0.5,240.0,240.0
4,0.7255208492279053,0.7958351373672485,0.7257593870162964,524.0,530.0,0.5557113289833069,0.0009999999,0.45124661922454834,0.7266911268234253,0.7248182892799377,0.7270833253860474,0.7239583134651184,1390.0,1396.0,0.5,0.5937218070030212,0.5,240.0,240.0,1.213878870010376,0.0,0.5,0.5,0.5,0.5,240.0,240.0
5,0.7760416865348816,0.8470890522003174,0.7753899693489075,425.0,441.0,0.48686426877975464,0.0009999999,0.5491489768028259,0.7769388556480408,0.7722107172012329,0.7786458134651184,0.770312488079071,1479.0,1495.0,0.5,0.5860525369644165,0.5,240.0,240.0,1.0049803256988525,0.0,0.5,0.5,0.5,0.5,240.0,240.0
