epoch,accuracy,auc,f1_score,fn,fp,loss,lr,mcc,npv,precision,recall,specificity,tn,tp,val_accuracy,val_auc,val_f1_score,val_fn,val_fp,val_loss,val_mcc,val_npv,val_precision,val_recall,val_specificity,val_tn,val_tp
0,0.5963541865348816,0.5647843480110168,0.5792568922042847,1049.0,1034.0,0.7210056781768799,0.01,0.16590353846549988,0.5838373899459839,0.5664570331573486,0.5629166960716248,0.5864583253860474,1366.0,1351.0,0.5,0.5,0.5,240.0,240.0,32.40920639038086,0.0,0.5,0.5,0.5,0.5,240.0,240.0
1,0.6234375238418579,0.6596574783325195,0.6225950717926025,726.0,720.0,0.6627026200294495,0.01,0.24773550033569336,0.6231241226196289,0.6238244771957397,0.621874988079071,0.625,1200.0,1194.0,0.5,0.5,0.5,240.0,240.0,8.18567180633545,0.0,0.5,0.5,0.5,0.5,240.0,240.0
2,0.6604166626930237,0.7126801609992981,0.6587817668914795,654.0,655.0,0.6252038478851318,0.01,0.3186916410923004,0.6600376963615417,0.6590317487716675,0.659375011920929,0.6588541865348816,1265.0,1266.0,0.5,0.5,0.5,240.0,240.0,6.237074375152588,0.0,0.5,0.5,0.5,0.5,240.0,240.0
3,0.6822916865348816,0.7422547936439514,0.6788170337677002,616.0,615.0,0.6032036542892456,0.01,0.35922709107398987,0.6804096698760986,0.6795206069946289,0.6791666746139526,0.6796875,1305.0,1304.0,0.5,0.5,0.5,240.0,240.0,4.626870155334473,0.0,0.5,0.5,0.5,0.5,240.0,240.0
4,0.6744791865348816,0.7359998822212219,0.6716414093971252,632.0,628.0,0.5975385308265686,0.0009999999,0.3441053330898285,0.6713132858276367,0.6722338199615479,0.6708333492279053,0.6729166507720947,1292.0,1288.0,0.5,0.5046875476837158,0.5,240.0,240.0,3.2594456672668457,0.0,0.5,0.5,0.5,0.5,240.0,240.0
5,0.7104166746139526,0.7752773761749268,0.7072290778160095,563.0,562.0,0.5659975409507751,0.0009999999,0.41432392597198486,0.7064187526702881,0.7071391344070435,0.7067708373069763,0.7072916626930237,1358.0,1357.0,0.5,0.6197113394737244,0.5,240.0,240.0,1.7150253057479858,0.0,0.5,0.5,0.5,0.5,240.0,240.0
