epoch,accuracy,auc,f1_score,fn,fp,loss,lr,mcc,npv,precision,recall,specificity,tn,tp,val_accuracy,val_auc,val_f1_score,val_fn,val_fp,val_loss,val_mcc,val_npv,val_precision,val_recall,val_specificity,val_tn,val_tp
0,0.5942708253860474,0.5706146955490112,0.5852118730545044,1029.0,1051.0,0.723770797252655,0.01,0.16743353009223938,0.5843964219093323,0.5660610795021057,0.5712500214576721,0.5776041746139526,1349.0,1371.0,0.5,0.5,0.5,240.0,240.0,205.0908660888672,0.0,0.5,0.5,0.5,0.5,240.0,240.0
1,0.6135416626930237,0.6459377408027649,0.6142998337745667,737.0,746.0,0.6700107455253601,0.01,0.22827331721782684,0.6148004531860352,0.6132711172103882,0.6161458492279053,0.6114583611488342,1174.0,1183.0,0.5,0.5,0.5,240.0,240.0,7.982370853424072,0.0,0.5,0.5,0.5,0.5,240.0,240.0
2,0.6473958492279053,0.6876769065856934,0.637676477432251,701.0,685.0,0.6438635587692261,0.01,0.27853792905807495,0.6374328136444092,0.6402310729026794,0.6348958611488342,0.6432291865348816,1235.0,1219.0,0.5,0.5453862547874451,0.5,240.0,240.0,1.815032720565796,0.0,0.5,0.5,0.5,0.5,240.0,240.0
3,0.6494791507720947,0.7059159278869629,0.646480143070221,681.0,671.0,0.6277806162834167,0.01,0.2960619628429413,0.648082971572876,0.6486911177635193,0.645312488079071,0.6505208611488342,1249.0,1239.0,0.5,0.5472069978713989,0.5,240.0,240.0,0.8946300148963928,0.0,0.5,0.5,0.5,0.5,240.0,240.0
4,0.6432291865348816,0.6906925439834595,0.6407354474067688,688.0,689.0,0.6350272297859192,0.0009999999,0.2831389307975769,0.642922043800354,0.6413326263427734,0.6416666507720947,0.6411458253860474,1231.0,1232.0,0.5,0.5261978507041931,0.4255416989326477,299.0,194.0,0.7290068864822388,-0.01930973120033741,0.4863598942756653,0.48266667127609253,0.37708333134651184,0.5958333611488342,286.0,181.0
5,0.6708333492279053,0.729125440120697,0.6688748002052307,636.0,633.0,0.6065101623535156,0.0009999999,0.3393363654613495,0.6699448227882385,0.6697965860366821,0.668749988079071,0.6703125238418579,1287.0,1284.0,0.5,0.530360221862793,0.5,240.0,240.0,1.145702838897705,0.0,0.5,0.5,0.5,0.5,240.0,240.0
