epoch,accuracy,auc,f1_score,fn,fp,loss,lr,mcc,npv,precision,recall,specificity,tn,tp,val_accuracy,val_auc,val_f1_score,val_fn,val_fp,val_loss,val_mcc,val_npv,val_precision,val_recall,val_specificity,val_tn,val_tp
0,0.574999988079071,0.5723435878753662,0.5543813109397888,1101.0,1081.0,0.7292168736457825,0.01,0.11401187628507614,0.5552970767021179,0.5457983016967773,0.5412499904632568,0.5619791746139526,1319.0,1299.0,0.5,0.5,0.5,240.0,240.0,285.06060791015625,0.0,0.5,0.5,0.5,0.5,240.0,240.0
1,0.6020833253860474,0.6218072772026062,0.5960903167724609,771.0,784.0,0.6850965023040771,0.01,0.19057399034500122,0.5959246158599854,0.5944128036499023,0.598437488079071,0.5916666388511658,1136.0,1149.0,0.5,0.5,0.0,480.0,0.0,7.07272481918335,0.0,0.5,0.0,0.0,1.0,480.0,0.0
2,0.6166666746139526,0.6410573124885559,0.6071818470954895,761.0,739.0,0.6686535477638245,0.01,0.21915505826473236,0.6076669692993164,0.6106427907943726,0.6036458611488342,0.6151041388511658,1181.0,1159.0,0.5,0.5625650882720947,0.5,240.0,240.0,1.5968329906463623,0.0,0.5,0.5,0.5,0.5,240.0,240.0
3,0.6302083134651184,0.658466637134552,0.6187875866889954,746.0,699.0,0.6576824188232422,0.01,0.24779941141605377,0.6209213137626648,0.6268019080162048,0.6114583611488342,0.635937511920929,1221.0,1174.0,0.49166667461395264,0.5500759482383728,0.4906410276889801,244.0,245.0,0.7321909666061401,-0.018718432635068893,0.49166667461395264,0.4906444847583771,0.49166667461395264,0.4895833432674408,235.0,236.0
4,0.621874988079071,0.6543480157852173,0.6199684143066406,732.0,724.0,0.6603594422340393,0.0009999999,0.24187074601650238,0.6203543543815613,0.6213389039039612,0.6187499761581421,0.6229166388511658,1196.0,1188.0,0.5,0.566026508808136,0.5,240.0,240.0,0.9804913997650146,0.0,0.5,0.5,0.5,0.5,240.0,240.0
5,0.6484375,0.6868860125541687,0.6481121182441711,673.0,681.0,0.6405372023582458,0.0009999999,0.29497000575065613,0.6479998826980591,0.646784245967865,0.6494791507720947,0.645312488079071,1239.0,1247.0,0.5,0.5675846338272095,0.5,240.0,240.0,0.9848517775535583,0.0,0.5,0.5,0.5,0.5,240.0,240.0
