epoch,accuracy,auc,f1_score,fn,fp,loss,lr,mcc,npv,precision,recall,specificity,tn,tp,val_accuracy,val_auc,val_f1_score,val_fn,val_fp,val_loss,val_mcc,val_npv,val_precision,val_recall,val_specificity,val_tn,val_tp
0,0.6041666865348816,0.61021888256073,0.5961226224899292,1001.0,1003.0,0.7229653596878052,0.01,0.19468875229358673,0.5974897146224976,0.5824313163757324,0.5829166769981384,0.598437488079071,1397.0,1399.0,0.5,0.5,0.0,480.0,0.0,10.452589988708496,0.0,0.5,0.0,0.0,1.0,480.0,0.0
1,0.6328125,0.6892884373664856,0.6331014633178711,708.0,694.0,0.6398365497589111,0.01,0.2704252302646637,0.6346828937530518,0.6358866691589355,0.6312500238418579,0.6385416388511658,1226.0,1212.0,0.5,0.5158507227897644,0.5,240.0,240.0,2.138108015060425,0.0,0.5,0.5,0.5,0.5,240.0,240.0
2,0.6640625,0.7257013320922852,0.661056637763977,656.0,638.0,0.612026035785675,0.01,0.3263460397720337,0.6621443033218384,0.6645635962486267,0.6583333611488342,0.6677083373069763,1282.0,1264.0,0.5,0.5005208253860474,0.5,240.0,240.0,2.947038412094116,0.0,0.5,0.5,0.5,0.5,240.0,240.0
3,0.6739583611488342,0.745411217212677,0.676605224609375,623.0,615.0,0.5936378836631775,0.01,0.3556033968925476,0.6774762272834778,0.6783472895622253,0.6755208373069763,0.6796875,1305.0,1297.0,0.5,0.603710949420929,0.5,240.0,240.0,1.728094220161438,0.0,0.5,0.5,0.5,0.5,240.0,240.0
4,0.7015625238418579,0.7587224841117859,0.6984553933143616,578.0,581.0,0.5826619267463684,0.0009999999,0.3967105448246002,0.6984754204750061,0.6978679299354553,0.6989583373069763,0.6973958611488342,1339.0,1342.0,0.5,0.6191167235374451,0.5,240.0,240.0,1.3092114925384521,0.0,0.5,0.5,0.5,0.5,240.0,240.0
5,0.7229166626930237,0.7981749176979065,0.7193715572357178,542.0,531.0,0.5423498153686523,0.0009999999,0.4414218068122864,0.7201651334762573,0.7218438982963562,0.7177083492279053,0.723437488079071,1389.0,1378.0,0.5,0.6295182704925537,0.5020512938499451,239.0,240.0,1.0400304794311523,0.0020517667289823294,0.5,0.5010395050048828,0.5020833611488342,0.5,240.0,241.0
