epoch,accuracy,auc,f1_score,fn,fp,loss,lr,mcc,npv,precision,recall,specificity,tn,tp,val_accuracy,val_auc,val_f1_score,val_fn,val_fp,val_loss,val_mcc,val_npv,val_precision,val_recall,val_specificity,val_tn,val_tp
0,0.589062511920929,0.5668348670005798,0.5815966129302979,1035.0,1059.0,0.7172314524650574,0.01,0.1602550894021988,0.5814311504364014,0.5631188154220581,0.5687500238418579,0.573437511920929,1341.0,1365.0,0.5,0.5,0.5,240.0,240.0,55.60789108276367,0.0,0.5,0.5,0.5,0.5,240.0,240.0
1,0.6239583492279053,0.6638543009757996,0.6158846020698547,746.0,714.0,0.6561791300773621,0.01,0.2402619570493698,0.6189368367195129,0.6218220591545105,0.6114583611488342,0.628125011920929,1206.0,1174.0,0.5,0.5,0.5,240.0,240.0,7.822099685668945,0.0,0.5,0.5,0.5,0.5,240.0,240.0
2,0.6411458253860474,0.6847357749938965,0.6371577978134155,692.0,701.0,0.6441794633865356,0.01,0.2750250995159149,0.6396587491035461,0.6365993022918701,0.6395833492279053,0.6348958611488342,1219.0,1228.0,0.5,0.5,0.5,240.0,240.0,5.06561279296875,0.0,0.5,0.5,0.5,0.5,240.0,240.0
3,0.6703125238418579,0.7348196506500244,0.6711753606796265,636.0,621.0,0.6033515334129333,0.01,0.34563931822776794,0.6717334389686584,0.6740157604217529,0.668749988079071,0.676562488079071,1299.0,1284.0,0.5,0.628869354724884,0.5,240.0,240.0,1.6720287799835205,0.0,0.5,0.5,0.5,0.5,240.0,240.0
4,0.6927083134651184,0.76822429895401,0.6891326904296875,596.0,598.0,0.5783942341804504,0.0009999999,0.37835633754730225,0.6895081400871277,0.6888657808303833,0.6895833611488342,0.6885416507720947,1322.0,1324.0,0.5,0.6166254281997681,0.5,240.0,240.0,1.995752215385437,0.0,0.5,0.5,0.5,0.5,240.0,240.0
5,0.7260416746139526,0.800769567489624,0.7225648164749146,536.0,527.0,0.5403569936752319,0.0009999999,0.4465680420398712,0.7221434116363525,0.7242281436920166,0.7208333611488342,0.7255208492279053,1393.0,1384.0,0.5,0.6322113275527954,0.5,240.0,240.0,1.1918758153915405,0.0,0.5,0.5,0.5,0.5,240.0,240.0
