epoch,accuracy,auc,f1_score,fn,fp,loss,lr,mcc,npv,precision,recall,specificity,tn,tp,val_accuracy,val_auc,val_f1_score,val_fn,val_fp,val_loss,val_mcc,val_npv,val_precision,val_recall,val_specificity,val_tn,val_tp
0,0.5463541746139526,0.5421712398529053,0.5312231183052063,1252.0,999.0,0.7369229197502136,0.01,0.06750208884477615,0.534715473651886,0.534699559211731,0.47833332419395447,0.5348958373069763,1401.0,1148.0,0.5,0.5,0.5,240.0,240.0,18.50596809387207,0.0,0.5,0.5,0.5,0.5,240.0,240.0
1,0.6463541388511658,0.7008513808250427,0.6470092535018921,672.0,689.0,0.6293928027153015,0.01,0.2917121946811676,0.6468942761421204,0.6442952752113342,0.6499999761581421,0.6411458253860474,1231.0,1248.0,0.5,0.5036328434944153,0.5,240.0,240.0,2.5339765548706055,0.0,0.5,0.5,0.5,0.5,240.0,240.0
2,0.7005208134651184,0.766499400138855,0.6998259425163269,580.0,570.0,0.5775153636932373,0.01,0.4015945494174957,0.6994410157203674,0.7015706896781921,0.6979166865348816,0.703125,1350.0,1340.0,0.5,0.5907682180404663,0.5,240.0,240.0,1.6679829359054565,0.0,0.5,0.5,0.5,0.5,240.0,240.0
3,0.7380208373069763,0.8078231811523438,0.7354262471199036,508.0,508.0,0.5363244414329529,0.01,0.471087783575058,0.7354560494422913,0.7354166507720947,0.7354166507720947,0.7354166507720947,1412.0,1412.0,0.5,0.6030511856079102,0.5,240.0,240.0,1.6664601564407349,0.0,0.5,0.5,0.5,0.5,240.0,240.0
4,0.7692708373069763,0.8383138179779053,0.7684028148651123,449.0,438.0,0.5055166482925415,0.0009999999,0.5383188128471375,0.7675409913063049,0.7705605030059814,0.7661458253860474,0.7718750238418579,1482.0,1471.0,0.5,0.6090277433395386,0.5,240.0,240.0,1.4854450225830078,0.0,0.5,0.5,0.5,0.5,240.0,240.0
5,0.7838541865348816,0.8643453121185303,0.78703773021698,405.0,414.0,0.4659814238548279,0.0009999999,0.573788583278656,0.7886620163917542,0.785381019115448,0.7890625,0.784375011920929,1506.0,1515.0,0.5,0.6241883635520935,0.5,240.0,240.0,1.0945241451263428,0.0,0.5,0.5,0.5,0.5,240.0,240.0
