epoch,accuracy,auc,f1_score,fn,fp,loss,lr,mcc,npv,precision,recall,specificity,tn,tp,val_accuracy,val_auc,val_f1_score,val_fn,val_fp,val_loss,val_mcc,val_npv,val_precision,val_recall,val_specificity,val_tn,val_tp
0,0.5244791507720947,0.5861663818359375,0.5207464098930359,1063.0,1057.0,0.7663736343383789,0.01,0.046871528029441833,0.5235745310783386,0.5584795475006104,0.5570833086967468,0.5255208611488342,1343.0,1337.0,0.5,0.5,0.5,240.0,240.0,75870.71875,0.0,0.5,0.5,0.5,0.5,240.0,240.0
1,0.5588541626930237,0.5479684472084045,0.5297094583511353,914.0,863.0,0.7122257351875305,0.01,0.07507392019033432,0.5375131964683533,0.5382557511329651,0.5239583253860474,0.5505208373069763,1057.0,1006.0,0.5,0.5,0.5,240.0,240.0,132.2456512451172,0.0,0.5,0.5,0.5,0.5,240.0,240.0
2,0.5505208373069763,0.5683936476707458,0.552467942237854,863.0,844.0,0.6964754462242126,0.01,0.1113346666097641,0.5552796721458435,0.556023120880127,0.5505208373069763,0.5604166388511658,1076.0,1057.0,0.5,0.5,0.5,240.0,240.0,20.281665802001953,0.0,0.5,0.5,0.5,0.5,240.0,240.0
3,0.5833333134651184,0.593023419380188,0.5713790059089661,832.0,800.0,0.6860353946685791,0.01,0.1504581719636917,0.5731102228164673,0.5762711763381958,0.5666666626930237,0.5833333134651184,1120.0,1088.0,0.5,0.5,0.5,240.0,240.0,4.471772193908691,0.0,0.5,0.5,0.5,0.5,240.0,240.0
4,0.5911458134651184,0.6073946356773376,0.5888289213180542,775.0,819.0,0.6782508492469788,0.0009999999,0.1701183170080185,0.5876012444496155,0.5829938650131226,0.5963541865348816,0.573437511920929,1101.0,1145.0,0.5,0.5224609971046448,0.5,240.0,240.0,1.5975998640060425,0.0,0.5,0.5,0.5,0.5,240.0,240.0
5,0.6000000238418579,0.6237691044807434,0.5958321690559387,775.0,772.0,0.6723743677139282,0.0009999999,0.19458851218223572,0.5985212326049805,0.5972874164581299,0.5963541865348816,0.5979166626930237,1148.0,1145.0,0.4958333373069763,0.5308225154876709,0.4937494993209839,243.0,243.0,0.8520581722259521,-0.012436866760253906,0.4938131272792816,0.4937500059604645,0.4937500059604645,0.4937500059604645,237.0,237.0
