epoch,accuracy,auc,f1_score,fn,fp,loss,lr,mcc,npv,precision,recall,specificity,tn,tp,val_accuracy,val_auc,val_f1_score,val_fn,val_fp,val_loss,val_mcc,val_npv,val_precision,val_recall,val_specificity,val_tn,val_tp
0,0.6197916865348816,0.5964443683624268,0.5981552600860596,1011.0,996.0,0.7080278396606445,0.01,0.20306004583835602,0.6025963425636292,0.5823899507522583,0.5787500143051147,0.6052083373069763,1404.0,1389.0,0.5,0.5,0.5,240.0,240.0,13.553253173828125,0.0,0.5,0.5,0.5,0.5,240.0,240.0
1,0.690625011920929,0.7429105639457703,0.6880620718002319,597.0,603.0,0.598267138004303,0.01,0.37571048736572266,0.6880775094032288,0.6869158744812012,0.6890624761581421,0.6859375238418579,1317.0,1323.0,0.5,0.5,0.5,240.0,240.0,3.9689834117889404,0.0,0.5,0.5,0.5,0.5,240.0,240.0
2,0.7203124761581421,0.7880241870880127,0.7232425808906555,526.0,541.0,0.5590451955795288,0.01,0.4446260631084442,0.7239587903022766,0.7204134464263916,0.7260416746139526,0.7182291746139526,1379.0,1394.0,0.5,0.5947482585906982,0.5,240.0,240.0,1.1164759397506714,0.0,0.5,0.5,0.5,0.5,240.0,240.0
3,0.7286458611488342,0.8078272938728333,0.7296592593193054,524.0,510.0,0.5357127785682678,0.01,0.46174225211143494,0.7293291687965393,0.7324239015579224,0.7270833253860474,0.734375,1410.0,1396.0,0.5,0.5457248687744141,0.5,240.0,240.0,2.598470449447632,0.0,0.5,0.5,0.5,0.5,240.0,240.0
4,0.7614583373069763,0.8457748889923096,0.7621943354606628,456.0,459.0,0.4943313002586365,0.0009999999,0.5237686634063721,0.7617316842079163,0.7613104581832886,0.762499988079071,0.760937511920929,1461.0,1464.0,0.5,0.6483354568481445,0.5020512938499451,239.0,240.0,0.8187475204467773,0.0020517667289823294,0.5,0.5010395050048828,0.5020833611488342,0.5,240.0,241.0
5,0.7927083373069763,0.866586446762085,0.7884278893470764,407.0,405.0,0.46100881695747375,0.0009999999,0.57744300365448,0.7884829640388489,0.7888425588607788,0.7880208492279053,0.7890625,1515.0,1513.0,0.5,0.6507769227027893,0.5,240.0,240.0,1.5091674327850342,0.0,0.5,0.5,0.5,0.5,240.0,240.0
