epoch,accuracy,auc,f1_score,fn,fp,loss,lr,mcc,npv,precision,recall,specificity,tn,tp,val_accuracy,val_auc,val_f1_score,val_fn,val_fp,val_loss,val_mcc,val_npv,val_precision,val_recall,val_specificity,val_tn,val_tp
0,0.5104166865348816,0.5124462842941284,0.5084543824195862,1187.0,1158.0,0.7575632929801941,0.01,0.028887812048196793,0.5159522294998169,0.5115984678268433,0.5054166913032532,0.5218750238418579,1242.0,1213.0,0.5,0.5,0.5,240.0,240.0,62.53091812133789,0.0,0.5,0.5,0.5,0.5,240.0,240.0
1,0.5718749761581421,0.5879079699516296,0.5645961165428162,834.0,836.0,0.6920073628425598,0.01,0.13071556389331818,0.5657806992530823,0.565036416053772,0.565625011920929,0.5645833611488342,1084.0,1086.0,0.5,0.5397721529006958,0.5,240.0,240.0,1.7789322137832642,0.0,0.5,0.5,0.5,0.5,240.0,240.0
2,0.653124988079071,0.7038736939430237,0.6490132212638855,667.0,686.0,0.6265029311180115,0.01,0.29580309987068176,0.6498896479606628,0.6462093591690063,0.6526041626930237,0.6427083611488342,1234.0,1253.0,0.5,0.5544162392616272,0.5,240.0,240.0,1.0957897901535034,0.0,0.5,0.5,0.5,0.5,240.0,240.0
3,0.6968749761581421,0.7617648839950562,0.6982862949371338,571.0,594.0,0.5824109315872192,0.01,0.39349061250686646,0.6993005871772766,0.6942871809005737,0.7026041746139526,0.690625011920929,1326.0,1349.0,0.5,0.6168055534362793,0.5,240.0,240.0,0.9428980350494385,0.0,0.5,0.5,0.5,0.5,240.0,240.0
4,0.7307291626930237,0.7927786111831665,0.7292687296867371,522.0,515.0,0.5515806078910828,0.0009999999,0.46011975407600403,0.7295432686805725,0.7307893633842468,0.7281249761581421,0.7317708134651184,1405.0,1398.0,0.5,0.5962325930595398,0.5,240.0,240.0,1.1767057180404663,0.0,0.5,0.5,0.5,0.5,240.0,240.0
5,0.7588541507720947,0.8318269848823547,0.7586206793785095,459.0,471.0,0.5075985789299011,0.0009999999,0.5158135294914246,0.7594203948974609,0.7562111616134644,0.760937511920929,0.754687488079071,1449.0,1461.0,0.5,0.6176714897155762,0.5,240.0,240.0,1.758357286453247,0.0,0.5,0.5,0.5,0.5,240.0,240.0
