epoch,accuracy,auc,f1_score,fn,fp,loss,lr,mcc,npv,precision,recall,specificity,tn,tp,val_accuracy,val_auc,val_f1_score,val_fn,val_fp,val_loss,val_mcc,val_npv,val_precision,val_recall,val_specificity,val_tn,val_tp
0,0.5880208611488342,0.5755102634429932,0.5844454169273376,1032.0,1044.0,0.7166358828544617,0.01,0.1692064106464386,0.5865775346755981,0.5671641826629639,0.5699999928474426,0.581250011920929,1356.0,1368.0,0.5,0.5,0.5,240.0,240.0,207.44041442871094,0.0,0.5,0.5,0.5,0.5,240.0,240.0
1,0.6057291626930237,0.6396034955978394,0.6029381155967712,767.0,754.0,0.6722106337547302,0.01,0.20829980075359344,0.6021111607551575,0.6046145558357239,0.6005208492279053,0.6072916388511658,1166.0,1153.0,0.5,0.4869900047779083,0.5,240.0,240.0,6.169126510620117,0.0,0.5,0.5,0.5,0.5,240.0,240.0
2,0.6276041865348816,0.668065071105957,0.6183108687400818,730.0,739.0,0.6491575837135315,0.01,0.23535388708114624,0.6177664995193481,0.6168999671936035,0.6197916865348816,0.6151041388511658,1181.0,1190.0,0.5,0.5454840064048767,0.44651174545288086,281.0,188.0,0.8857139348983765,0.021204432472586632,0.5250219702720642,0.514211893081665,0.41458332538604736,0.6083333492279053,292.0,199.0
3,0.6411458253860474,0.6851082444190979,0.6308785080909729,719.0,688.0,0.6396195292472839,0.01,0.26763200759887695,0.630765974521637,0.6357861161231995,0.6255208253860474,0.6416666507720947,1232.0,1201.0,0.5,0.577699601650238,0.5,240.0,240.0,0.8841693997383118,0.0,0.5,0.5,0.5,0.5,240.0,240.0
4,0.6364583373069763,0.6889806389808655,0.6372877359390259,693.0,705.0,0.6365148425102234,0.0009999999,0.27206119894981384,0.636322021484375,0.6350931525230408,0.6390625238418579,0.6328125,1215.0,1227.0,0.5,0.5761653780937195,0.5,240.0,240.0,1.0771187543869019,0.0,0.5,0.5,0.5,0.5,240.0,240.0
5,0.6505208611488342,0.71360182762146,0.6492112278938293,677.0,665.0,0.6185793280601501,0.0009999999,0.30130311846733093,0.6499583721160889,0.651467502117157,0.6473958492279053,0.6536458134651184,1255.0,1243.0,0.5,0.5662022829055786,0.5,240.0,240.0,1.0724400281906128,0.0,0.5,0.5,0.5,0.5,240.0,240.0
