epoch,accuracy,auc,f1_score,fn,fp,loss,lr,mcc,npv,precision,recall,specificity,tn,tp,val_accuracy,val_auc,val_f1_score,val_fn,val_fp,val_loss,val_mcc,val_npv,val_precision,val_recall,val_specificity,val_tn,val_tp
0,0.5625,0.5516114830970764,0.551687479019165,1108.0,1076.0,0.7428269982337952,0.01,0.11291216313838959,0.5561345815658569,0.5456081032752991,0.5383333563804626,0.5645833611488342,1324.0,1292.0,0.5,0.5,0.5,240.0,240.0,132.82781982421875,0.0,0.5,0.5,0.5,0.5,240.0,240.0
1,0.6026041507720947,0.644955039024353,0.604391872882843,754.0,770.0,0.6686362624168396,0.01,0.20659437775611877,0.6042479276657104,0.6022727489471436,0.6072916388511658,0.5989583134651184,1150.0,1166.0,0.5,0.5,0.5,240.0,240.0,4.530620098114014,0.0,0.5,0.5,0.5,0.5,240.0,240.0
2,0.6479166746139526,0.6956957578659058,0.649006187915802,664.0,693.0,0.6343293786048889,0.01,0.2936287820339203,0.6492978930473328,0.6444330215454102,0.6541666388511658,0.6390625238418579,1227.0,1256.0,0.5,0.5,0.5,240.0,240.0,5.254964351654053,0.0,0.5,0.5,0.5,0.5,240.0,240.0
3,0.6697916388511658,0.7237743735313416,0.6723682880401611,628.0,627.0,0.6158851981163025,0.01,0.34679582715034485,0.674370527267456,0.6732673048973083,0.6729166507720947,0.6734374761581421,1293.0,1292.0,0.5,0.5,0.5,240.0,240.0,4.533544063568115,0.0,0.5,0.5,0.5,0.5,240.0,240.0
4,0.7026041746139526,0.7582433223724365,0.7022855877876282,567.0,582.0,0.5903584361076355,0.0009999999,0.4018375277519226,0.7017519474029541,0.6992248296737671,0.7046874761581421,0.6968749761581421,1338.0,1353.0,0.5,0.5036458373069763,0.5,240.0,240.0,3.0525753498077393,0.0,0.5,0.5,0.5,0.5,240.0,240.0
5,0.7145833373069763,0.7796012759208679,0.7150977253913879,547.0,548.0,0.5665038824081421,0.0009999999,0.4299106299877167,0.7146714925765991,0.7147319316864014,0.7151041626930237,0.7145833373069763,1372.0,1373.0,0.5,0.6120659708976746,0.5,240.0,240.0,1.5221065282821655,0.0,0.5,0.5,0.5,0.5,240.0,240.0
