epoch,accuracy,auc,f1_score,fn,fp,loss,lr,mcc,npv,precision,recall,specificity,tn,tp,val_accuracy,val_auc,val_f1_score,val_fn,val_fp,val_loss,val_mcc,val_npv,val_precision,val_recall,val_specificity,val_tn,val_tp
0,0.5786458253860474,0.5821070671081543,0.5709702968597412,1052.0,1066.0,0.7377690672874451,0.01,0.14355437457561493,0.5742431282997131,0.5584092736244202,0.5616666674613953,0.5682291388511658,1334.0,1348.0,0.5,0.5,0.5,240.0,240.0,71.57561492919922,0.0,0.5,0.5,0.5,0.5,240.0,240.0
1,0.6213541626930237,0.6551054120063782,0.6174153685569763,733.0,735.0,0.665790319442749,0.01,0.23618949949741364,0.618603527545929,0.6175858378410339,0.6182291507720947,0.6171875,1185.0,1187.0,0.5,0.5175086855888367,0.0,480.0,0.0,2.6692886352539062,0.0,0.5,0.0,0.0,1.0,480.0,0.0
2,0.6567708253860474,0.6958484649658203,0.6526819467544556,670.0,662.0,0.6362677216529846,0.01,0.3068154752254486,0.651648223400116,0.6537656784057617,0.6510416865348816,0.6552083492279053,1258.0,1250.0,0.5,0.5674305558204651,0.5,240.0,240.0,1.6305935382843018,0.0,0.5,0.5,0.5,0.5,240.0,240.0
3,0.675000011920929,0.7292221784591675,0.6748565435409546,620.0,633.0,0.6127410531044006,0.01,0.34776657819747925,0.674836277961731,0.6725297570228577,0.6770833134651184,0.6703125238418579,1287.0,1300.0,0.5,0.581349790096283,0.5,240.0,240.0,1.131847620010376,0.0,0.5,0.5,0.5,0.5,240.0,240.0
4,0.6838541626930237,0.7380600571632385,0.6797362565994263,619.0,605.0,0.6182407736778259,0.0009999999,0.36310771107673645,0.680685818195343,0.6825813055038452,0.6776041388511658,0.6848958134651184,1315.0,1301.0,0.5,0.5975520610809326,0.5,240.0,240.0,0.9520609974861145,0.0,0.5,0.5,0.5,0.5,240.0,240.0
5,0.706250011920929,0.7636620402336121,0.7042732834815979,572.0,560.0,0.5829564929008484,0.0009999999,0.41069698333740234,0.7040272951126099,0.7064989805221558,0.7020833492279053,0.7083333134651184,1360.0,1348.0,0.5,0.6083463430404663,0.5,240.0,240.0,0.9490175247192383,0.0,0.5,0.5,0.5,0.5,240.0,240.0
