epoch,accuracy,auc,f1_score,fn,fp,loss,lr,mcc,npv,precision,recall,specificity,tn,tp,val_accuracy,val_auc,val_f1_score,val_fn,val_fp,val_loss,val_mcc,val_npv,val_precision,val_recall,val_specificity,val_tn,val_tp
0,0.6020833253860474,0.6327614188194275,0.592182457447052,945.0,971.0,0.7179850339889526,0.01,0.18817420303821564,0.5943724513053894,0.59975266456604,0.606249988079071,0.5953124761581421,1429.0,1455.0,0.5,0.5,0.0,480.0,0.0,51.69150924682617,0.0,0.5,0.0,0.0,1.0,480.0,0.0
1,0.6317708492279053,0.679233729839325,0.6354055404663086,699.0,700.0,0.6508456468582153,0.01,0.27184316515922546,0.6363576650619507,0.6356064677238464,0.635937511920929,0.6354166865348816,1220.0,1221.0,0.5,0.47837889194488525,0.5,240.0,240.0,4.718068599700928,0.0,0.5,0.5,0.5,0.5,240.0,240.0
2,0.6744791865348816,0.7103420495986938,0.6615053415298462,653.0,639.0,0.6259670257568359,0.01,0.3276730477809906,0.6639013886451721,0.6647429466247559,0.6598958373069763,0.667187511920929,1281.0,1267.0,0.5,0.5644574761390686,0.5,240.0,240.0,1.1613963842391968,0.0,0.5,0.5,0.5,0.5,240.0,240.0
3,0.6859375238418579,0.750098466873169,0.6822211742401123,620.0,590.0,0.5931170582771301,0.01,0.37019193172454834,0.6824507117271423,0.6878306865692139,0.6770833134651184,0.6927083134651184,1330.0,1300.0,0.5,0.5252929925918579,0.5,240.0,240.0,2.6600561141967773,0.0,0.5,0.5,0.5,0.5,240.0,240.0
4,0.7166666388511658,0.7887412905693054,0.7127301692962646,549.0,554.0,0.5563530325889587,0.0009999999,0.4258829951286316,0.7142257690429688,0.7122077941894531,0.714062511920929,0.7114583253860474,1366.0,1371.0,0.5,0.5729470252990723,0.5,240.0,240.0,2.358959436416626,0.0,0.5,0.5,0.5,0.5,240.0,240.0
5,0.7567708492279053,0.8239816427230835,0.7538731694221497,474.0,470.0,0.51601642370224,0.0009999999,0.5086948275566101,0.7538872957229614,0.7546972632408142,0.753125011920929,0.7552083134651184,1450.0,1446.0,0.5,0.6114951968193054,0.5,240.0,240.0,1.324493408203125,0.0,0.5,0.5,0.5,0.5,240.0,240.0
