epoch,accuracy,auc,f1_score,fn,fp,loss,lr,mcc,npv,precision,recall,specificity,tn,tp,val_accuracy,val_auc,val_f1_score,val_fn,val_fp,val_loss,val_mcc,val_npv,val_precision,val_recall,val_specificity,val_tn,val_tp
0,0.6369791626930237,0.6662858724594116,0.6361317038536072,847.0,900.0,0.7469557523727417,0.01,0.26473599672317505,0.6356438994407654,0.633102297782898,0.6470833420753479,0.6197916865348816,1500.0,1553.0,0.5,0.505199670791626,0.5,240.0,240.0,1.982206106185913,0.0,0.5,0.5,0.5,0.5,240.0,240.0
1,0.7406250238418579,0.80438631772995,0.7256140112876892,540.0,502.0,0.5407259464263916,0.01,0.4579429626464844,0.7249906063079834,0.7332624793052673,0.71875,0.7385416626930237,1418.0,1380.0,0.5,0.5289214253425598,0.5,240.0,240.0,1.1649428606033325,0.0,0.5,0.5,0.5,0.5,240.0,240.0
2,0.7953125238418579,0.8765232563018799,0.8000447154045105,375.0,397.0,0.44086161255836487,0.01,0.5986108779907227,0.8030447363853455,0.7955715656280518,0.8046875,0.7932291626930237,1523.0,1545.0,0.5,0.568652331829071,0.5,240.0,240.0,1.1735312938690186,0.0,0.5,0.5,0.5,0.5,240.0,240.0
3,0.8286458253860474,0.906076967716217,0.8249954581260681,332.0,340.0,0.38751909136772156,0.01,0.6504252552986145,0.8273794054985046,0.8236514329910278,0.8270833492279053,0.8229166865348816,1580.0,1588.0,0.5,0.5308593511581421,0.5,240.0,240.0,1.156084418296814,0.0,0.5,0.5,0.5,0.5,240.0,240.0
4,0.8520833253860474,0.9339141845703125,0.8515377640724182,284.0,286.0,0.3285622298717499,0.0009999999,0.7034178376197815,0.8523598313331604,0.8511966466903687,0.8520833253860474,0.8510416746139526,1634.0,1636.0,0.5,0.5506662130355835,0.5,240.0,240.0,1.4215178489685059,0.0,0.5,0.5,0.5,0.5,240.0,240.0
5,0.9145833253860474,0.974484920501709,0.9123399257659912,169.0,167.0,0.22016483545303345,0.0009999999,0.8254028558731079,0.9126442074775696,0.9129301309585571,0.9119791388511658,0.9130208492279053,1753.0,1751.0,0.5,0.5546680092811584,0.5,240.0,240.0,1.4066448211669922,0.0,0.5,0.5,0.5,0.5,240.0,240.0
