epoch,accuracy,auc,f1_score,fn,fp,loss,lr,mcc,npv,precision,recall,specificity,tn,tp,val_accuracy,val_auc,val_f1_score,val_fn,val_fp,val_loss,val_mcc,val_npv,val_precision,val_recall,val_specificity,val_tn,val_tp
0,0.65625,0.6693711876869202,0.6372212171554565,911.0,899.0,0.7086966037750244,0.01,0.27952173352241516,0.6398448944091797,0.6235343217849731,0.6204166412353516,0.6427083611488342,1501.0,1489.0,0.5,0.5134482979774475,0.5,240.0,240.0,1.4554851055145264,0.0,0.5,0.5,0.5,0.5,240.0,240.0
1,0.7427083253860474,0.8137192726135254,0.7363739013671875,506.0,506.0,0.527976930141449,0.01,0.47394779324531555,0.7371073365211487,0.7364583611488342,0.7364583611488342,0.7364583611488342,1414.0,1414.0,0.5,0.5300803184509277,0.5,240.0,240.0,1.0576781034469604,0.0,0.5,0.5,0.5,0.5,240.0,240.0
2,0.8041666746139526,0.877171516418457,0.8033679127693176,378.0,377.0,0.44080406427383423,0.01,0.6076194047927856,0.803749144077301,0.8035435080528259,0.8031250238418579,0.8036458492279053,1543.0,1542.0,0.5,0.5053667426109314,0.5,240.0,240.0,1.226838231086731,0.0,0.5,0.5,0.5,0.5,240.0,240.0
3,0.8208333253860474,0.8936559557914734,0.8174145221710205,349.0,353.0,0.4132113456726074,0.01,0.6348963975906372,0.818157970905304,0.8165280818939209,0.8182291388511658,0.8161458373069763,1567.0,1571.0,0.5,0.5405294895172119,0.5,240.0,240.0,0.9552897214889526,0.0,0.5,0.5,0.5,0.5,240.0,240.0
4,0.840624988079071,0.9242660999298096,0.8417981863021851,295.0,316.0,0.3536754250526428,0.0009999999,0.6821392774581909,0.8448086977005005,0.8371973037719727,0.8463541865348816,0.8354166746139526,1604.0,1625.0,0.5,0.5550781488418579,0.5,240.0,240.0,0.9249538779258728,0.0,0.5,0.5,0.5,0.5,240.0,240.0
5,0.8932291865348816,0.9622620344161987,0.8929004669189453,196.0,218.0,0.2646539807319641,0.0009999999,0.7848159074783325,0.8968812227249146,0.8877446055412292,0.8979166746139526,0.8864583373069763,1702.0,1724.0,0.5,0.5695703029632568,0.5,240.0,240.0,0.9856800436973572,0.0,0.5,0.5,0.5,0.5,240.0,240.0
