epoch,accuracy,auc,f1_score,fn,fp,loss,lr,mcc,npv,precision,recall,specificity,tn,tp,val_accuracy,val_auc,val_f1_score,val_fn,val_fp,val_loss,val_mcc,val_npv,val_precision,val_recall,val_specificity,val_tn,val_tp
0,0.653124988079071,0.6626208424568176,0.6306512951850891,900.0,894.0,0.7194596529006958,0.01,0.2642756700515747,0.6343286037445068,0.6265664100646973,0.625,0.6302083134651184,1506.0,1500.0,0.5,0.5264540314674377,0.5,240.0,240.0,0.8849766850471497,0.0,0.5,0.5,0.5,0.5,240.0,240.0
1,0.7328125238418579,0.8009032011032104,0.7254289388656616,520.0,537.0,0.544743537902832,0.01,0.4504639506340027,0.7282108664512634,0.722767174243927,0.7291666865348816,0.7203124761581421,1383.0,1400.0,0.5,0.5563520193099976,0.5,240.0,240.0,1.2400521039962769,0.0,0.5,0.5,0.5,0.5,240.0,240.0
2,0.7901041507720947,0.8776829838752747,0.7915783524513245,394.0,410.0,0.43787404894828796,0.01,0.5817901492118835,0.7932460308074951,0.788223147392273,0.7947916388511658,0.7864583134651184,1510.0,1526.0,0.5,0.5660481452941895,0.5181845426559448,230.0,242.0,1.1979905366897583,0.016182295978069305,0.5,0.5081300735473633,0.5208333134651184,0.4958333373069763,238.0,250.0
3,0.8130208253860474,0.9010519981384277,0.8105574250221252,362.0,365.0,0.3990169167518616,0.01,0.6217138767242432,0.8119535446166992,0.8101924061775208,0.8114583492279053,0.8098958134651184,1555.0,1558.0,0.5,0.6033354997634888,0.5030769109725952,238.0,241.0,1.031896710395813,0.0020517667289823294,0.5,0.501035213470459,0.5041666626930237,0.49791666865348816,239.0,242.0
4,0.8520833253860474,0.9277642965316772,0.8480815887451172,295.0,286.0,0.35604217648506165,0.0009999999,0.6978236436843872,0.8478888869285583,0.8503401279449463,0.8463541865348816,0.8510416746139526,1634.0,1625.0,0.5,0.6081705689430237,0.5010256171226501,239.0,241.0,1.0984597206115723,0.0,0.5,0.5,0.5020833611488342,0.49791666865348816,239.0,241.0
5,0.9114583134651184,0.9706494808197021,0.9100046157836914,169.0,177.0,0.24814622104167938,0.0009999999,0.8201623558998108,0.9120984673500061,0.9081950187683105,0.9119791388511658,0.9078124761581421,1743.0,1751.0,0.5,0.6145898699760437,0.5071173310279846,236.0,241.0,1.1898036003112793,0.006096013356000185,0.5,0.5030927658081055,0.5083333253860474,0.49791666865348816,239.0,244.0
