epoch,accuracy,auc,f1_score,fn,fp,loss,lr,mcc,npv,precision,recall,specificity,tn,tp,val_accuracy,val_auc,val_f1_score,val_fn,val_fp,val_loss,val_mcc,val_npv,val_precision,val_recall,val_specificity,val_tn,val_tp
0,0.6364583373069763,0.611127495765686,0.6314211487770081,943.0,958.0,0.7382997274398804,0.01,0.26062721014022827,0.6304627060890198,0.603312611579895,0.6070833206176758,0.6260416507720947,1442.0,1457.0,0.5,0.5046722888946533,0.5,240.0,240.0,1.1717528104782104,0.0,0.5,0.5,0.5,0.5,240.0,240.0
1,0.737500011920929,0.8040543794631958,0.7298781871795654,527.0,500.0,0.5406444072723389,0.01,0.4660269021987915,0.7310770153999329,0.7358689904212952,0.7255208492279053,0.7395833134651184,1420.0,1393.0,0.5,0.5642924904823303,0.5,240.0,240.0,1.4099406003952026,0.0,0.5,0.5,0.5,0.5,240.0,240.0
2,0.7979166507720947,0.8763810992240906,0.7952598929405212,385.0,404.0,0.4401508867740631,0.01,0.589684247970581,0.7983318567276001,0.7916451692581177,0.7994791865348816,0.7895833253860474,1516.0,1535.0,0.5,0.5471940040588379,0.5,240.0,240.0,1.863502025604248,0.0,0.5,0.5,0.5,0.5,240.0,240.0
3,0.8552083373069763,0.9211347699165344,0.8512828350067139,286.0,284.0,0.35672900080680847,0.01,0.7034929394721985,0.8518560528755188,0.8519290685653687,0.8510416746139526,0.8520833253860474,1636.0,1634.0,0.5,0.5592447519302368,0.5,240.0,240.0,2.4248805046081543,0.0,0.5,0.5,0.5,0.5,240.0,240.0
4,0.8567708134651184,0.9371080994606018,0.856601357460022,276.0,274.0,0.33024245500564575,0.0009999999,0.7140711545944214,0.857037365436554,0.8571428656578064,0.856249988079071,0.8572916388511658,1646.0,1644.0,0.5,0.5365538001060486,0.5,240.0,240.0,2.5660901069641113,0.0,0.5,0.5,0.5,0.5,240.0,240.0
5,0.9052083492279053,0.9691943526268005,0.9036193490028381,186.0,183.0,0.24181225895881653,0.0009999999,0.8080751895904541,0.9039105772972107,0.9045383334159851,0.903124988079071,0.9046875238418579,1737.0,1734.0,0.5,0.5511176586151123,0.5,240.0,240.0,2.696110248565674,0.0,0.5,0.5,0.5,0.5,240.0,240.0
