epoch,accuracy,auc,f1_score,fn,fp,loss,lr,mcc,npv,precision,recall,specificity,tn,tp,val_accuracy,val_auc,val_f1_score,val_fn,val_fp,val_loss,val_mcc,val_npv,val_precision,val_recall,val_specificity,val_tn,val_tp
0,0.5192708373069763,0.5789236426353455,0.5072097182273865,1098.0,1090.0,0.7369458079338074,0.01,0.019753655418753624,0.5099302530288696,0.5443143844604492,0.5425000190734863,0.5119791626930237,1310.0,1302.0,0.5,0.5,0.5,240.0,240.0,21.199735641479492,0.0,0.5,0.5,0.5,0.5,240.0,240.0
1,0.5942708253860474,0.6222501397132874,0.5879580974578857,788.0,790.0,0.6932095289230347,0.01,0.17860223352909088,0.5911318063735962,0.5889698266983032,0.5895833373069763,0.5885416865348816,1130.0,1132.0,0.5,0.5398046970367432,0.5,240.0,240.0,1.255552053451538,0.0,0.5,0.5,0.5,0.5,240.0,240.0
2,0.6161458492279053,0.6502459645271301,0.6101455688476562,747.0,753.0,0.6671315431594849,0.01,0.2191992551088333,0.6090565323829651,0.6090342402458191,0.6109374761581421,0.6078125238418579,1167.0,1173.0,0.5,0.5,0.5,240.0,240.0,4.38217830657959,0.0,0.5,0.5,0.5,0.5,240.0,240.0
3,0.6260416507720947,0.669316291809082,0.6205312013626099,727.0,729.0,0.6494582295417786,0.01,0.2419310361146927,0.6214309930801392,0.6207075715065002,0.6213541626930237,0.620312511920929,1191.0,1193.0,0.5,0.5885221362113953,0.5,240.0,240.0,1.2365162372589111,0.0,0.5,0.5,0.5,0.5,240.0,240.0
4,0.668749988079071,0.7229303121566772,0.6638438701629639,651.0,634.0,0.6143258810043335,0.0009999999,0.33084365725517273,0.6639841794967651,0.6668418049812317,0.660937488079071,0.6697916388511658,1286.0,1269.0,0.5,0.5802907943725586,0.5,240.0,240.0,1.0994181632995605,0.0,0.5,0.5,0.5,0.5,240.0,240.0
5,0.6744791865348816,0.7285827994346619,0.6723892092704773,633.0,621.0,0.6119568347930908,0.0009999999,0.346914678812027,0.672402024269104,0.6745283007621765,0.6703125238418579,0.676562488079071,1299.0,1287.0,0.5,0.576206624507904,0.5,240.0,240.0,2.268092393875122,0.0,0.5,0.5,0.5,0.5,240.0,240.0
