epoch,accuracy,auc,f1_score,fn,fp,loss,lr,mcc,npv,precision,recall,specificity,tn,tp,val_accuracy,val_auc,val_f1_score,val_fn,val_fp,val_loss,val_mcc,val_npv,val_precision,val_recall,val_specificity,val_tn,val_tp
0,0.5713541507720947,0.5537818670272827,0.548866868019104,1096.0,1110.0,0.7227116227149963,0.01,0.09727377444505692,0.54917311668396,0.5401822924613953,0.5433333516120911,0.5447916388511658,1290.0,1304.0,0.5,0.5,0.5,240.0,240.0,24.845746994018555,0.0,0.5,0.5,0.5,0.5,240.0,240.0
1,0.6078125238418579,0.6375375390052795,0.5887367129325867,802.0,754.0,0.6720314025878906,0.01,0.1899605691432953,0.5935333967208862,0.5972222089767456,0.5822916626930237,0.6072916388511658,1166.0,1118.0,0.5,0.5955707430839539,0.5,240.0,240.0,1.0543142557144165,0.0,0.5,0.5,0.5,0.5,240.0,240.0
2,0.635937511920929,0.6705032587051392,0.6261501908302307,717.0,715.0,0.6568791270256042,0.01,0.2544749677181244,0.6279615759849548,0.6272158622741699,0.6265624761581421,0.6276041865348816,1205.0,1203.0,0.5,0.6044943928718567,0.5,240.0,234.0,0.9616683721542358,0.012138049118220806,0.5117748975753784,0.5063291192054749,0.5,0.512499988079071,246.0,240.0
3,0.6583333611488342,0.7054442763328552,0.6542870998382568,667.0,657.0,0.6291488409042358,0.01,0.31058791279792786,0.6544064283370972,0.6560209393501282,0.6526041626930237,0.6578124761581421,1263.0,1253.0,0.5,0.5088541507720947,0.5,240.0,240.0,3.609570264816284,0.0,0.5,0.5,0.5,0.5,240.0,240.0
4,0.6473958492279053,0.6944240927696228,0.6482828259468079,674.0,678.0,0.632733941078186,0.0009999999,0.29591429233551025,0.6482099294662476,0.6476091742515564,0.6489583253860474,0.6468750238418579,1242.0,1246.0,0.5,0.5157074332237244,0.5,240.0,240.0,3.16867733001709,0.0,0.5,0.5,0.5,0.5,240.0,240.0
5,0.6703125238418579,0.7206423878669739,0.6721531748771667,629.0,631.0,0.617310643196106,0.0009999999,0.3438355624675751,0.6718482375144958,0.671696126461029,0.6723958253860474,0.6713541746139526,1289.0,1291.0,0.5,0.5944140553474426,0.5,240.0,240.0,2.5027852058410645,0.0,0.5,0.5,0.5,0.5,240.0,240.0
