epoch,accuracy,auc,f1_score,fn,fp,loss,lr,mcc,npv,precision,recall,specificity,tn,tp,val_accuracy,val_auc,val_f1_score,val_fn,val_fp,val_loss,val_mcc,val_npv,val_precision,val_recall,val_specificity,val_tn,val_tp
0,0.5541666746139526,0.5500827431678772,0.5403509736061096,1124.0,1115.0,0.722278356552124,0.01,0.08409196883440018,0.5408954620361328,0.5336679220199585,0.5316666960716248,0.5442708134651184,1285.0,1276.0,0.5,0.5,0.6666666269302368,0.0,480.0,226.97877502441406,0.0,0.0,0.5,1.0,0.0,0.0,480.0
1,0.5973958373069763,0.634030818939209,0.5849812030792236,805.0,770.0,0.6773897409439087,0.01,0.1800425946712494,0.5891910791397095,0.5915119647979736,0.5807291865348816,0.5989583134651184,1150.0,1115.0,0.5874999761581421,0.5843750238418579,0.0,480.0,0.0,2.0526950359344482,0.0,0.5,0.0,0.0,1.0,480.0,0.0
2,0.6447916626930237,0.6896033883094788,0.6378441452980042,693.0,698.0,0.6424577236175537,0.01,0.27581343054771423,0.6388900279998779,0.6374025940895081,0.6390625238418579,0.6364583373069763,1222.0,1227.0,0.5,0.5,0.5,240.0,240.0,11.595010757446289,0.0,0.5,0.5,0.5,0.5,240.0,240.0
3,0.6796875,0.7334128022193909,0.6768811941146851,618.0,625.0,0.6120250225067139,0.01,0.35269680619239807,0.6769765019416809,0.6756616234779358,0.6781250238418579,0.6744791865348816,1295.0,1302.0,0.5,0.5,0.5,240.0,240.0,5.697514057159424,0.0,0.5,0.5,0.5,0.5,240.0,240.0
4,0.7046874761581421,0.7625096440315247,0.7040393948554993,568.0,569.0,0.5843899250030518,0.01,0.4078325927257538,0.7039019465446472,0.7038000822067261,0.7041666507720947,0.7036458253860474,1351.0,1352.0,0.5,0.5,0.5,240.0,240.0,9.886245727539062,0.0,0.5,0.5,0.5,0.5,240.0,240.0
5,0.6901041865348816,0.7548601627349854,0.689796507358551,596.0,595.0,0.5911654233932495,0.0009999999,0.37970200181007385,0.6896708607673645,0.6899426579475403,0.6895833611488342,0.6901041865348816,1325.0,1324.0,0.5,0.5362803936004639,0.5,240.0,240.0,3.089590311050415,0.0,0.5,0.5,0.5,0.5,240.0,240.0
6,0.7484375238418579,0.8162612915039062,0.7471362948417664,487.0,483.0,0.5263522863388062,0.0009999999,0.49482834339141846,0.7468939423561096,0.7479122877120972,0.7463541626930237,0.7484375238418579,1437.0,1433.0,0.5,0.5179318785667419,0.5,240.0,240.0,3.4711270332336426,0.0,0.5,0.5,0.5,0.5,240.0,240.0
