epoch,accuracy,auc,f1_score,fn,fp,loss,lr,mcc,npv,precision,recall,specificity,tn,tp,val_accuracy,val_auc,val_f1_score,val_fn,val_fp,val_loss,val_mcc,val_npv,val_precision,val_recall,val_specificity,val_tn,val_tp
0,0.5718749761581421,0.5571114420890808,0.5483167171478271,1118.0,1076.0,0.7173343896865845,0.01,0.10678751021623611,0.5512979030609131,0.5436810851097107,0.534166693687439,0.5630208253860474,1324.0,1282.0,0.5,0.5,0.5,240.0,240.0,9.470935821533203,0.0,0.5,0.5,0.5,0.5,240.0,240.0
1,0.629687488079071,0.6607856750488281,0.617871880531311,736.0,729.0,0.6594589352607727,0.01,0.23746830224990845,0.6176691055297852,0.6189231276512146,0.6166666746139526,0.620312511920929,1191.0,1184.0,0.5,0.5297156572341919,0.5,240.0,240.0,3.2869045734405518,0.0,0.5,0.5,0.5,0.5,240.0,240.0
2,0.6291666626930237,0.6746692657470703,0.6231037378311157,726.0,717.0,0.6485406756401062,0.01,0.24881792068481445,0.6234996318817139,0.6248037815093994,0.621874988079071,0.6265624761581421,1203.0,1194.0,0.5,0.5326778888702393,0.6167790293693542,103.0,364.0,1.311638355255127,0.02537502907216549,0.5083333253860474,0.5087719559669495,0.7854166626930237,0.24166665971279144,116.0,377.0
3,0.6369791626930237,0.6882107257843018,0.6362044215202332,696.0,701.0,0.6364938616752625,0.01,0.2725103497505188,0.6373214721679688,0.6358441710472107,0.637499988079071,0.6348958611488342,1219.0,1224.0,0.5,0.529309868812561,0.5,240.0,240.0,2.6633646488189697,0.0,0.5,0.5,0.5,0.5,240.0,240.0
4,0.6833333373069763,0.7446721792221069,0.6805360913276672,616.0,608.0,0.59466552734375,0.0009999999,0.3625432848930359,0.6805915236473083,0.6820083856582642,0.6791666746139526,0.6833333373069763,1312.0,1304.0,0.5,0.5,0.5,240.0,240.0,3.777323007583618,0.0,0.5,0.5,0.5,0.5,240.0,240.0
5,0.7046874761581421,0.7604800462722778,0.7036110162734985,569.0,569.0,0.5829370617866516,0.0009999999,0.4073323905467987,0.7037187814712524,0.7036458253860474,0.7036458253860474,0.7036458253860474,1351.0,1351.0,0.5,0.5284374952316284,0.5,240.0,240.0,3.1221611499786377,0.0,0.5,0.5,0.5,0.5,240.0,240.0
