epoch,accuracy,auc,f1_score,fn,fp,loss,lr,mcc,npv,precision,recall,specificity,tn,tp,val_accuracy,val_auc,val_f1_score,val_fn,val_fp,val_loss,val_mcc,val_npv,val_precision,val_recall,val_specificity,val_tn,val_tp
0,0.5395833253860474,0.5259882211685181,0.5296714305877686,1122.0,1191.0,0.7264000177383423,0.01,0.04527801275253296,0.5227966904640198,0.5176184773445129,0.5325000286102295,0.504687488079071,1209.0,1278.0,0.5,0.5,0.5,240.0,240.0,15.366525650024414,0.0,0.5,0.5,0.5,0.5,240.0,240.0
1,0.6307291388511658,0.6444087028503418,0.6235589981079102,712.0,744.0,0.6715962886810303,0.01,0.24209363758563995,0.6234626770019531,0.618852436542511,0.6291666626930237,0.612500011920929,1176.0,1208.0,0.5,0.5519769787788391,0.5,240.0,240.0,2.6392946243286133,0.0,0.5,0.5,0.5,0.5,240.0,240.0
2,0.6479166746139526,0.6851335763931274,0.6469029784202576,679.0,676.0,0.6442410349845886,0.01,0.294393390417099,0.6467767357826233,0.6473656892776489,0.6463541388511658,0.6479166746139526,1244.0,1241.0,0.5,0.5631271600723267,0.5020512938499451,239.0,240.0,2.494969606399536,0.0020517667289823294,0.5,0.5010395050048828,0.5020833611488342,0.5,240.0,241.0
3,0.668749988079071,0.717305064201355,0.6681431531906128,637.0,638.0,0.6250976920127869,0.01,0.3359917402267456,0.6678685545921326,0.6678813099861145,0.6682291626930237,0.6677083373069763,1282.0,1283.0,0.5,0.5,0.5,240.0,240.0,5.3315019607543945,0.0,0.5,0.5,0.5,0.5,240.0,240.0
4,0.6781250238418579,0.7269707918167114,0.6771631240844727,620.0,619.0,0.6100510954856873,0.0009999999,0.35472235083580017,0.6774519085884094,0.6774361729621887,0.6770833134651184,0.6776041388511658,1301.0,1300.0,0.5,0.5303840637207031,0.5,240.0,240.0,3.3411200046539307,0.0,0.5,0.5,0.5,0.5,240.0,240.0
5,0.7072916626930237,0.7619724273681641,0.7069310545921326,562.0,564.0,0.5825607776641846,0.0009999999,0.4135477840900421,0.7069724798202515,0.7065556645393372,0.7072916626930237,0.706250011920929,1356.0,1358.0,0.5,0.6102929711341858,0.5020512938499451,239.0,240.0,2.1577935218811035,0.0020517667289823294,0.5,0.5010395050048828,0.5020833611488342,0.5,240.0,241.0
