epoch,accuracy,auc,f1_score,fn,fp,loss,lr,mcc,npv,precision,recall,specificity,tn,tp,val_accuracy,val_auc,val_f1_score,val_fn,val_fp,val_loss,val_mcc,val_npv,val_precision,val_recall,val_specificity,val_tn,val_tp
0,0.5177083611488342,0.5379413962364197,0.5020325183868408,1158.0,1122.0,0.7438457608222961,0.01,0.01695907488465309,0.5078554749488831,0.5253807306289673,0.5174999833106995,0.518750011920929,1278.0,1242.0,0.5,0.5,0.5,240.0,240.0,13.306796073913574,0.0,0.5,0.5,0.5,0.5,240.0,240.0
1,0.5473958253860474,0.5530269145965576,0.5302947759628296,904.0,889.0,0.7107130289077759,0.01,0.06644154340028763,0.5326760411262512,0.5333333611488342,0.5291666388511658,0.5369791388511658,1031.0,1016.0,0.5,0.5561848878860474,0.5,240.0,240.0,0.9490019679069519,0.0,0.5,0.5,0.5,0.5,240.0,240.0
2,0.6182291507720947,0.6587657332420349,0.6126113533973694,737.0,757.0,0.6562262773513794,0.01,0.22215591371059418,0.6126305460929871,0.6097938418388367,0.6161458492279053,0.6057291626930237,1163.0,1183.0,0.5,0.5,0.5,240.0,240.0,4.936735153198242,0.0,0.5,0.5,0.5,0.5,240.0,240.0
3,0.6489583253860474,0.6997694969177246,0.6497915387153625,667.0,685.0,0.632556140422821,0.01,0.2959175109863281,0.6487858295440674,0.6465428471565247,0.6526041626930237,0.6432291865348816,1235.0,1253.0,0.5,0.5010416507720947,0.5,240.0,240.0,3.4130356311798096,0.0,0.5,0.5,0.5,0.5,240.0,240.0
4,0.6744791865348816,0.7277646660804749,0.6736961007118225,623.0,632.0,0.6109275221824646,0.0009999999,0.34643542766571045,0.6744900941848755,0.672369122505188,0.6755208373069763,0.6708333492279053,1288.0,1297.0,0.5,0.5702170133590698,0.5,240.0,240.0,1.2612063884735107,0.0,0.5,0.5,0.5,0.5,240.0,240.0
5,0.6901041865348816,0.7481692433357239,0.689609706401825,597.0,593.0,0.5963408350944519,0.0009999999,0.3802495300769806,0.6900638937950134,0.6905010342597961,0.6890624761581421,0.6911458373069763,1327.0,1323.0,0.5,0.5539193153381348,0.5,240.0,240.0,2.6268115043640137,0.0,0.5,0.5,0.5,0.5,240.0,240.0
