epoch,accuracy,auc,f1_score,fn,fp,loss,lr,mcc,npv,precision,recall,specificity,tn,tp,val_accuracy,val_auc,val_f1_score,val_fn,val_fp,val_loss,val_mcc,val_npv,val_precision,val_recall,val_specificity,val_tn,val_tp
0,0.5817708373069763,0.5651891827583313,0.5685470700263977,1062.0,1077.0,0.7020738124847412,0.01,0.13660258054733276,0.5693984627723694,0.5540372729301453,0.5575000047683716,0.5640624761581421,1323.0,1338.0,0.5,0.5,0.5,240.0,240.0,21.20326805114746,0.0,0.5,0.5,0.5,0.5,240.0,240.0
1,0.653124988079071,0.7034106254577637,0.6475512981414795,676.0,678.0,0.6303160190582275,0.01,0.2949258089065552,0.6476103067398071,0.6472424268722534,0.6479166746139526,0.6468750238418579,1242.0,1244.0,0.5,0.523352861404419,0.5,240.0,240.0,2.746635675430298,0.0,0.5,0.5,0.5,0.5,240.0,240.0
2,0.690625011920929,0.7455946803092957,0.6879050731658936,605.0,588.0,0.596070408821106,0.01,0.37878113985061646,0.6877517700195312,0.6910141706466675,0.6848958134651184,0.6937500238418579,1332.0,1315.0,0.5,0.5,0.5,240.0,240.0,8.608156204223633,0.0,0.5,0.5,0.5,0.5,240.0,240.0
3,0.6854166388511658,0.7367119789123535,0.6858590841293335,600.0,609.0,0.6061932444572449,0.01,0.3703799843788147,0.6861130595207214,0.6842923760414124,0.6875,0.682812511920929,1311.0,1320.0,0.5,0.5,0.5,240.0,240.0,5.903999328613281,0.0,0.5,0.5,0.5,0.5,240.0,240.0
4,0.7229166626930237,0.7925032377243042,0.723509669303894,530.0,533.0,0.560883104801178,0.0009999999,0.4464716613292694,0.7233359217643738,0.7228289246559143,0.7239583134651184,0.7223958373069763,1387.0,1390.0,0.5,0.5325238704681396,0.5,240.0,240.0,2.7655904293060303,0.0,0.5,0.5,0.5,0.5,240.0,240.0
5,0.7552083134651184,0.8266451358795166,0.755526602268219,469.0,470.0,0.5136293768882751,0.0009999999,0.510949432849884,0.7556191682815552,0.7553357481956482,0.7557291388511658,0.7552083134651184,1450.0,1451.0,0.5,0.5,0.5,240.0,240.0,7.744017124176025,0.0,0.5,0.5,0.5,0.5,240.0,240.0
