epoch,accuracy,auc,f1_score,fn,fp,loss,lr,mcc,npv,precision,recall,specificity,tn,tp,val_accuracy,val_auc,val_f1_score,val_fn,val_fp,val_loss,val_mcc,val_npv,val_precision,val_recall,val_specificity,val_tn,val_tp
0,0.5364583134651184,0.5366150140762329,0.539159893989563,1114.0,1146.0,0.7243033051490784,0.01,0.07321670651435852,0.5380646586418152,0.5287829041481018,0.5358333587646484,0.528124988079071,1254.0,1286.0,0.5,0.552734375,0.0,480.0,0.0,6.3580474853515625,0.0,0.5,0.0,0.0,1.0,480.0,0.0
1,0.6036458611488342,0.6225074529647827,0.5885096788406372,794.0,776.0,0.682534396648407,0.01,0.18270167708396912,0.5911052823066711,0.5920084118843079,0.5864583253860474,0.5958333611488342,1144.0,1126.0,0.5,0.5,0.0,480.0,0.0,7.555596828460693,0.0,0.5,0.0,0.0,1.0,480.0,0.0
2,0.614062488079071,0.644744336605072,0.602920651435852,767.0,743.0,0.6687646508216858,0.01,0.21383939683437347,0.6075341105461121,0.6081223487854004,0.6005208492279053,0.6130208373069763,1177.0,1153.0,0.5,0.5,0.0,480.0,0.0,15.581927299499512,0.0,0.5,0.0,0.0,1.0,480.0,0.0
3,0.6354166865348816,0.6661381125450134,0.6248411536216736,719.0,723.0,0.6616383194923401,0.01,0.24925199151039124,0.6244655847549438,0.6242203712463379,0.6255208253860474,0.6234375238418579,1197.0,1201.0,0.5,0.5093945264816284,0.0,480.0,0.0,5.558195114135742,0.0,0.5,0.0,0.0,1.0,480.0,0.0
4,0.6473958492279053,0.6954038143157959,0.6483824253082275,666.0,693.0,0.6326749920845032,0.0009999999,0.29229387640953064,0.6485262513160706,0.6440678238868713,0.653124988079071,0.6390625238418579,1227.0,1254.0,0.5,0.5624935030937195,0.0,480.0,0.0,3.189953565597534,0.0,0.5,0.0,0.0,1.0,480.0,0.0
5,0.6734374761581421,0.7245123386383057,0.6746780276298523,621.0,632.0,0.6130246520042419,0.0009999999,0.3474639058113098,0.6746074557304382,0.6727084517478943,0.676562488079071,0.6708333492279053,1288.0,1299.0,0.5,0.5646266937255859,0.4112524092197418,315.0,73.0,2.320636034011841,0.16522304713726044,0.5827808380126953,0.6932772994041443,0.34375,0.8479166626930237,407.0,165.0
