epoch,accuracy,auc,f1_score,fn,fp,loss,lr,mcc,npv,precision,recall,specificity,tn,tp,val_accuracy,val_auc,val_f1_score,val_fn,val_fp,val_loss,val_mcc,val_npv,val_precision,val_recall,val_specificity,val_tn,val_tp
0,0.5598958134651184,0.6177113652229309,0.5492636561393738,1025.0,1017.0,0.7189063429832458,0.01,0.1007874459028244,0.548490583896637,0.5748327970504761,0.5729166865348816,0.5520833134651184,1383.0,1375.0,0.5,0.5,0.5,240.0,240.0,19.0538330078125,0.0,0.5,0.5,0.5,0.5,240.0,240.0
1,0.6260416507720947,0.6486936807632446,0.6134156584739685,743.0,740.0,0.6714040637016296,0.01,0.22796420753002167,0.6131158471107483,0.6139801740646362,0.6130208373069763,0.6145833134651184,1180.0,1177.0,0.5020833611488342,0.5801693201065063,0.5,240.0,239.0,1.9957048892974854,0.0020517667289823294,0.5020201802253723,0.5010438561439514,0.5,0.5020833611488342,241.0,240.0
2,0.6489583253860474,0.6669852137565613,0.6321629881858826,710.0,697.0,0.6608854532241821,0.01,0.26754292845726013,0.6330541968345642,0.6345044374465942,0.6302083134651184,0.6369791626930237,1223.0,1210.0,0.5,0.5298936367034912,0.5,240.0,240.0,3.173537492752075,0.0,0.5,0.5,0.5,0.5,240.0,240.0
3,0.6572916507720947,0.7088841795921326,0.6564915180206299,662.0,655.0,0.6287907958030701,0.01,0.3142809569835663,0.6562416553497314,0.6576058268547058,0.6552083492279053,0.6588541865348816,1265.0,1258.0,0.5,0.5,0.5,240.0,240.0,11.067904472351074,0.0,0.5,0.5,0.5,0.5,240.0,240.0
4,0.6505208611488342,0.7048343420028687,0.6476334929466248,678.0,673.0,0.6290128827095032,0.01,0.2964191138744354,0.6479403376579285,0.6485639810562134,0.6468750238418579,0.6494791507720947,1247.0,1242.0,0.5,0.5,0.5,240.0,240.0,7.9867658615112305,0.0,0.5,0.5,0.5,0.5,240.0,240.0
5,0.6963541507720947,0.7467561364173889,0.6957103610038757,583.0,587.0,0.5993834137916565,0.0009999999,0.39070284366607666,0.6955690383911133,0.69490647315979,0.6963541507720947,0.6942708492279053,1333.0,1337.0,0.5,0.5,0.5,240.0,240.0,8.213054656982422,0.0,0.5,0.5,0.5,0.5,240.0,240.0
6,0.7109375,0.7749497890472412,0.7114988565444946,553.0,556.0,0.5698114633560181,0.0009999999,0.4224352538585663,0.7113921046257019,0.7108684182167053,0.7119791507720947,0.7104166746139526,1364.0,1367.0,0.5,0.5,0.5,240.0,240.0,10.121453285217285,0.0,0.5,0.5,0.5,0.5,240.0,240.0
