epoch,accuracy,auc,f1_score,fn,fp,loss,lr,mcc,npv,precision,recall,specificity,tn,tp,val_accuracy,val_auc,val_f1_score,val_fn,val_fp,val_loss,val_mcc,val_npv,val_precision,val_recall,val_specificity,val_tn,val_tp
0,0.551562488079071,0.5521278381347656,0.5520053505897522,1099.0,1093.0,0.7079623937606812,0.01,0.10869123041629791,0.5547295212745667,0.5434419512748718,0.5420833230018616,0.5557291507720947,1307.0,1301.0,0.5,0.5,0.5,240.0,240.0,22.836734771728516,0.0,0.5,0.5,0.5,0.5,240.0,240.0
1,0.6166666746139526,0.6569448113441467,0.6128181219100952,733.0,763.0,0.6665273308753967,0.01,0.22144529223442078,0.6127488017082214,0.6087179780006409,0.6182291507720947,0.6026041507720947,1157.0,1187.0,0.5,0.5,0.5,240.0,240.0,4.810922622680664,0.0,0.5,0.5,0.5,0.5,240.0,240.0
2,0.640625,0.6778050661087036,0.6337493658065796,703.0,703.0,0.6516401767730713,0.01,0.26801183819770813,0.6338379979133606,0.6338541507720947,0.6338541507720947,0.6338541507720947,1217.0,1217.0,0.5,0.5664626955986023,0.5,240.0,240.0,2.410074472427368,0.0,0.5,0.5,0.5,0.5,240.0,240.0
3,0.6692708134651184,0.7184715270996094,0.6689023971557617,634.0,639.0,0.617928147315979,0.01,0.3370416760444641,0.6689698100090027,0.6680519580841064,0.6697916388511658,0.667187511920929,1281.0,1286.0,0.5,0.5,0.5,240.0,240.0,7.4614996910095215,0.0,0.5,0.5,0.5,0.5,240.0,240.0
4,0.6848958134651184,0.7426875829696655,0.6860088109970093,599.0,610.0,0.6048375368118286,0.0009999999,0.3703937232494354,0.6863380670547485,0.6841015219688416,0.6880208253860474,0.6822916865348816,1310.0,1321.0,0.5,0.5,0.5,240.0,240.0,5.529063701629639,0.0,0.5,0.5,0.5,0.5,240.0,240.0
5,0.7052083611488342,0.7660179734230042,0.706150472164154,561.0,569.0,0.5785954594612122,0.0009999999,0.4115484654903412,0.7070088982582092,0.7048755288124084,0.707812488079071,0.7036458253860474,1351.0,1359.0,0.5,0.5,0.5,240.0,240.0,4.078977584838867,0.0,0.5,0.5,0.5,0.5,240.0,240.0
