epoch,accuracy,auc,f1_score,fn,fp,loss,lr,mcc,npv,precision,recall,specificity,tn,tp,val_accuracy,val_auc,val_f1_score,val_fn,val_fp,val_loss,val_mcc,val_npv,val_precision,val_recall,val_specificity,val_tn,val_tp
0,0.5776041746139526,0.5578219294548035,0.5644391775131226,1082.0,1055.0,0.7091833353042603,0.01,0.1376541703939438,0.5681832432746887,0.5554150938987732,0.5491666793823242,0.5755208134651184,1345.0,1318.0,0.5,0.5,0.5,240.0,240.0,16.950544357299805,0.0,0.5,0.5,0.5,0.5,240.0,240.0
1,0.6229166388511658,0.6483844518661499,0.6072816848754883,755.0,752.0,0.6706563234329224,0.01,0.21550042927265167,0.6069415211677551,0.6077203750610352,0.6067708134651184,0.6083333492279053,1168.0,1165.0,0.5,0.5,0.5,240.0,240.0,7.072798728942871,0.0,0.5,0.5,0.5,0.5,240.0,240.0
2,0.6338541507720947,0.6632871627807617,0.6262549757957458,713.0,727.0,0.6532148718833923,0.01,0.2502138316631317,0.6260015964508057,0.6240951418876648,0.6286458373069763,0.6213541626930237,1193.0,1207.0,0.5,0.6033485531806946,0.5,240.0,240.0,2.130566358566284,0.0,0.5,0.5,0.5,0.5,240.0,240.0
3,0.6239583492279053,0.671296238899231,0.6260789632797241,715.0,725.0,0.6519917845726013,0.01,0.25011566281318665,0.6252368092536926,0.6243523359298706,0.6276041865348816,0.6223958134651184,1195.0,1205.0,0.5,0.5989388227462769,0.5,240.0,240.0,2.456188201904297,0.0,0.5,0.5,0.5,0.5,240.0,240.0
4,0.65625,0.7107055187225342,0.6562078595161438,660.0,660.0,0.6243219375610352,0.0009999999,0.31252697110176086,0.6563258767127991,0.65625,0.65625,0.65625,1260.0,1260.0,0.5,0.5,0.5,240.0,240.0,4.346502780914307,0.0,0.5,0.5,0.5,0.5,240.0,240.0
5,0.6682291626930237,0.7204720377922058,0.6674529910087585,637.0,641.0,0.6181743741035461,0.0009999999,0.3344278931617737,0.6676965951919556,0.6668398976325989,0.6682291626930237,0.6661458611488342,1279.0,1283.0,0.5,0.5660004019737244,0.5,240.0,240.0,2.706695079803467,0.0,0.5,0.5,0.5,0.5,240.0,240.0
