epoch,accuracy,auc,f1_score,fn,fp,loss,lr,mcc,npv,precision,recall,specificity,tn,tp,val_accuracy,val_auc,val_f1_score,val_fn,val_fp,val_loss,val_mcc,val_npv,val_precision,val_recall,val_specificity,val_tn,val_tp
0,0.551562488079071,0.6521346569061279,0.5549428462982178,964.0,927.0,0.8296345472335815,0.01,0.11978320777416229,0.5582373738288879,0.6077020764350891,0.5983333587646484,0.5692708492279053,1473.0,1436.0,0.5,0.5,0.5,240.0,240.0,0.7189363837242126,0.0,0.5,0.5,0.5,0.5,240.0,240.0
1,0.6135416626930237,0.6562727093696594,0.6176607012748718,716.0,773.0,0.6704199910163879,0.01,0.22540263831615448,0.6157321929931641,0.6090035438537598,0.6270833611488342,0.5973958373069763,1147.0,1204.0,0.5,0.49634116888046265,0.5,240.0,240.0,0.7005771994590759,0.0,0.5,0.5,0.5,0.5,240.0,240.0
2,0.6369791626930237,0.6944842338562012,0.6353341341018677,697.0,704.0,0.6354158520698547,0.01,0.2709617018699646,0.6363714933395386,0.634665310382843,0.6369791626930237,0.6333333253860474,1216.0,1223.0,0.5,0.4628819227218628,0.5,240.0,240.0,0.7618623375892639,0.0,0.5,0.5,0.5,0.5,240.0,240.0
3,0.6630208492279053,0.7300539612770081,0.6593940258026123,657.0,645.0,0.6070942282676697,0.01,0.3223918080329895,0.6606903672218323,0.6619496941566467,0.6578124761581421,0.6640625,1275.0,1263.0,0.5,0.46078771352767944,0.5,240.0,240.0,0.7035306692123413,0.0,0.5,0.5,0.5,0.5,240.0,240.0
4,0.668749988079071,0.7491587400436401,0.6741236448287964,626.0,622.0,0.5842078924179077,0.0009999999,0.3504059612751007,0.6756733059883118,0.6753653287887573,0.6739583611488342,0.6760416626930237,1298.0,1294.0,0.5,0.4531293511390686,0.5,240.0,240.0,0.7531470656394958,0.0,0.5,0.5,0.5,0.5,240.0,240.0
5,0.6817708611488342,0.762442946434021,0.6753528118133545,621.0,625.0,0.5702890157699585,0.0009999999,0.35138753056526184,0.6768820285797119,0.6751559376716614,0.676562488079071,0.6744791865348816,1295.0,1299.0,0.5,0.5095095634460449,0.5,240.0,240.0,0.7626239061355591,0.0,0.5,0.5,0.5,0.5,240.0,240.0
