epoch,accuracy,auc,f1_score,fn,fp,loss,lr,mcc,npv,precision,recall,specificity,tn,tp,val_accuracy,val_auc,val_f1_score,val_fn,val_fp,val_loss,val_mcc,val_npv,val_precision,val_recall,val_specificity,val_tn,val_tp
0,0.535937488079071,0.5207525491714478,0.5129333138465881,1183.0,1126.0,0.7468397617340088,0.01,0.0472748726606369,0.5250908136367798,0.5194195508956909,0.5070833563804626,0.5385416746139526,1274.0,1217.0,0.5,0.5,0.5,240.0,240.0,6065.11865234375,0.0,0.5,0.5,0.5,0.5,240.0,240.0
1,0.5854166746139526,0.61552494764328,0.5870857834815979,784.0,810.0,0.6826417446136475,0.01,0.17028997838497162,0.5866966843605042,0.5837615728378296,0.5916666388511658,0.578125,1110.0,1136.0,0.5,0.5,0.5,240.0,240.0,53.07057571411133,0.0,0.5,0.5,0.5,0.5,240.0,240.0
2,0.6088541746139526,0.6427990198135376,0.604343593120575,755.0,763.0,0.6653854250907898,0.01,0.2099909484386444,0.606511116027832,0.6042531132698059,0.6067708134651184,0.6026041507720947,1157.0,1165.0,0.5,0.5286610722541809,0.5,240.0,240.0,1.540773868560791,0.0,0.5,0.5,0.5,0.5,240.0,240.0
3,0.6270833611488342,0.6576619148254395,0.6202389001846313,726.0,736.0,0.6590033769607544,0.01,0.2390446811914444,0.6197431683540344,0.6186528205871582,0.621874988079071,0.6166666746139526,1184.0,1194.0,0.5,0.5170985460281372,0.5,240.0,240.0,3.2188832759857178,0.0,0.5,0.5,0.5,0.5,240.0,240.0
4,0.6197916865348816,0.6812734603881836,0.6249313950538635,722.0,716.0,0.6450700759887695,0.0009999999,0.2512722909450531,0.625049352645874,0.6259143352508545,0.6239583492279053,0.6270833611488342,1204.0,1198.0,0.5,0.5335633754730225,0.5,240.0,240.0,1.1429429054260254,0.0,0.5,0.5,0.5,0.5,240.0,240.0
5,0.6546875238418579,0.6975083947181702,0.6530555486679077,665.0,667.0,0.6330564022064209,0.0009999999,0.30653563141822815,0.6537386178970337,0.6529656648635864,0.6536458134651184,0.6526041626930237,1253.0,1255.0,0.5,0.5272157192230225,0.5,240.0,240.0,0.9974549412727356,0.0,0.5,0.5,0.5,0.5,240.0,240.0
