epoch,accuracy,auc,f1_score,fn,fp,loss,lr,mcc,npv,precision,recall,specificity,tn,tp,val_accuracy,val_auc,val_f1_score,val_fn,val_fp,val_loss,val_mcc,val_npv,val_precision,val_recall,val_specificity,val_tn,val_tp
0,0.5598958134651184,0.5774431228637695,0.5533019304275513,1087.0,1095.0,0.7162463665008545,0.01,0.10399185121059418,0.5528504252433777,0.545265793800354,0.54708331823349,0.5463541746139526,1305.0,1313.0,0.5,0.5,0.5,240.0,240.0,178.54254150390625,0.0,0.5,0.5,0.5,0.5,240.0,240.0
1,0.6135416626930237,0.648546040058136,0.6136435866355896,742.0,742.0,0.6623045802116394,0.01,0.22755365073680878,0.6130605936050415,0.6135416626930237,0.6135416626930237,0.6135416626930237,1178.0,1178.0,0.5,0.5111415386199951,0.0,480.0,0.0,1.1252542734146118,0.0,0.5,0.0,0.0,1.0,480.0,0.0
2,0.6494791507720947,0.701494038105011,0.6501180529594421,667.0,679.0,0.6258926391601562,0.01,0.2992619574069977,0.6512418985366821,0.6485507488250732,0.6526041626930237,0.6463541388511658,1241.0,1253.0,0.5,0.5709179639816284,0.5,240.0,240.0,0.8263600468635559,0.0,0.5,0.5,0.5,0.5,240.0,240.0
3,0.659375011920929,0.7247827649116516,0.6537898182868958,663.0,667.0,0.6082607507705688,0.01,0.30756035447120667,0.654417097568512,0.6533263921737671,0.6546875238418579,0.6526041626930237,1253.0,1257.0,0.5,0.5941623449325562,0.5,240.0,240.0,1.4167492389678955,0.0,0.5,0.5,0.5,0.5,240.0,240.0
4,0.6640625,0.7216896414756775,0.666637122631073,633.0,654.0,0.6161785125732422,0.0009999999,0.33002254366874695,0.6667616367340088,0.6630603075027466,0.6703125238418579,0.659375011920929,1266.0,1287.0,0.5,0.6007487177848816,0.5,240.0,240.0,0.8672248721122742,0.0,0.5,0.5,0.5,0.5,240.0,240.0
5,0.6911458373069763,0.751018226146698,0.6906411051750183,596.0,589.0,0.5917822122573853,0.0009999999,0.3830033540725708,0.6911458373069763,0.6921066641807556,0.6895833611488342,0.6932291388511658,1331.0,1324.0,0.5,0.6003385782241821,0.5,240.0,240.0,0.7468982338905334,0.0,0.5,0.5,0.5,0.5,240.0,240.0
