epoch,accuracy,auc,f1_score,fn,fp,loss,lr,mcc,npv,precision,recall,specificity,tn,tp,val_accuracy,val_auc,val_f1_score,val_fn,val_fp,val_loss,val_mcc,val_npv,val_precision,val_recall,val_specificity,val_tn,val_tp
0,0.5677083134651184,0.5711448788642883,0.561395525932312,1091.0,1052.0,0.7262665033340454,0.01,0.1350213587284088,0.5663464069366455,0.5544260740280151,0.5454166531562805,0.5776041746139526,1348.0,1309.0,0.5,0.5,0.0,480.0,0.0,356.05413818359375,0.0,0.5,0.0,0.0,1.0,480.0,0.0
1,0.6161458492279053,0.6432020664215088,0.6096822023391724,752.0,742.0,0.6667191386222839,0.01,0.22273896634578705,0.6105241775512695,0.6115183234214783,0.6083333492279053,0.6135416626930237,1178.0,1168.0,0.5,0.5,0.5,240.0,240.0,4.956126689910889,0.0,0.5,0.5,0.5,0.5,240.0,240.0
2,0.6427083611488342,0.6828619241714478,0.6333923935890198,709.0,693.0,0.6420480012893677,0.01,0.2702488601207733,0.6336457133293152,0.6360294222831726,0.6307291388511658,0.6390625238418579,1227.0,1211.0,0.5,0.5476822853088379,0.5,240.0,240.0,0.8090087175369263,0.0,0.5,0.5,0.5,0.5,240.0,240.0
3,0.6302083134651184,0.678408682346344,0.6325859427452087,704.0,709.0,0.6396803259849548,0.01,0.26432883739471436,0.6321675777435303,0.6316882967948914,0.6333333253860474,0.6307291388511658,1211.0,1216.0,0.5,0.585692286491394,0.5,240.0,240.0,0.9604313969612122,0.0,0.5,0.5,0.5,0.5,240.0,240.0
4,0.6291666626930237,0.6752334833145142,0.6221463680267334,733.0,707.0,0.6424550414085388,0.0009999999,0.2503262162208557,0.623603105545044,0.6267159581184387,0.6182291507720947,0.6317708492279053,1213.0,1187.0,0.5,0.5946658253669739,0.5,240.0,240.0,0.7313772439956665,0.0,0.5,0.5,0.5,0.5,240.0,240.0
5,0.6552083492279053,0.7190368175506592,0.6564055681228638,656.0,667.0,0.6117688417434692,0.0009999999,0.3110516369342804,0.6564189195632935,0.6545830965042114,0.6583333611488342,0.6526041626930237,1253.0,1264.0,0.5,0.5973437428474426,0.5,240.0,240.0,0.7703971266746521,0.0,0.5,0.5,0.5,0.5,240.0,240.0
