epoch,accuracy,auc,f1_score,fn,fp,loss,lr,mcc,npv,precision,recall,specificity,tn,tp,val_accuracy,val_auc,val_f1_score,val_fn,val_fp,val_loss,val_mcc,val_npv,val_precision,val_recall,val_specificity,val_tn,val_tp
0,0.5666666626930237,0.5849745869636536,0.5669768452644348,1017.0,1081.0,0.7287111878395081,0.01,0.12546510994434357,0.5643090009689331,0.5612824559211731,0.5762500166893005,0.5510416626930237,1319.0,1383.0,0.5,0.5,0.5,240.0,240.0,1220.997314453125,0.0,0.5,0.5,0.5,0.5,240.0,240.0
1,0.6104166507720947,0.6403650641441345,0.6092614531517029,747.0,760.0,0.664893388748169,0.01,0.2155546098947525,0.6067050099372864,0.6068287491798401,0.6109374761581421,0.6041666865348816,1160.0,1173.0,0.5,0.5,0.5,240.0,240.0,10.876344680786133,0.0,0.5,0.5,0.5,0.5,240.0,240.0
2,0.6317708492279053,0.6831617951393127,0.6309153437614441,711.0,703.0,0.6413965821266174,0.01,0.2639445960521698,0.6311215758323669,0.6323221921920776,0.629687488079071,0.6338541507720947,1217.0,1209.0,0.5,0.5945985317230225,0.5025641322135925,238.0,241.0,0.699617326259613,0.0020843506790697575,0.501075267791748,0.501035213470459,0.5041666626930237,0.49791666865348816,239.0,242.0
3,0.6447916626930237,0.6888092756271362,0.6427298188209534,679.0,699.0,0.635654091835022,0.01,0.28258705139160156,0.6430747509002686,0.6396906971931458,0.6463541388511658,0.635937511920929,1221.0,1241.0,0.5,0.5918684601783752,0.5,240.0,240.0,0.794409990310669,0.0,0.5,0.5,0.5,0.5,240.0,240.0
4,0.635937511920929,0.6864936351776123,0.6343581676483154,707.0,690.0,0.6370386481285095,0.0009999999,0.27270936965942383,0.6353391408920288,0.6374146342277527,0.6317708492279053,0.640625,1230.0,1213.0,0.5,0.591150164604187,0.5,240.0,240.0,0.8607667684555054,0.0,0.5,0.5,0.5,0.5,240.0,240.0
5,0.6520833373069763,0.709930956363678,0.6499943137168884,670.0,675.0,0.6186658143997192,0.0009999999,0.29983416199684143,0.6504492163658142,0.649350643157959,0.6510416865348816,0.6484375,1245.0,1250.0,0.5,0.5991405844688416,0.5,240.0,240.0,0.7149703502655029,0.0,0.5,0.5,0.5,0.5,240.0,240.0
