epoch,accuracy,auc,f1_score,fn,fp,loss,lr,mcc,npv,precision,recall,specificity,tn,tp,val_accuracy,val_auc,val_f1_score,val_fn,val_fp,val_loss,val_mcc,val_npv,val_precision,val_recall,val_specificity,val_tn,val_tp
0,0.5864583253860474,0.6292007565498352,0.590250551700592,977.0,968.0,0.7079241275787354,0.01,0.18006950616836548,0.5890243053436279,0.5951484441757202,0.5929166674613953,0.589062511920929,1432.0,1423.0,0.5,0.5,0.5,240.0,240.0,125.17808532714844,0.0,0.5,0.5,0.5,0.5,240.0,240.0
1,0.6156250238418579,0.6617180705070496,0.614244818687439,746.0,726.0,0.6491955518722534,0.01,0.23375223577022552,0.6159728169441223,0.61789470911026,0.6114583611488342,0.621874988079071,1194.0,1174.0,0.5,0.5,0.5,240.0,240.0,14.628426551818848,0.0,0.5,0.5,0.5,0.5,240.0,240.0
2,0.635937511920929,0.6918600797653198,0.6359502077102661,701.0,694.0,0.6281791925430298,0.01,0.2735637426376343,0.6363335847854614,0.6372190117835999,0.6348958611488342,0.6385416388511658,1226.0,1219.0,0.5,0.503125011920929,0.5,240.0,240.0,3.033980369567871,0.0,0.5,0.5,0.5,0.5,240.0,240.0
3,0.660937488079071,0.715632438659668,0.6583735346794128,656.0,653.0,0.6137810349464417,0.01,0.31842994689941406,0.6598164439201355,0.6593635678291321,0.6583333611488342,0.6598958373069763,1267.0,1264.0,0.5,0.5,0.5,240.0,240.0,4.509626388549805,0.0,0.5,0.5,0.5,0.5,240.0,240.0
4,0.6526041626930237,0.7069252133369446,0.6545568108558655,665.0,660.0,0.6236350536346436,0.0009999999,0.3100016415119171,0.6544252038002014,0.6553524732589722,0.6536458134651184,0.65625,1260.0,1255.0,0.5,0.5497655868530273,0.5,240.0,240.0,2.672959566116333,0.0,0.5,0.5,0.5,0.5,240.0,240.0
5,0.6682291626930237,0.7391326427459717,0.670666515827179,636.0,626.0,0.5914322733879089,0.0009999999,0.34290674328804016,0.6701471209526062,0.672251284122467,0.668749988079071,0.6739583611488342,1294.0,1284.0,0.5,0.5684765577316284,0.5,240.0,240.0,1.6460579633712769,0.0,0.5,0.5,0.5,0.5,240.0,240.0
