epoch,accuracy,auc,f1_score,fn,fp,loss,lr,mcc,npv,precision,recall,specificity,tn,tp,val_accuracy,val_auc,val_f1_score,val_fn,val_fp,val_loss,val_mcc,val_npv,val_precision,val_recall,val_specificity,val_tn,val_tp
0,0.5447916388511658,0.5229796171188354,0.5246587991714478,1147.0,1155.0,0.7313462495803833,0.01,0.05103627219796181,0.5261651873588562,0.520348846912384,0.5220833420753479,0.5234375,1245.0,1253.0,0.5,0.5,0.5,240.0,240.0,272.6039123535156,0.0,0.5,0.5,0.5,0.5,240.0,240.0
1,0.5729166865348816,0.5817409157752991,0.5590769648551941,848.0,840.0,0.6963126063346863,0.01,0.12148233503103256,0.5588418245315552,0.560669481754303,0.5583333373069763,0.5625,1080.0,1072.0,0.5,0.5,0.5,240.0,240.0,9.319802284240723,0.0,0.5,0.5,0.5,0.5,240.0,240.0
2,0.6015625,0.6286930441856384,0.5991254448890686,767.0,774.0,0.6692131161689758,0.01,0.19766928255558014,0.5993940830230713,0.5983393788337708,0.6005208492279053,0.596875011920929,1146.0,1153.0,0.5,0.5590082406997681,0.5,240.0,240.0,0.8822424411773682,0.0,0.5,0.5,0.5,0.5,240.0,240.0
3,0.6260416507720947,0.663200855255127,0.621343195438385,730.0,718.0,0.6495066285133362,0.01,0.24616064131259918,0.6227569580078125,0.6236897110939026,0.6197916865348816,0.6260416507720947,1202.0,1190.0,0.5,0.5736783742904663,0.5,240.0,240.0,0.8189286589622498,0.0,0.5,0.5,0.5,0.5,240.0,240.0
4,0.629687488079071,0.6743309497833252,0.6265363097190857,712.0,729.0,0.6453332304954529,0.0009999999,0.24980300664901733,0.6254068613052368,0.6236448287963867,0.6291666626930237,0.620312511920929,1191.0,1208.0,0.5,0.5791167616844177,0.5,240.0,240.0,0.7248246073722839,0.0,0.5,0.5,0.5,0.5,240.0,240.0
5,0.6322916746139526,0.6906818747520447,0.6340238451957703,700.0,708.0,0.6304818391799927,0.0009999999,0.26700058579444885,0.6338958740234375,0.6327800750732422,0.6354166865348816,0.6312500238418579,1212.0,1220.0,0.5,0.5862630009651184,0.5,240.0,240.0,0.7069395184516907,0.0,0.5,0.5,0.5,0.5,240.0,240.0
