epoch,accuracy,auc,f1_score,fn,fp,loss,lr,mcc,npv,precision,recall,specificity,tn,tp,val_accuracy,val_auc,val_f1_score,val_fn,val_fp,val_loss,val_mcc,val_npv,val_precision,val_recall,val_specificity,val_tn,val_tp
0,0.5703125,0.5757989287376404,0.5661100149154663,1068.0,1081.0,0.7298876047134399,0.01,0.13236920535564423,0.5650947093963623,0.5520099401473999,0.5550000071525574,0.5651041865348816,1319.0,1332.0,0.5,0.5,0.5,240.0,240.0,624.2498168945312,0.0,0.5,0.5,0.5,0.5,240.0,240.0
1,0.6135416626930237,0.6538681387901306,0.6118829846382141,743.0,749.0,0.664544939994812,0.01,0.22338132560253143,0.6114702820777893,0.6111111044883728,0.6130208373069763,0.6098958253860474,1171.0,1177.0,0.5,0.49834853410720825,0.0,480.0,0.0,2.4202678203582764,0.0,0.5,0.0,0.0,1.0,480.0,0.0
2,0.6145833134651184,0.6666637063026428,0.6135731339454651,742.0,737.0,0.6447847485542297,0.01,0.23024146258831024,0.6156767010688782,0.6151435971260071,0.6135416626930237,0.6161458492279053,1183.0,1178.0,0.5,0.5731033086776733,0.5,240.0,240.0,0.9910128116607666,0.0,0.5,0.5,0.5,0.5,240.0,240.0
3,0.6473958492279053,0.6918448805809021,0.645893931388855,674.0,689.0,0.6318430304527283,0.01,0.29044288396835327,0.6472377777099609,0.6439276337623596,0.6489583253860474,0.6411458253860474,1231.0,1246.0,0.5,0.59870445728302,0.5,240.0,240.0,0.7713823318481445,0.0,0.5,0.5,0.5,0.5,240.0,240.0
4,0.6546875238418579,0.7081031799316406,0.6528854370117188,670.0,659.0,0.6219977736473083,0.0009999999,0.3079390823841095,0.6530458331108093,0.6547930836677551,0.6510416865348816,0.6567708253860474,1261.0,1250.0,0.5,0.5992491245269775,0.5,240.0,240.0,0.840769350528717,0.0,0.5,0.5,0.5,0.5,240.0,240.0
5,0.6770833134651184,0.7328885197639465,0.6773589253425598,619.0,621.0,0.6043317914009094,0.0009999999,0.3543599545955658,0.6770785450935364,0.6768990755081177,0.6776041388511658,0.676562488079071,1299.0,1301.0,0.5,0.5987565517425537,0.5,240.0,240.0,0.7944700717926025,0.0,0.5,0.5,0.5,0.5,240.0,240.0
