epoch,accuracy,auc,f1_score,fn,fp,loss,lr,mcc,npv,precision,recall,specificity,tn,tp,val_accuracy,val_auc,val_f1_score,val_fn,val_fp,val_loss,val_mcc,val_npv,val_precision,val_recall,val_specificity,val_tn,val_tp
0,0.5322916507720947,0.5300057530403137,0.5264602899551392,1146.0,1145.0,0.7238726019859314,0.01,0.05695943161845207,0.529862642288208,0.5227177739143372,0.5224999785423279,0.5286458134651184,1255.0,1254.0,0.5,0.5,0.5,240.0,240.0,23.92751693725586,0.0,0.5,0.5,0.5,0.5,240.0,240.0
1,0.6083333492279053,0.6358731985092163,0.5918123126029968,789.0,767.0,0.6725316643714905,0.01,0.18985046446323395,0.5943641662597656,0.5958904027938843,0.589062511920929,0.6005208492279053,1153.0,1131.0,0.5,0.5,0.5,240.0,240.0,14.521661758422852,0.0,0.5,0.5,0.5,0.5,240.0,240.0
2,0.640625,0.6828970313072205,0.6362959742546082,702.0,690.0,0.6487012505531311,0.01,0.2752150893211365,0.6366134881973267,0.6383647918701172,0.6343749761581421,0.640625,1230.0,1218.0,0.5,0.5340625047683716,0.5,240.0,240.0,2.9670000076293945,0.0,0.5,0.5,0.5,0.5,240.0,240.0
3,0.6635416746139526,0.6998242139816284,0.6561095714569092,656.0,670.0,0.6405921578407288,0.01,0.30970191955566406,0.655331015586853,0.6535677313804626,0.6583333611488342,0.6510416865348816,1250.0,1264.0,0.5,0.5,0.5,240.0,240.0,23.02187728881836,0.0,0.5,0.5,0.5,0.5,240.0,240.0
4,0.6666666865348816,0.7196783423423767,0.6650767922401428,643.0,642.0,0.6202214360237122,0.0009999999,0.3308385908603668,0.6655988097190857,0.6654507517814636,0.6651041507720947,0.6656249761581421,1278.0,1277.0,0.5,0.5482378602027893,0.5871355533599854,179.0,262.0,3.0698516368865967,0.07057476043701172,0.5051282048225403,0.5346359014511108,0.6270833611488342,0.4541666805744171,218.0,301.0
5,0.7026041746139526,0.7551037669181824,0.7020089030265808,572.0,573.0,0.5956699848175049,0.0009999999,0.40369749069213867,0.7017202973365784,0.7017178535461426,0.7020833492279053,0.7015625238418579,1347.0,1348.0,0.5,0.5374978184700012,0.5,240.0,240.0,3.815150260925293,0.0,0.5,0.5,0.5,0.5,240.0,240.0
