epoch,accuracy,auc,f1_score,fn,fp,loss,lr,mcc,npv,precision,recall,specificity,tn,tp,val_accuracy,val_auc,val_f1_score,val_fn,val_fp,val_loss,val_mcc,val_npv,val_precision,val_recall,val_specificity,val_tn,val_tp
0,0.5494791865348816,0.5424899458885193,0.5363749861717224,1127.0,1133.0,0.717120349407196,0.01,0.07301259785890579,0.5358248353004456,0.5290939211845398,0.5304166674613953,0.5348958373069763,1267.0,1273.0,0.5,0.5,0.5,240.0,240.0,57.98135757446289,0.0,0.5,0.5,0.5,0.5,240.0,240.0
1,0.6088541746139526,0.6457600593566895,0.5985422134399414,779.0,749.0,0.6671648025512695,0.01,0.20440517365932465,0.6009395718574524,0.6037036776542664,0.5942708253860474,0.6098958253860474,1171.0,1141.0,0.5,0.5,0.5,240.0,240.0,7.73341703414917,0.0,0.5,0.5,0.5,0.5,240.0,240.0
2,0.6338541507720947,0.6745591163635254,0.6299130320549011,709.0,715.0,0.6501399874687195,0.01,0.2584754228591919,0.6289876699447632,0.628764271736145,0.6307291388511658,0.6276041865348816,1205.0,1211.0,0.5,0.6001845002174377,0.5,240.0,240.0,1.189733862876892,0.0,0.5,0.5,0.5,0.5,240.0,240.0
3,0.645312488079071,0.6958286166191101,0.6413115859031677,685.0,697.0,0.6355639100074768,0.01,0.2804315686225891,0.6407850980758667,0.6392339468002319,0.6432291865348816,0.6369791626930237,1223.0,1235.0,0.5,0.5675802826881409,0.5,240.0,240.0,1.1706939935684204,0.0,0.5,0.5,0.5,0.5,240.0,240.0
4,0.6885416507720947,0.7370672225952148,0.6867334842681885,605.0,595.0,0.6118524074554443,0.0009999999,0.37511327862739563,0.6864362359046936,0.6884816884994507,0.6848958134651184,0.6901041865348816,1325.0,1315.0,0.5,0.5563042759895325,0.5,240.0,240.0,2.721564769744873,0.0,0.5,0.5,0.5,0.5,240.0,240.0
5,0.7114583253860474,0.763424813747406,0.7114223837852478,553.0,556.0,0.5833800435066223,0.0009999999,0.42242303490638733,0.7115428447723389,0.7108684182167053,0.7119791507720947,0.7104166746139526,1364.0,1367.0,0.5,0.5391862392425537,0.5,240.0,240.0,2.846240282058716,0.0,0.5,0.5,0.5,0.5,240.0,240.0
