epoch,accuracy,auc,f1_score,fn,fp,loss,lr,mcc,npv,precision,recall,specificity,tn,tp,val_accuracy,val_auc,val_f1_score,val_fn,val_fp,val_loss,val_mcc,val_npv,val_precision,val_recall,val_specificity,val_tn,val_tp
0,0.5677083134651184,0.6081499457359314,0.565212607383728,1001.0,1013.0,0.7166100740432739,0.01,0.13058099150657654,0.5662981867790222,0.5800166130065918,0.5829166769981384,0.5619791746139526,1387.0,1399.0,0.5,0.5,0.5,240.0,240.0,30.028236389160156,0.0,0.5,0.5,0.5,0.5,240.0,240.0
1,0.620312511920929,0.6545248627662659,0.6143172979354858,745.0,732.0,0.6654923558235168,0.01,0.23127348721027374,0.613455057144165,0.6161510348320007,0.6119791865348816,0.6187499761581421,1188.0,1175.0,0.5,0.5470312237739563,0.46778494119644165,268.0,197.0,4.473666191101074,0.029817871749401093,0.5251312851905823,0.5183374285697937,0.4416666626930237,0.5895833373069763,283.0,212.0
2,0.6484375,0.6901393532752991,0.6409667134284973,695.0,677.0,0.6386924386024475,0.01,0.2856424152851105,0.6414088606834412,0.644058883190155,0.6380208134651184,0.6473958492279053,1243.0,1225.0,0.5,0.5518120527267456,0.5,240.0,240.0,4.700773239135742,0.0,0.5,0.5,0.5,0.5,240.0,240.0
3,0.6598958373069763,0.7258873581886292,0.6579760909080505,652.0,666.0,0.6118990778923035,0.01,0.3136617839336395,0.6579567790031433,0.6556360125541687,0.6604166626930237,0.653124988079071,1254.0,1268.0,0.5,0.551987886428833,0.5,240.0,210.0,2.934844493865967,0.05652138218283653,0.5500553846359253,0.5333333611488342,0.5,0.5625,270.0,240.0
4,0.707812488079071,0.778720498085022,0.7077963948249817,559.0,565.0,0.573483407497406,0.0009999999,0.41460010409355164,0.7078460454940796,0.7066459059715271,0.7088541388511658,0.7057291865348816,1355.0,1361.0,0.5,0.5561631917953491,0.5,240.0,223.0,2.524655818939209,0.03298533707857132,0.5304954051971436,0.5183585286140442,0.5,0.5354166626930237,257.0,240.0
5,0.7359374761581421,0.8029036521911621,0.7360137104988098,505.0,510.0,0.5411869883537292,0.0009999999,0.4713905453681946,0.7363244295120239,0.7350649237632751,0.7369791865348816,0.734375,1410.0,1415.0,0.5,0.5484548807144165,0.5,240.0,240.0,3.1489105224609375,0.0,0.5,0.5,0.5,0.5,240.0,240.0
