epoch,accuracy,auc,f1_score,fn,fp,loss,lr,mcc,npv,precision,recall,specificity,tn,tp,val_accuracy,val_auc,val_f1_score,val_fn,val_fp,val_loss,val_mcc,val_npv,val_precision,val_recall,val_specificity,val_tn,val_tp
0,0.5572916865348816,0.5464475750923157,0.5508286952972412,1094.0,1116.0,0.7204911708831787,0.01,0.09955800324678421,0.5508521199226379,0.5392237901687622,0.5441666841506958,0.543749988079071,1284.0,1306.0,0.5,0.5,0.5,240.0,240.0,30.020540237426758,0.0,0.5,0.5,0.5,0.5,240.0,240.0
1,0.604687511920929,0.6296873092651367,0.5908051133155823,782.0,795.0,0.6760256886482239,0.01,0.17908115684986115,0.5890804529190063,0.5887221693992615,0.5927083492279053,0.5859375,1125.0,1138.0,0.5,0.5,0.5,240.0,240.0,7.212016582489014,0.0,0.5,0.5,0.5,0.5,240.0,240.0
2,0.6442708373069763,0.6862476468086243,0.6347270607948303,707.0,690.0,0.6435016989707947,0.01,0.2726435363292694,0.6346412301063538,0.6374146342277527,0.6317708492279053,0.640625,1230.0,1213.0,0.5,0.6034222841262817,0.5,240.0,240.0,2.0015318393707275,0.0,0.5,0.5,0.5,0.5,240.0,240.0
3,0.6520833373069763,0.6983299255371094,0.6507035493850708,675.0,662.0,0.6363085508346558,0.01,0.303753525018692,0.6506655216217041,0.6528578996658325,0.6484375,0.6552083492279053,1258.0,1245.0,0.5,0.5,0.5,240.0,240.0,4.610146999359131,0.0,0.5,0.5,0.5,0.5,240.0,240.0
4,0.6864583492279053,0.7473222017288208,0.6865793466567993,601.0,604.0,0.6011985540390015,0.0009999999,0.37244856357574463,0.6862413883209229,0.6859074234962463,0.6869791746139526,0.6854166388511658,1316.0,1319.0,0.5,0.5,0.5,240.0,240.0,4.75580358505249,0.0,0.5,0.5,0.5,0.5,240.0,240.0
5,0.707812488079071,0.7702489495277405,0.7067440748214722,563.0,563.0,0.5742909908294678,0.0009999999,0.413565069437027,0.7068268060684204,0.7067708373069763,0.7067708373069763,0.7067708373069763,1357.0,1357.0,0.5,0.5,0.5,240.0,240.0,8.23166275024414,0.0,0.5,0.5,0.5,0.5,240.0,240.0
