epoch,accuracy,auc,f1_score,fn,fp,loss,lr,mcc,npv,precision,recall,specificity,tn,tp,val_accuracy,val_auc,val_f1_score,val_fn,val_fp,val_loss,val_mcc,val_npv,val_precision,val_recall,val_specificity,val_tn,val_tp
0,0.542187511920929,0.5352997779846191,0.5342075228691101,1139.0,1113.0,0.7282518744468689,0.01,0.07737956941127777,0.5389007329940796,0.5311710238456726,0.5254166722297668,0.5453125238418579,1287.0,1261.0,0.5,0.5,0.5,240.0,240.0,9.459606170654297,0.0,0.5,0.5,0.5,0.5,240.0,240.0
1,0.5973958373069763,0.6319166421890259,0.5956209897994995,760.0,813.0,0.6734403967857361,0.01,0.18106946349143982,0.5930376052856445,0.5879371762275696,0.6041666865348816,0.5765625238418579,1107.0,1160.0,0.5,0.5,0.5,240.0,240.0,8.953006744384766,0.0,0.5,0.5,0.5,0.5,240.0,240.0
2,0.645312488079071,0.6910362243652344,0.6413959860801697,687.0,691.0,0.6370920538902283,0.01,0.28251901268959045,0.6416090726852417,0.6408523917198181,0.6421874761581421,0.6401041746139526,1229.0,1233.0,0.5,0.5845485925674438,0.5,240.0,240.0,1.554209589958191,0.0,0.5,0.5,0.5,0.5,240.0,240.0
3,0.6713541746139526,0.7138989567756653,0.6688003540039062,635.0,636.0,0.6287631988525391,0.01,0.3381701707839966,0.6696745753288269,0.6689224243164062,0.6692708134651184,0.668749988079071,1284.0,1285.0,0.5,0.5892252922058105,0.5,240.0,239.0,1.752966284751892,0.0020517667289823294,0.5020201802253723,0.5010438561439514,0.5,0.5020833611488342,241.0,240.0
4,0.6979166865348816,0.7599363327026367,0.7001396417617798,573.0,581.0,0.5856695771217346,0.0009999999,0.39899545907974243,0.7002495527267456,0.6986514329910278,0.7015625238418579,0.6973958611488342,1339.0,1347.0,0.5,0.5505902767181396,0.5,240.0,240.0,2.8276302814483643,0.0,0.5,0.5,0.5,0.5,240.0,240.0
5,0.723437488079071,0.7856970429420471,0.7249279022216797,526.0,532.0,0.5620743632316589,0.0009999999,0.4489786922931671,0.7251511812210083,0.7237798571586609,0.7260416746139526,0.7229166626930237,1388.0,1394.0,0.5,0.5194921493530273,0.5,240.0,240.0,3.367136240005493,0.0,0.5,0.5,0.5,0.5,240.0,240.0
