epoch,accuracy,auc,f1_score,fn,fp,loss,lr,mcc,npv,precision,recall,specificity,tn,tp,val_accuracy,val_auc,val_f1_score,val_fn,val_fp,val_loss,val_mcc,val_npv,val_precision,val_recall,val_specificity,val_tn,val_tp
0,0.5036458373069763,0.5110757946968079,0.4911097288131714,1215.0,1204.0,0.7375496625900269,0.01,-0.01282445527613163,0.4940710961818695,0.4960234463214874,0.4937500059604645,0.4958333373069763,1196.0,1185.0,0.5,0.5,0.5,240.0,240.0,5.460803508758545,0.0,0.5,0.5,0.5,0.5,240.0,240.0
1,0.49166667461395264,0.494983047246933,0.49694693088531494,950.0,1007.0,0.7273232340812683,0.01,-0.0193192008882761,0.48981282114982605,0.49064239859580994,0.5052083134651184,0.4755208194255829,913.0,970.0,0.5,0.4699869751930237,0.6515289545059204,28.0,454.0,1.0801277160644531,0.0025254408828914165,0.47999998927116394,0.4988962411880493,0.9416666626930237,0.05416666716337204,26.0,452.0
2,0.4989583194255829,0.508584201335907,0.5082764029502869,927.0,989.0,0.7130323648452759,0.01,0.0020168719347566366,0.5004478693008423,0.5010091066360474,0.5171874761581421,0.48489582538604736,931.0,993.0,0.5,0.5182703733444214,0.5,240.0,240.0,0.977897584438324,0.0,0.5,0.5,0.5,0.5,240.0,240.0
3,0.510937511920929,0.515419065952301,0.5149297714233398,918.0,961.0,0.7045629024505615,0.01,0.021474497392773628,0.5113732814788818,0.5104432106018066,0.5218750238418579,0.49947917461395264,959.0,1002.0,0.5,0.5517816543579102,0.5,240.0,240.0,1.6427003145217896,0.0,0.5,0.5,0.5,0.5,240.0,240.0
4,0.5369791388511658,0.5534409284591675,0.5325762033462524,894.0,900.0,0.6941035389900208,0.0009999999,0.06587088853120804,0.5336759686470032,0.5327102541923523,0.534375011920929,0.53125,1020.0,1026.0,0.5,0.5555490255355835,0.5,240.0,240.0,1.0733106136322021,0.0,0.5,0.5,0.5,0.5,240.0,240.0
5,0.5447916388511658,0.5577158331871033,0.5295343399047852,922.0,844.0,0.6909444332122803,0.0009999999,0.08068719506263733,0.5393210053443909,0.5418024063110352,0.5197916626930237,0.5604166388511658,1076.0,998.0,0.5,0.5589518547058105,0.5,240.0,240.0,0.8505144119262695,0.0,0.5,0.5,0.5,0.5,240.0,240.0
