epoch,accuracy,auc,f1_score,fn,fp,loss,lr,mcc,npv,precision,recall,specificity,tn,tp,val_accuracy,val_auc,val_f1_score,val_fn,val_fp,val_loss,val_mcc,val_npv,val_precision,val_recall,val_specificity,val_tn,val_tp
0,0.5848958492279053,0.5648828148841858,0.5765931606292725,1044.0,1069.0,0.7090299725532532,0.01,0.14994439482688904,0.5768800973892212,0.5591752529144287,0.5649999976158142,0.5682291388511658,1331.0,1356.0,0.5,0.5,0.5,240.0,240.0,13.877694129943848,0.0,0.5,0.5,0.5,0.5,240.0,240.0
1,0.6229166388511658,0.658972978591919,0.6137499213218689,739.0,737.0,0.6643412709236145,0.01,0.23177386820316315,0.6180731058120728,0.6157455444335938,0.6151041388511658,0.6161458492279053,1183.0,1181.0,0.5,0.5,0.5,240.0,240.0,8.937129020690918,0.0,0.5,0.5,0.5,0.5,240.0,240.0
2,0.6390625238418579,0.6794396638870239,0.6363760828971863,706.0,682.0,0.6516832709312439,0.01,0.27731913328170776,0.6365854740142822,0.6402953863143921,0.6322916746139526,0.6447916626930237,1238.0,1214.0,0.5,0.5,0.5,240.0,240.0,11.739739418029785,0.0,0.5,0.5,0.5,0.5,240.0,240.0
3,0.6708333492279053,0.7212560176849365,0.6696534752845764,637.0,630.0,0.620745837688446,0.01,0.3402625024318695,0.669073224067688,0.6706743240356445,0.6682291626930237,0.671875,1290.0,1283.0,0.5,0.5452691316604614,0.5,240.0,240.0,2.691119432449341,0.0,0.5,0.5,0.5,0.5,240.0,240.0
4,0.6786458492279053,0.7366518974304199,0.6800299882888794,615.0,613.0,0.6040857434272766,0.0009999999,0.36048439145088196,0.6800651550292969,0.6803962588310242,0.6796875,0.6807291507720947,1307.0,1305.0,0.5,0.5,0.5,240.0,240.0,5.664294719696045,0.0,0.5,0.5,0.5,0.5,240.0,240.0
5,0.703125,0.7636997699737549,0.7039002180099487,564.0,577.0,0.5799292922019958,0.0009999999,0.40582525730133057,0.7041922807693481,0.7015002369880676,0.706250011920929,0.6994791626930237,1343.0,1356.0,0.5,0.5,0.5,240.0,240.0,7.892379283905029,0.0,0.5,0.5,0.5,0.5,240.0,240.0
