epoch,accuracy,auc,f1_score,fn,fp,loss,lr,mcc,npv,precision,recall,specificity,tn,tp,val_accuracy,val_auc,val_f1_score,val_fn,val_fp,val_loss,val_mcc,val_npv,val_precision,val_recall,val_specificity,val_tn,val_tp
0,0.5791666507720947,0.5681685209274292,0.5685872435569763,1075.0,1048.0,0.708718478679657,0.01,0.14474867284297943,0.5710960030555725,0.5583649277687073,0.5520833134651184,0.5791666507720947,1352.0,1325.0,0.5,0.5,0.5,240.0,240.0,12.80864143371582,0.0,0.5,0.5,0.5,0.5,240.0,240.0
1,0.6265624761581421,0.6636461615562439,0.6158522963523865,737.0,739.0,0.6589170694351196,0.01,0.23148871958255768,0.6153253316879272,0.6155046820640564,0.6161458492279053,0.6151041388511658,1181.0,1183.0,0.5,0.5431684255599976,0.510800302028656,233.0,243.0,5.259530544281006,0.008298968896269798,0.501075267791748,0.5040816068649292,0.5145833492279053,0.4937500059604645,237.0,247.0
2,0.6916666626930237,0.7276938557624817,0.6847766637802124,610.0,594.0,0.620968222618103,0.01,0.3731984496116638,0.6856798529624939,0.6880252361297607,0.6822916865348816,0.690625011920929,1326.0,1310.0,0.5,0.5466883182525635,0.5308974981307983,221.0,245.0,2.111912965774536,0.02617606334388256,0.5,0.5138888955116272,0.5395833253860474,0.4895833432674408,235.0,259.0
3,0.692187488079071,0.7586555480957031,0.6915834546089172,591.0,594.0,0.5835884213447571,0.01,0.382877916097641,0.6918551325798035,0.6911076307296753,0.692187488079071,0.690625011920929,1326.0,1329.0,0.5,0.5015624761581421,0.5,240.0,240.0,4.550827503204346,0.0,0.5,0.5,0.5,0.5,240.0,240.0
4,0.7333333492279053,0.8019553422927856,0.733617901802063,512.0,510.0,0.5446548461914062,0.0009999999,0.4677566587924957,0.7338210344314575,0.7340980172157288,0.7333333492279053,0.734375,1410.0,1408.0,0.5,0.5158593654632568,0.5,240.0,240.0,3.752105236053467,0.0,0.5,0.5,0.5,0.5,240.0,240.0
5,0.7640625238418579,0.8338993787765503,0.7642666697502136,451.0,455.0,0.5033212900161743,0.0009999999,0.5281606316566467,0.7647172808647156,0.7635135054588318,0.7651041746139526,0.7630208134651184,1465.0,1469.0,0.5,0.5190147161483765,0.5,240.0,240.0,3.603208065032959,0.0,0.5,0.5,0.5,0.5,240.0,240.0
