epoch,accuracy,auc,f1_score,fn,fp,loss,lr,mcc,npv,precision,recall,specificity,tn,tp,val_accuracy,val_auc,val_f1_score,val_fn,val_fp,val_loss,val_mcc,val_npv,val_precision,val_recall,val_specificity,val_tn,val_tp
0,0.5614583492279053,0.5435609221458435,0.5403445959091187,1131.0,1093.0,0.7127913236618042,0.01,0.09203599393367767,0.5448381900787354,0.5372565388679504,0.5287500023841858,0.5557291507720947,1307.0,1269.0,0.5,0.5,0.6666666269302368,0.0,480.0,16.333871841430664,0.0,0.0,0.5,1.0,0.0,0.0,480.0
1,0.6229166388511658,0.6514959931373596,0.6153729557991028,724.0,771.0,0.6681758761405945,0.01,0.22166065871715546,0.6132376194000244,0.6080325245857239,0.6229166388511658,0.598437488079071,1149.0,1196.0,0.5,0.5427365303039551,0.5,240.0,240.0,4.223908424377441,0.0,0.5,0.5,0.5,0.5,240.0,240.0
2,0.6260416507720947,0.6710584759712219,0.6239655613899231,709.0,750.0,0.6523181796073914,0.01,0.24046708643436432,0.6225159168243408,0.6175420880317688,0.6307291388511658,0.609375,1170.0,1211.0,0.5,0.5,0.5,240.0,240.0,5.642075538635254,0.0,0.5,0.5,0.5,0.5,240.0,240.0
3,0.6645833253860474,0.716247022151947,0.6564958691596985,660.0,657.0,0.6277061700820923,0.01,0.3143264055252075,0.6573261618614197,0.65727698802948,0.65625,0.6578124761581421,1263.0,1260.0,0.5,0.503125011920929,0.5,240.0,240.0,4.272017478942871,0.0,0.5,0.5,0.5,0.5,240.0,240.0
4,0.6953125,0.7504388689994812,0.6926584243774414,588.0,594.0,0.5976458191871643,0.0009999999,0.3845757842063904,0.6928924918174744,0.6915887594223022,0.6937500238418579,0.690625011920929,1326.0,1332.0,0.5,0.5,0.5,240.0,240.0,5.943965435028076,0.0,0.5,0.5,0.5,0.5,240.0,240.0
5,0.7067708373069763,0.7769506573677063,0.7072654962539673,565.0,557.0,0.568290114402771,0.0009999999,0.41566720604896545,0.7068445682525635,0.7086820006370544,0.7057291865348816,0.7098958492279053,1363.0,1355.0,0.5,0.5875781178474426,0.5,240.0,240.0,2.331336498260498,0.0,0.5,0.5,0.5,0.5,240.0,240.0
