epoch,accuracy,auc,f1_score,fn,fp,loss,lr,mcc,npv,precision,recall,specificity,tn,tp,val_accuracy,val_auc,val_f1_score,val_fn,val_fp,val_loss,val_mcc,val_npv,val_precision,val_recall,val_specificity,val_tn,val_tp
0,0.5817708373069763,0.5836268663406372,0.5663698315620422,1057.0,1048.0,0.6963785886764526,0.01,0.13786247372627258,0.5691125392913818,0.5616896748542786,0.559583306312561,0.5713541507720947,1352.0,1343.0,0.5,0.5,0.5,240.0,240.0,32.033424377441406,0.0,0.5,0.5,0.5,0.5,240.0,240.0
1,0.6442708373069763,0.689814567565918,0.6412786245346069,689.0,687.0,0.6389926075935364,0.01,0.28350481390953064,0.6418549418449402,0.6418144106864929,0.6411458253860474,0.6421874761581421,1233.0,1231.0,0.5,0.5,0.5,240.0,240.0,11.577760696411133,0.0,0.5,0.5,0.5,0.5,240.0,240.0
2,0.6723958253860474,0.718045711517334,0.669559895992279,635.0,635.0,0.6179004311561584,0.01,0.3386562764644623,0.6687175631523132,0.6692708134651184,0.6692708134651184,0.6692708134651184,1285.0,1285.0,0.5,0.5,0.5,240.0,240.0,10.195219039916992,0.0,0.5,0.5,0.5,0.5,240.0,240.0
3,0.6614583134651184,0.7290790677070618,0.6596017479896545,653.0,654.0,0.6104369759559631,0.01,0.3193393051624298,0.6599406003952026,0.6595523357391357,0.6598958373069763,0.659375011920929,1266.0,1267.0,0.5,0.5230469107627869,0.5,240.0,240.0,2.93605899810791,0.0,0.5,0.5,0.5,0.5,240.0,240.0
4,0.690625011920929,0.7668459415435791,0.6911184191703796,594.0,591.0,0.5712479948997498,0.0009999999,0.3828759491443634,0.6912153363227844,0.6917057633399963,0.690625011920929,0.692187488079071,1329.0,1326.0,0.5,0.5,0.5,240.0,240.0,4.992803573608398,0.0,0.5,0.5,0.5,0.5,240.0,240.0
5,0.7177083492279053,0.7865804433822632,0.7168146967887878,543.0,545.0,0.5549516081809998,0.0009999999,0.433387815952301,0.7169172763824463,0.7164412140846252,0.7171875238418579,0.7161458134651184,1375.0,1377.0,0.5,0.5,0.5,240.0,240.0,4.683510780334473,0.0,0.5,0.5,0.5,0.5,240.0,240.0
