epoch,accuracy,auc,f1_score,fn,fp,loss,lr,mcc,npv,precision,recall,specificity,tn,tp,val_accuracy,val_auc,val_f1_score,val_fn,val_fp,val_loss,val_mcc,val_npv,val_precision,val_recall,val_specificity,val_tn,val_tp
0,0.6057291626930237,0.5741002559661865,0.585235595703125,1035.0,1036.0,0.6948004364967346,0.01,0.1716555804014206,0.5856025815010071,0.5685130953788757,0.5687500238418579,0.5854166746139526,1364.0,1365.0,0.5,0.5,0.5,240.0,240.0,17.867895126342773,0.0,0.5,0.5,0.5,0.5,240.0,240.0
1,0.6239583492279053,0.6534520387649536,0.6113700270652771,743.0,749.0,0.670215904712677,0.01,0.2232988476753235,0.6128680109977722,0.6111111044883728,0.6130208373069763,0.6098958253860474,1171.0,1177.0,0.5,0.5,0.5,240.0,240.0,9.05113410949707,0.0,0.5,0.5,0.5,0.5,240.0,240.0
2,0.6380208134651184,0.6834733486175537,0.6335251331329346,704.0,701.0,0.6428607702255249,0.01,0.26843222975730896,0.6344606876373291,0.6343244910240173,0.6333333253860474,0.6348958611488342,1219.0,1216.0,0.5,0.5432595014572144,0.5320888161659241,222.0,241.0,2.458218574523926,0.031746961176395416,0.5,0.5170340538024902,0.5375000238418579,0.49791666865348816,239.0,258.0
3,0.6484375,0.7013838291168213,0.6472216844558716,672.0,689.0,0.6288350820541382,0.01,0.2912169396877289,0.6466648578643799,0.6442952752113342,0.6499999761581421,0.6411458253860474,1231.0,1248.0,0.5,0.5438802242279053,0.5,240.0,240.0,3.553278684616089,0.0,0.5,0.5,0.5,0.5,240.0,240.0
4,0.671875,0.7304714918136597,0.6729487180709839,624.0,636.0,0.6059744358062744,0.0009999999,0.34381064772605896,0.6728496551513672,0.6708074808120728,0.675000011920929,0.668749988079071,1284.0,1296.0,0.5,0.5,0.5,240.0,240.0,4.921980381011963,0.0,0.5,0.5,0.5,0.5,240.0,240.0
5,0.6755208373069763,0.7378138899803162,0.6757919788360596,620.0,628.0,0.5994043350219727,0.0009999999,0.35007432103157043,0.6755148768424988,0.6742738485336304,0.6770833134651184,0.6729166507720947,1292.0,1300.0,0.5,0.5,0.5,240.0,240.0,7.19381856918335,0.0,0.5,0.5,0.5,0.5,240.0,240.0
