epoch,accuracy,auc,f1_score,fn,fp,loss,lr,mcc,npv,precision,recall,specificity,tn,tp,val_accuracy,val_auc,val_f1_score,val_fn,val_fp,val_loss,val_mcc,val_npv,val_precision,val_recall,val_specificity,val_tn,val_tp
0,0.573437511920929,0.5975642204284668,0.5629678964614868,1067.0,992.0,0.7033087611198425,0.01,0.13556720316410065,0.568070650100708,0.5733333230018616,0.5554166436195374,0.5744791626930237,1408.0,1333.0,0.5,0.5,0.5,240.0,240.0,17.366167068481445,0.0,0.5,0.5,0.5,0.5,240.0,240.0
1,0.6156250238418579,0.6530521512031555,0.6047877669334412,754.0,769.0,0.656457245349884,0.01,0.20720462501049042,0.6042625308036804,0.6025840044021606,0.6072916388511658,0.5994791388511658,1151.0,1166.0,0.5,0.5,0.5,240.0,240.0,12.815048217773438,0.0,0.5,0.5,0.5,0.5,240.0,240.0
2,0.6291666626930237,0.67008376121521,0.6219794154167175,734.0,707.0,0.6504348516464233,0.01,0.24964182078838348,0.6231452226638794,0.626518726348877,0.6177083253860474,0.6317708492279053,1213.0,1186.0,0.5,0.5,0.5,240.0,240.0,13.160414695739746,0.0,0.5,0.5,0.5,0.5,240.0,240.0
3,0.6505208611488342,0.6982150673866272,0.6485024094581604,678.0,667.0,0.632487416267395,0.01,0.29958948493003845,0.6493357419967651,0.650602400302887,0.6468750238418579,0.6526041626930237,1253.0,1242.0,0.5,0.5,0.5,240.0,240.0,15.562871932983398,0.0,0.5,0.5,0.5,0.5,240.0,240.0
4,0.6682291626930237,0.7274105548858643,0.6666964292526245,639.0,641.0,0.6058446764945984,0.0009999999,0.33343571424484253,0.6671128869056702,0.6664932370185852,0.667187511920929,0.6661458611488342,1279.0,1281.0,0.5,0.5,0.5,240.0,240.0,18.325029373168945,0.0,0.5,0.5,0.5,0.5,240.0,240.0
5,0.675000011920929,0.7463800311088562,0.6760047078132629,621.0,624.0,0.591769278049469,0.0009999999,0.3516019582748413,0.6760896444320679,0.6755070090293884,0.676562488079071,0.675000011920929,1296.0,1299.0,0.5,0.5,0.5,240.0,240.0,9.030855178833008,0.0,0.5,0.5,0.5,0.5,240.0,240.0
