epoch,accuracy,auc,f1_score,fn,fp,loss,lr,mcc,npv,precision,recall,specificity,tn,tp,val_accuracy,val_auc,val_f1_score,val_fn,val_fp,val_loss,val_mcc,val_npv,val_precision,val_recall,val_specificity,val_tn,val_tp
0,0.5572916865348816,0.5482332706451416,0.5389108657836914,1121.0,1129.0,0.7206065058708191,0.01,0.07845818996429443,0.5395219922065735,0.5311461687088013,0.5329166650772095,0.5369791388511658,1271.0,1279.0,0.5,0.5,0.5,240.0,240.0,66.8012924194336,0.0,0.5,0.5,0.5,0.5,240.0,240.0
1,0.6000000238418579,0.632684051990509,0.5912965536117554,788.0,774.0,0.6698232889175415,0.01,0.1868123859167099,0.593070924282074,0.5939139723777771,0.5895833373069763,0.596875011920929,1146.0,1132.0,0.5,0.5,0.5,240.0,240.0,6.507876873016357,0.0,0.5,0.5,0.5,0.5,240.0,240.0
2,0.6458333134651184,0.6845934987068176,0.6413019299507141,681.0,704.0,0.6440134644508362,0.01,0.2788926661014557,0.6412394642829895,0.6376736760139465,0.645312488079071,0.6333333253860474,1216.0,1239.0,0.5,0.5,0.5,240.0,240.0,8.708176612854004,0.0,0.5,0.5,0.5,0.5,240.0,240.0
3,0.6411458253860474,0.6857568621635437,0.6400585770606995,687.0,698.0,0.6401073932647705,0.01,0.278927743434906,0.6407127380371094,0.6385292410850525,0.6421874761581421,0.6364583373069763,1222.0,1233.0,0.5,0.5273523926734924,0.5,240.0,240.0,3.7125422954559326,0.0,0.5,0.5,0.5,0.5,240.0,240.0
4,0.6479166746139526,0.6967989802360535,0.6492342352867126,674.0,671.0,0.6285116672515869,0.0009999999,0.29961392283439636,0.6499677300453186,0.6499739289283752,0.6489583253860474,0.6505208611488342,1249.0,1246.0,0.5,0.5078319907188416,0.5,240.0,240.0,4.181380271911621,0.0,0.5,0.5,0.5,0.5,240.0,240.0
5,0.6760416626930237,0.7226240634918213,0.6760676503181458,624.0,618.0,0.6158149242401123,0.0009999999,0.35318148136138916,0.6759995222091675,0.6771159768104553,0.675000011920929,0.6781250238418579,1302.0,1296.0,0.5,0.5010416507720947,0.5,240.0,240.0,4.973625659942627,0.0,0.5,0.5,0.5,0.5,240.0,240.0
