epoch,accuracy,auc,f1_score,fn,fp,loss,lr,mcc,npv,precision,recall,specificity,tn,tp,val_accuracy,val_auc,val_f1_score,val_fn,val_fp,val_loss,val_mcc,val_npv,val_precision,val_recall,val_specificity,val_tn,val_tp
0,0.5885416865348816,0.574495792388916,0.5746586322784424,1063.0,1038.0,0.6866406798362732,0.01,0.15603403747081757,0.5766384601593018,0.5629473924636841,0.5570833086967468,0.5843750238418579,1362.0,1337.0,0.5395833253860474,0.5590776801109314,0.6666666269302368,0.0,480.0,2.3049070835113525,0.0,0.0,0.5,1.0,0.0,0.0,480.0
1,0.6364583373069763,0.6671876907348633,0.6230980157852173,733.0,701.0,0.651029646396637,0.01,0.2534586787223816,0.6248738765716553,0.6287076473236084,0.6182291507720947,0.6348958611488342,1219.0,1187.0,0.5,0.5,0.5,240.0,240.0,5.402480602264404,0.0,0.5,0.5,0.5,0.5,240.0,240.0
2,0.6510416865348816,0.6979920864105225,0.6490595936775208,677.0,668.0,0.6304610371589661,0.01,0.29965245723724365,0.6487276554107666,0.6504448056221008,0.6473958492279053,0.6520833373069763,1252.0,1243.0,0.5,0.6101779937744141,0.5,240.0,240.0,1.3591234683990479,0.0,0.5,0.5,0.5,0.5,240.0,240.0
3,0.6640625,0.7119094133377075,0.6641564965248108,640.0,654.0,0.6237065196037292,0.01,0.3262019157409668,0.664390504360199,0.6618407368659973,0.6666666865348816,0.659375011920929,1266.0,1280.0,0.5,0.5373111963272095,0.5,240.0,240.0,4.171146869659424,0.0,0.5,0.5,0.5,0.5,240.0,240.0
4,0.692187488079071,0.7509018778800964,0.6927992105484009,588.0,592.0,0.591969907283783,0.0009999999,0.385520339012146,0.6935807466506958,0.692307710647583,0.6937500238418579,0.6916666626930237,1328.0,1332.0,0.5,0.5,0.5,240.0,240.0,6.368439674377441,0.0,0.5,0.5,0.5,0.5,240.0,240.0
5,0.7161458134651184,0.7875393629074097,0.7152184844017029,548.0,545.0,0.5561398863792419,0.0009999999,0.4307716488838196,0.7148939371109009,0.7157016396522522,0.7145833373069763,0.7161458134651184,1375.0,1372.0,0.5,0.5763280987739563,0.5,240.0,240.0,2.2722463607788086,0.0,0.5,0.5,0.5,0.5,240.0,240.0
