epoch,accuracy,auc,f1_score,fn,fp,loss,lr,mcc,npv,precision,recall,specificity,tn,tp,val_accuracy,val_auc,val_f1_score,val_fn,val_fp,val_loss,val_mcc,val_npv,val_precision,val_recall,val_specificity,val_tn,val_tp
0,0.5703125,0.5507451295852661,0.5461756587028503,1109.0,1110.0,0.7205630540847778,0.01,0.09468863159418106,0.546451210975647,0.5376926064491272,0.5379166603088379,0.546875,1290.0,1291.0,0.5,0.5,0.5,240.0,240.0,42.059993743896484,0.0,0.5,0.5,0.5,0.5,240.0,240.0
1,0.5874999761581421,0.6128449440002441,0.5756315588951111,799.0,850.0,0.6822615265846252,0.01,0.14147034287452698,0.5723803043365479,0.56874680519104,0.5838541388511658,0.5572916865348816,1070.0,1121.0,0.5,0.5,0.5,240.0,240.0,13.35220718383789,0.0,0.5,0.5,0.5,0.5,240.0,240.0
2,0.625,0.6637746691703796,0.6206309795379639,727.0,732.0,0.6573811769485474,0.01,0.24028794467449188,0.6200172305107117,0.6197402477264404,0.6213541626930237,0.6187499761581421,1188.0,1193.0,0.5,0.5,0.5,240.0,240.0,15.235668182373047,0.0,0.5,0.5,0.5,0.5,240.0,240.0
3,0.6421874761581421,0.6890037655830383,0.6420847177505493,679.0,704.0,0.6378974318504333,0.01,0.27978813648223877,0.6418420076370239,0.6380462646484375,0.6463541388511658,0.6333333253860474,1216.0,1241.0,0.5,0.5703016519546509,0.5,240.0,240.0,2.6932499408721924,0.0,0.5,0.5,0.5,0.5,240.0,240.0
4,0.6260416507720947,0.6825725436210632,0.6240408420562744,720.0,726.0,0.6411074995994568,0.0009999999,0.24694524705410004,0.6237836480140686,0.6230529546737671,0.625,0.621874988079071,1194.0,1200.0,0.5,0.5088541507720947,0.5,240.0,240.0,3.1801698207855225,0.0,0.5,0.5,0.5,0.5,240.0,240.0
5,0.6541666388511658,0.7089771628379822,0.653744637966156,660.0,675.0,0.6210477948188782,0.0009999999,0.30476364493370056,0.6534559726715088,0.6511628031730652,0.65625,0.6484375,1245.0,1260.0,0.5,0.5,0.5,240.0,240.0,5.351988792419434,0.0,0.5,0.5,0.5,0.5,240.0,240.0
