epoch,accuracy,auc,f1_score,fn,fp,loss,lr,mcc,npv,precision,recall,specificity,tn,tp,val_accuracy,val_auc,val_f1_score,val_fn,val_fp,val_loss,val_mcc,val_npv,val_precision,val_recall,val_specificity,val_tn,val_tp
0,0.5260416865348816,0.5274912714958191,0.5152126550674438,1171.0,1143.0,0.7350494861602783,0.01,0.04099171236157417,0.5205875635147095,0.5181281566619873,0.5120833516120911,0.5276041626930237,1257.0,1229.0,0.5,0.5,0.5,240.0,240.0,14.659235954284668,0.0,0.5,0.5,0.5,0.5,240.0,240.0
1,0.6109374761581421,0.6368072032928467,0.592357337474823,797.0,744.0,0.6720694899559021,0.01,0.1979644000530243,0.5965610146522522,0.6014997363090515,0.5848958492279053,0.612500011920929,1176.0,1123.0,0.5,0.5062500238418579,0.5,240.0,240.0,4.005194187164307,0.0,0.5,0.5,0.5,0.5,240.0,240.0
2,0.6286458373069763,0.6576930284500122,0.6131935119628906,748.0,728.0,0.6646337509155273,0.01,0.2315201461315155,0.6148747205734253,0.6168420910835266,0.6104166507720947,0.6208333373069763,1192.0,1172.0,0.5,0.5591232180595398,0.6890122294425964,0.0,436.0,3.355583429336548,0.15561488270759583,0.5333333611488342,0.5240174531936646,1.0,0.09166666865348816,44.0,480.0
3,0.643750011920929,0.6835151314735413,0.6334155797958374,704.0,702.0,0.6411394476890564,0.01,0.2680598497390747,0.6340559124946594,0.6339937448501587,0.6333333253860474,0.6343749761581421,1218.0,1216.0,0.5,0.5148307085037231,0.5,240.0,240.0,3.9596333503723145,0.0,0.5,0.5,0.5,0.5,240.0,240.0
4,0.6666666865348816,0.7131461501121521,0.6642214059829712,641.0,653.0,0.6266534924507141,0.0009999999,0.326290100812912,0.6637373566627502,0.6620082855224609,0.6661458611488342,0.6598958373069763,1267.0,1279.0,0.5,0.6086392998695374,0.5,239.0,242.0,1.702455997467041,-0.0020517746452242136,0.5,0.4989648163318634,0.5020833611488342,0.4958333373069763,238.0,241.0
5,0.6812499761581421,0.7439835667610168,0.6776828765869141,627.0,602.0,0.5979167819023132,0.0009999999,0.360009104013443,0.677984893321991,0.6823219060897827,0.6734374761581421,0.6864583492279053,1318.0,1293.0,0.5,0.503125011920929,0.5,240.0,240.0,4.745297431945801,0.0,0.5,0.5,0.5,0.5,240.0,240.0
