epoch,accuracy,auc,f1_score,fn,fp,loss,lr,mcc,npv,precision,recall,specificity,tn,tp,val_accuracy,val_auc,val_f1_score,val_fn,val_fp,val_loss,val_mcc,val_npv,val_precision,val_recall,val_specificity,val_tn,val_tp
0,0.6005208492279053,0.575197696685791,0.5880138874053955,1033.0,1018.0,0.7021274566650391,0.01,0.1823814958333969,0.5916764140129089,0.5731655955314636,0.5695833563804626,0.5947916507720947,1382.0,1367.0,0.5,0.5,0.5,240.0,240.0,19.921815872192383,0.0,0.5,0.5,0.5,0.5,240.0,240.0
1,0.6489583253860474,0.6870114207267761,0.636306643486023,693.0,705.0,0.6457415223121643,0.01,0.27235284447669983,0.6380848288536072,0.6350931525230408,0.6390625238418579,0.6328125,1215.0,1227.0,0.5,0.5114626288414001,0.6666666269302368,0.0,480.0,6.435634136199951,0.0,0.0,0.5,1.0,0.0,0.0,480.0
2,0.6937500238418579,0.7499551177024841,0.6910182237625122,598.0,583.0,0.597575843334198,0.01,0.3850484788417816,0.6914511322975159,0.6939632296562195,0.6885416507720947,0.6963541507720947,1337.0,1322.0,0.5,0.5,0.5,240.0,240.0,6.299156188964844,0.0,0.5,0.5,0.5,0.5,240.0,240.0
3,0.7104166746139526,0.7655357718467712,0.7093700766563416,558.0,558.0,0.5806483030319214,0.01,0.41878002882003784,0.7093881368637085,0.7093750238418579,0.7093750238418579,0.7093750238418579,1362.0,1362.0,0.5,0.5052083730697632,0.5,240.0,240.0,3.7576849460601807,0.0,0.5,0.5,0.5,0.5,240.0,240.0
4,0.7223958373069763,0.7894547581672668,0.7200642228126526,539.0,535.0,0.5565813183784485,0.0009999999,0.440673828125,0.7197749614715576,0.7207724452018738,0.7192708253860474,0.7213541865348816,1385.0,1381.0,0.5,0.5,0.5,240.0,240.0,4.280900955200195,0.0,0.5,0.5,0.5,0.5,240.0,240.0
5,0.770312488079071,0.8379238843917847,0.7703884243965149,442.0,439.0,0.5027508735656738,0.0009999999,0.541181206703186,0.7701765894889832,0.7709963321685791,0.7697916626930237,0.7713541388511658,1481.0,1478.0,0.5,0.540355920791626,0.5,240.0,240.0,2.9817891120910645,0.0,0.5,0.5,0.5,0.5,240.0,240.0
