epoch,accuracy,auc,f1_score,fn,fp,loss,lr,mcc,npv,precision,recall,specificity,tn,tp,val_accuracy,val_auc,val_f1_score,val_fn,val_fp,val_loss,val_mcc,val_npv,val_precision,val_recall,val_specificity,val_tn,val_tp
0,0.5333333611488342,0.524420440196991,0.5184194445610046,1160.0,1164.0,0.7417442202568054,0.01,0.03915146365761757,0.5193979740142822,0.5158069729804993,0.5166666507720947,0.5182291865348816,1236.0,1240.0,0.5,0.5,0.5,240.0,240.0,11.502349853515625,0.0,0.5,0.5,0.5,0.5,240.0,240.0
1,0.6052083373069763,0.6386798620223999,0.6003267168998718,769.0,762.0,0.6776317954063416,0.01,0.20293395221233368,0.6006821393966675,0.6016727685928345,0.5994791388511658,0.6031249761581421,1158.0,1151.0,0.5,0.5,0.5,240.0,240.0,6.915185451507568,0.0,0.5,0.5,0.5,0.5,240.0,240.0
2,0.6364583373069763,0.6629132628440857,0.6196272969245911,733.0,724.0,0.6605404019355774,0.01,0.2414293736219406,0.6197782754898071,0.6211407780647278,0.6182291507720947,0.6229166388511658,1196.0,1187.0,0.5,0.5893359184265137,0.5,240.0,240.0,1.656004786491394,0.0,0.5,0.5,0.5,0.5,240.0,240.0
3,0.6536458134651184,0.7015460729598999,0.6519736051559448,673.0,657.0,0.6339120268821716,0.01,0.3074151873588562,0.652771532535553,0.6549369692802429,0.6494791507720947,0.6578124761581421,1263.0,1247.0,0.5,0.5,0.5,240.0,240.0,5.6837286949157715,0.0,0.5,0.5,0.5,0.5,240.0,240.0
4,0.676562488079071,0.7338398694992065,0.6771854758262634,617.0,625.0,0.6210594177246094,0.0009999999,0.3531590700149536,0.6774111986160278,0.6758298873901367,0.6786458492279053,0.6744791865348816,1295.0,1303.0,0.5,0.5,0.5,240.0,240.0,4.22723388671875,0.0,0.5,0.5,0.5,0.5,240.0,240.0
5,0.6979166865348816,0.7649633884429932,0.6972787976264954,581.0,582.0,0.5814396142959595,0.0009999999,0.39429959654808044,0.6971067190170288,0.6970328092575073,0.6973958611488342,0.6968749761581421,1338.0,1339.0,0.5,0.5292491912841797,0.5,240.0,240.0,2.9414784908294678,0.0,0.5,0.5,0.5,0.5,240.0,240.0
