epoch,accuracy,auc,f1_score,fn,fp,loss,lr,mcc,npv,precision,recall,specificity,tn,tp,val_accuracy,val_auc,val_f1_score,val_fn,val_fp,val_loss,val_mcc,val_npv,val_precision,val_recall,val_specificity,val_tn,val_tp
0,0.5229166746139526,0.5149552226066589,0.5190531015396118,1157.0,1167.0,0.732451319694519,0.01,0.03970395773649216,0.5200856924057007,0.5157676339149475,0.5179166793823242,0.5171874761581421,1233.0,1243.0,0.5,0.5,0.5,240.0,240.0,18.37319564819336,0.0,0.5,0.5,0.5,0.5,240.0,240.0
1,0.5932291746139526,0.6039677858352661,0.5773763060569763,790.0,855.0,0.6976478695869446,0.01,0.1440301090478897,0.5753053426742554,0.5692695379257202,0.5885416865348816,0.5546875,1065.0,1130.0,0.5,0.5424349308013916,0.5,240.0,240.0,4.179815292358398,0.0,0.5,0.5,0.5,0.5,240.0,240.0
2,0.6432291865348816,0.6724430322647095,0.6388984322547913,671.0,742.0,0.6557032465934753,0.01,0.264591246843338,0.6362688541412354,0.6273229718208313,0.6505208611488342,0.6135416626930237,1178.0,1249.0,0.5,0.5413172841072083,0.6666666269302368,0.0,480.0,2.7636866569519043,0.0,0.0,0.5,1.0,0.0,0.0,480.0
3,0.6666666865348816,0.7163723111152649,0.66689532995224,634.0,651.0,0.6227784752845764,0.01,0.3308623433113098,0.6667335629463196,0.6639132499694824,0.6697916388511658,0.660937488079071,1269.0,1286.0,0.5,0.510937511920929,0.5,240.0,240.0,5.150818824768066,0.0,0.5,0.5,0.5,0.5,240.0,240.0
4,0.6567708253860474,0.696650505065918,0.6536241769790649,667.0,660.0,0.6325843334197998,0.0009999999,0.3089855909347534,0.6541500091552734,0.6549921631813049,0.6526041626930237,0.65625,1260.0,1253.0,0.5,0.5388953685760498,0.5080214738845825,236.0,240.0,2.2876410484313965,0.008034483529627323,0.5,0.5041322112083435,0.5083333253860474,0.5,240.0,244.0
5,0.7041666507720947,0.7720946073532104,0.7043744325637817,570.0,564.0,0.573701798915863,0.0009999999,0.40942540764808655,0.7037757039070129,0.705329179763794,0.703125,0.706250011920929,1356.0,1350.0,0.5,0.539795994758606,0.5,240.0,240.0,3.264364719390869,0.0,0.5,0.5,0.5,0.5,240.0,240.0
