epoch,accuracy,auc,f1_score,fn,fp,loss,lr,mcc,npv,precision,recall,specificity,tn,tp,val_accuracy,val_auc,val_f1_score,val_fn,val_fp,val_loss,val_mcc,val_npv,val_precision,val_recall,val_specificity,val_tn,val_tp
0,0.5114583373069763,0.5180525779724121,0.5043368935585022,1201.0,1151.0,0.736687421798706,0.01,0.025104936212301254,0.5118805170059204,0.510212779045105,0.49958333373069763,0.5255208611488342,1249.0,1199.0,0.5,0.5125889778137207,0.6666666269302368,0.0,480.0,1.7815861701965332,0.0,0.0,0.5,1.0,0.0,0.0,480.0
1,0.6057291626930237,0.6303603649139404,0.6027156710624695,749.0,788.0,0.6793885827064514,0.01,0.2001754194498062,0.6027833819389343,0.5977539420127869,0.6098958253860474,0.5895833373069763,1132.0,1171.0,0.5,0.5609874725341797,0.5,240.0,240.0,2.000918388366699,0.0,0.5,0.5,0.5,0.5,240.0,240.0
2,0.659375011920929,0.7046443223953247,0.6561280488967896,663.0,654.0,0.6322976350784302,0.01,0.31417179107666016,0.65647953748703,0.6577708125114441,0.6546875238418579,0.659375011920929,1266.0,1257.0,0.5,0.56103515625,0.5,240.0,240.0,2.1445083618164062,0.0,0.5,0.5,0.5,0.5,240.0,240.0
3,0.682812511920929,0.7421191334724426,0.682511568069458,612.0,604.0,0.5984208583831787,0.01,0.3667007386684418,0.6828949451446533,0.6841003894805908,0.6812499761581421,0.6854166388511658,1316.0,1308.0,0.5,0.5751454830169678,0.5,240.0,240.0,2.5317299365997314,0.0,0.5,0.5,0.5,0.5,240.0,240.0
4,0.7307291626930237,0.7954205870628357,0.7312913537025452,517.0,514.0,0.5518293380737305,0.0009999999,0.4630317687988281,0.7311710715293884,0.7318727374076843,0.7307291626930237,0.7322916388511658,1406.0,1403.0,0.5,0.5,0.5,240.0,240.0,3.7527482509613037,0.0,0.5,0.5,0.5,0.5,240.0,240.0
5,0.7578125,0.8224291801452637,0.7576802372932434,467.0,462.0,0.5162702798843384,0.0009999999,0.5161623358726501,0.7575600147247314,0.7587467432022095,0.7567708492279053,0.7593749761581421,1458.0,1453.0,0.5,0.5041710138320923,0.5,240.0,240.0,3.316021680831909,0.0,0.5,0.5,0.5,0.5,240.0,240.0
