epoch,accuracy,auc,f1_score,fn,fp,loss,lr,mcc,npv,precision,recall,specificity,tn,tp,val_accuracy,val_auc,val_f1_score,val_fn,val_fp,val_loss,val_mcc,val_npv,val_precision,val_recall,val_specificity,val_tn,val_tp
0,0.5916666388511658,0.558445155620575,0.5673442482948303,1075.0,1058.0,0.7107168436050415,0.01,0.13935570418834686,0.5685253739356995,0.5560218095779419,0.5520833134651184,0.5739583373069763,1342.0,1325.0,0.5,0.5,0.6666666269302368,0.0,480.0,69.0086441040039,0.0,0.0,0.5,1.0,0.0,0.0,480.0
1,0.6208333373069763,0.647261917591095,0.6021126508712769,763.0,765.0,0.6682460308074951,0.01,0.20484821498394012,0.6019816994667053,0.6019771099090576,0.6026041507720947,0.6015625,1155.0,1157.0,0.5,0.5,0.5,240.0,240.0,6.620982646942139,0.0,0.5,0.5,0.5,0.5,240.0,240.0
2,0.6416666507720947,0.6926724314689636,0.639373779296875,696.0,682.0,0.6375242471694946,0.01,0.28252601623535156,0.6409598588943481,0.6421825885772705,0.637499988079071,0.6447916626930237,1238.0,1224.0,0.5,0.5585416555404663,0.5030769109725952,238.0,241.0,1.8605644702911377,0.002051758812740445,0.5,0.501035213470459,0.5041666626930237,0.49791666865348816,239.0,242.0
3,0.6468750238418579,0.686614990234375,0.6414243578910828,689.0,686.0,0.6430603861808777,0.01,0.28396111726760864,0.6419756412506104,0.6421492099761963,0.6411458253860474,0.6427083611488342,1234.0,1231.0,0.5,0.5689061880111694,0.5,240.0,240.0,2.1337854862213135,0.0,0.5,0.5,0.5,0.5,240.0,240.0
4,0.698437511920929,0.7432687878608704,0.6974526643753052,576.0,590.0,0.6063212752342224,0.0009999999,0.3927704989910126,0.6978192925453186,0.694932758808136,0.699999988079071,0.6927083134651184,1330.0,1344.0,0.5,0.5230512022972107,0.5,240.0,240.0,3.2322916984558105,0.0,0.5,0.5,0.5,0.5,240.0,240.0
5,0.715624988079071,0.7761157155036926,0.7157531976699829,544.0,549.0,0.5749626755714417,0.0009999999,0.4307451844215393,0.7158937454223633,0.7148051857948303,0.7166666388511658,0.714062511920929,1371.0,1376.0,0.5,0.5670117139816284,0.5,240.0,240.0,2.575860023498535,0.0,0.5,0.5,0.5,0.5,240.0,240.0
