epoch,accuracy,auc,f1_score,fn,fp,loss,lr,mcc,npv,precision,recall,specificity,tn,tp,val_accuracy,val_auc,val_f1_score,val_fn,val_fp,val_loss,val_mcc,val_npv,val_precision,val_recall,val_specificity,val_tn,val_tp
0,0.5072916746139526,0.5007162094116211,0.4932706654071808,1217.0,1184.0,0.7503803372383118,0.01,-0.0007644823635928333,0.5009302496910095,0.499788761138916,0.49291667342185974,0.5083333253860474,1216.0,1183.0,0.5,0.5,0.0,480.0,0.0,9.27463150024414,0.0,0.5,0.0,0.0,1.0,480.0,0.0
1,0.5078125,0.5011579394340515,0.5017839670181274,960.0,941.0,0.7373383045196533,0.01,0.009913131594657898,0.5035077929496765,0.5049973726272583,0.5,0.5098958611488342,979.0,960.0,0.5,0.4958333373069763,0.6666666269302368,0.0,480.0,4.070420742034912,0.0,0.0,0.5,1.0,0.0,0.0,480.0
2,0.5598958134651184,0.5830523371696472,0.5537821054458618,844.0,884.0,0.6901501417160034,0.01,0.10048504173755646,0.5516896843910217,0.5489795804023743,0.5604166388511658,0.5395833253860474,1036.0,1076.0,0.5,0.5193619728088379,0.6558592319488525,45.0,415.0,3.187859296798706,0.039704691618680954,0.5200000405311584,0.5117647051811218,0.90625,0.1354166716337204,65.0,435.0
3,0.6229166388511658,0.655553936958313,0.6161075234413147,734.0,743.0,0.6616260409355164,0.01,0.2308933138847351,0.6160417199134827,0.6148263216018677,0.6177083253860474,0.6130208373069763,1177.0,1186.0,0.5,0.5289496183395386,0.5,240.0,240.0,4.065793514251709,0.0,0.5,0.5,0.5,0.5,240.0,240.0
4,0.6328125,0.6796858906745911,0.630649983882904,708.0,711.0,0.6497204303741455,0.0009999999,0.2609703242778778,0.6308686137199402,0.6302652359008789,0.6312500238418579,0.629687488079071,1209.0,1212.0,0.5,0.5355967879295349,0.5,240.0,240.0,3.0964345932006836,0.0,0.5,0.5,0.5,0.5,240.0,240.0
5,0.6651041507720947,0.7161908745765686,0.6644590497016907,643.0,647.0,0.6202681064605713,0.0009999999,0.328164666891098,0.6643140316009521,0.6637214422225952,0.6651041507720947,0.6630208492279053,1273.0,1277.0,0.5,0.5391601324081421,0.5,240.0,240.0,2.6049249172210693,0.0,0.5,0.5,0.5,0.5,240.0,240.0
