epoch,accuracy,auc,f1_score,fn,fp,loss,lr,mcc,npv,precision,recall,specificity,tn,tp,val_accuracy,val_auc,val_f1_score,val_fn,val_fp,val_loss,val_mcc,val_npv,val_precision,val_recall,val_specificity,val_tn,val_tp
0,0.5479166507720947,0.5331099033355713,0.5397850275039673,1113.0,1140.0,0.7246379852294922,0.01,0.07707080245018005,0.5404666662216187,0.5302842855453491,0.5362499952316284,0.53125,1260.0,1287.0,0.5,0.5,0.5,240.0,240.0,17.457706451416016,0.0,0.5,0.5,0.5,0.5,240.0,240.0
1,0.6239583492279053,0.6464591026306152,0.6052170395851135,757.0,759.0,0.6760647296905518,0.01,0.21094366908073425,0.6051591634750366,0.6050988435745239,0.6057291626930237,0.604687511920929,1161.0,1163.0,0.5,0.5,0.5,240.0,240.0,9.117594718933105,0.0,0.5,0.5,0.5,0.5,240.0,240.0
2,0.6473958492279053,0.6833405494689941,0.633061408996582,701.0,712.0,0.6496124267578125,0.01,0.2643890380859375,0.6324934363365173,0.6312791109085083,0.6348958611488342,0.6291666626930237,1208.0,1219.0,0.5,0.5330512523651123,0.5,240.0,240.0,3.9718854427337646,0.0,0.5,0.5,0.5,0.5,240.0,240.0
3,0.6583333611488342,0.7045804858207703,0.6524871587753296,670.0,661.0,0.6323778629302979,0.01,0.30688533186912537,0.652804434299469,0.6541078090667725,0.6510416865348816,0.6557291746139526,1259.0,1250.0,0.5,0.539793848991394,0.5,240.0,240.0,3.0971975326538086,0.0,0.5,0.5,0.5,0.5,240.0,240.0
4,0.6911458373069763,0.7426765561103821,0.6906444430351257,595.0,592.0,0.6092262864112854,0.0009999999,0.38179194927215576,0.6905888319015503,0.6911841630935669,0.6901041865348816,0.6916666626930237,1328.0,1325.0,0.5,0.5408529043197632,0.5,240.0,240.0,3.023369073867798,0.0,0.5,0.5,0.5,0.5,240.0,240.0
5,0.7182291746139526,0.7843472957611084,0.7177902460098267,543.0,540.0,0.564232587814331,0.0009999999,0.4359647333621979,0.7175474762916565,0.7183098793029785,0.7171875238418579,0.71875,1380.0,1377.0,0.5,0.5,0.5,240.0,240.0,9.774059295654297,0.0,0.5,0.5,0.5,0.5,240.0,240.0
