epoch,accuracy,auc,f1_score,fn,fp,loss,lr,mcc,npv,precision,recall,specificity,tn,tp,val_accuracy,val_auc,val_f1_score,val_fn,val_fp,val_loss,val_mcc,val_npv,val_precision,val_recall,val_specificity,val_tn,val_tp
0,0.550000011920929,0.5457807183265686,0.5383520722389221,1129.0,1108.0,0.7152606844902039,0.01,0.08516167104244232,0.5435870885848999,0.5342580676078796,0.5295833349227905,0.5479166507720947,1292.0,1271.0,0.5,0.5,0.5,240.0,240.0,18.625043869018555,0.0,0.5,0.5,0.5,0.5,240.0,240.0
1,0.6177083253860474,0.6590691804885864,0.6085573434829712,744.0,764.0,0.6633840203285217,0.01,0.21499870717525482,0.6095861792564392,0.6061855554580688,0.612500011920929,0.6020833253860474,1156.0,1176.0,0.5,0.5015624761581421,0.5,240.0,240.0,4.480184078216553,0.0,0.5,0.5,0.5,0.5,240.0,240.0
2,0.645312488079071,0.6924313306808472,0.6392894983291626,692.0,694.0,0.6426648497581482,0.01,0.27833664417266846,0.639058530330658,0.6389178037643433,0.6395833492279053,0.6385416388511658,1226.0,1228.0,0.5,0.5384830236434937,0.5,240.0,240.0,2.3728861808776855,0.0,0.5,0.5,0.5,0.5,240.0,240.0
3,0.6723958253860474,0.725034236907959,0.6715103983879089,631.0,630.0,0.6142528057098389,0.01,0.34327781200408936,0.6715563535690308,0.6717039942741394,0.6713541746139526,0.671875,1290.0,1289.0,0.5,0.5,0.5,240.0,240.0,6.439713001251221,0.0,0.5,0.5,0.5,0.5,240.0,240.0
4,0.7010416388511658,0.765352725982666,0.7010485529899597,575.0,572.0,0.5846993923187256,0.0009999999,0.4026400148868561,0.7010365724563599,0.7016171216964722,0.7005208134651184,0.7020833492279053,1348.0,1345.0,0.5,0.5,0.5,240.0,240.0,4.234920978546143,0.0,0.5,0.5,0.5,0.5,240.0,240.0
5,0.7270833253860474,0.7959632873535156,0.7270431518554688,523.0,526.0,0.551123857498169,0.0009999999,0.45365625619888306,0.7271673083305359,0.7264690399169922,0.7276041507720947,0.7260416746139526,1394.0,1397.0,0.5,0.5,0.5,240.0,240.0,5.882021427154541,0.0,0.5,0.5,0.5,0.5,240.0,240.0
