epoch,accuracy,auc,f1_score,fn,fp,loss,lr,mcc,npv,precision,recall,specificity,tn,tp,val_accuracy,val_auc,val_f1_score,val_fn,val_fp,val_loss,val_mcc,val_npv,val_precision,val_recall,val_specificity,val_tn,val_tp
0,0.5765625238418579,0.564914882183075,0.5652662515640259,1071.0,1072.0,0.7126842737197876,0.01,0.1335666924715042,0.5670220255851746,0.5535193681716919,0.5537499785423279,0.5661458373069763,1328.0,1329.0,0.5,0.5,0.5,240.0,240.0,67.3984375,0.0,0.5,0.5,0.5,0.5,240.0,240.0
1,0.6270833611488342,0.6605619192123413,0.615113377571106,734.0,750.0,0.6614904999732971,0.01,0.22754189372062683,0.6142295002937317,0.6126033067703247,0.6177083253860474,0.609375,1170.0,1186.0,0.5,0.5041710138320923,0.5,240.0,240.0,5.2999749183654785,0.0,0.5,0.5,0.5,0.5,240.0,240.0
2,0.6468750238418579,0.6921907067298889,0.6384174227714539,692.0,696.0,0.641941249370575,0.01,0.2774381637573242,0.6395658850669861,0.6382536292076111,0.6395833492279053,0.637499988079071,1224.0,1228.0,0.5,0.531909704208374,0.5,240.0,240.0,4.560328006744385,0.0,0.5,0.5,0.5,0.5,240.0,240.0
3,0.6776041388511658,0.7295219302177429,0.6744344234466553,623.0,628.0,0.6131261587142944,0.01,0.34855663776397705,0.675137460231781,0.6737662553787231,0.6755208373069763,0.6729166507720947,1292.0,1297.0,0.5,0.5,0.5,240.0,240.0,6.337954521179199,0.0,0.5,0.5,0.5,0.5,240.0,240.0
4,0.578125,0.598444938659668,0.5626516342163086,840.0,833.0,0.6810246109962463,0.0009999999,0.12897923588752747,0.5651699900627136,0.5645582675933838,0.5625,0.5661458373069763,1087.0,1080.0,0.5,0.5237239599227905,0.5,240.0,240.0,2.211329221725464,0.0,0.5,0.5,0.5,0.5,240.0,240.0
5,0.628125011920929,0.6747901439666748,0.6209942698478699,732.0,716.0,0.6452924609184265,0.0009999999,0.24600687623023987,0.6224250793457031,0.6239495873451233,0.6187499761581421,0.6270833611488342,1204.0,1188.0,0.5,0.5382682085037231,0.5,240.0,240.0,2.4822535514831543,0.0,0.5,0.5,0.5,0.5,240.0,240.0
