epoch,accuracy,auc,f1_score,fn,fp,loss,lr,mcc,npv,precision,recall,specificity,tn,tp,val_accuracy,val_auc,val_f1_score,val_fn,val_fp,val_loss,val_mcc,val_npv,val_precision,val_recall,val_specificity,val_tn,val_tp
0,0.5697916746139526,0.5587307810783386,0.5626145005226135,1072.0,1094.0,0.7049652338027954,0.01,0.12228156626224518,0.5622780323028564,0.5483071804046631,0.5533333420753479,0.5552083253860474,1306.0,1328.0,0.5,0.5,0.5,240.0,240.0,15.11622142791748,0.0,0.5,0.5,0.5,0.5,240.0,240.0
1,0.6234375238418579,0.6655062437057495,0.6106764674186707,760.0,715.0,0.6585922837257385,0.01,0.232060045003891,0.6140651106834412,0.6186666488647461,0.6041666865348816,0.6276041865348816,1205.0,1160.0,0.5,0.6165255308151245,0.49502646923065186,245.0,214.0,1.5901817083358765,0.04112917557358742,0.537397563457489,0.5233852863311768,0.4895833432674408,0.5541666746139526,266.0,235.0
2,0.668749988079071,0.7112873196601868,0.6652321219444275,639.0,650.0,0.6260426044464111,0.01,0.328824907541275,0.6653745174407959,0.6633868217468262,0.667187511920929,0.6614583134651184,1270.0,1281.0,0.5,0.6300715804100037,0.5,240.0,240.0,1.5384835004806519,0.0,0.5,0.5,0.5,0.5,240.0,240.0
3,0.6880208253860474,0.7472410798072815,0.6894069910049438,598.0,593.0,0.6001676917076111,0.01,0.37980735301971436,0.6894310116767883,0.6903394460678101,0.6885416507720947,0.6911458373069763,1327.0,1322.0,0.5,0.5104600787162781,0.5,240.0,240.0,3.384809732437134,0.0,0.5,0.5,0.5,0.5,240.0,240.0
4,0.7052083611488342,0.7776264548301697,0.7038242220878601,573.0,561.0,0.5748339891433716,0.0009999999,0.4094717800617218,0.7033164501190186,0.705974817276001,0.7015625238418579,0.707812488079071,1359.0,1347.0,0.5,0.5156314969062805,0.5,240.0,240.0,3.1332178115844727,0.0,0.5,0.5,0.5,0.5,240.0,240.0
5,0.739062488079071,0.8122153282165527,0.7374616265296936,508.0,497.0,0.5325077772140503,0.0009999999,0.47661420702934265,0.7370692491531372,0.7396542429924011,0.7354166507720947,0.7411458492279053,1423.0,1412.0,0.5,0.5296288728713989,0.5,240.0,240.0,3.1387360095977783,0.0,0.5,0.5,0.5,0.5,240.0,240.0
