epoch,accuracy,auc,f1_score,fn,fp,loss,lr,mcc,npv,precision,recall,specificity,tn,tp,val_accuracy,val_auc,val_f1_score,val_fn,val_fp,val_loss,val_mcc,val_npv,val_precision,val_recall,val_specificity,val_tn,val_tp
0,0.49166667461395264,0.5068259239196777,0.49600887298583984,1204.0,1206.0,0.7476573586463928,0.01,-0.005212797317653894,0.49764564633369446,0.49791839718818665,0.4983333349227905,0.49687498807907104,1194.0,1196.0,0.5,0.48733073472976685,0.5,240.0,240.0,2.4490866661071777,0.0,0.5,0.5,0.5,0.5,240.0,240.0
1,0.5151041746139526,0.5040737390518188,0.5029038786888123,953.0,950.0,0.7355065941810608,0.01,0.00875001959502697,0.5034646391868591,0.5044339895248413,0.5036458373069763,0.5052083134651184,970.0,967.0,0.5,0.5,0.5,240.0,240.0,5.300398826599121,0.0,0.5,0.5,0.5,0.5,240.0,240.0
2,0.4963541626930237,0.5007711052894592,0.5011718273162842,961.0,933.0,0.7301899790763855,0.01,0.013894078321754932,0.5080698728561401,0.5068710446357727,0.49947917461395264,0.5140625238418579,987.0,959.0,0.5,0.5001345872879028,0.0,480.0,0.0,0.8067268133163452,0.0,0.5,0.0,0.0,1.0,480.0,0.0
3,0.5505208373069763,0.5670281648635864,0.5491276979446411,873.0,845.0,0.6937630772590637,0.01,0.10570657253265381,0.5511723160743713,0.5533826351165771,0.5453125238418579,0.5598958134651184,1075.0,1047.0,0.5,0.5386545658111572,0.24498361349105835,400.0,59.0,0.9785091280937195,0.03322668373584747,0.5158385038375854,0.5755395889282227,0.1666666716337204,0.8770833611488342,421.0,80.0
4,0.5911458134651184,0.6320361495018005,0.5900763869285583,791.0,778.0,0.669920027256012,0.0009999999,0.1828601211309433,0.590515673160553,0.5920293927192688,0.5880208611488342,0.5947916507720947,1142.0,1129.0,0.5,0.5639865398406982,0.5,240.0,240.0,1.2822444438934326,0.0,0.5,0.5,0.5,0.5,240.0,240.0
5,0.6151041388511658,0.6619890928268433,0.6139081716537476,742.0,740.0,0.6524611711502075,0.0009999999,0.22826120257377625,0.6137880086898804,0.6141814589500427,0.6135416626930237,0.6145833134651184,1180.0,1178.0,0.5,0.5756033062934875,0.5,240.0,240.0,1.3172818422317505,0.0,0.5,0.5,0.5,0.5,240.0,240.0
