epoch,accuracy,auc,f1_score,fn,fp,loss,lr,mcc,npv,precision,recall,specificity,tn,tp,val_accuracy,val_auc,val_f1_score,val_fn,val_fp,val_loss,val_mcc,val_npv,val_precision,val_recall,val_specificity,val_tn,val_tp
0,0.4973958432674408,0.4958428740501404,0.4979031980037689,1186.0,1238.0,0.7695663571357727,0.01,-0.012358731590211391,0.4954138696193695,0.495106041431427,0.5058333277702332,0.4802083373069763,1162.0,1214.0,0.5,0.4928950071334839,0.5,240.0,240.0,4.367129802703857,0.0,0.5,0.5,0.5,0.5,240.0,240.0
1,0.5072916746139526,0.5192804932594299,0.507160484790802,944.0,945.0,0.7183745503425598,0.01,0.016210367903113365,0.5081826448440552,0.5080687403678894,0.5083333253860474,0.5078125,975.0,976.0,0.49791666865348816,0.5093467831611633,0.6563307046890259,10.0,480.0,1.0533041954040527,-0.028688766062259674,0.0,0.49473685026168823,0.9791666865348816,0.0,0.0,470.0
2,0.6151041388511658,0.6460292339324951,0.6061887145042419,764.0,734.0,0.6665117144584656,0.01,0.22011731564998627,0.6092337369918823,0.611640214920044,0.6020833253860474,0.6177083253860474,1186.0,1156.0,0.5,0.5,0.5,240.0,240.0,4.024867057800293,0.0,0.5,0.5,0.5,0.5,240.0,240.0
3,0.6364583373069763,0.6786877512931824,0.6307464241981506,715.0,695.0,0.6466981768608093,0.01,0.26575762033462524,0.6316156983375549,0.6342105269432068,0.6276041865348816,0.6380208134651184,1225.0,1205.0,0.4937500059604645,0.5498198866844177,0.48748013377189636,248.0,237.0,0.9714950919151306,-0.010366217233240604,0.4975873827934265,0.49466949701309204,0.4833333194255829,0.5062500238418579,243.0,232.0
4,0.660937488079071,0.7132521867752075,0.6579669117927551,661.0,648.0,0.6247037053108215,0.0009999999,0.31827011704444885,0.6580231785774231,0.6601992845535278,0.6557291746139526,0.6625000238418579,1272.0,1259.0,0.5,0.5543012619018555,0.5,240.0,240.0,2.2523133754730225,0.0,0.5,0.5,0.5,0.5,240.0,240.0
5,0.675000011920929,0.7254177331924438,0.6730793118476868,628.0,627.0,0.6132181286811829,0.0009999999,0.3463783264160156,0.673111617565155,0.6732673048973083,0.6729166507720947,0.6734374761581421,1293.0,1292.0,0.5,0.5729340314865112,0.5,240.0,240.0,1.8235557079315186,0.0,0.5,0.5,0.5,0.5,240.0,240.0
