epoch,accuracy,auc,f1_score,fn,fp,loss,lr,mcc,npv,precision,recall,specificity,tn,tp,val_accuracy,val_auc,val_f1_score,val_fn,val_fp,val_loss,val_mcc,val_npv,val_precision,val_recall,val_specificity,val_tn,val_tp
0,0.5380208492279053,0.554745614528656,0.5398052930831909,1094.0,1143.0,0.7146134972572327,0.01,0.07580096274614334,0.5397441983222961,0.5332788825035095,0.5441666841506958,0.5296875238418579,1257.0,1306.0,0.5,0.5,0.5,240.0,240.0,19.065753936767578,0.0,0.5,0.5,0.5,0.5,240.0,240.0
1,0.6036458611488342,0.6436555981636047,0.5937826037406921,784.0,766.0,0.6752708554267883,0.01,0.19302839040756226,0.596333920955658,0.5972660183906555,0.5916666388511658,0.6010416746139526,1154.0,1136.0,0.5,0.5845464468002319,0.5,240.0,240.0,1.3926275968551636,0.0,0.5,0.5,0.5,0.5,240.0,240.0
2,0.6348958611488342,0.6777145266532898,0.6360418796539307,694.0,708.0,0.6522166132926941,0.01,0.2700222432613373,0.6360505819320679,0.633919358253479,0.6385416388511658,0.6312500238418579,1212.0,1226.0,0.5,0.5916167497634888,0.5,240.0,240.0,2.344135284423828,0.0,0.5,0.5,0.5,0.5,240.0,240.0
3,0.6526041626930237,0.7016819715499878,0.6513034105300903,667.0,674.0,0.6332739591598511,0.01,0.30170705914497375,0.6515086889266968,0.6502335071563721,0.6526041626930237,0.6489583253860474,1246.0,1253.0,0.5,0.5,0.5,240.0,240.0,5.73160457611084,0.0,0.5,0.5,0.5,0.5,240.0,240.0
4,0.692187488079071,0.7550996541976929,0.6929050087928772,593.0,582.0,0.5919790267944336,0.0009999999,0.38810262084007263,0.6933499574661255,0.695128321647644,0.6911458373069763,0.6968749761581421,1338.0,1327.0,0.5,0.6138628721237183,0.5,240.0,240.0,2.2054340839385986,0.0,0.5,0.5,0.5,0.5,240.0,240.0
5,0.7135416865348816,0.7834494113922119,0.7141287326812744,549.0,549.0,0.5623418688774109,0.0009999999,0.428162157535553,0.7139530181884766,0.714062511920929,0.714062511920929,0.714062511920929,1371.0,1371.0,0.5,0.5146202445030212,0.5,240.0,240.0,3.358036518096924,0.0,0.5,0.5,0.5,0.5,240.0,240.0
