epoch,accuracy,auc,f1_score,fn,fp,loss,lr,mcc,npv,precision,recall,specificity,tn,tp,val_accuracy,val_auc,val_f1_score,val_fn,val_fp,val_loss,val_mcc,val_npv,val_precision,val_recall,val_specificity,val_tn,val_tp
0,0.5328124761581421,0.5197742581367493,0.517097532749176,1156.0,1184.0,0.7372165322303772,0.01,0.031528081744909286,0.5165851712226868,0.5123558640480042,0.5183333158493042,0.5083333253860474,1216.0,1244.0,0.5,0.49041447043418884,0.5,240.0,240.0,3.5406861305236816,0.0,0.5,0.5,0.5,0.5,240.0,240.0
1,0.5901041626930237,0.6027364134788513,0.5760700702667236,818.0,801.0,0.6934296488761902,0.01,0.15697546303272247,0.5775480270385742,0.579085648059845,0.5739583373069763,0.582812488079071,1119.0,1102.0,0.5,0.522302508354187,0.5,240.0,240.0,2.8387291431427,0.0,0.5,0.5,0.5,0.5,240.0,240.0
2,0.6213541626930237,0.6612745523452759,0.6140562295913696,740.0,741.0,0.6555134654045105,0.01,0.22886362671852112,0.614698588848114,0.6142634153366089,0.6145833134651184,0.614062488079071,1179.0,1180.0,0.5,0.5286696553230286,0.5,240.0,238.0,2.887470006942749,0.004044246859848499,0.5039215683937073,0.5020920634269714,0.5,0.5041666626930237,242.0,240.0
3,0.621874988079071,0.668992280960083,0.6161332726478577,738.0,727.0,0.6529944539070129,0.01,0.23703406751155853,0.619148850440979,0.6191723346710205,0.6156250238418579,0.6213541626930237,1193.0,1182.0,0.5,0.5072916746139526,0.5,240.0,240.0,3.8289408683776855,0.0,0.5,0.5,0.5,0.5,240.0,240.0
4,0.6390625238418579,0.6813207268714905,0.6349465847015381,700.0,701.0,0.6420801877975464,0.0009999999,0.2704417407512665,0.635734498500824,0.6350858807563782,0.6354166865348816,0.6348958611488342,1219.0,1220.0,0.5,0.5072938203811646,0.5,240.0,240.0,3.716909646987915,0.0,0.5,0.5,0.5,0.5,240.0,240.0
5,0.6635416746139526,0.7190878987312317,0.6645289063453674,644.0,644.0,0.6163703799247742,0.0009999999,0.329193115234375,0.6646912693977356,0.6645833253860474,0.6645833253860474,0.6645833253860474,1276.0,1276.0,0.5,0.5210503339767456,0.5,240.0,240.0,3.2469873428344727,0.0,0.5,0.5,0.5,0.5,240.0,240.0
