epoch,accuracy,auc,f1_score,fn,fp,loss,lr,mcc,npv,precision,recall,specificity,tn,tp,val_accuracy,val_auc,val_f1_score,val_fn,val_fp,val_loss,val_mcc,val_npv,val_precision,val_recall,val_specificity,val_tn,val_tp
0,0.5208333134651184,0.5661309957504272,0.5104502439498901,1109.0,1122.0,0.7435659766197205,0.01,0.023850517347455025,0.5132947564125061,0.5350186228752136,0.5379166603088379,0.5114583373069763,1278.0,1291.0,0.5,0.5,0.5,240.0,240.0,10.020255088806152,0.0,0.5,0.5,0.5,0.5,240.0,240.0
1,0.5765625238418579,0.5962884426116943,0.5644427537918091,830.0,846.0,0.6890338659286499,0.01,0.12770788371562958,0.564032256603241,0.5630165338516235,0.5677083134651184,0.559374988079071,1074.0,1090.0,0.5,0.5,0.5,240.0,240.0,19.237171173095703,0.0,0.5,0.5,0.5,0.5,240.0,240.0
2,0.6041666865348816,0.6432036757469177,0.5947945713996887,777.0,774.0,0.6675620675086975,0.01,0.1924344152212143,0.5974112749099731,0.5962441563606262,0.5953124761581421,0.596875011920929,1146.0,1143.0,0.5,0.5,0.5,240.0,240.0,9.177794456481934,0.0,0.5,0.5,0.5,0.5,240.0,240.0
3,0.6322916746139526,0.672825276851654,0.6244388222694397,724.0,713.0,0.6493881940841675,0.01,0.25174182653427124,0.6253629922866821,0.6265060305595398,0.6229166388511658,0.6286458373069763,1207.0,1196.0,0.5,0.547278642654419,0.6639938354492188,99.0,310.0,2.396265983581543,0.12054669111967087,0.507692277431488,0.5513747930526733,0.793749988079071,0.3541666567325592,170.0,381.0
4,0.6557291746139526,0.7140743732452393,0.6553955078125,662.0,661.0,0.6285681128501892,0.0009999999,0.31096217036247253,0.6553547978401184,0.6555497646331787,0.6552083492279053,0.6557291746139526,1259.0,1258.0,0.5,0.5559765696525574,0.5502141714096069,203.0,261.0,1.9091567993164062,0.029946576803922653,0.5,0.5148698687553406,0.5770833492279053,0.45625001192092896,219.0,277.0
5,0.6838541626930237,0.7352902889251709,0.6834957003593445,608.0,607.0,0.6073914766311646,0.0009999999,0.3672264516353607,0.6835273504257202,0.6836894154548645,0.6833333373069763,0.6838541626930237,1313.0,1312.0,0.5,0.5907639265060425,0.5208064317703247,226.0,247.0,1.7022171020507812,0.013844672590494156,0.5,0.5069860219955444,0.5291666388511658,0.4854166805744171,233.0,254.0
