epoch,accuracy,auc,f1_score,fn,fp,loss,lr,mcc,npv,precision,recall,specificity,tn,tp,val_accuracy,val_auc,val_f1_score,val_fn,val_fp,val_loss,val_mcc,val_npv,val_precision,val_recall,val_specificity,val_tn,val_tp
0,0.515625,0.5193454623222351,0.5165258646011353,1168.0,1160.0,0.7338853478431702,0.01,0.03747384622693062,0.5183470845222473,0.5150501728057861,0.5133333206176758,0.5208333134651184,1240.0,1232.0,0.5,0.5,0.5,240.0,240.0,7.542904853820801,0.0,0.5,0.5,0.5,0.5,240.0,240.0
1,0.5994791388511658,0.6210265159606934,0.592949628829956,781.0,775.0,0.6821260452270508,0.01,0.19003178179264069,0.596305787563324,0.5950888395309448,0.5932291746139526,0.5963541865348816,1145.0,1139.0,0.5,0.5462087392807007,0.5639483332633972,192.0,263.0,1.3736591339111328,0.048144999891519547,0.5111110806465149,0.5226860046386719,0.6000000238418579,0.4520833194255829,217.0,288.0
2,0.635937511920929,0.6780665516853333,0.627110481262207,722.0,703.0,0.653019905090332,0.01,0.2580496668815613,0.6274745464324951,0.6301946640014648,0.6239583492279053,0.6338541507720947,1217.0,1198.0,0.5,0.5303689241409302,0.5392388701438904,207.0,264.0,1.241006851196289,0.01783742941915989,0.5034483075141907,0.5083798766136169,0.5687500238418579,0.44999998807907104,216.0,273.0
3,0.6505208611488342,0.6958773732185364,0.6505374908447266,670.0,672.0,0.6381921172142029,0.01,0.301141619682312,0.6509305238723755,0.6503642201423645,0.6510416865348816,0.6499999761581421,1248.0,1250.0,0.5,0.5,0.5,240.0,240.0,4.550724506378174,0.0,0.5,0.5,0.5,0.5,240.0,240.0
4,0.6916666626930237,0.7605000734329224,0.6910862326622009,595.0,589.0,0.5820303559303284,0.0009999999,0.3833562135696411,0.6912660598754883,0.6922674775123596,0.6901041865348816,0.6932291388511658,1331.0,1325.0,0.5,0.5,0.5,240.0,240.0,3.6135191917419434,0.0,0.5,0.5,0.5,0.5,240.0,240.0
5,0.7239583134651184,0.7938408851623535,0.7242175936698914,530.0,528.0,0.5509204268455505,0.0009999999,0.44898682832717896,0.7244914174079895,0.7247132658958435,0.7239583134651184,0.7250000238418579,1392.0,1390.0,0.5,0.5,0.5,240.0,240.0,4.379655838012695,0.0,0.5,0.5,0.5,0.5,240.0,240.0
