epoch,accuracy,auc,f1_score,fn,fp,loss,lr,mcc,npv,precision,recall,specificity,tn,tp,val_accuracy,val_auc,val_f1_score,val_fn,val_fp,val_loss,val_mcc,val_npv,val_precision,val_recall,val_specificity,val_tn,val_tp
0,0.5328124761581421,0.5219546556472778,0.5187220573425293,1159.0,1164.0,0.730126142501831,0.01,0.040346380323171616,0.5216397047042847,0.5160083174705505,0.5170833468437195,0.518750011920929,1236.0,1241.0,0.5,0.5,0.5,240.0,240.0,11.215469360351562,0.0,0.5,0.5,0.5,0.5,240.0,240.0
1,0.5567708611488342,0.5526710748672485,0.5322561860084534,913.0,849.0,0.7085630297660828,0.01,0.08288760483264923,0.5403026938438416,0.5425646305084229,0.5244791507720947,0.557812511920929,1071.0,1007.0,0.5,0.5222395658493042,0.5,240.0,240.0,2.7774736881256104,0.0,0.5,0.5,0.5,0.5,240.0,240.0
2,0.5744791626930237,0.6093136072158813,0.5678545236587524,835.0,814.0,0.6822294592857361,0.01,0.14143691956996918,0.5695787668228149,0.5713533163070679,0.5651041865348816,0.5760416388511658,1106.0,1085.0,0.5,0.5,0.0,480.0,0.0,5.161324501037598,0.0,0.5,0.0,0.0,1.0,480.0,0.0
3,0.6109374761581421,0.6440998911857605,0.6046744585037231,760.0,756.0,0.6649550199508667,0.01,0.21055962145328522,0.6050899028778076,0.6054279804229736,0.6041666865348816,0.606249988079071,1164.0,1160.0,0.5,0.5,0.5,240.0,240.0,6.412176609039307,0.0,0.5,0.5,0.5,0.5,240.0,240.0
4,0.6343749761581421,0.6890246868133545,0.6336086392402649,704.0,703.0,0.6454668045043945,0.0009999999,0.2672065794467926,0.6332951188087463,0.6336633563041687,0.6333333253860474,0.6338541507720947,1217.0,1216.0,0.5,0.5,0.5,240.0,240.0,6.904060363769531,0.0,0.5,0.5,0.5,0.5,240.0,240.0
5,0.6499999761581421,0.696553111076355,0.6475403904914856,678.0,674.0,0.6329392194747925,0.0009999999,0.29587456583976746,0.6476161479949951,0.6482254862785339,0.6468750238418579,0.6489583253860474,1246.0,1242.0,0.5,0.5,0.5,240.0,240.0,5.965085506439209,0.0,0.5,0.5,0.5,0.5,240.0,240.0
