epoch,accuracy,auc,f1_score,fn,fp,loss,lr,mcc,npv,precision,recall,specificity,tn,tp,val_accuracy,val_auc,val_f1_score,val_fn,val_fp,val_loss,val_mcc,val_npv,val_precision,val_recall,val_specificity,val_tn,val_tp
0,0.5432291626930237,0.5248557925224304,0.5300772786140442,1141.0,1147.0,0.7148758172988892,0.01,0.05872588977217674,0.5274635553359985,0.5232751369476318,0.5245833396911621,0.5276041626930237,1253.0,1259.0,0.5,0.5,0.0,480.0,0.0,65.66936492919922,0.0,0.5,0.0,0.0,1.0,480.0,0.0
1,0.6026041507720947,0.6248689889907837,0.5882140398025513,787.0,794.0,0.676653265953064,0.01,0.17680999636650085,0.5896099209785461,0.5879605412483215,0.5901041626930237,0.5864583253860474,1126.0,1133.0,0.5,0.5,0.5,240.0,240.0,9.037796020507812,0.0,0.5,0.5,0.5,0.5,240.0,240.0
2,0.6427083611488342,0.6956824660301208,0.6409631967544556,692.0,683.0,0.6351519227027893,0.01,0.28401464223861694,0.6414270997047424,0.6425954699516296,0.6395833492279053,0.6442708373069763,1237.0,1228.0,0.48750001192092896,0.49710285663604736,0.5946398973464966,132.0,347.0,0.7858477830886841,-0.007451663259416819,0.47512441873550415,0.500719428062439,0.7250000238418579,0.2770833373069763,133.0,348.0
3,0.6619791388511658,0.7144172191619873,0.6585825681686401,652.0,662.0,0.6201135516166687,0.01,0.3157100975513458,0.6588128209114075,0.6569948196411133,0.6604166626930237,0.6552083492279053,1258.0,1268.0,0.5,0.5544161796569824,0.5,240.0,240.0,2.848235607147217,0.0,0.5,0.5,0.5,0.5,240.0,240.0
4,0.6786458492279053,0.758643627166748,0.6787002682685852,619.0,613.0,0.5850831866264343,0.0009999999,0.35835620760917664,0.678537905216217,0.6797283291816711,0.6776041388511658,0.6807291507720947,1307.0,1301.0,0.5,0.5162673592567444,0.5,240.0,240.0,2.9382083415985107,0.0,0.5,0.5,0.5,0.5,240.0,240.0
5,0.7171875238418579,0.7948418855667114,0.7161358594894409,547.0,541.0,0.5460487604141235,0.0009999999,0.4333592653274536,0.7161712646484375,0.7173458933830261,0.7151041626930237,0.7182291746139526,1379.0,1373.0,0.5,0.5685807466506958,0.5,240.0,240.0,1.9613769054412842,0.0,0.5,0.5,0.5,0.5,240.0,240.0
