epoch,accuracy,auc,f1_score,fn,fp,loss,lr,mcc,npv,precision,recall,specificity,tn,tp,val_accuracy,val_auc,val_f1_score,val_fn,val_fp,val_loss,val_mcc,val_npv,val_precision,val_recall,val_specificity,val_tn,val_tp
0,0.5520833134651184,0.5502994060516357,0.5412203669548035,1115.0,1111.0,0.7447401881217957,0.01,0.08040010929107666,0.5409500002861023,0.5363104939460754,0.5354166626930237,0.5354166626930237,1289.0,1285.0,0.5,0.5,0.0,480.0,0.0,16.914091110229492,0.0,0.5,0.0,0.0,1.0,480.0,0.0
1,0.5859375,0.6011511087417603,0.5783165693283081,808.0,809.0,0.6918233036994934,0.01,0.1581539362668991,0.578904390335083,0.5788651704788208,0.5791666507720947,0.5786458253860474,1111.0,1112.0,0.5,0.541345477104187,0.5,240.0,240.0,1.8994898796081543,0.0,0.5,0.5,0.5,0.5,240.0,240.0
2,0.6020833253860474,0.6383231282234192,0.592606782913208,783.0,774.0,0.670261561870575,0.01,0.18931347131729126,0.5957090258598328,0.5949764251708984,0.5921875238418579,0.596875011920929,1146.0,1137.0,0.5,0.5308789014816284,0.5,240.0,240.0,3.4947850704193115,0.0,0.5,0.5,0.5,0.5,240.0,240.0
3,0.6255208253860474,0.6655237078666687,0.6211365461349487,726.0,729.0,0.6560039520263672,0.01,0.24236948788166046,0.6215789318084717,0.6209048628807068,0.621874988079071,0.620312511920929,1191.0,1194.0,0.5,0.5,0.5,240.0,240.0,9.453618049621582,0.0,0.5,0.5,0.5,0.5,240.0,240.0
4,0.671875,0.7301895022392273,0.6729612350463867,624.0,635.0,0.6142787337303162,0.0009999999,0.3443414270877838,0.6733565926551819,0.6711548566818237,0.675000011920929,0.6692708134651184,1285.0,1296.0,0.5,0.5,0.5,240.0,240.0,6.785128593444824,0.0,0.5,0.5,0.5,0.5,240.0,240.0
5,0.6895833611488342,0.7521610260009766,0.6904802322387695,590.0,603.0,0.5900822281837463,0.0009999999,0.3786918520927429,0.6903874278068542,0.6880496740341187,0.6927083134651184,0.6859375238418579,1317.0,1330.0,0.5,0.5,0.5,240.0,240.0,5.514060974121094,0.0,0.5,0.5,0.5,0.5,240.0,240.0
