epoch,accuracy,auc,f1_score,fn,fp,loss,lr,mcc,npv,precision,recall,specificity,tn,tp,val_accuracy,val_auc,val_f1_score,val_fn,val_fp,val_loss,val_mcc,val_npv,val_precision,val_recall,val_specificity,val_tn,val_tp
0,0.5010416507720947,0.4973919093608856,0.4863361120223999,1225.0,1229.0,0.7509700655937195,0.01,-0.029133765026926994,0.4845389723777771,0.48876872658729553,0.4895833432674408,0.48229166865348816,1171.0,1175.0,0.4958333373069763,0.5223371982574463,0.6666666269302368,0.0,480.0,1.3143407106399536,0.0,0.0,0.5,1.0,0.0,0.0,480.0
1,0.550000011920929,0.5512433648109436,0.5427296161651611,872.0,887.0,0.7068589925765991,0.01,0.08427795767784119,0.5430107116699219,0.5416020750999451,0.5458333492279053,0.5380208492279053,1033.0,1048.0,0.5,0.5,0.5,240.0,240.0,10.358285903930664,0.0,0.5,0.5,0.5,0.5,240.0,240.0
2,0.5880208611488342,0.6089493036270142,0.5816327333450317,799.0,813.0,0.6823960542678833,0.01,0.16065141558647156,0.5802305936813354,0.5796276926994324,0.5838541388511658,0.5765625238418579,1107.0,1121.0,0.5,0.5,0.5,240.0,240.0,11.7695894241333,0.0,0.5,0.5,0.5,0.5,240.0,240.0
3,0.6067708134651184,0.6487393379211426,0.6034396886825562,770.0,739.0,0.6629968881607056,0.01,0.21447505056858063,0.6058984398841858,0.6087877154350281,0.5989583134651184,0.6151041388511658,1181.0,1150.0,0.5,0.5730772614479065,0.49128860235214233,248.0,215.0,1.5808091163635254,0.03287247195839882,0.5302836298942566,0.5190156698226929,0.4833333194255829,0.5520833134651184,265.0,232.0
4,0.643750011920929,0.6890935301780701,0.6435184478759766,683.0,686.0,0.6390196681022644,0.01,0.2872759997844696,0.6440778970718384,0.6432657241821289,0.6442708373069763,0.6427083611488342,1234.0,1237.0,0.5,0.5073350667953491,0.6666666269302368,0.0,480.0,10.530105590820312,0.0,0.0,0.5,1.0,0.0,0.0,480.0
5,0.651562511920929,0.7009739875793457,0.6438778638839722,685.0,681.0,0.6288019418716431,0.0009999999,0.2886970639228821,0.643856942653656,0.6445720195770264,0.6432291865348816,0.645312488079071,1239.0,1235.0,0.5,0.5562413334846497,0.6666666269302368,0.0,480.0,4.55163049697876,0.0,0.0,0.5,1.0,0.0,0.0,480.0
6,0.6953125,0.7548558115959167,0.6948276162147522,586.0,586.0,0.5888404250144958,0.0009999999,0.38962969183921814,0.6947242021560669,0.6947916746139526,0.6947916746139526,0.6947916746139526,1334.0,1334.0,0.5,0.5,0.5,240.0,240.0,5.510962009429932,0.0,0.5,0.5,0.5,0.5,240.0,240.0
