epoch,accuracy,auc,f1_score,fn,fp,loss,lr,mcc,npv,precision,recall,specificity,tn,tp,val_accuracy,val_auc,val_f1_score,val_fn,val_fp,val_loss,val_mcc,val_npv,val_precision,val_recall,val_specificity,val_tn,val_tp
0,0.5411458611488342,0.530068039894104,0.5308712720870972,1139.0,1141.0,0.7186981439590454,0.01,0.0627320408821106,0.5309779644012451,0.5249791741371155,0.5254166722297668,0.5307291746139526,1259.0,1261.0,0.5,0.5,0.5,240.0,240.0,24.250646591186523,0.0,0.5,0.5,0.5,0.5,240.0,240.0
1,0.5864583253860474,0.610370397567749,0.5775014162063599,808.0,818.0,0.6780836582183838,0.01,0.1533491164445877,0.5766765475273132,0.5761657953262329,0.5791666507720947,0.5739583373069763,1102.0,1112.0,0.5,0.5,0.5,240.0,240.0,12.202997207641602,0.0,0.5,0.5,0.5,0.5,240.0,240.0
2,0.6104166507720947,0.6611665487289429,0.6055736541748047,760.0,748.0,0.6515305042266846,0.01,0.21476911008358002,0.6072543263435364,0.6079664826393127,0.6041666865348816,0.6104166507720947,1172.0,1160.0,0.5,0.5,0.5,240.0,240.0,6.684486389160156,0.0,0.5,0.5,0.5,0.5,240.0,240.0
3,0.6380208134651184,0.6955826878547668,0.6403932571411133,688.0,696.0,0.6319100856781006,0.01,0.2792145311832428,0.6400229334831238,0.6390041708946228,0.6416666507720947,0.637499988079071,1224.0,1232.0,0.5,0.5412217974662781,0.5,240.0,240.0,2.800311326980591,0.0,0.5,0.5,0.5,0.5,240.0,240.0
4,0.6927083134651184,0.7529943585395813,0.6928908824920654,586.0,596.0,0.5922386646270752,0.0009999999,0.3844528794288635,0.6934071183204651,0.6911917328834534,0.6947916746139526,0.6895833611488342,1324.0,1334.0,0.5,0.5807681679725647,0.5,240.0,238.0,1.2467665672302246,0.004044246859848499,0.5039215683937073,0.5020920634269714,0.5,0.5041666626930237,242.0,240.0
5,0.7005208134651184,0.7792696356773376,0.7001522183418274,576.0,575.0,0.566327691078186,0.0009999999,0.40053585171699524,0.7002183794975281,0.7003647685050964,0.699999988079071,0.7005208134651184,1345.0,1344.0,0.5,0.5939388275146484,0.5,240.0,240.0,2.552177906036377,0.0,0.5,0.5,0.5,0.5,240.0,240.0
