epoch,accuracy,auc,f1_score,fn,fp,loss,lr,mcc,npv,precision,recall,specificity,tn,tp,val_accuracy,val_auc,val_f1_score,val_fn,val_fp,val_loss,val_mcc,val_npv,val_precision,val_recall,val_specificity,val_tn,val_tp
0,0.5182291865348816,0.5074878931045532,0.4960865378379822,1204.0,1205.0,0.7540014982223511,0.01,-0.004874467849731445,0.49719464778900146,0.4981257915496826,0.4983333349227905,0.4973958432674408,1195.0,1196.0,0.5,0.5,0.5,240.0,240.0,33.616878509521484,0.0,0.5,0.5,0.5,0.5,240.0,240.0
1,0.5796874761581421,0.5889009237289429,0.5591961741447449,839.0,854.0,0.7035909295082092,0.01,0.11862387508153915,0.5613460540771484,0.5586563348770142,0.5630208253860474,0.5552083253860474,1066.0,1081.0,0.5,0.5,0.5,240.0,240.0,8.26024341583252,0.0,0.5,0.5,0.5,0.5,240.0,240.0
2,0.6177083253860474,0.63494873046875,0.6021206378936768,764.0,761.0,0.6735487580299377,0.01,0.2061304897069931,0.6028773188591003,0.6030255556106567,0.6020833253860474,0.6036458611488342,1159.0,1156.0,0.5,0.624411940574646,0.5,240.0,240.0,1.7417354583740234,0.0,0.5,0.5,0.5,0.5,240.0,240.0
3,0.6401041746139526,0.6776638031005859,0.6389055252075195,681.0,718.0,0.6519334316253662,0.01,0.27162837982177734,0.6386884450912476,0.6331118941307068,0.645312488079071,0.6260416507720947,1202.0,1239.0,0.5,0.5,0.5,240.0,240.0,7.517087459564209,0.0,0.5,0.5,0.5,0.5,240.0,240.0
4,0.6338541507720947,0.6736195087432861,0.6307793259620667,706.0,714.0,0.6490411758422852,0.0009999999,0.2605517506599426,0.6310622692108154,0.6296680569648743,0.6322916746139526,0.628125011920929,1206.0,1214.0,0.5,0.564064621925354,0.5,240.0,240.0,2.4355173110961914,0.0,0.5,0.5,0.5,0.5,240.0,240.0
5,0.6656249761581421,0.7185580134391785,0.6677893996238708,633.0,648.0,0.621486485004425,0.0009999999,0.33288007974624634,0.6675269603729248,0.6651162505149841,0.6703125238418579,0.6625000238418579,1272.0,1287.0,0.5,0.5587543249130249,0.5,240.0,240.0,3.000959873199463,0.0,0.5,0.5,0.5,0.5,240.0,240.0
