epoch,accuracy,auc,f1_score,fn,fp,loss,lr,mcc,npv,precision,recall,specificity,tn,tp,val_accuracy,val_auc,val_f1_score,val_fn,val_fp,val_loss,val_mcc,val_npv,val_precision,val_recall,val_specificity,val_tn,val_tp
0,0.5786458253860474,0.5521425008773804,0.560053288936615,1081.0,1093.0,0.7499262094497681,0.01,0.11916877329349518,0.5594732761383057,0.5468490719795227,0.5495833158493042,0.5562499761581421,1307.0,1319.0,0.5,0.5,0.5,240.0,240.0,214.8922882080078,0.0,0.5,0.5,0.5,0.5,240.0,240.0
1,0.6187499761581421,0.6489561200141907,0.6123637557029724,742.0,747.0,0.6667051911354065,0.01,0.22509871423244476,0.612910807132721,0.6119480729103088,0.6135416626930237,0.6109374761581421,1173.0,1178.0,0.5,0.5,0.5,240.0,240.0,11.615025520324707,0.0,0.5,0.5,0.5,0.5,240.0,240.0
2,0.620312511920929,0.6550858616828918,0.6209986209869385,719.0,747.0,0.6627333164215088,0.01,0.23667380213737488,0.6192797422409058,0.6165297627449036,0.6255208253860474,0.6109374761581421,1173.0,1201.0,0.5,0.5643185973167419,0.5,240.0,240.0,2.0936057567596436,0.0,0.5,0.5,0.5,0.5,240.0,240.0
3,0.6468750238418579,0.7099279165267944,0.6538668870925903,662.0,668.0,0.6270933747291565,0.01,0.3077942728996277,0.6547214984893799,0.653167188167572,0.6552083492279053,0.6520833373069763,1252.0,1258.0,0.5,0.6038020849227905,0.5,240.0,240.0,1.4221397638320923,0.0,0.5,0.5,0.5,0.5,240.0,240.0
4,0.6796875,0.736189603805542,0.6798995137214661,617.0,610.0,0.6060736179351807,0.0009999999,0.3611789345741272,0.6798322796821594,0.6811290979385376,0.6786458492279053,0.6822916865348816,1310.0,1303.0,0.5,0.6083030104637146,0.5138974189758301,232.0,244.0,0.6931965947151184,0.007404295727610588,0.49516576528549194,0.5040650367736816,0.5166666507720947,0.49166667461395264,236.0,248.0
5,0.692187488079071,0.7549075484275818,0.6936949491500854,586.0,593.0,0.5874952673912048,0.0009999999,0.3861652910709381,0.693350613117218,0.6922677755355835,0.6947916746139526,0.6911458373069763,1327.0,1334.0,0.5,0.6150325536727905,0.5,240.0,240.0,0.9758880734443665,0.0,0.5,0.5,0.5,0.5,240.0,240.0
