epoch,accuracy,auc,f1_score,fn,fp,loss,lr,mcc,npv,precision,recall,specificity,tn,tp,val_accuracy,val_auc,val_f1_score,val_fn,val_fp,val_loss,val_mcc,val_npv,val_precision,val_recall,val_specificity,val_tn,val_tp
0,0.5942708253860474,0.5965774059295654,0.5880843997001648,1011.0,1041.0,0.718058705329895,0.01,0.17380468547344208,0.5901656746864319,0.5716049671173096,0.5787500143051147,0.5786458253860474,1359.0,1389.0,0.5,0.5,0.5,240.0,240.0,26.922107696533203,0.0,0.5,0.5,0.5,0.5,240.0,240.0
1,0.6645833253860474,0.7150082588195801,0.655612587928772,665.0,651.0,0.62119060754776,0.01,0.31527769565582275,0.6568518877029419,0.6584470272064209,0.6536458134651184,0.660937488079071,1269.0,1255.0,0.5,0.5089605450630188,0.5,240.0,240.0,2.049079179763794,0.0,0.5,0.5,0.5,0.5,240.0,240.0
2,0.6927083134651184,0.7541839480400085,0.6931591033935547,584.0,598.0,0.5865774750709534,0.01,0.3847641348838806,0.6939603090286255,0.6907962560653687,0.6958333253860474,0.6885416507720947,1322.0,1336.0,0.5,0.5484635233879089,0.5,240.0,240.0,1.5168651342391968,0.0,0.5,0.5,0.5,0.5,240.0,240.0
3,0.723437488079071,0.7931210398674011,0.7194985747337341,540.0,536.0,0.5505817532539368,0.01,0.4400027096271515,0.7194183468818665,0.7202505469322205,0.71875,0.7208333611488342,1384.0,1380.0,0.5,0.5636154413223267,0.5,240.0,240.0,1.6499637365341187,0.0,0.5,0.5,0.5,0.5,240.0,240.0
4,0.7411458492279053,0.8150381445884705,0.7383739948272705,504.0,500.0,0.5235556960105896,0.0009999999,0.477323979139328,0.7379350066184998,0.7390396595001221,0.737500011920929,0.7395833134651184,1420.0,1416.0,0.5,0.5732899904251099,0.5,240.0,240.0,0.9688617587089539,0.0,0.5,0.5,0.5,0.5,240.0,240.0
5,0.7755208611488342,0.853568434715271,0.777125895023346,432.0,421.0,0.4754808247089386,0.0009999999,0.5559930205345154,0.7766169309616089,0.7794656753540039,0.7749999761581421,0.7807291746139526,1499.0,1488.0,0.5,0.5831640362739563,0.5,240.0,240.0,1.2166564464569092,0.0,0.5,0.5,0.5,0.5,240.0,240.0
