epoch,accuracy,auc,f1_score,fn,fp,loss,lr,mcc,npv,precision,recall,specificity,tn,tp,val_accuracy,val_auc,val_f1_score,val_fn,val_fp,val_loss,val_mcc,val_npv,val_precision,val_recall,val_specificity,val_tn,val_tp
0,0.5416666865348816,0.5325153470039368,0.5290442109107971,1140.0,1143.0,0.7513067722320557,0.01,0.06118299067020416,0.5315855145454407,0.5243445634841919,0.5249999761581421,0.5296875238418579,1257.0,1260.0,0.5,0.5,0.5,240.0,240.0,5746.60302734375,0.0,0.5,0.5,0.5,0.5,240.0,240.0
1,0.5645833611488342,0.5875935554504395,0.5660118460655212,833.0,826.0,0.6939013004302979,0.01,0.13625763356685638,0.5689008831977844,0.5682174563407898,0.5661458373069763,0.5697916746139526,1094.0,1087.0,0.5,0.5,0.5,240.0,240.0,20.144258499145508,0.0,0.5,0.5,0.5,0.5,240.0,240.0
2,0.6031249761581421,0.6295722723007202,0.5974693894386292,770.0,779.0,0.6721990704536438,0.01,0.19356279075145721,0.596839964389801,0.596163809299469,0.5989583134651184,0.5942708253860474,1141.0,1150.0,0.5,0.5037196278572083,0.5,240.0,240.0,3.3480947017669678,0.0,0.5,0.5,0.5,0.5,240.0,240.0
3,0.6260416507720947,0.6454342007637024,0.6157386898994446,737.0,738.0,0.6653252243995667,0.01,0.23211221396923065,0.6162450313568115,0.6158251166343689,0.6161458492279053,0.6156250238418579,1182.0,1183.0,0.5,0.5198264122009277,0.5,240.0,240.0,0.7444278597831726,0.0,0.5,0.5,0.5,0.5,240.0,240.0
4,0.6473958492279053,0.6858569979667664,0.6460751891136169,676.0,686.0,0.6421304941177368,0.0009999999,0.29087403416633606,0.6463623642921448,0.6445595622062683,0.6479166746139526,0.6427083611488342,1234.0,1244.0,0.5,0.5654405355453491,0.5,240.0,240.0,0.7131215929985046,0.0,0.5,0.5,0.5,0.5,240.0,240.0
5,0.6510416865348816,0.6974447965621948,0.6443790197372437,687.0,674.0,0.6323455572128296,0.0009999999,0.2914019227027893,0.6444804072380066,0.6465652585029602,0.6421874761581421,0.6489583253860474,1246.0,1233.0,0.5,0.5103603005409241,0.5,240.0,240.0,0.7726314663887024,0.0,0.5,0.5,0.5,0.5,240.0,240.0
