epoch,accuracy,auc,f1_score,fn,fp,loss,lr,mcc,npv,precision,recall,specificity,tn,tp,val_accuracy,val_auc,val_f1_score,val_fn,val_fp,val_loss,val_mcc,val_npv,val_precision,val_recall,val_specificity,val_tn,val_tp
0,0.512499988079071,0.5024436116218567,0.49605926871299744,1204.0,1207.0,0.771915078163147,0.01,-0.005791009869426489,0.49575984477996826,0.497711181640625,0.4983333349227905,0.4963541626930237,1193.0,1196.0,0.5,0.5,0.5,240.0,240.0,5250.5625,0.0,0.5,0.5,0.5,0.5,240.0,240.0
1,0.504687488079071,0.5260664820671082,0.5147732496261597,932.0,928.0,0.7170832753181458,0.01,0.03133873641490936,0.5136028528213501,0.5156576037406921,0.5145833492279053,0.5166666507720947,992.0,988.0,0.5,0.5,0.5,240.0,240.0,16.445295333862305,0.0,0.5,0.5,0.5,0.5,240.0,240.0
2,0.5218750238418579,0.5171715021133423,0.5002212524414062,966.0,926.0,0.7056406736373901,0.01,0.01464830245822668,0.508368730545044,0.507446825504303,0.49687498807907104,0.5177083611488342,994.0,954.0,0.5,0.4764995574951172,0.5,240.0,240.0,2.167386531829834,0.0,0.5,0.5,0.5,0.5,240.0,240.0
3,0.5213541388511658,0.5347002148628235,0.5205903649330139,932.0,882.0,0.7039852738380432,0.01,0.055103953927755356,0.5265708565711975,0.5283422470092773,0.5145833492279053,0.5406249761581421,1038.0,988.0,0.5,0.5358181595802307,0.5,240.0,240.0,0.7322145104408264,0.0,0.5,0.5,0.5,0.5,240.0,240.0
4,0.5463541746139526,0.5375609397888184,0.5409943461418152,877.0,889.0,0.6962077021598816,0.0009999999,0.08066209405660629,0.5396196246147156,0.5398550629615784,0.5432291626930237,0.5369791388511658,1031.0,1043.0,0.5,0.48472219705581665,0.4989418089389801,241.0,240.0,0.7472135424613953,-0.0020517667289823294,0.4979797899723053,0.4989561438560486,0.49791666865348816,0.5,240.0,239.0
5,0.5609375238418579,0.5747722387313843,0.5598175525665283,845.0,844.0,0.6865099668502808,0.0009999999,0.12060108035802841,0.5596774220466614,0.560187578201294,0.5598958134651184,0.5604166388511658,1076.0,1075.0,0.4854166805744171,0.4830186367034912,0.4349352717399597,290.0,216.0,0.7154204249382019,-0.051056988537311554,0.4659644365310669,0.467980295419693,0.3958333432674408,0.550000011920929,264.0,190.0
