epoch,accuracy,auc,f1_score,fn,fp,loss,lr,mcc,npv,precision,recall,specificity,tn,tp,val_accuracy,val_auc,val_f1_score,val_fn,val_fp,val_loss,val_mcc,val_npv,val_precision,val_recall,val_specificity,val_tn,val_tp
0,0.5947916507720947,0.649850606918335,0.5954211354255676,941.0,927.0,0.6871548295021057,0.01,0.19029410183429718,0.5962859392166138,0.611483633518219,0.6079166531562805,0.5921875238418579,1473.0,1459.0,0.5,0.5,0.5,240.0,240.0,8.323506355285645,0.0,0.5,0.5,0.5,0.5,240.0,240.0
1,0.6286458373069763,0.6909326314926147,0.6325463652610779,702.0,713.0,0.631328284740448,0.01,0.26323598623275757,0.6322000026702881,0.6307612657546997,0.6343749761581421,0.6286458373069763,1207.0,1218.0,0.5,0.5,0.5,240.0,240.0,7.366087913513184,0.0,0.5,0.5,0.5,0.5,240.0,240.0
2,0.6598958373069763,0.7245556712150574,0.6592856645584106,652.0,659.0,0.6069102883338928,0.01,0.3173249363899231,0.6590136289596558,0.658017635345459,0.6604166626930237,0.6567708253860474,1261.0,1268.0,0.5,0.5,0.5,240.0,240.0,3.522338628768921,0.0,0.5,0.5,0.5,0.5,240.0,240.0
3,0.6661458611488342,0.7289813160896301,0.666089653968811,637.0,649.0,0.6061368584632874,0.01,0.3303520977497101,0.666246235370636,0.6640786528587341,0.6682291626930237,0.6619791388511658,1271.0,1283.0,0.5,0.5,0.5,240.0,240.0,3.630171537399292,0.0,0.5,0.5,0.5,0.5,240.0,240.0
4,0.6541666388511658,0.7190016508102417,0.6562513113021851,656.0,669.0,0.6104934215545654,0.0009999999,0.31009694933891296,0.6556815505027771,0.6539058685302734,0.6583333611488342,0.651562511920929,1251.0,1264.0,0.5,0.571935772895813,0.5,240.0,240.0,2.415111780166626,0.0,0.5,0.5,0.5,0.5,240.0,240.0
5,0.690625011920929,0.7520320415496826,0.6908209323883057,592.0,597.0,0.5880917310714722,0.0009999999,0.3809210956096649,0.6907894611358643,0.6898701190948486,0.6916666626930237,0.6890624761581421,1323.0,1328.0,0.5,0.591137170791626,0.5,240.0,240.0,1.674386739730835,0.0,0.5,0.5,0.5,0.5,240.0,240.0
