epoch,accuracy,auc,f1_score,fn,fp,loss,lr,mcc,npv,precision,recall,specificity,tn,tp,val_accuracy,val_auc,val_f1_score,val_fn,val_fp,val_loss,val_mcc,val_npv,val_precision,val_recall,val_specificity,val_tn,val_tp
0,0.5760416388511658,0.6143230199813843,0.5679095983505249,993.0,1005.0,0.7185226082801819,0.01,0.14145606756210327,0.5700592398643494,0.5833333134651184,0.5862500071525574,0.5755208134651184,1395.0,1407.0,0.5,0.5,0.5,240.0,240.0,24.064685821533203,0.0,0.5,0.5,0.5,0.5,240.0,240.0
1,0.6260416507720947,0.6746106147766113,0.6228522062301636,722.0,725.0,0.6426191329956055,0.01,0.24680748581886292,0.6244953274726868,0.6229849457740784,0.6239583492279053,0.6223958134651184,1195.0,1198.0,0.5,0.5,0.5,240.0,240.0,14.520404815673828,0.0,0.5,0.5,0.5,0.5,240.0,240.0
2,0.6328125,0.6889482140541077,0.6381282806396484,695.0,695.0,0.6303919553756714,0.01,0.27634620666503906,0.6376753449440002,0.6380208134651184,0.6380208134651184,0.6380208134651184,1225.0,1225.0,0.5,0.5,0.5,240.0,240.0,8.399286270141602,0.0,0.5,0.5,0.5,0.5,240.0,240.0
3,0.640625,0.711327314376831,0.6420363187789917,688.0,686.0,0.6144898533821106,0.01,0.2845172882080078,0.6419245600700378,0.6423357725143433,0.6416666507720947,0.6427083611488342,1234.0,1232.0,0.5,0.5,0.5,240.0,240.0,4.639841079711914,0.0,0.5,0.5,0.5,0.5,240.0,240.0
4,0.6479166746139526,0.711054801940918,0.6482076048851013,673.0,680.0,0.610541582107544,0.0009999999,0.29545703530311584,0.6483323574066162,0.6471198797225952,0.6494791507720947,0.6458333134651184,1240.0,1247.0,0.5,0.5,0.5,240.0,240.0,3.951685667037964,0.0,0.5,0.5,0.5,0.5,240.0,240.0
5,0.6598958373069763,0.7249861359596252,0.6603254675865173,658.0,639.0,0.6021406650543213,0.0009999999,0.3246845006942749,0.6610965728759766,0.6638611555099487,0.6572916507720947,0.667187511920929,1281.0,1262.0,0.5,0.5,0.5,240.0,240.0,3.770988941192627,0.0,0.5,0.5,0.5,0.5,240.0,240.0
