epoch,accuracy,auc,f1_score,fn,fp,loss,lr,mcc,npv,precision,recall,specificity,tn,tp,val_accuracy,val_auc,val_f1_score,val_fn,val_fp,val_loss,val_mcc,val_npv,val_precision,val_recall,val_specificity,val_tn,val_tp
0,0.5921875238418579,0.5832228660583496,0.589032769203186,1033.0,1019.0,0.6838701367378235,0.01,0.181607186794281,0.5897270441055298,0.5729253888130188,0.5695833563804626,0.5942708253860474,1381.0,1367.0,0.5,0.5,0.5,240.0,240.0,60.808082580566406,0.0,0.5,0.5,0.5,0.5,240.0,240.0
1,0.6322916746139526,0.6834905743598938,0.6297842860221863,711.0,709.0,0.6327202320098877,0.01,0.26062649488449097,0.6302767992019653,0.6303440928459167,0.629687488079071,0.6307291388511658,1211.0,1209.0,0.5,0.548253059387207,0.0,480.0,0.0,4.3078813552856445,0.0,0.5,0.0,0.0,1.0,480.0,0.0
2,0.625,0.6846610903739929,0.6238564848899841,722.0,723.0,0.6320502758026123,0.01,0.24751883745193481,0.6235166788101196,0.6236335039138794,0.6239583492279053,0.6234375238418579,1197.0,1198.0,0.5,0.544776439666748,0.5,240.0,240.0,3.355433225631714,0.0,0.5,0.5,0.5,0.5,240.0,240.0
3,0.6380208134651184,0.7003228068351746,0.6376296281814575,695.0,696.0,0.6198087334632874,0.01,0.27569377422332764,0.6382157206535339,0.6376886963844299,0.6380208134651184,0.637499988079071,1224.0,1225.0,0.5,0.5145833492279053,0.5,240.0,240.0,3.37613844871521,0.0,0.5,0.5,0.5,0.5,240.0,240.0
4,0.6526041626930237,0.7052946090698242,0.6552746295928955,659.0,670.0,0.6207406520843506,0.0009999999,0.30790290236473083,0.6539727449417114,0.6530295014381409,0.6567708253860474,0.6510416865348816,1250.0,1261.0,0.5,0.5494270920753479,0.5,240.0,240.0,3.3547523021698,0.0,0.5,0.5,0.5,0.5,240.0,240.0
5,0.653124988079071,0.7208126783370972,0.6542578935623169,660.0,670.0,0.6066164374351501,0.0009999999,0.307428777217865,0.6549586653709412,0.6528497338294983,0.65625,0.6510416865348816,1250.0,1260.0,0.5,0.5291666984558105,0.5,240.0,240.0,3.290275812149048,0.0,0.5,0.5,0.5,0.5,240.0,240.0
