epoch,accuracy,auc,f1_score,fn,fp,loss,lr,mcc,npv,precision,recall,specificity,tn,tp,val_accuracy,val_auc,val_f1_score,val_fn,val_fp,val_loss,val_mcc,val_npv,val_precision,val_recall,val_specificity,val_tn,val_tp
0,0.5869791507720947,0.5850595831871033,0.5848341584205627,1042.0,1025.0,0.6856662034988403,0.01,0.1737942099571228,0.5854253172874451,0.5698699355125427,0.565833330154419,0.5911458134651184,1375.0,1358.0,0.5,0.5,0.5,240.0,240.0,76.9923324584961,0.0,0.5,0.5,0.5,0.5,240.0,240.0
1,0.6322916746139526,0.6821357011795044,0.6364572644233704,696.0,702.0,0.636748194694519,0.01,0.27215421199798584,0.6363112926483154,0.6355140209197998,0.637499988079071,0.6343749761581421,1218.0,1224.0,0.5,0.5579708814620972,0.5,240.0,240.0,2.3021044731140137,0.0,0.5,0.5,0.5,0.5,240.0,240.0
2,0.6302083134651184,0.6899154186248779,0.6333765387535095,711.0,690.0,0.6276071667671204,0.01,0.27053844928741455,0.6331722736358643,0.6366508603096008,0.629687488079071,0.640625,1230.0,1209.0,0.5,0.5,0.5,240.0,240.0,3.8564507961273193,0.0,0.5,0.5,0.5,0.5,240.0,240.0
3,0.6526041626930237,0.7229345440864563,0.6546515226364136,662.0,666.0,0.6090878248214722,0.01,0.30846235156059265,0.6541997194290161,0.6538461446762085,0.6552083492279053,0.653124988079071,1254.0,1258.0,0.5,0.5,0.5,240.0,240.0,5.389276027679443,0.0,0.5,0.5,0.5,0.5,240.0,240.0
4,0.6536458134651184,0.7120097875595093,0.6514861583709717,668.0,670.0,0.6157991886138916,0.0009999999,0.30321207642555237,0.6522036790847778,0.6514047980308533,0.6520833373069763,0.6510416865348816,1250.0,1252.0,0.5,0.5,0.5,240.0,240.0,5.170045375823975,0.0,0.5,0.5,0.5,0.5,240.0,240.0
5,0.671875,0.7380730509757996,0.6676394939422607,644.0,626.0,0.5930956602096558,0.0009999999,0.33870938420295715,0.6678565740585327,0.6708727478981018,0.6645833253860474,0.6739583611488342,1294.0,1276.0,0.5,0.5,0.5,240.0,240.0,3.611062526702881,0.0,0.5,0.5,0.5,0.5,240.0,240.0
