epoch,accuracy,auc,f1_score,fn,fp,loss,lr,mcc,npv,precision,recall,specificity,tn,tp,val_accuracy,val_auc,val_f1_score,val_fn,val_fp,val_loss,val_mcc,val_npv,val_precision,val_recall,val_specificity,val_tn,val_tp
0,0.5703125,0.5516780614852905,0.5654414892196655,1076.0,1060.0,0.7085307240486145,0.01,0.13782456517219543,0.570113480091095,0.5553691387176514,0.5516666769981384,0.5729166865348816,1340.0,1324.0,0.5,0.5,0.5,240.0,240.0,1089.4595947265625,0.0,0.5,0.5,0.5,0.5,240.0,240.0
1,0.6114583611488342,0.6431732773780823,0.6045370697975159,767.0,740.0,0.6590791940689087,0.01,0.2153824418783188,0.6062813401222229,0.6090860962867737,0.6005208492279053,0.6145833134651184,1180.0,1153.0,0.5,0.5,0.5,240.0,240.0,26.75837516784668,0.0,0.5,0.5,0.5,0.5,240.0,240.0
2,0.6223958134651184,0.6628623604774475,0.6237959265708923,717.0,731.0,0.6474024653434753,0.01,0.24603649973869324,0.6247183084487915,0.6220268607139587,0.6265624761581421,0.6192708611488342,1189.0,1203.0,0.5,0.5,0.5,240.0,240.0,7.7844038009643555,0.0,0.5,0.5,0.5,0.5,240.0,240.0
3,0.6312500238418579,0.6854732632637024,0.635308027267456,697.0,707.0,0.6288187503814697,0.01,0.26889532804489136,0.6350604295730591,0.6336787343025208,0.6369791626930237,0.6317708492279053,1213.0,1223.0,0.5,0.6022851467132568,0.5,240.0,240.0,1.2159209251403809,0.0,0.5,0.5,0.5,0.5,240.0,240.0
4,0.643750011920929,0.6983418464660645,0.6407925486564636,690.0,687.0,0.6217000484466553,0.0009999999,0.2829247713088989,0.6418193578720093,0.6416275501251221,0.640625,0.6421874761581421,1233.0,1230.0,0.5,0.6115820407867432,0.5,240.0,240.0,0.9099693894386292,0.0,0.5,0.5,0.5,0.5,240.0,240.0
5,0.6416666507720947,0.697319746017456,0.6412297487258911,687.0,694.0,0.6227922439575195,0.0009999999,0.28085988759994507,0.6404045224189758,0.6398546695709229,0.6421874761581421,0.6385416388511658,1226.0,1233.0,0.5,0.6171115636825562,0.5,240.0,240.0,1.0733299255371094,0.0,0.5,0.5,0.5,0.5,240.0,240.0
