epoch,accuracy,auc,f1_score,fn,fp,loss,lr,mcc,npv,precision,recall,specificity,tn,tp,val_accuracy,val_auc,val_f1_score,val_fn,val_fp,val_loss,val_mcc,val_npv,val_precision,val_recall,val_specificity,val_tn,val_tp
0,0.6072916388511658,0.585013747215271,0.5923881530761719,1024.0,1013.0,0.6919068694114685,0.01,0.18952181935310364,0.595229983329773,0.5759732127189636,0.5733333230018616,0.5973958373069763,1387.0,1376.0,0.5,0.5,0.5,240.0,240.0,63.55347442626953,0.0,0.5,0.5,0.5,0.5,240.0,240.0
1,0.6286458373069763,0.671769380569458,0.6263829469680786,713.0,728.0,0.6368078589439392,0.01,0.24972106516361237,0.6252835392951965,0.6237726211547852,0.6286458373069763,0.6208333373069763,1192.0,1207.0,0.5,0.5,0.5,240.0,240.0,7.411097526550293,0.0,0.5,0.5,0.5,0.5,240.0,240.0
2,0.6333333253860474,0.6952369213104248,0.6356213688850403,698.0,703.0,0.6253851652145386,0.01,0.2705436944961548,0.6354876756668091,0.6348052024841309,0.6364583373069763,0.6338541507720947,1217.0,1222.0,0.5,0.5,0.5,240.0,240.0,3.4693899154663086,0.0,0.5,0.5,0.5,0.5,240.0,240.0
3,0.640625,0.6936264634132385,0.6368172764778137,699.0,692.0,0.6234937310218811,0.01,0.27565306425094604,0.6377370357513428,0.6382644772529602,0.635937511920929,0.6395833492279053,1228.0,1221.0,0.5,0.5,0.5,240.0,240.0,3.44796085357666,0.0,0.5,0.5,0.5,0.5,240.0,240.0
4,0.6645833253860474,0.7203093767166138,0.6665916442871094,638.0,642.0,0.608991265296936,0.0009999999,0.333490252494812,0.6678664088249207,0.6663201451301575,0.6677083373069763,0.6656249761581421,1278.0,1282.0,0.5,0.6032595038414001,0.5,240.0,240.0,1.5883642435073853,0.0,0.5,0.5,0.5,0.5,240.0,240.0
5,0.6692708134651184,0.727182149887085,0.6688196659088135,639.0,629.0,0.6037225127220154,0.0009999999,0.3397514224052429,0.6691274642944336,0.6706806421279907,0.667187511920929,0.6723958253860474,1291.0,1281.0,0.5,0.6190104484558105,0.5,240.0,240.0,0.968377411365509,0.0,0.5,0.5,0.5,0.5,240.0,240.0
