epoch,accuracy,auc,f1_score,fn,fp,loss,lr,mcc,npv,precision,recall,specificity,tn,tp,val_accuracy,val_auc,val_f1_score,val_fn,val_fp,val_loss,val_mcc,val_npv,val_precision,val_recall,val_specificity,val_tn,val_tp
0,0.5958333611488342,0.6481733918190002,0.5984135866165161,914.0,930.0,0.7056668996810913,0.01,0.1955987811088562,0.5984731316566467,0.6150662302970886,0.6191666722297668,0.5942708253860474,1470.0,1486.0,0.5,0.5,0.5,240.0,240.0,13.735247611999512,0.0,0.5,0.5,0.5,0.5,240.0,240.0
1,0.6286458373069763,0.6873689293861389,0.6300982236862183,709.0,713.0,0.6312967538833618,0.01,0.25958359241485596,0.6298149824142456,0.629417896270752,0.6307291388511658,0.6286458373069763,1207.0,1211.0,0.5,0.5,0.5,240.0,240.0,4.147770404815674,0.0,0.5,0.5,0.5,0.5,240.0,240.0
2,0.6598958373069763,0.7153090238571167,0.6585385799407959,653.0,659.0,0.6107882261276245,0.01,0.3169513940811157,0.6594995260238647,0.6578400731086731,0.6598958373069763,0.6567708253860474,1261.0,1267.0,0.5,0.5,0.5,240.0,240.0,4.630282402038574,0.0,0.5,0.5,0.5,0.5,240.0,240.0
3,0.653124988079071,0.7264475226402283,0.6596276164054871,653.0,655.0,0.6019494533538818,0.01,0.3189806044101715,0.6594269871711731,0.659209132194519,0.6598958373069763,0.6588541865348816,1265.0,1267.0,0.5,0.5586523413658142,0.5,240.0,240.0,1.798161268234253,0.0,0.5,0.5,0.5,0.5,240.0,240.0
4,0.6708333492279053,0.7410349249839783,0.670866072177887,629.0,637.0,0.5900455713272095,0.0009999999,0.3408051133155823,0.6713067293167114,0.6696057915687561,0.6723958253860474,0.6682291626930237,1283.0,1291.0,0.5,0.5648850202560425,0.5,240.0,240.0,1.4062156677246094,0.0,0.5,0.5,0.5,0.5,240.0,240.0
5,0.6817708611488342,0.746338427066803,0.6818305850028992,608.0,617.0,0.5863057374954224,0.0009999999,0.3622044622898102,0.6816840767860413,0.6801451444625854,0.6833333373069763,0.6786458492279053,1303.0,1312.0,0.5,0.5796050429344177,0.5,240.0,240.0,1.1245322227478027,0.0,0.5,0.5,0.5,0.5,240.0,240.0
