epoch,accuracy,auc,f1_score,fn,fp,loss,lr,mcc,npv,precision,recall,specificity,tn,tp,val_accuracy,val_auc,val_f1_score,val_fn,val_fp,val_loss,val_mcc,val_npv,val_precision,val_recall,val_specificity,val_tn,val_tp
0,0.6270833611488342,0.6193609833717346,0.6253885626792908,961.0,952.0,0.656072735786438,0.01,0.2539389729499817,0.6271733045578003,0.6018402576446533,0.5995833277702332,0.6291666626930237,1448.0,1439.0,0.5,0.5,0.5,240.0,240.0,37.424442291259766,0.0,0.5,0.5,0.5,0.5,240.0,240.0
1,0.6526041626930237,0.7170761227607727,0.6549517512321472,661.0,667.0,0.6106337308883667,0.01,0.3086085915565491,0.6541146039962769,0.6536864042282104,0.6557291746139526,0.6526041626930237,1253.0,1259.0,0.5,0.5,0.5,240.0,240.0,9.790146827697754,0.0,0.5,0.5,0.5,0.5,240.0,240.0
2,0.6682291626930237,0.7263677716255188,0.6642264723777771,647.0,639.0,0.6030150055885315,0.01,0.33040130138397217,0.6647223234176636,0.6657949686050415,0.6630208492279053,0.667187511920929,1281.0,1273.0,0.5,0.5,0.5,240.0,240.0,4.201559543609619,0.0,0.5,0.5,0.5,0.5,240.0,240.0
3,0.6802083253860474,0.7392619848251343,0.6768618822097778,622.0,616.0,0.5953243374824524,0.01,0.3553648293018341,0.677551805973053,0.6781609058380127,0.6760416626930237,0.6791666746139526,1304.0,1298.0,0.5,0.5,0.5,240.0,240.0,3.2817788124084473,0.0,0.5,0.5,0.5,0.5,240.0,240.0
4,0.6807291507720947,0.7523825764656067,0.6813298463821411,612.0,611.0,0.5809489488601685,0.0009999999,0.3631741404533386,0.6816037893295288,0.6816049814224243,0.6812499761581421,0.6817708611488342,1309.0,1308.0,0.5,0.5,0.5,240.0,240.0,3.0717618465423584,0.0,0.5,0.5,0.5,0.5,240.0,240.0
5,0.6937500238418579,0.7586746215820312,0.6935568451881409,586.0,593.0,0.5752077102661133,0.0009999999,0.3860517740249634,0.6936456561088562,0.6922677755355835,0.6947916746139526,0.6911458373069763,1327.0,1334.0,0.5,0.5496137142181396,0.5,240.0,240.0,2.1123945713043213,0.0,0.5,0.5,0.5,0.5,240.0,240.0
