epoch,accuracy,auc,f1_score,fn,fp,loss,lr,mcc,npv,precision,recall,specificity,tn,tp,val_accuracy,val_auc,val_f1_score,val_fn,val_fp,val_loss,val_mcc,val_npv,val_precision,val_recall,val_specificity,val_tn,val_tp
0,0.6109374761581421,0.6096448302268982,0.6119324564933777,983.0,990.0,0.6643446683883667,0.01,0.22286295890808105,0.6104837656021118,0.5886996388435364,0.590416669845581,0.609375,1410.0,1417.0,0.5,0.5,0.5,240.0,240.0,83.48411560058594,0.0,0.5,0.5,0.5,0.5,240.0,240.0
1,0.6473958492279053,0.7007620334625244,0.6430088877677917,683.0,690.0,0.6200500726699829,0.01,0.2852310538291931,0.6431602835655212,0.6419304609298706,0.6442708373069763,0.640625,1230.0,1237.0,0.5,0.5534961223602295,0.5,240.0,240.0,1.805500864982605,0.0,0.5,0.5,0.5,0.5,240.0,240.0
2,0.65625,0.723249077796936,0.6545888185501099,662.0,665.0,0.6051808595657349,0.01,0.309084415435791,0.654880702495575,0.6541861891746521,0.6552083492279053,0.6536458134651184,1255.0,1258.0,0.5,0.5662782192230225,0.6812866926193237,35.0,388.0,0.832551896572113,0.1112920269370079,0.5222222208976746,0.534213662147522,0.9270833134651184,0.19166666269302368,92.0,445.0
3,0.667187511920929,0.7351092100143433,0.665002703666687,647.0,634.0,0.5954838991165161,0.01,0.3329400420188904,0.6657915711402893,0.6675406694412231,0.6630208492279053,0.6697916388511658,1286.0,1273.0,0.5,0.5176041126251221,0.5,240.0,240.0,2.283663511276245,0.0,0.5,0.5,0.5,0.5,240.0,240.0
4,0.6812499761581421,0.7546406388282776,0.6830558180809021,612.0,602.0,0.5807650089263916,0.0009999999,0.3678535521030426,0.6829060912132263,0.6848167777061462,0.6812499761581421,0.6864583492279053,1318.0,1308.0,0.5,0.5187499523162842,0.5,240.0,240.0,2.6845884323120117,0.0,0.5,0.5,0.5,0.5,240.0,240.0
5,0.6854166388511658,0.7610694169998169,0.6833083033561707,607.0,609.0,0.5752509832382202,0.0009999999,0.3668292164802551,0.683889627456665,0.6831425428390503,0.6838541626930237,0.682812511920929,1311.0,1313.0,0.5,0.5706076622009277,0.5,240.0,240.0,1.8736035823822021,0.0,0.5,0.5,0.5,0.5,240.0,240.0
