epoch,accuracy,auc,f1_score,fn,fp,loss,lr,mcc,npv,precision,recall,specificity,tn,tp,val_accuracy,val_auc,val_f1_score,val_fn,val_fp,val_loss,val_mcc,val_npv,val_precision,val_recall,val_specificity,val_tn,val_tp
0,0.5958333611488342,0.5742054581642151,0.5833880305290222,1037.0,1045.0,0.6888696551322937,0.01,0.165780171751976,0.5832948088645935,0.5660299062728882,0.5679166913032532,0.5807291865348816,1355.0,1363.0,0.5,0.5,0.5,240.0,240.0,697.2838745117188,0.0,0.5,0.5,0.5,0.5,240.0,240.0
1,0.635937511920929,0.6814376711845398,0.6349136233329773,698.0,707.0,0.6359894871711731,0.01,0.2683664858341217,0.6347497701644897,0.6334888339042664,0.6364583373069763,0.6317708492279053,1213.0,1222.0,0.5,0.5,0.5,240.0,240.0,10.4710693359375,0.0,0.5,0.5,0.5,0.5,240.0,240.0
2,0.635937511920929,0.6921690702438354,0.6318814754486084,716.0,686.0,0.6251083612442017,0.01,0.2700587511062622,0.6330022811889648,0.6370370388031006,0.6270833611488342,0.6427083611488342,1234.0,1204.0,0.5,0.589830756187439,0.6666666269302368,0.0,480.0,1.066480278968811,0.0,0.0,0.5,1.0,0.0,0.0,480.0
3,0.6395833492279053,0.6983094811439514,0.6424046754837036,689.0,682.0,0.6209719777107239,0.01,0.2861550450325012,0.6422083973884583,0.6434919238090515,0.6411458253860474,0.6447916626930237,1238.0,1231.0,0.5,0.5985763669013977,0.5,240.0,240.0,1.004111409187317,0.0,0.5,0.5,0.5,0.5,240.0,240.0
4,0.6479166746139526,0.7103439569473267,0.6482029557228088,675.0,677.0,0.615733802318573,0.0009999999,0.2959347665309906,0.6478240489959717,0.6477627754211426,0.6484375,0.6473958492279053,1243.0,1245.0,0.5,0.6132833957672119,0.5248392820358276,226.0,242.0,0.737788200378418,0.024022769182920456,0.5022222399711609,0.5120967626571655,0.5291666388511658,0.4958333373069763,238.0,254.0
5,0.6713541746139526,0.7385538816452026,0.6709803938865662,633.0,630.0,0.5941312313079834,0.0009999999,0.3422967493534088,0.6705424189567566,0.67136150598526,0.6703125238418579,0.671875,1290.0,1287.0,0.5,0.6177495718002319,0.6456047296524048,123.0,292.0,0.6761153340339661,0.11108116060495377,0.5072463750839233,0.5500770211219788,0.7437499761581421,0.3916666805744171,188.0,357.0
