epoch,accuracy,auc,f1_score,fn,fp,loss,lr,mcc,npv,precision,recall,specificity,tn,tp,val_accuracy,val_auc,val_f1_score,val_fn,val_fp,val_loss,val_mcc,val_npv,val_precision,val_recall,val_specificity,val_tn,val_tp
0,0.6067708134651184,0.6428398489952087,0.6075516939163208,870.0,1060.0,0.6687001585960388,0.01,0.2113933116197586,0.6061975955963135,0.5907335877418518,0.637499988079071,0.6000000238418579,1340.0,1530.0,0.5,0.5304948091506958,0.6666666269302368,0.0,480.0,6.697296619415283,0.0,0.0,0.5,1.0,0.0,0.0,480.0
1,0.6328125,0.6904833912849426,0.6310163140296936,708.0,707.0,0.6263964176177979,0.01,0.263176828622818,0.6320948004722595,0.6315789222717285,0.6312500238418579,0.6317708492279053,1213.0,1212.0,0.5,0.5,0.5,240.0,240.0,14.010507583618164,0.0,0.5,0.5,0.5,0.5,240.0,240.0
2,0.6343749761581421,0.7013211250305176,0.6357458829879761,697.0,703.0,0.6165393590927124,0.01,0.27096328139305115,0.6362636089324951,0.6349948048591614,0.6369791626930237,0.6338541507720947,1217.0,1223.0,0.5,0.5,0.5,240.0,240.0,9.360737800598145,0.0,0.5,0.5,0.5,0.5,240.0,240.0
3,0.643750011920929,0.7149830460548401,0.6445948481559753,687.0,672.0,0.6065865755081177,0.01,0.2923642098903656,0.6450539231300354,0.6472440958023071,0.6421874761581421,0.6499999761581421,1248.0,1233.0,0.5,0.5,0.5,240.0,240.0,3.7838807106018066,0.0,0.5,0.5,0.5,0.5,240.0,240.0
4,0.6505208611488342,0.720228374004364,0.6499378681182861,673.0,670.0,0.6047579050064087,0.0009999999,0.30077654123306274,0.6500734090805054,0.6504955887794495,0.6494791507720947,0.6510416865348816,1250.0,1247.0,0.5,0.5232400298118591,0.5,240.0,240.0,2.518798351287842,0.0,0.5,0.5,0.5,0.5,240.0,240.0
5,0.6552083492279053,0.7227007746696472,0.6535199284553528,667.0,661.0,0.6001015305519104,0.0009999999,0.3085015118122101,0.6538435220718384,0.6546499729156494,0.6526041626930237,0.6557291746139526,1259.0,1253.0,0.5,0.5588541626930237,0.5,240.0,240.0,2.506587505340576,0.0,0.5,0.5,0.5,0.5,240.0,240.0
