epoch,accuracy,auc,f1_score,fn,fp,loss,lr,mcc,npv,precision,recall,specificity,tn,tp,val_accuracy,val_auc,val_f1_score,val_fn,val_fp,val_loss,val_mcc,val_npv,val_precision,val_recall,val_specificity,val_tn,val_tp
0,0.614062488079071,0.5941641926765442,0.6094130277633667,983.0,1004.0,0.6785628795623779,0.01,0.21531639993190765,0.6083203554153442,0.5852953195571899,0.590416669845581,0.6020833253860474,1396.0,1417.0,0.5,0.5,0.5,240.0,240.0,48.6042366027832,0.0,0.5,0.5,0.5,0.5,240.0,240.0
1,0.6265624761581421,0.6826542615890503,0.6257887482643127,717.0,721.0,0.6325387954711914,0.01,0.2512809634208679,0.6260120868682861,0.6252598762512207,0.6265624761581421,0.6244791746139526,1199.0,1203.0,0.5,0.5,0.5,240.0,240.0,4.520829200744629,0.0,0.5,0.5,0.5,0.5,240.0,240.0
2,0.6364583373069763,0.6942768096923828,0.6366254687309265,700.0,693.0,0.623992383480072,0.01,0.2746512293815613,0.636604368686676,0.63774174451828,0.6354166865348816,0.6390625238418579,1227.0,1220.0,0.5,0.5375000238418579,0.5,240.0,240.0,2.8056938648223877,0.0,0.5,0.5,0.5,0.5,240.0,240.0
3,0.65625,0.7098545432090759,0.6550764441490173,662.0,662.0,0.6175037622451782,0.01,0.3105555772781372,0.6553961038589478,0.6552083492279053,0.6552083492279053,0.6552083492279053,1258.0,1258.0,0.5,0.5637673735618591,0.5,240.0,240.0,2.506943464279175,0.0,0.5,0.5,0.5,0.5,240.0,240.0
4,0.6619791388511658,0.7205113768577576,0.6616050601005554,646.0,656.0,0.6041786670684814,0.0009999999,0.3220554292201996,0.6621943116188049,0.6601036190986633,0.6635416746139526,0.6583333611488342,1264.0,1274.0,0.5,0.5873199105262756,0.5,240.0,240.0,1.8369022607803345,0.0,0.5,0.5,0.5,0.5,240.0,240.0
5,0.6526041626930237,0.7247570753097534,0.6557470560073853,657.0,669.0,0.6047824025154114,0.0009999999,0.3095589578151703,0.6557019352912903,0.6537266969680786,0.6578124761581421,0.651562511920929,1251.0,1263.0,0.5,0.5988107919692993,0.5,240.0,240.0,1.0254380702972412,0.0,0.5,0.5,0.5,0.5,240.0,240.0
