epoch,accuracy,auc,f1_score,fn,fp,loss,lr,mcc,npv,precision,recall,specificity,tn,tp,val_accuracy,val_auc,val_f1_score,val_fn,val_fp,val_loss,val_mcc,val_npv,val_precision,val_recall,val_specificity,val_tn,val_tp
0,0.6067708134651184,0.5988318920135498,0.5882699489593506,1040.0,1006.0,0.67890465259552,0.01,0.18482644855976105,0.5905745625495911,0.5748097896575928,0.5666666626930237,0.6010416746139526,1394.0,1360.0,0.5,0.5,0.5,240.0,240.0,695.8909301757812,0.0,0.5,0.5,0.5,0.5,240.0,240.0
1,0.6401041746139526,0.685157060623169,0.6371718645095825,700.0,686.0,0.6300060749053955,0.01,0.278354674577713,0.639065146446228,0.6400839686393738,0.6354166865348816,0.6427083611488342,1234.0,1220.0,0.5,0.5,0.5,240.0,240.0,33.374080657958984,0.0,0.5,0.5,0.5,0.5,240.0,240.0
2,0.640625,0.6934398412704468,0.6346320509910583,700.0,705.0,0.6218758225440979,0.01,0.26844561100006104,0.6342926025390625,0.633766233921051,0.6354166865348816,0.6328125,1215.0,1220.0,0.5,0.5,0.5,240.0,240.0,6.968680381774902,0.0,0.5,0.5,0.5,0.5,240.0,240.0
3,0.6484375,0.7051643133163452,0.6514064073562622,668.0,672.0,0.6150235533714294,0.01,0.3023524284362793,0.6513069272041321,0.6507276296615601,0.6520833373069763,0.6499999761581421,1248.0,1252.0,0.5,0.5,0.5,240.0,240.0,5.256903171539307,0.0,0.5,0.5,0.5,0.5,240.0,240.0
4,0.6385416388511658,0.7033246755599976,0.6351130604743958,702.0,699.0,0.6160973906517029,0.0009999999,0.2704623341560364,0.6343663334846497,0.635367751121521,0.6343749761581421,0.635937511920929,1221.0,1218.0,0.5,0.5,0.5,240.0,240.0,3.6179487705230713,0.0,0.5,0.5,0.5,0.5,240.0,240.0
5,0.6645833253860474,0.7214697003364563,0.6650527715682983,638.0,652.0,0.6034473776817322,0.0009999999,0.32827529311180115,0.6657460927963257,0.6628748774528503,0.6677083373069763,0.6604166626930237,1268.0,1282.0,0.5,0.5765907168388367,0.5,240.0,240.0,1.7201787233352661,0.0,0.5,0.5,0.5,0.5,240.0,240.0
