epoch,accuracy,auc,f1_score,fn,fp,loss,lr,mcc,npv,precision,recall,specificity,tn,tp,val_accuracy,val_auc,val_f1_score,val_fn,val_fp,val_loss,val_mcc,val_npv,val_precision,val_recall,val_specificity,val_tn,val_tp
0,0.5901041626930237,0.6459615230560303,0.5873769521713257,949.0,935.0,0.6894810795783997,0.01,0.1790691763162613,0.5893885493278503,0.6081307530403137,0.6045833230018616,0.5927083492279053,1465.0,1451.0,0.5,0.5,0.5,240.0,240.0,305.8229064941406,0.0,0.5,0.5,0.5,0.5,240.0,240.0
1,0.6156250238418579,0.6745811700820923,0.614084780216217,743.0,736.0,0.6383320093154907,0.01,0.22988010942935944,0.6143959760665894,0.6152639985084534,0.6130208373069763,0.6166666746139526,1184.0,1177.0,0.5,0.5,0.6666666269302368,0.0,480.0,6.829067707061768,0.0,0.0,0.5,1.0,0.0,0.0,480.0
2,0.6328125,0.6962239742279053,0.6325400471687317,701.0,713.0,0.6262913942337036,0.01,0.2637523412704468,0.6332883238792419,0.6309523582458496,0.6348958611488342,0.6286458373069763,1207.0,1219.0,0.5,0.5395312309265137,0.6666666269302368,0.0,480.0,2.02773380279541,0.0,0.0,0.5,1.0,0.0,0.0,480.0
3,0.6322916746139526,0.6905585527420044,0.6355226039886475,696.0,707.0,0.6266664266586304,0.01,0.26946622133255005,0.6356742978096008,0.6338684558868408,0.637499988079071,0.6317708492279053,1213.0,1224.0,0.5,0.5742273926734924,0.6696295142173767,0.0,474.0,1.3572745323181152,0.021442251279950142,0.06666667014360428,0.5031446814537048,1.0,0.012500000186264515,6.0,480.0
4,0.6427083611488342,0.7112910747528076,0.643839955329895,686.0,680.0,0.6117477416992188,0.0009999999,0.28865930438041687,0.6434912085533142,0.644723117351532,0.6427083611488342,0.6458333134651184,1240.0,1234.0,0.5,0.5989952683448792,0.6666666269302368,0.0,480.0,0.9177523255348206,0.0,0.0,0.5,1.0,0.0,0.0,480.0
5,0.6567708253860474,0.7287380695343018,0.6597233414649963,655.0,651.0,0.5995267033576965,0.0009999999,0.3199656307697296,0.6591877341270447,0.6602296233177185,0.6588541865348816,0.660937488079071,1269.0,1265.0,0.5,0.603064239025116,0.5625566840171814,206.0,242.0,0.8266993165016174,0.061604999005794525,0.501075267791748,0.5310077667236328,0.5708333253860474,0.4958333373069763,238.0,274.0
