epoch,accuracy,auc,f1_score,fn,fp,loss,lr,mcc,npv,precision,recall,specificity,tn,tp,val_accuracy,val_auc,val_f1_score,val_fn,val_fp,val_loss,val_mcc,val_npv,val_precision,val_recall,val_specificity,val_tn,val_tp
0,0.6026041507720947,0.6197317242622375,0.6058434844017029,995.0,998.0,0.6720036864280701,0.01,0.21210697293281555,0.6058102250099182,0.5846858024597168,0.5854166746139526,0.6052083373069763,1402.0,1405.0,0.5,0.5,0.5,240.0,240.0,1368.770263671875,0.0,0.5,0.5,0.5,0.5,240.0,240.0
1,0.6432291865348816,0.6862534284591675,0.6425709128379822,685.0,690.0,0.632914662361145,0.01,0.2840462028980255,0.641831636428833,0.6415584683418274,0.6432291865348816,0.640625,1230.0,1235.0,0.5,0.5,0.5,240.0,240.0,37.84715270996094,0.0,0.5,0.5,0.5,0.5,240.0,240.0
2,0.6588541865348816,0.7081974744796753,0.6567265391349792,653.0,671.0,0.6155081987380981,0.01,0.31059402227401733,0.6568715572357178,0.6537667512893677,0.6598958373069763,0.6505208611488342,1249.0,1267.0,0.5,0.5,0.5,240.0,240.0,9.975988388061523,0.0,0.5,0.5,0.5,0.5,240.0,240.0
3,0.6411458253860474,0.7167706489562988,0.64517742395401,686.0,670.0,0.6101791262626648,0.01,0.29385197162628174,0.6460293531417847,0.6481092572212219,0.6427083611488342,0.6510416865348816,1250.0,1234.0,0.5,0.5,0.5,240.0,240.0,4.483170509338379,0.0,0.5,0.5,0.5,0.5,240.0,240.0
4,0.6729166507720947,0.7378221154212952,0.6772429943084717,616.0,626.0,0.5925132632255554,0.0009999999,0.3532703220844269,0.6777703166007996,0.6756476759910583,0.6791666746139526,0.6739583611488342,1294.0,1304.0,0.5,0.5648025274276733,0.5,240.0,240.0,2.4101109504699707,0.0,0.5,0.5,0.5,0.5,240.0,240.0
5,0.6760416626930237,0.7460150718688965,0.6750154495239258,623.0,626.0,0.5867673754692078,0.0009999999,0.3495654761791229,0.6749812364578247,0.6744669675827026,0.6755208373069763,0.6739583611488342,1294.0,1297.0,0.5,0.5607877373695374,0.5,240.0,240.0,1.3479526042938232,0.0,0.5,0.5,0.5,0.5,240.0,240.0
