epoch,accuracy,auc,f1_score,fn,fp,loss,lr,mcc,npv,precision,recall,specificity,tn,tp,val_accuracy,val_auc,val_f1_score,val_fn,val_fp,val_loss,val_mcc,val_npv,val_precision,val_recall,val_specificity,val_tn,val_tp
0,0.6114583611488342,0.5983640551567078,0.6070486903190613,1002.0,973.0,0.6761157512664795,0.01,0.22158965468406677,0.6100150942802429,0.5896246433258057,0.5824999809265137,0.6182291507720947,1427.0,1398.0,0.5,0.5,0.5,240.0,240.0,71.3760757446289,0.0,0.5,0.5,0.5,0.5,240.0,240.0
1,0.6484375,0.7028746604919434,0.6463307738304138,679.0,679.0,0.6171041131019592,0.01,0.2929135262966156,0.6463756561279297,0.6463541388511658,0.6463541388511658,0.6463541388511658,1241.0,1241.0,0.5,0.5,0.5,240.0,240.0,19.89963722229004,0.0,0.5,0.5,0.5,0.5,240.0,240.0
2,0.6682291626930237,0.7272177338600159,0.6684051752090454,637.0,635.0,0.5980566740036011,0.01,0.3376345932483673,0.6689363718032837,0.668925940990448,0.6682291626930237,0.6692708134651184,1285.0,1283.0,0.5,0.5,0.5,240.0,240.0,9.7341890335083,0.0,0.5,0.5,0.5,0.5,240.0,240.0
3,0.6760416626930237,0.7376165390014648,0.6755072474479675,626.0,616.0,0.5923874974250793,0.01,0.35323554277420044,0.6760379076004028,0.6774868965148926,0.6739583611488342,0.6791666746139526,1304.0,1294.0,0.5,0.5,0.5,240.0,240.0,8.274575233459473,0.0,0.5,0.5,0.5,0.5,240.0,240.0
4,0.6557291746139526,0.7154198288917542,0.6519925594329834,664.0,676.0,0.6111132502555847,0.0009999999,0.302238792181015,0.6522752046585083,0.6501035094261169,0.6541666388511658,0.6479166746139526,1244.0,1256.0,0.5,0.5,0.5,240.0,240.0,3.6825010776519775,0.0,0.5,0.5,0.5,0.5,240.0,240.0
5,0.6822916865348816,0.7486912608146667,0.6832315325737,605.0,614.0,0.5816295146942139,0.0009999999,0.3652389645576477,0.6835273504257202,0.6817003488540649,0.6848958134651184,0.6802083253860474,1306.0,1315.0,0.5,0.5592556595802307,0.5,240.0,240.0,1.5974832773208618,0.0,0.5,0.5,0.5,0.5,240.0,240.0
