epoch,accuracy,auc,f1_score,fn,fp,loss,lr,mcc,npv,precision,recall,specificity,tn,tp,val_accuracy,val_auc,val_f1_score,val_fn,val_fp,val_loss,val_mcc,val_npv,val_precision,val_recall,val_specificity,val_tn,val_tp
0,0.5848958492279053,0.5761600136756897,0.5803593397140503,1045.0,1045.0,0.6939461827278137,0.01,0.16188794374465942,0.5807870030403137,0.5645833611488342,0.5645833611488342,0.5807291865348816,1355.0,1355.0,0.5,0.5,0.5,240.0,240.0,83.29167938232422,0.0,0.5,0.5,0.5,0.5,240.0,240.0
1,0.6151041388511658,0.6674439907073975,0.6156547665596008,743.0,724.0,0.641374409198761,0.01,0.236214742064476,0.6173094511032104,0.6191478371620178,0.6130208373069763,0.6229166388511658,1196.0,1177.0,0.5,0.5,0.5,240.0,240.0,17.98199462890625,0.0,0.5,0.5,0.5,0.5,240.0,240.0
2,0.6348958611488342,0.6892716288566589,0.6361788511276245,702.0,691.0,0.6272205114364624,0.01,0.2746467888355255,0.6364177465438843,0.6380304098129272,0.6343749761581421,0.6401041746139526,1229.0,1218.0,0.5,0.5,0.5,240.0,240.0,7.50410795211792,0.0,0.5,0.5,0.5,0.5,240.0,240.0
3,0.6463541388511658,0.7081728577613831,0.647772490978241,674.0,682.0,0.6159192323684692,0.01,0.29392120242118835,0.6471431255340576,0.6462655663490295,0.6489583253860474,0.6447916626930237,1238.0,1246.0,0.5,0.5,0.5,240.0,240.0,3.7764859199523926,0.0,0.5,0.5,0.5,0.5,240.0,240.0
4,0.6625000238418579,0.7309372425079346,0.6622282266616821,647.0,651.0,0.5988166928291321,0.0009999999,0.32407915592193604,0.6625041365623474,0.6616424322128296,0.6630208492279053,0.660937488079071,1269.0,1273.0,0.5,0.5738976001739502,0.5,240.0,240.0,1.8196383714675903,0.0,0.5,0.5,0.5,0.5,240.0,240.0
5,0.667187511920929,0.7412580847740173,0.6661339998245239,643.0,637.0,0.5896027684211731,0.0009999999,0.33345261216163635,0.6661649346351624,0.6671891212463379,0.6651041507720947,0.6682291626930237,1283.0,1277.0,0.5,0.5812782049179077,0.5,240.0,240.0,1.2016701698303223,0.0,0.5,0.5,0.5,0.5,240.0,240.0
