epoch,accuracy,auc,f1_score,fn,fp,loss,lr,mcc,npv,precision,recall,specificity,tn,tp,val_accuracy,val_auc,val_f1_score,val_fn,val_fp,val_loss,val_mcc,val_npv,val_precision,val_recall,val_specificity,val_tn,val_tp
0,0.6067708134651184,0.6022581458091736,0.6064339876174927,991.0,1003.0,0.6646750569343567,0.01,0.21196866035461426,0.6071075797080994,0.5841625332832336,0.5870833396911621,0.6026041507720947,1397.0,1409.0,0.5,0.47777777910232544,0.0,480.0,0.0,3.2020020484924316,0.0,0.5,0.0,0.0,1.0,480.0,0.0
1,0.6343749761581421,0.698724091053009,0.634860098361969,699.0,705.0,0.619516909122467,0.01,0.268994003534317,0.6348689198493958,0.6339563727378845,0.635937511920929,0.6328125,1215.0,1221.0,0.5,0.5354253649711609,0.0,480.0,0.0,1.860406517982483,0.0,0.5,0.0,0.0,1.0,480.0,0.0
2,0.6625000238418579,0.719206690788269,0.6632564067840576,645.0,650.0,0.610536515712738,0.01,0.3257717490196228,0.6629689335823059,0.6623376607894897,0.6640625,0.6614583134651184,1270.0,1275.0,0.5,0.5005208253860474,0.5,240.0,240.0,3.015761613845825,0.0,0.5,0.5,0.5,0.5,240.0,240.0
3,0.6630208492279053,0.7236145734786987,0.6634365916252136,646.0,648.0,0.6064296960830688,0.01,0.3262084424495697,0.6627120971679688,0.6628512144088745,0.6635416746139526,0.6625000238418579,1272.0,1274.0,0.5,0.5015624761581421,0.5,240.0,240.0,3.0301878452301025,0.0,0.5,0.5,0.5,0.5,240.0,240.0
4,0.6666666865348816,0.728624701499939,0.6642501950263977,646.0,640.0,0.5989699959754944,0.0009999999,0.3304970860481262,0.6652237772941589,0.6656217575073242,0.6635416746139526,0.6666666865348816,1280.0,1274.0,0.5,0.5505424737930298,0.5,240.0,240.0,2.001779794692993,0.0,0.5,0.5,0.5,0.5,240.0,240.0
5,0.6885416507720947,0.7474892139434814,0.6897693872451782,593.0,600.0,0.5885790586471558,0.0009999999,0.3788315951824188,0.6902816891670227,0.6886351704597473,0.6911458373069763,0.6875,1320.0,1327.0,0.5,0.5667665004730225,0.5,240.0,240.0,1.8209953308105469,0.0,0.5,0.5,0.5,0.5,240.0,240.0
