epoch,accuracy,auc,f1_score,fn,fp,loss,lr,mcc,npv,precision,recall,specificity,tn,tp,val_accuracy,val_auc,val_f1_score,val_fn,val_fp,val_loss,val_mcc,val_npv,val_precision,val_recall,val_specificity,val_tn,val_tp
0,0.6088541746139526,0.6454437971115112,0.596855878829956,981.0,941.0,0.6729082465171814,0.01,0.19196143746376038,0.5971652865409851,0.6012712121009827,0.5912500023841858,0.5916666388511658,1459.0,1419.0,0.5,0.5,0.5,240.0,240.0,365.5837707519531,0.0,0.5,0.5,0.5,0.5,240.0,240.0
1,0.637499988079071,0.6993672251701355,0.6341201663017273,703.0,701.0,0.6232984066009521,0.01,0.2689683139324188,0.6342413425445557,0.634515106678009,0.6338541507720947,0.6348958611488342,1219.0,1217.0,0.5,0.5,0.5,240.0,240.0,56.4766845703125,0.0,0.5,0.5,0.5,0.5,240.0,240.0
2,0.6421874761581421,0.7035825252532959,0.6416005492210388,689.0,685.0,0.6196915507316589,0.01,0.28460225462913513,0.6422489285469055,0.6424843668937683,0.6411458253860474,0.6432291865348816,1235.0,1231.0,0.5,0.5,0.5,240.0,240.0,18.70856285095215,0.0,0.5,0.5,0.5,0.5,240.0,240.0
3,0.6567708253860474,0.724175214767456,0.657833993434906,656.0,659.0,0.6040628552436829,0.01,0.31520938873291016,0.657699704170227,0.6573063135147095,0.6583333611488342,0.6567708253860474,1261.0,1264.0,0.5,0.5,0.5,240.0,240.0,6.22852087020874,0.0,0.5,0.5,0.5,0.5,240.0,240.0
4,0.667187511920929,0.7375611662864685,0.6682239174842834,636.0,638.0,0.5945320129394531,0.0009999999,0.33667710423469543,0.668778121471405,0.6680541038513184,0.668749988079071,0.6677083373069763,1282.0,1284.0,0.5,0.5,0.5,240.0,240.0,4.942601203918457,0.0,0.5,0.5,0.5,0.5,240.0,240.0
5,0.6937500238418579,0.7588394284248352,0.6936275959014893,589.0,588.0,0.5762550830841064,0.0009999999,0.3871628940105438,0.6929994821548462,0.6935904026031494,0.6932291388511658,0.6937500238418579,1332.0,1331.0,0.5,0.5,0.5,240.0,240.0,3.6685550212860107,0.0,0.5,0.5,0.5,0.5,240.0,240.0
