epoch,accuracy,auc,f1_score,fn,fp,loss,lr,mcc,npv,precision,recall,specificity,tn,tp,val_accuracy,val_auc,val_f1_score,val_fn,val_fp,val_loss,val_mcc,val_npv,val_precision,val_recall,val_specificity,val_tn,val_tp
0,0.5963541865348816,0.6648405194282532,0.5961910486221313,929.0,936.0,0.6702908277511597,0.01,0.19392229616641998,0.5969682931900024,0.6111341714859009,0.6129166483879089,0.5979166626930237,1464.0,1471.0,0.5,0.5,0.5,240.0,240.0,61.93023681640625,0.0,0.5,0.5,0.5,0.5,240.0,240.0
1,0.628125011920929,0.6871991753578186,0.6263988614082336,715.0,722.0,0.6266478896141052,0.01,0.2518480718135834,0.6262770891189575,0.6253243088722229,0.6276041865348816,0.6239583492279053,1198.0,1205.0,0.5,0.5,0.5,240.0,240.0,8.606223106384277,0.0,0.5,0.5,0.5,0.5,240.0,240.0
2,0.643750011920929,0.71182781457901,0.6435120701789856,683.0,688.0,0.6126539707183838,0.01,0.2861759066581726,0.6431235074996948,0.6425973773002625,0.6442708373069763,0.6416666507720947,1232.0,1237.0,0.5,0.5602951645851135,0.48155829310417175,256.0,184.0,0.7799935936927795,0.07056789100170135,0.5593149065971375,0.5490196347236633,0.46666666865348816,0.6166666746139526,296.0,224.0
3,0.653124988079071,0.7146713733673096,0.651300847530365,670.0,668.0,0.6072632074356079,0.01,0.3032870292663574,0.6515121459960938,0.6517205238342285,0.6510416865348816,0.6520833373069763,1252.0,1250.0,0.5,0.5462174415588379,0.5,240.0,240.0,2.0702245235443115,0.0,0.5,0.5,0.5,0.5,240.0,240.0
4,0.6499999761581421,0.7121082544326782,0.6501314640045166,676.0,663.0,0.6164906620979309,0.0009999999,0.30271750688552856,0.6502168774604797,0.6523334980010986,0.6479166746139526,0.6546875238418579,1257.0,1244.0,0.5,0.5605447292327881,0.5,240.0,240.0,0.8078754544258118,0.0,0.5,0.5,0.5,0.5,240.0,240.0
5,0.6651041507720947,0.7288179397583008,0.6651757955551147,643.0,642.0,0.6007996201515198,0.0009999999,0.3309129476547241,0.6654582619667053,0.6654507517814636,0.6651041507720947,0.6656249761581421,1278.0,1277.0,0.5,0.560889720916748,0.5,240.0,240.0,0.7510053515434265,0.0,0.5,0.5,0.5,0.5,240.0,240.0
