epoch,accuracy,auc,f1_score,fn,fp,loss,lr,mcc,npv,precision,recall,specificity,tn,tp,val_accuracy,val_auc,val_f1_score,val_fn,val_fp,val_loss,val_mcc,val_npv,val_precision,val_recall,val_specificity,val_tn,val_tp
0,0.596875011920929,0.5917465686798096,0.5922712683677673,1026.0,1016.0,0.6779429912567139,0.01,0.18676330149173737,0.5920994281768799,0.5748953819274902,0.5724999904632568,0.5958333611488342,1384.0,1374.0,0.5,0.5,0.5,240.0,240.0,80.4460678100586,0.0,0.5,0.5,0.5,0.5,240.0,240.0
1,0.6494791507720947,0.7010895609855652,0.649745762348175,673.0,671.0,0.6218881011009216,0.01,0.3001212179660797,0.6499255299568176,0.6501564383506775,0.6494791507720947,0.6505208611488342,1249.0,1247.0,0.5,0.5,0.5,240.0,240.0,4.054421424865723,0.0,0.5,0.5,0.5,0.5,240.0,240.0
2,0.6536458134651184,0.7139760851860046,0.6531172394752502,665.0,669.0,0.6140414476394653,0.01,0.30536988377571106,0.6525872945785522,0.6522868871688843,0.6536458134651184,0.651562511920929,1251.0,1255.0,0.5,0.561119794845581,0.5,240.0,240.0,1.1679110527038574,0.0,0.5,0.5,0.5,0.5,240.0,240.0
3,0.6552083492279053,0.7170522212982178,0.6567431688308716,658.0,662.0,0.6116294264793396,0.01,0.3127215504646301,0.6562667489051819,0.6559251546859741,0.6572916507720947,0.6552083492279053,1258.0,1262.0,0.5,0.5504340529441833,0.5,240.0,240.0,0.8336135149002075,0.0,0.5,0.5,0.5,0.5,240.0,240.0
4,0.6567708253860474,0.7226436734199524,0.6586849093437195,660.0,646.0,0.6064969897270203,0.0009999999,0.3200034499168396,0.65861976146698,0.6610702872276306,0.65625,0.6635416746139526,1274.0,1260.0,0.5,0.5588129758834839,0.5,240.0,240.0,0.8699886798858643,0.0,0.5,0.5,0.5,0.5,240.0,240.0
5,0.6713541746139526,0.7317804098129272,0.6714226007461548,630.0,632.0,0.5977753400802612,0.0009999999,0.3428526818752289,0.6717453002929688,0.6711758375167847,0.671875,0.6708333492279053,1288.0,1290.0,0.5,0.5725412368774414,0.5,240.0,240.0,1.3789535760879517,0.0,0.5,0.5,0.5,0.5,240.0,240.0
