epoch,accuracy,auc,f1_score,fn,fp,loss,lr,mcc,npv,precision,recall,specificity,tn,tp,val_accuracy,val_auc,val_f1_score,val_fn,val_fp,val_loss,val_mcc,val_npv,val_precision,val_recall,val_specificity,val_tn,val_tp
0,0.5947916507720947,0.6323496699333191,0.58524090051651,968.0,965.0,0.7281615734100342,0.01,0.17416860163211823,0.5872743725776672,0.5974134206771851,0.596666693687439,0.5880208611488342,1435.0,1432.0,0.5,0.48940104246139526,0.5,240.0,240.0,4.460268020629883,0.0,0.5,0.5,0.5,0.5,240.0,240.0
1,0.65625,0.712153434753418,0.6488507986068726,681.0,654.0,0.6228625774383545,0.01,0.3051299750804901,0.6519609689712524,0.6545166373252869,0.645312488079071,0.659375011920929,1266.0,1239.0,0.5,0.525707483291626,0.5,240.0,240.0,2.7716667652130127,0.0,0.5,0.5,0.5,0.5,240.0,240.0
2,0.6937500238418579,0.7601525783538818,0.6924688816070557,590.0,592.0,0.5808027386665344,0.01,0.38471317291259766,0.6921921372413635,0.6919875144958496,0.6927083134651184,0.6916666626930237,1328.0,1330.0,0.5,0.5865885019302368,0.5,240.0,240.0,0.7782350778579712,0.0,0.5,0.5,0.5,0.5,240.0,240.0
3,0.6979166865348816,0.7668815851211548,0.6963273882865906,581.0,586.0,0.5764110088348389,0.01,0.3925923705101013,0.6970998644828796,0.6955844163894653,0.6973958611488342,0.6947916746139526,1334.0,1339.0,0.5,0.5837782621383667,0.5,240.0,240.0,2.4072275161743164,0.0,0.5,0.5,0.5,0.5,240.0,240.0
4,0.7255208492279053,0.802009105682373,0.7227502465248108,531.0,535.0,0.5397453308105469,0.0009999999,0.4450353980064392,0.7228220105171204,0.7219334840774536,0.723437488079071,0.7213541865348816,1385.0,1389.0,0.5,0.5725520849227905,0.5,240.0,240.0,2.28352427482605,0.0,0.5,0.5,0.5,0.5,240.0,240.0
5,0.7635416388511658,0.8362743258476257,0.7623024582862854,461.0,449.0,0.5027492046356201,0.0009999999,0.5263270735740662,0.7614803910255432,0.7646750807762146,0.7598958611488342,0.7661458253860474,1471.0,1459.0,0.5,0.5998567938804626,0.5,240.0,240.0,2.0248425006866455,0.0,0.5,0.5,0.5,0.5,240.0,240.0
