epoch,accuracy,auc,f1_score,fn,fp,loss,lr,mcc,npv,precision,recall,specificity,tn,tp,val_accuracy,val_auc,val_f1_score,val_fn,val_fp,val_loss,val_mcc,val_npv,val_precision,val_recall,val_specificity,val_tn,val_tp
0,0.5411458611488342,0.5425863265991211,0.5391495823860168,1134.0,1099.0,0.7432819604873657,0.01,0.08783373981714249,0.5412811040878296,0.5353065729141235,0.5274999737739563,0.5526041388511658,1301.0,1266.0,0.5,0.5180577039718628,0.5,240.0,240.0,12.218581199645996,0.0,0.5,0.5,0.5,0.5,240.0,240.0
1,0.6223958134651184,0.6561583876609802,0.6157044768333435,735.0,742.0,0.6585559844970703,0.01,0.23122736811637878,0.6162031888961792,0.6149455308914185,0.6171875,0.6135416626930237,1178.0,1185.0,0.5,0.5,0.5,240.0,240.0,3.7892415523529053,0.0,0.5,0.5,0.5,0.5,240.0,240.0
2,0.640625,0.6980718374252319,0.6404826641082764,687.0,694.0,0.6294663548469543,0.01,0.281127005815506,0.6418022513389587,0.6398546695709229,0.6421874761581421,0.6385416388511658,1226.0,1233.0,0.5,0.5057291984558105,0.5,240.0,240.0,2.9749786853790283,0.0,0.5,0.5,0.5,0.5,240.0,240.0
3,0.6911458373069763,0.7485337257385254,0.6882120966911316,596.0,603.0,0.5930356383323669,0.01,0.3759108781814575,0.6886911392211914,0.6870783567428589,0.6895833611488342,0.6859375238418579,1317.0,1324.0,0.5,0.6260047554969788,0.5,240.0,240.0,1.5120230913162231,0.0,0.5,0.5,0.5,0.5,240.0,240.0
4,0.7286458611488342,0.7916514873504639,0.7262321710586548,527.0,522.0,0.5565176606178284,0.0009999999,0.4538804888725281,0.7267904877662659,0.727415144443512,0.7255208492279053,0.7281249761581421,1398.0,1393.0,0.5,0.6061089038848877,0.5,240.0,240.0,0.7243912816047668,0.0,0.5,0.5,0.5,0.5,240.0,240.0
5,0.7437499761581421,0.817128598690033,0.7429836392402649,500.0,481.0,0.5240966081619263,0.0009999999,0.4893697500228882,0.7427682876586914,0.746975302696228,0.7395833134651184,0.7494791746139526,1439.0,1420.0,0.5,0.5969618558883667,0.5,240.0,240.0,1.067879319190979,0.0,0.5,0.5,0.5,0.5,240.0,240.0
