epoch,accuracy,auc,f1_score,fn,fp,loss,lr,mcc,npv,precision,recall,specificity,tn,tp,val_accuracy,val_auc,val_f1_score,val_fn,val_fp,val_loss,val_mcc,val_npv,val_precision,val_recall,val_specificity,val_tn,val_tp
0,0.5895833373069763,0.6524819135665894,0.5889859795570374,940.0,931.0,0.7189567685127258,0.01,0.18219752609729767,0.5908352732658386,0.6106231808662415,0.6083333492279053,0.5942708253860474,1469.0,1460.0,0.5,0.5,0.5,240.0,240.0,15.306391716003418,0.0,0.5,0.5,0.5,0.5,240.0,240.0
1,0.6635416746139526,0.7164984345436096,0.6559203863143921,663.0,656.0,0.6176174879074097,0.01,0.31342682242393494,0.65576171875,0.6570830941200256,0.6546875238418579,0.6583333611488342,1264.0,1257.0,0.5,0.5263628363609314,0.5,240.0,240.0,1.7550594806671143,0.0,0.5,0.5,0.5,0.5,240.0,240.0
2,0.6703125238418579,0.7363819479942322,0.6702360510826111,636.0,625.0,0.6041592359542847,0.01,0.34353649616241455,0.6714950203895569,0.6726034283638,0.668749988079071,0.6744791865348816,1295.0,1284.0,0.5,0.5352669358253479,0.5,240.0,240.0,1.6057888269424438,0.0,0.5,0.5,0.5,0.5,240.0,240.0
3,0.6911458373069763,0.7598730325698853,0.6918287873268127,592.0,590.0,0.5807148814201355,0.01,0.38462033867836,0.6923837661743164,0.6923878788948059,0.6916666626930237,0.6927083134651184,1330.0,1328.0,0.5,0.5571332573890686,0.5,240.0,240.0,1.993774652481079,0.0,0.5,0.5,0.5,0.5,240.0,240.0
4,0.690625011920929,0.7505768537521362,0.6871992349624634,597.0,606.0,0.5922042727470398,0.0009999999,0.3736110031604767,0.6881067752838135,0.6858475804328918,0.6890624761581421,0.684374988079071,1314.0,1323.0,0.5,0.5821007490158081,0.5,240.0,240.0,1.6515562534332275,0.0,0.5,0.5,0.5,0.5,240.0,240.0
5,0.7291666865348816,0.8066985011100769,0.7290562391281128,519.0,522.0,0.5403125882148743,0.0009999999,0.4580604135990143,0.7294918894767761,0.7285491228103638,0.729687511920929,0.7281249761581421,1398.0,1401.0,0.5,0.6006141304969788,0.5,240.0,240.0,1.1642613410949707,0.0,0.5,0.5,0.5,0.5,240.0,240.0
