epoch,accuracy,auc,f1_score,fn,fp,loss,lr,mcc,npv,precision,recall,specificity,tn,tp,val_accuracy,val_auc,val_f1_score,val_fn,val_fp,val_loss,val_mcc,val_npv,val_precision,val_recall,val_specificity,val_tn,val_tp
0,0.6119791865348816,0.5945501327514648,0.6076987385749817,998.0,979.0,0.6960805654525757,0.01,0.2211281657218933,0.6094324588775635,0.5888282060623169,0.5841666460037231,0.6151041388511658,1421.0,1402.0,0.5,0.5,0.5,240.0,240.0,6.335788249969482,0.0,0.5,0.5,0.5,0.5,240.0,240.0
1,0.6697916388511658,0.7291361689567566,0.6727501153945923,627.0,631.0,0.6112992763519287,0.01,0.3454555571079254,0.6728022694587708,0.6720374226570129,0.6734374761581421,0.6713541746139526,1289.0,1293.0,0.5,0.5,0.5,240.0,240.0,3.8814194202423096,0.0,0.5,0.5,0.5,0.5,240.0,240.0
2,0.7203124761581421,0.7847145199775696,0.7181589603424072,541.0,541.0,0.561552107334137,0.01,0.43683865666389465,0.7184361815452576,0.7182291746139526,0.7182291746139526,0.7182291746139526,1379.0,1379.0,0.5,0.5498090386390686,0.5,240.0,240.0,1.239227056503296,0.0,0.5,0.5,0.5,0.5,240.0,240.0
3,0.7291666865348816,0.8025441765785217,0.7268583178520203,524.0,525.0,0.5423869490623474,0.01,0.4539751708507538,0.727145254611969,0.7267048358917236,0.7270833253860474,0.7265625,1395.0,1396.0,0.5,0.5688650012016296,0.5,240.0,240.0,1.5078506469726562,0.0,0.5,0.5,0.5,0.5,240.0,240.0
4,0.7697916626930237,0.8491488099098206,0.7708654403686523,437.0,444.0,0.483306348323822,0.0009999999,0.5413147807121277,0.771908700466156,0.7695900201797485,0.7723958492279053,0.768750011920929,1476.0,1483.0,0.5,0.5661110877990723,0.502082347869873,238.0,242.0,0.9471525549888611,5.929469989496283e-05,0.5,0.5,0.5041666626930237,0.4958333373069763,238.0,242.0
5,0.7906249761581421,0.8702556490898132,0.7917321920394897,399.0,402.0,0.45102226734161377,0.0009999999,0.583034873008728,0.791683554649353,0.7909516096115112,0.792187511920929,0.7906249761581421,1518.0,1521.0,0.49791666865348816,0.5605706572532654,0.5100991725921631,230.0,249.0,0.8675283193588257,0.0022363264579325914,0.502298891544342,0.5010020136833191,0.5208333134651184,0.48124998807907104,231.0,250.0
