epoch,accuracy,auc,f1_score,fn,fp,loss,lr,mcc,npv,precision,recall,specificity,tn,tp,val_accuracy,val_auc,val_f1_score,val_fn,val_fp,val_loss,val_mcc,val_npv,val_precision,val_recall,val_specificity,val_tn,val_tp
0,0.5822916626930237,0.586316704750061,0.5768094658851624,1053.0,1047.0,0.7006473541259766,0.01,0.1541808694601059,0.5769017338752747,0.5626566410064697,0.5612499713897705,0.574999988079071,1353.0,1347.0,0.5,0.5,0.5,240.0,240.0,386.8266296386719,0.0,0.5,0.5,0.5,0.5,240.0,240.0
1,0.6338541507720947,0.6851866245269775,0.6301979422569275,708.0,710.0,0.6341513395309448,0.01,0.2617672085762024,0.631974458694458,0.6305931210517883,0.6312500238418579,0.6302083134651184,1210.0,1212.0,0.5,0.5020573139190674,0.5,240.0,240.0,4.074824810028076,0.0,0.5,0.5,0.5,0.5,240.0,240.0
2,0.645312488079071,0.6892846822738647,0.6406288146972656,681.0,708.0,0.6292213797569275,0.01,0.2767871618270874,0.640595018863678,0.6363636255264282,0.645312488079071,0.6312500238418579,1212.0,1239.0,0.5,0.5026041269302368,0.5,240.0,240.0,3.7548136711120605,0.0,0.5,0.5,0.5,0.5,240.0,240.0
3,0.6322916746139526,0.6977869272232056,0.6299664378166199,709.0,711.0,0.6245566010475159,0.01,0.26064303517341614,0.631106972694397,0.630072832107544,0.6307291388511658,0.629687488079071,1209.0,1211.0,0.5,0.6086610555648804,0.7016827464103699,20.0,382.0,0.9662092328071594,0.1620025634765625,0.5212121605873108,0.5463182926177979,0.9583333134651184,0.20416666567325592,98.0,460.0
4,0.6255208253860474,0.7004161477088928,0.6260117292404175,713.0,726.0,0.6173718571662903,0.0009999999,0.2507588565349579,0.6270352005958557,0.6244180202484131,0.6286458373069763,0.621874988079071,1194.0,1207.0,0.5,0.6080012917518616,0.6596956253051758,101.0,312.0,0.7564457654953003,0.11539693176746368,0.5087719559669495,0.5484804511070251,0.7895833253860474,0.3499999940395355,168.0,379.0
5,0.6729166507720947,0.7248438596725464,0.6710650324821472,629.0,637.0,0.6026023626327515,0.0009999999,0.3408326506614685,0.6708980202674866,0.6696057915687561,0.6723958253860474,0.6682291626930237,1283.0,1291.0,0.4937500059604645,0.6058832406997681,0.6022511124610901,160.0,282.0,0.6701500415802002,0.06847076117992401,0.5051282048225403,0.5315614342689514,0.6666666865348816,0.4124999940395355,198.0,320.0
