epoch,accuracy,auc,f1_score,fn,fp,loss,lr,mcc,npv,precision,recall,specificity,tn,tp,val_accuracy,val_auc,val_f1_score,val_fn,val_fp,val_loss,val_mcc,val_npv,val_precision,val_recall,val_specificity,val_tn,val_tp
0,0.5942708253860474,0.6435773372650146,0.583184540271759,976.0,939.0,0.6959220767021179,0.01,0.17334803938865662,0.5857471227645874,0.6026237607002258,0.5933333039283752,0.5927083492279053,1461.0,1424.0,0.5,0.5,0.5,240.0,240.0,2629.06591796875,0.0,0.5,0.5,0.5,0.5,240.0,240.0
1,0.6234375238418579,0.6708248257637024,0.6213312149047852,724.0,732.0,0.6404931545257568,0.01,0.24182336032390594,0.621738612651825,0.6203319430351257,0.6229166388511658,0.6187499761581421,1188.0,1196.0,0.5,0.4925585985183716,0.03858189284801483,470.0,9.0,1.4551560878753662,-0.0023958920501172543,0.5005999207496643,0.5263158082962036,0.02083333395421505,0.981249988079071,471.0,10.0
2,0.6447916626930237,0.6963800191879272,0.6468198895454407,675.0,684.0,0.6249117255210876,0.01,0.29234635829925537,0.6469465494155884,0.6454121470451355,0.6484375,0.643750011920929,1236.0,1245.0,0.5,0.49210286140441895,0.5,240.0,240.0,2.0423314571380615,0.0,0.5,0.5,0.5,0.5,240.0,240.0
3,0.6473958492279053,0.7057114243507385,0.6464385390281677,675.0,685.0,0.6161649227142334,0.01,0.2917737066745758,0.6472136378288269,0.6450777053833008,0.6484375,0.6432291865348816,1235.0,1245.0,0.5,0.5517231225967407,0.5,240.0,240.0,0.9029870629310608,0.0,0.5,0.5,0.5,0.5,240.0,240.0
4,0.6505208611488342,0.7122446894645691,0.6473081111907959,682.0,668.0,0.6130368709564209,0.0009999999,0.2972300350666046,0.6469951272010803,0.6495277881622314,0.6447916626930237,0.6520833373069763,1252.0,1238.0,0.5,0.544396698474884,0.5,240.0,240.0,1.2995760440826416,0.0,0.5,0.5,0.5,0.5,240.0,240.0
5,0.668749988079071,0.7271444797515869,0.6676340103149414,643.0,628.0,0.6038700938224792,0.0009999999,0.3382561504840851,0.667873740196228,0.6703411936759949,0.6651041507720947,0.6729166507720947,1292.0,1277.0,0.5,0.5459114909172058,0.5,240.0,240.0,1.0755608081817627,0.0,0.5,0.5,0.5,0.5,240.0,240.0
