epoch,accuracy,auc,f1_score,fn,fp,loss,lr,mcc,npv,precision,recall,specificity,tn,tp,val_accuracy,val_auc,val_f1_score,val_fn,val_fp,val_loss,val_mcc,val_npv,val_precision,val_recall,val_specificity,val_tn,val_tp
0,0.5874999761581421,0.6027041077613831,0.5789476037025452,1030.0,989.0,0.7003253698348999,0.01,0.16552525758743286,0.5816488862037659,0.5807545781135559,0.5708333253860474,0.5895833373069763,1411.0,1370.0,0.5,0.5,0.6666666269302368,0.0,480.0,253.45448303222656,0.0,0.0,0.5,1.0,0.0,0.0,480.0
1,0.6151041388511658,0.6522361040115356,0.6063649654388428,756.0,752.0,0.6571282148361206,0.01,0.215085968375206,0.6078251004219055,0.6075156331062317,0.606249988079071,0.6083333492279053,1168.0,1164.0,0.5,0.5020768642425537,0.6666666269302368,0.0,480.0,1.8928066492080688,0.0,0.0,0.5,1.0,0.0,0.0,480.0
2,0.6458333134651184,0.7043219804763794,0.6438171863555908,682.0,686.0,0.6209233403205872,0.01,0.2876698672771454,0.6446251273155212,0.6434511542320251,0.6447916626930237,0.6427083611488342,1234.0,1238.0,0.5,0.5486045479774475,0.0,480.0,0.0,0.8633689880371094,0.0,0.5,0.0,0.0,1.0,480.0,0.0
3,0.6520833373069763,0.7080085277557373,0.64986252784729,667.0,683.0,0.6165705919265747,0.01,0.29716208577156067,0.6497755646705627,0.6472107172012329,0.6526041626930237,0.6442708373069763,1237.0,1253.0,0.5,0.5497981905937195,0.49735450744628906,242.0,219.0,0.8086251020431519,0.036233481019735336,0.533878743648529,0.52078777551651,0.4958333373069763,0.543749988079071,261.0,238.0
4,0.667187511920929,0.7251564860343933,0.6649271249771118,644.0,640.0,0.6067955493927002,0.0009999999,0.3314213156700134,0.6659612059593201,0.6659707427024841,0.6645833253860474,0.6666666865348816,1280.0,1276.0,0.5,0.5495421290397644,0.1266677975654602,440.0,7.0,0.7369835376739502,0.0843830555677414,0.5213984251022339,0.8510638475418091,0.0833333358168602,0.9854166507720947,473.0,40.0
5,0.6781250238418579,0.7435916662216187,0.6789318919181824,609.0,630.0,0.5908250212669373,0.0009999999,0.35492339730262756,0.6796804070472717,0.6754250526428223,0.682812511920929,0.671875,1290.0,1311.0,0.5,0.5474782586097717,0.5,240.0,240.0,0.7546929121017456,0.0,0.5,0.5,0.5,0.5,240.0,240.0
