epoch,accuracy,auc,f1_score,fn,fp,loss,lr,mcc,npv,precision,recall,specificity,tn,tp,val_accuracy,val_auc,val_f1_score,val_fn,val_fp,val_loss,val_mcc,val_npv,val_precision,val_recall,val_specificity,val_tn,val_tp
0,0.5927083492279053,0.5931719541549683,0.5807498097419739,1032.0,1030.0,0.6979364156723022,0.01,0.16295932233333588,0.5821535587310791,0.5704753994941711,0.5699999928474426,0.5807291865348816,1370.0,1368.0,0.5,0.5,0.5,240.0,240.0,33.738094329833984,0.0,0.5,0.5,0.5,0.5,240.0,240.0
1,0.6322916746139526,0.6767719984054565,0.6292280554771423,710.0,715.0,0.6382195353507996,0.01,0.25822755694389343,0.6293420195579529,0.6285714507102966,0.6302083134651184,0.6276041865348816,1205.0,1210.0,0.5,0.5,0.5,240.0,240.0,7.744284629821777,0.0,0.5,0.5,0.5,0.5,240.0,240.0
2,0.6338541507720947,0.681550920009613,0.6310294270515442,704.0,714.0,0.6329828500747681,0.01,0.26185473799705505,0.6327622532844543,0.6300517916679382,0.6333333253860474,0.628125011920929,1206.0,1216.0,0.5,0.5,0.5,240.0,240.0,4.637379169464111,0.0,0.5,0.5,0.5,0.5,240.0,240.0
3,0.6510416865348816,0.700221598148346,0.6513322591781616,670.0,666.0,0.6242781281471252,0.01,0.30439749360084534,0.6525087356567383,0.6524008512496948,0.6510416865348816,0.653124988079071,1254.0,1250.0,0.5,0.5,0.5,240.0,240.0,4.6054863929748535,0.0,0.5,0.5,0.5,0.5,240.0,240.0
4,0.6552083492279053,0.7162675261497498,0.6548462510108948,662.0,663.0,0.6112203598022461,0.0009999999,0.31006965041160583,0.6554053425788879,0.6548672318458557,0.6552083492279053,0.6546875238418579,1257.0,1258.0,0.5,0.5,0.5,240.0,240.0,3.9213521480560303,0.0,0.5,0.5,0.5,0.5,240.0,240.0
5,0.6630208492279053,0.7198252081871033,0.6662446856498718,637.0,649.0,0.6072378158569336,0.0009999999,0.33035513758659363,0.6659382581710815,0.6640786528587341,0.6682291626930237,0.6619791388511658,1271.0,1283.0,0.5,0.5,0.5,240.0,240.0,3.9248249530792236,0.0,0.5,0.5,0.5,0.5,240.0,240.0
