epoch,accuracy,auc,f1_score,fn,fp,loss,lr,mcc,npv,precision,recall,specificity,tn,tp,val_accuracy,val_auc,val_f1_score,val_fn,val_fp,val_loss,val_mcc,val_npv,val_precision,val_recall,val_specificity,val_tn,val_tp
0,0.5921875238418579,0.5958621501922607,0.5879385471343994,1003.0,1031.0,0.6841288805007935,0.01,0.16902893781661987,0.5853715538978577,0.5753706693649292,0.5820833444595337,0.5755208134651184,1369.0,1397.0,0.5,0.5,0.5,240.0,240.0,80.5839614868164,0.0,0.5,0.5,0.5,0.5,240.0,240.0
1,0.629687488079071,0.6712479591369629,0.6284939050674438,709.0,719.0,0.6413238644599915,0.01,0.2565937638282776,0.6299050450325012,0.6274611353874207,0.6307291388511658,0.6255208253860474,1201.0,1211.0,0.5,0.5352517366409302,0.5,240.0,239.0,1.1173433065414429,0.0020517667289823294,0.5020201802253723,0.5010438561439514,0.5,0.5020833611488342,241.0,240.0
2,0.6390625238418579,0.6884661316871643,0.6382147669792175,693.0,699.0,0.6305743455886841,0.01,0.2752539813518524,0.6375418901443481,0.6370716691017151,0.6390625238418579,0.635937511920929,1221.0,1227.0,0.5,0.5384635329246521,0.5,240.0,240.0,2.003464460372925,0.0,0.5,0.5,0.5,0.5,240.0,240.0
3,0.640625,0.6930918097496033,0.6415812969207764,688.0,687.0,0.6258246898651123,0.01,0.28405869007110596,0.6423054337501526,0.6420010328292847,0.6416666507720947,0.6421874761581421,1233.0,1232.0,0.5,0.5979058146476746,0.49837857484817505,242.0,224.0,0.7701234817504883,0.027461273595690727,0.5246580839157104,0.5151515007019043,0.4958333373069763,0.5333333611488342,256.0,238.0
4,0.6291666626930237,0.6940141320228577,0.6323961615562439,706.0,705.0,0.6256353259086609,0.0009999999,0.26533257961273193,0.6325454115867615,0.632621169090271,0.6322916746139526,0.6328125,1215.0,1214.0,0.5,0.5648524761199951,0.5,240.0,240.0,1.6814419031143188,0.0,0.5,0.5,0.5,0.5,240.0,240.0
5,0.6635416746139526,0.7124343514442444,0.6654003262519836,634.0,659.0,0.6154457926750183,0.0009999999,0.3268478512763977,0.6655411124229431,0.6611825227737427,0.6697916388511658,0.6567708253860474,1261.0,1286.0,0.5,0.560546875,0.5,240.0,240.0,2.3163671493530273,0.0,0.5,0.5,0.5,0.5,240.0,240.0
