epoch,accuracy,auc,f1_score,fn,fp,loss,lr,mcc,npv,precision,recall,specificity,tn,tp,val_accuracy,val_auc,val_f1_score,val_fn,val_fp,val_loss,val_mcc,val_npv,val_precision,val_recall,val_specificity,val_tn,val_tp
0,0.567187488079071,0.6012266874313354,0.5598759055137634,999.0,1082.0,0.7058993577957153,0.01,0.11277472972869873,0.5572754144668579,0.5642368197441101,0.5837500095367432,0.5463541746139526,1318.0,1401.0,0.5,0.5,0.5,240.0,240.0,1060.2392578125,0.0,0.5,0.5,0.5,0.5,240.0,240.0
1,0.5921875238418579,0.6310696601867676,0.5805544257164001,814.0,780.0,0.6625922322273254,0.01,0.17021001875400543,0.5840415954589844,0.586426317691803,0.5760416388511658,0.59375,1140.0,1106.0,0.5,0.5,0.5,240.0,240.0,21.137468338012695,0.0,0.5,0.5,0.5,0.5,240.0,240.0
2,0.6197916865348816,0.6684896945953369,0.615435779094696,739.0,734.0,0.6467126607894897,0.01,0.23301345109939575,0.616748571395874,0.6167101860046387,0.6151041388511658,0.6177083253860474,1186.0,1181.0,0.5,0.5,0.5,240.0,240.0,8.989030838012695,0.0,0.5,0.5,0.5,0.5,240.0,240.0
3,0.6484375,0.6973248720169067,0.6456275582313538,684.0,674.0,0.6295225024223328,0.01,0.2928468883037567,0.6451727747917175,0.6471204161643982,0.643750011920929,0.6489583253860474,1246.0,1236.0,0.5,0.5,0.5,240.0,240.0,3.632948398590088,0.0,0.5,0.5,0.5,0.5,240.0,240.0
4,0.6505208611488342,0.6944741606712341,0.6438471078872681,691.0,669.0,0.6316124796867371,0.0009999999,0.2918201982975006,0.6440426111221313,0.6475237011909485,0.6401041746139526,0.651562511920929,1251.0,1229.0,0.5,0.5620052218437195,0.5,240.0,240.0,1.3679920434951782,0.0,0.5,0.5,0.5,0.5,240.0,240.0
5,0.6499999761581421,0.7025156021118164,0.6517400741577148,672.0,662.0,0.6242280602455139,0.0009999999,0.3053357005119324,0.6517350673675537,0.6534031629562378,0.6499999761581421,0.6552083492279053,1258.0,1248.0,0.5,0.5641536116600037,0.5,240.0,239.0,0.7038549780845642,0.0020517667289823294,0.5020201802253723,0.5010438561439514,0.5,0.5020833611488342,241.0,240.0
