epoch,accuracy,auc,f1_score,fn,fp,loss,lr,mcc,npv,precision,recall,specificity,tn,tp,val_accuracy,val_auc,val_f1_score,val_fn,val_fp,val_loss,val_mcc,val_npv,val_precision,val_recall,val_specificity,val_tn,val_tp
0,0.6135416626930237,0.6049795746803284,0.6064373850822449,997.0,989.0,0.6596067547798157,0.01,0.21595709025859833,0.6080948114395142,0.5865384340286255,0.5845833420753479,0.6098958253860474,1411.0,1403.0,0.5,0.5,0.6666666269302368,0.0,480.0,103.96891021728516,0.0,0.0,0.5,1.0,0.0,0.0,480.0
1,0.651562511920929,0.7109408974647522,0.6496812105178833,674.0,670.0,0.6154648661613464,0.01,0.30040112137794495,0.6495583057403564,0.650313138961792,0.6489583253860474,0.6510416865348816,1250.0,1246.0,0.5,0.4897352457046509,0.5,240.0,240.0,2.364129066467285,0.0,0.5,0.5,0.5,0.5,240.0,240.0
2,0.660937488079071,0.7195724248886108,0.6591978073120117,650.0,660.0,0.6105878353118896,0.01,0.3180599808692932,0.6607465744018555,0.6580311059951782,0.6614583134651184,0.65625,1260.0,1270.0,0.5,0.5,0.5,240.0,240.0,5.401491165161133,0.0,0.5,0.5,0.5,0.5,240.0,240.0
3,0.6723958253860474,0.730140209197998,0.6702916622161865,635.0,628.0,0.5996611714363098,0.01,0.34236010909080505,0.6708815097808838,0.6717197895050049,0.6692708134651184,0.6729166507720947,1292.0,1285.0,0.5,0.5,0.5,240.0,240.0,5.832590579986572,0.0,0.5,0.5,0.5,0.5,240.0,240.0
4,0.6781250238418579,0.7454368472099304,0.6753841638565063,622.0,626.0,0.587929904460907,0.0009999999,0.3501364588737488,0.6752835512161255,0.67463618516922,0.6760416626930237,0.6739583611488342,1294.0,1298.0,0.5,0.5111328363418579,0.5,240.0,240.0,3.1654481887817383,0.0,0.5,0.5,0.5,0.5,240.0,240.0
5,0.6911458373069763,0.755201518535614,0.6861103177070618,601.0,605.0,0.5788493752479553,0.0009999999,0.3720773756504059,0.6866637468338013,0.6855509281158447,0.6869791746139526,0.6848958134651184,1315.0,1319.0,0.5,0.5426258444786072,0.5,240.0,239.0,1.4950385093688965,0.0020517667289823294,0.5020201802253723,0.5010438561439514,0.5,0.5020833611488342,241.0,240.0
