epoch,accuracy,auc,f1_score,fn,fp,loss,lr,mcc,npv,precision,recall,specificity,tn,tp,val_accuracy,val_auc,val_f1_score,val_fn,val_fp,val_loss,val_mcc,val_npv,val_precision,val_recall,val_specificity,val_tn,val_tp
0,0.5395833253860474,0.5387712717056274,0.5342491865158081,1134.0,1117.0,0.7280691862106323,0.01,0.07805900275707245,0.539826512336731,0.5312631130218506,0.5274999737739563,0.5432291626930237,1283.0,1266.0,0.5,0.5,0.5,240.0,240.0,4057.958740234375,0.0,0.5,0.5,0.5,0.5,240.0,240.0
1,0.6067708134651184,0.6325445771217346,0.607873797416687,752.0,753.0,0.6704671382904053,0.01,0.21675927937030792,0.6083152890205383,0.6080166697502136,0.6083333492279053,0.6078125238418579,1167.0,1168.0,0.5,0.5,0.5,240.0,240.0,19.920698165893555,0.0,0.5,0.5,0.5,0.5,240.0,240.0
2,0.6078125238418579,0.6549803018569946,0.6119710803031921,744.0,747.0,0.6534097194671631,0.01,0.22378525137901306,0.6118170619010925,0.6115444898605347,0.612500011920929,0.6109374761581421,1173.0,1176.0,0.5,0.5744922161102295,0.5,240.0,240.0,1.0170713663101196,0.0,0.5,0.5,0.5,0.5,240.0,240.0
3,0.6234375238418579,0.6685927510261536,0.6193452477455139,726.0,742.0,0.64463210105896,0.01,0.23564569652080536,0.6183361411094666,0.6167355179786682,0.621874988079071,0.6135416626930237,1178.0,1194.0,0.5,0.5844531059265137,0.5,240.0,240.0,1.0018342733383179,0.0,0.5,0.5,0.5,0.5,240.0,240.0
4,0.6286458373069763,0.6784376502037048,0.6261102557182312,723.0,707.0,0.6374446749687195,0.0009999999,0.25557535886764526,0.6262372136116028,0.6286764740943909,0.6234375238418579,0.6317708492279053,1213.0,1197.0,0.5,0.592139720916748,0.5,240.0,240.0,0.8911815881729126,0.0,0.5,0.5,0.5,0.5,240.0,240.0
5,0.6317708492279053,0.6882817149162292,0.6320048570632935,708.0,703.0,0.6312310099601746,0.0009999999,0.2653229832649231,0.6322863101959229,0.6328981518745422,0.6312500238418579,0.6338541507720947,1217.0,1212.0,0.5,0.5977387428283691,0.5,240.0,240.0,0.7235685586929321,0.0,0.5,0.5,0.5,0.5,240.0,240.0
