epoch,accuracy,auc,f1_score,fn,fp,loss,lr,mcc,npv,precision,recall,specificity,tn,tp,val_accuracy,val_auc,val_f1_score,val_fn,val_fp,val_loss,val_mcc,val_npv,val_precision,val_recall,val_specificity,val_tn,val_tp
0,0.5802083611488342,0.5959669947624207,0.5761880874633789,1048.0,999.0,0.7262357473373413,0.01,0.1673404574394226,0.5829836130142212,0.5750744342803955,0.5633333325386047,0.596875011920929,1401.0,1352.0,0.5,0.5,0.0,480.0,0.0,4.079165935516357,0.0,0.5,0.0,0.0,1.0,480.0,0.0
1,0.6552083492279053,0.726375162601471,0.6605784296989441,646.0,663.0,0.6044185161590576,0.01,0.3187040388584137,0.6606218814849854,0.6577181220054626,0.6635416746139526,0.6546875238418579,1257.0,1274.0,0.5,0.5262629985809326,0.5,240.0,240.0,2.9374966621398926,0.0,0.5,0.5,0.5,0.5,240.0,240.0
2,0.6895833611488342,0.757137656211853,0.6889908313751221,598.0,597.0,0.5796310305595398,0.01,0.37779712677001953,0.6881694793701172,0.6889004707336426,0.6885416507720947,0.6890624761581421,1323.0,1322.0,0.5,0.5293294191360474,0.5,240.0,240.0,2.8251428604125977,0.0,0.5,0.5,0.5,0.5,240.0,240.0
3,0.6895833611488342,0.7664524912834167,0.6889616847038269,597.0,598.0,0.5678940415382385,0.01,0.3777814507484436,0.688724160194397,0.6887037754058838,0.6890624761581421,0.6885416507720947,1322.0,1323.0,0.5,0.5706011056900024,0.08479078114032745,455.0,3.0,0.8142270445823669,0.06586743891239166,0.5132066011428833,0.8928571343421936,0.0520833320915699,0.9937499761581421,477.0,25.0
4,0.7036458253860474,0.7778763771057129,0.6991985440254211,572.0,587.0,0.5653746724128723,0.0009999999,0.39670291543006897,0.7001512050628662,0.6966408491134644,0.7020833492279053,0.6942708492279053,1333.0,1348.0,0.5,0.5858592987060547,0.5,240.0,240.0,1.111375331878662,0.0,0.5,0.5,0.5,0.5,240.0,240.0
5,0.7317708134651184,0.8076877593994141,0.7279145121574402,522.0,524.0,0.5312269926071167,0.0009999999,0.4554233253002167,0.7275760769844055,0.7273673415184021,0.7281249761581421,0.7270833253860474,1396.0,1398.0,0.5,0.5845464468002319,0.5,240.0,240.0,1.223562240600586,0.0,0.5,0.5,0.5,0.5,240.0,240.0
