epoch,accuracy,auc,f1_score,fn,fp,loss,lr,mcc,npv,precision,recall,specificity,tn,tp,val_accuracy,val_auc,val_f1_score,val_fn,val_fp,val_loss,val_mcc,val_npv,val_precision,val_recall,val_specificity,val_tn,val_tp
0,0.6119791865348816,0.6367725729942322,0.6070478558540344,940.0,931.0,0.7090539932250977,0.01,0.21385344862937927,0.6064318418502808,0.6106231808662415,0.6083333492279053,0.6057291626930237,1469.0,1460.0,0.5,0.5,0.5,240.0,240.0,4.884808540344238,0.0,0.5,0.5,0.5,0.5,240.0,240.0
1,0.6598958373069763,0.7131713628768921,0.6579834818840027,656.0,658.0,0.6151551604270935,0.01,0.3158673942089081,0.657974898815155,0.6576482653617859,0.6583333611488342,0.6572916507720947,1262.0,1264.0,0.5,0.5,0.5,240.0,240.0,8.110886573791504,0.0,0.5,0.5,0.5,0.5,240.0,240.0
2,0.6734374761581421,0.7403163313865662,0.6728106141090393,627.0,631.0,0.5932866334915161,0.01,0.3449837267398834,0.6726080179214478,0.6720374226570129,0.6734374761581421,0.6713541746139526,1289.0,1293.0,0.5,0.5,0.5,240.0,240.0,4.779729843139648,0.0,0.5,0.5,0.5,0.5,240.0,240.0
3,0.6786458492279053,0.7489736676216125,0.6765002012252808,620.0,624.0,0.5820728540420532,0.01,0.3522244095802307,0.6761826872825623,0.6756756901741028,0.6770833134651184,0.675000011920929,1296.0,1300.0,0.5,0.5,0.5,240.0,240.0,3.686781167984009,0.0,0.5,0.5,0.5,0.5,240.0,240.0
4,0.6932291388511658,0.7562509179115295,0.6878474354743958,602.0,594.0,0.5818354487419128,0.0009999999,0.3772219121456146,0.6878650784492493,0.689330518245697,0.6864583492279053,0.690625011920929,1326.0,1318.0,0.5,0.5663498044013977,0.5,240.0,240.0,2.1854751110076904,0.0,0.5,0.5,0.5,0.5,240.0,240.0
5,0.715624988079071,0.7992309331893921,0.7154838442802429,545.0,546.0,0.5428676009178162,0.0009999999,0.43194836378097534,0.7170020937919617,0.7157730460166931,0.7161458134651184,0.715624988079071,1374.0,1375.0,0.5,0.624058187007904,0.5,240.0,238.0,0.9297868609428406,0.004044246859848499,0.5039215683937073,0.5020920634269714,0.5,0.5041666626930237,242.0,240.0
