epoch,accuracy,auc,f1_score,fn,fp,loss,lr,mcc,npv,precision,recall,specificity,tn,tp,val_accuracy,val_auc,val_f1_score,val_fn,val_fp,val_loss,val_mcc,val_npv,val_precision,val_recall,val_specificity,val_tn,val_tp
0,0.5989583134651184,0.6434274315834045,0.6005353331565857,955.0,925.0,0.7107425332069397,0.01,0.20833173394203186,0.6020058393478394,0.6097046136856079,0.6020833253860474,0.6119791865348816,1475.0,1445.0,0.5,0.5,0.5,240.0,240.0,21.776395797729492,0.0,0.5,0.5,0.5,0.5,240.0,240.0
1,0.6463541388511658,0.7079269886016846,0.6448227167129517,681.0,685.0,0.614966630935669,0.01,0.28878605365753174,0.6441642045974731,0.6439709067344666,0.645312488079071,0.6432291865348816,1235.0,1239.0,0.5,0.5005208253860474,0.5,240.0,240.0,2.128253936767578,0.0,0.5,0.5,0.5,0.5,240.0,240.0
2,0.6807291507720947,0.7417586445808411,0.6786230206489563,622.0,607.0,0.5929868221282959,0.01,0.3601439595222473,0.6787339448928833,0.6813648343086243,0.6760416626930237,0.6838541626930237,1313.0,1298.0,0.5,0.5723046660423279,0.5,240.0,240.0,1.5520237684249878,0.0,0.5,0.5,0.5,0.5,240.0,240.0
3,0.6796875,0.7619889378547668,0.6802574396133423,616.0,609.0,0.5725232362747192,0.01,0.36220476031303406,0.6806191205978394,0.6816518306732178,0.6791666746139526,0.682812511920929,1311.0,1304.0,0.5,0.5,0.5,240.0,240.0,3.4854695796966553,0.0,0.5,0.5,0.5,0.5,240.0,240.0
4,0.7260416746139526,0.7922015190124512,0.7272396683692932,523.0,525.0,0.549807608127594,0.0009999999,0.4543352723121643,0.7273854613304138,0.7268470525741577,0.7276041507720947,0.7265625,1395.0,1397.0,0.5,0.5978320240974426,0.5,240.0,240.0,1.4873480796813965,0.0,0.5,0.5,0.5,0.5,240.0,240.0
5,0.721875011920929,0.8025496602058411,0.7206184267997742,534.0,540.0,0.534767210483551,0.0009999999,0.4407731592655182,0.7213265299797058,0.7196261882781982,0.721875011920929,0.71875,1380.0,1386.0,0.5,0.5994530916213989,0.5,240.0,240.0,1.0620218515396118,0.0,0.5,0.5,0.5,0.5,240.0,240.0
