epoch,accuracy,auc,f1_score,fn,fp,loss,lr,mcc,npv,precision,recall,specificity,tn,tp,val_accuracy,val_auc,val_f1_score,val_fn,val_fp,val_loss,val_mcc,val_npv,val_precision,val_recall,val_specificity,val_tn,val_tp
0,0.6166666746139526,0.6073845028877258,0.6057473421096802,975.0,990.0,0.70174241065979,0.01,0.20943354070186615,0.6052156686782837,0.590062141418457,0.59375,0.6005208492279053,1410.0,1425.0,0.5,0.5,0.5,240.0,240.0,7.408807277679443,0.0,0.5,0.5,0.5,0.5,240.0,240.0
1,0.6416666507720947,0.7065907120704651,0.6446206569671631,678.0,692.0,0.6178176999092102,0.01,0.28671446442604065,0.644057035446167,0.6421923637390137,0.6468750238418579,0.6395833492279053,1228.0,1242.0,0.5,0.525097668170929,0.5,240.0,240.0,2.155545949935913,0.0,0.5,0.5,0.5,0.5,240.0,240.0
2,0.6677083373069763,0.7331021428108215,0.6656287908554077,647.0,631.0,0.5989815592765808,0.01,0.3345283567905426,0.6660699844360352,0.6685924530029297,0.6630208492279053,0.6713541746139526,1289.0,1273.0,0.5,0.6010416746139526,0.5,240.0,240.0,1.3086425065994263,0.0,0.5,0.5,0.5,0.5,240.0,240.0
3,0.6869791746139526,0.7534553408622742,0.6872653365135193,601.0,598.0,0.5815582275390625,0.01,0.3757106363773346,0.6879964470863342,0.6880542635917664,0.6869791746139526,0.6885416507720947,1322.0,1319.0,0.5,0.6054123044013977,0.5,240.0,240.0,0.7345237135887146,0.0,0.5,0.5,0.5,0.5,240.0,240.0
4,0.6968749761581421,0.759759783744812,0.6944339871406555,585.0,590.0,0.5761957764625549,0.0009999999,0.3881959915161133,0.6945008635520935,0.6935064792633057,0.6953125,0.6927083134651184,1330.0,1335.0,0.5,0.6083051562309265,0.5,240.0,240.0,0.843168318271637,0.0,0.5,0.5,0.5,0.5,240.0,240.0
5,0.715624988079071,0.8007966876029968,0.7145994901657104,552.0,541.0,0.5404645204544067,0.0009999999,0.43090274930000305,0.7140941023826599,0.716605544090271,0.7124999761581421,0.7182291746139526,1379.0,1368.0,0.5,0.6072894930839539,0.5,240.0,240.0,0.7663636803627014,0.0,0.5,0.5,0.5,0.5,240.0,240.0
