epoch,accuracy,auc,f1_score,fn,fp,loss,lr,mcc,npv,precision,recall,specificity,tn,tp,val_accuracy,val_auc,val_f1_score,val_fn,val_fp,val_loss,val_mcc,val_npv,val_precision,val_recall,val_specificity,val_tn,val_tp
0,0.5218750238418579,0.512473464012146,0.5102661848068237,1169.0,1183.0,0.7995519042015076,0.01,0.023946158587932587,0.5128313302993774,0.5099419951438904,0.5129166841506958,0.5088541507720947,1217.0,1231.0,0.5,0.5,0.5,240.0,240.0,49.613521575927734,0.0,0.5,0.5,0.5,0.5,240.0,240.0
1,0.6307291388511658,0.659801721572876,0.6187412738800049,738.0,719.0,0.6578364968299866,0.01,0.24179455637931824,0.6189070343971252,0.6217780113220215,0.6156250238418579,0.6255208253860474,1201.0,1182.0,0.5,0.5,0.5,240.0,240.0,9.10336971282959,0.0,0.5,0.5,0.5,0.5,240.0,240.0
2,0.643750011920929,0.7082701921463013,0.6427532434463501,691.0,675.0,0.6182799935340881,0.01,0.2888612151145935,0.6430656313896179,0.6454831957817078,0.6401041746139526,0.6484375,1245.0,1229.0,0.5,0.5821267366409302,0.5,240.0,240.0,1.554442048072815,0.0,0.5,0.5,0.5,0.5,240.0,240.0
3,0.675000011920929,0.7334005832672119,0.6737316250801086,627.0,624.0,0.5989887714385986,0.01,0.3486177325248718,0.6744197010993958,0.6744914054870605,0.6734374761581421,0.675000011920929,1296.0,1293.0,0.5,0.5,0.5,240.0,240.0,2.9518332481384277,0.0,0.5,0.5,0.5,0.5,240.0,240.0
4,0.6932291388511658,0.7719938158988953,0.6993839740753174,573.0,586.0,0.5645551085472107,0.0009999999,0.39653480052948,0.6991949677467346,0.6968442797660828,0.7015625238418579,0.6947916746139526,1334.0,1347.0,0.5,0.6035416722297668,0.5,240.0,240.0,1.698476791381836,0.0,0.5,0.5,0.5,0.5,240.0,240.0
5,0.7093750238418579,0.7887675166130066,0.7085765600204468,559.0,560.0,0.5478537082672119,0.0009999999,0.41732218861579895,0.7089327573776245,0.7084851861000061,0.7088541388511658,0.7083333134651184,1360.0,1361.0,0.5,0.6214518547058105,0.5,240.0,240.0,1.245653748512268,0.0,0.5,0.5,0.5,0.5,240.0,240.0
