epoch,accuracy,auc,f1_score,fn,fp,loss,lr,mcc,npv,precision,recall,specificity,tn,tp,val_accuracy,val_auc,val_f1_score,val_fn,val_fp,val_loss,val_mcc,val_npv,val_precision,val_recall,val_specificity,val_tn,val_tp
0,0.5859375,0.5800829529762268,0.5824335813522339,1044.0,1034.0,0.7147019505500793,0.01,0.16816061735153198,0.5831562876701355,0.5673640370368958,0.5649999976158142,0.5864583253860474,1366.0,1356.0,0.5,0.5,0.5,240.0,240.0,9.162775039672852,0.0,0.5,0.5,0.5,0.5,240.0,240.0
1,0.6458333134651184,0.6967924237251282,0.644172728061676,684.0,681.0,0.6266180872917175,0.01,0.2893015444278717,0.6443688869476318,0.6447574496269226,0.643750011920929,0.645312488079071,1239.0,1236.0,0.5,0.5538889169692993,0.5,240.0,240.0,2.021515130996704,0.0,0.5,0.5,0.5,0.5,240.0,240.0
2,0.651562511920929,0.7243210673332214,0.6539331078529358,667.0,658.0,0.6053823828697205,0.01,0.31006696820259094,0.6546034216880798,0.6556776762008667,0.6526041626930237,0.6572916507720947,1262.0,1253.0,0.5,0.5,0.5,240.0,240.0,3.4877476692199707,0.0,0.5,0.5,0.5,0.5,240.0,240.0
3,0.6682291626930237,0.7440837621688843,0.666209876537323,641.0,641.0,0.5897213220596313,0.01,0.3324495255947113,0.6659940481185913,0.6661458611488342,0.6661458611488342,0.6661458611488342,1279.0,1279.0,0.5,0.5574566125869751,0.5,240.0,240.0,2.254885196685791,0.0,0.5,0.5,0.5,0.5,240.0,240.0
4,0.6807291507720947,0.758090078830719,0.6809121966362,613.0,611.0,0.5769249796867371,0.0009999999,0.36272895336151123,0.6814468502998352,0.6814389824867249,0.6807291507720947,0.6817708611488342,1309.0,1307.0,0.5,0.6001063585281372,0.5,240.0,240.0,1.6203899383544922,0.0,0.5,0.5,0.5,0.5,240.0,240.0
5,0.7046874761581421,0.786104142665863,0.7036737203598022,570.0,567.0,0.5506706237792969,0.0009999999,0.40794819593429565,0.7036107182502747,0.7042253613471985,0.703125,0.7046874761581421,1353.0,1350.0,0.5,0.6101301908493042,0.5,240.0,240.0,1.1897127628326416,0.0,0.5,0.5,0.5,0.5,240.0,240.0
