epoch,accuracy,auc,f1_score,fn,fp,loss,lr,mcc,npv,precision,recall,specificity,tn,tp,val_accuracy,val_auc,val_f1_score,val_fn,val_fp,val_loss,val_mcc,val_npv,val_precision,val_recall,val_specificity,val_tn,val_tp
0,0.5901041626930237,0.6493507623672485,0.5943873524665833,937.0,932.0,0.7011887431144714,0.01,0.190263032913208,0.5944386124610901,0.6108559370040894,0.60958331823349,0.5963541865348816,1468.0,1463.0,0.5,0.5,0.5,240.0,240.0,16.734525680541992,0.0,0.5,0.5,0.5,0.5,240.0,240.0
1,0.659375011920929,0.7221515774726868,0.6574798822402954,654.0,663.0,0.6106167435646057,0.01,0.3143194019794464,0.6584704518318176,0.6562985777854919,0.659375011920929,0.6546875238418579,1257.0,1266.0,0.5,0.5,0.5,240.0,240.0,6.148552417755127,0.0,0.5,0.5,0.5,0.5,240.0,240.0
2,0.6734374761581421,0.7389141917228699,0.67339688539505,625.0,632.0,0.5965563058853149,0.01,0.3454166352748871,0.6729968190193176,0.6720290780067444,0.6744791865348816,0.6708333492279053,1288.0,1295.0,0.5,0.5144791603088379,0.5,240.0,240.0,2.348172187805176,0.0,0.5,0.5,0.5,0.5,240.0,240.0
3,0.6796875,0.7538111805915833,0.6768625378608704,618.0,624.0,0.5833074450492859,0.01,0.353311151266098,0.6775339841842651,0.6760124564170837,0.6781250238418579,0.675000011920929,1296.0,1302.0,0.5,0.5067708492279053,0.5,240.0,240.0,2.854255437850952,0.0,0.5,0.5,0.5,0.5,240.0,240.0
4,0.7104166746139526,0.7844008803367615,0.7104684710502625,552.0,564.0,0.5533643364906311,0.0009999999,0.4189222455024719,0.7103458642959595,0.7080745100975037,0.7124999761581421,0.706250011920929,1356.0,1368.0,0.5,0.5700043439865112,0.5,240.0,240.0,2.1304686069488525,0.0,0.5,0.5,0.5,0.5,240.0,240.0
5,0.7208333611488342,0.8025127649307251,0.7224845886230469,531.0,535.0,0.5358144044876099,0.0009999999,0.44498634338378906,0.723324716091156,0.7219334840774536,0.723437488079071,0.7213541865348816,1385.0,1389.0,0.5,0.6018685102462769,0.5,240.0,240.0,1.124829888343811,0.0,0.5,0.5,0.5,0.5,240.0,240.0
