epoch,accuracy,auc,f1_score,fn,fp,loss,lr,mcc,npv,precision,recall,specificity,tn,tp,val_accuracy,val_auc,val_f1_score,val_fn,val_fp,val_loss,val_mcc,val_npv,val_precision,val_recall,val_specificity,val_tn,val_tp
0,0.6020833253860474,0.6374276876449585,0.60801100730896,940.0,963.0,0.7038516402244568,0.01,0.2143740952014923,0.6077908277511597,0.6025587916374207,0.6083333492279053,0.6036458611488342,1437.0,1460.0,0.5,0.5,0.5,240.0,240.0,2.9559671878814697,0.0,0.5,0.5,0.5,0.5,240.0,240.0
1,0.675000011920929,0.7359281182289124,0.6759970188140869,628.0,610.0,0.5987279415130615,0.01,0.3553265333175659,0.6761074662208557,0.6792849898338318,0.6729166507720947,0.6822916865348816,1310.0,1292.0,0.5,0.5,0.5,240.0,240.0,5.6157026290893555,0.0,0.5,0.5,0.5,0.5,240.0,240.0
2,0.682812511920929,0.7553505897521973,0.6814650297164917,613.0,609.0,0.5802513957023621,0.01,0.36368733644485474,0.6813614964485168,0.6821503043174744,0.6807291507720947,0.682812511920929,1311.0,1307.0,0.5,0.5,0.5,240.0,240.0,4.552406311035156,0.0,0.5,0.5,0.5,0.5,240.0,240.0
3,0.7005208134651184,0.7750071287155151,0.7010623812675476,573.0,576.0,0.5635287761688232,0.01,0.4016681909561157,0.7010100483894348,0.7004680037498474,0.7015625238418579,0.699999988079071,1344.0,1347.0,0.5,0.5,0.5,240.0,240.0,3.3007988929748535,0.0,0.5,0.5,0.5,0.5,240.0,240.0
4,0.714062511920929,0.7950630784034729,0.7177549004554749,542.0,542.0,0.5459979176521301,0.0009999999,0.4355531632900238,0.717666745185852,0.7177083492279053,0.7177083492279053,0.7177083492279053,1378.0,1378.0,0.5,0.56494140625,0.5,240.0,240.0,1.4887603521347046,0.0,0.5,0.5,0.5,0.5,240.0,240.0
5,0.7406250238418579,0.8138858675956726,0.7396193742752075,501.0,498.0,0.5270680785179138,0.0009999999,0.47989216446876526,0.7396122813224792,0.7402191162109375,0.739062488079071,0.7406250238418579,1422.0,1419.0,0.5,0.5659613609313965,0.5,240.0,240.0,1.1802996397018433,0.0,0.5,0.5,0.5,0.5,240.0,240.0
