epoch,accuracy,auc,f1_score,fn,fp,loss,lr,mcc,npv,precision,recall,specificity,tn,tp,val_accuracy,val_auc,val_f1_score,val_fn,val_fp,val_loss,val_mcc,val_npv,val_precision,val_recall,val_specificity,val_tn,val_tp
0,0.5979166626930237,0.5975815057754517,0.5894713997840881,1017.0,1016.0,0.7206357717514038,0.01,0.1831730753183365,0.5897263884544373,0.5764902234077454,0.5762500166893005,0.5958333611488342,1384.0,1383.0,0.5,0.503014326095581,0.5,240.0,240.0,2.634406566619873,0.0,0.5,0.5,0.5,0.5,240.0,240.0
1,0.65625,0.7263176441192627,0.6609025597572327,648.0,657.0,0.6073226928710938,0.01,0.32067954540252686,0.6610332727432251,0.6594090461730957,0.6625000238418579,0.6578124761581421,1263.0,1272.0,0.5,0.5403580665588379,0.5,240.0,240.0,1.906882405281067,0.0,0.5,0.5,0.5,0.5,240.0,240.0
2,0.676562488079071,0.7457326650619507,0.6771898865699768,615.0,630.0,0.5920022130012512,0.01,0.35176339745521545,0.6768718957901001,0.6744186282157898,0.6796875,0.671875,1290.0,1305.0,0.5,0.5828341841697693,0.5,240.0,240.0,1.3143370151519775,0.0,0.5,0.5,0.5,0.5,240.0,240.0
3,0.692187488079071,0.7760329842567444,0.6909618973731995,594.0,592.0,0.5600829720497131,0.01,0.38245493173599243,0.6909972429275513,0.6913451552391052,0.690625011920929,0.6916666626930237,1328.0,1326.0,0.5,0.5655273199081421,0.5,240.0,240.0,1.9092556238174438,0.0,0.5,0.5,0.5,0.5,240.0,240.0
4,0.6973958611488342,0.7692725658416748,0.695556104183197,588.0,579.0,0.5677940249443054,0.0009999999,0.3924145996570587,0.6948662400245667,0.697017252445221,0.6937500238418579,0.698437511920929,1341.0,1332.0,0.5,0.5768142342567444,0.5,240.0,240.0,1.0317367315292358,0.0,0.5,0.5,0.5,0.5,240.0,240.0
5,0.7401041388511658,0.8230020403862,0.737392783164978,511.0,492.0,0.5150525569915771,0.0009999999,0.4777567982673645,0.7367290258407593,0.7411888241767883,0.7338541746139526,0.7437499761581421,1428.0,1409.0,0.5,0.5783984661102295,0.5,240.0,240.0,0.7190460562705994,0.0,0.5,0.5,0.5,0.5,240.0,240.0
