epoch,accuracy,auc,f1_score,fn,fp,loss,lr,mcc,npv,precision,recall,specificity,tn,tp,val_accuracy,val_auc,val_f1_score,val_fn,val_fp,val_loss,val_mcc,val_npv,val_precision,val_recall,val_specificity,val_tn,val_tp
0,0.5864583253860474,0.5918459892272949,0.5785363912582397,1045.0,1057.0,0.7436727285385132,0.01,0.15582282841205597,0.577901303768158,0.5617744326591492,0.5645833611488342,0.5744791626930237,1343.0,1355.0,0.5,0.5,0.5,240.0,240.0,12.556669235229492,0.0,0.5,0.5,0.5,0.5,240.0,240.0
1,0.6526041626930237,0.6980501413345337,0.6497089266777039,679.0,659.0,0.6276069283485413,0.01,0.30344927310943604,0.6499545574188232,0.6531578898429871,0.6463541388511658,0.6567708253860474,1261.0,1241.0,0.5,0.5,0.5,240.0,240.0,6.355663776397705,0.0,0.5,0.5,0.5,0.5,240.0,240.0
2,0.667187511920929,0.7329951524734497,0.669236421585083,638.0,629.0,0.6000718474388123,0.01,0.340288370847702,0.6692983508110046,0.6708529591560364,0.6677083373069763,0.6723958253860474,1291.0,1282.0,0.5,0.5,0.5,240.0,240.0,4.183282852172852,0.0,0.5,0.5,0.5,0.5,240.0,240.0
3,0.6854166388511658,0.7471373081207275,0.6787025332450867,623.0,605.0,0.5901849269866943,0.01,0.3605813980102539,0.6785500049591064,0.6819137930870056,0.6755208373069763,0.6848958134651184,1315.0,1297.0,0.5,0.5538758635520935,0.5,240.0,240.0,1.4563021659851074,0.0,0.5,0.5,0.5,0.5,240.0,240.0
4,0.6911458373069763,0.7687548398971558,0.6946373581886292,583.0,593.0,0.5771872997283936,0.0009999999,0.3876715302467346,0.6944926381111145,0.692746102809906,0.6963541507720947,0.6911458373069763,1327.0,1337.0,0.5,0.5882552266120911,0.5,240.0,240.0,1.579551339149475,0.0,0.5,0.5,0.5,0.5,240.0,240.0
5,0.7177083492279053,0.7914214730262756,0.71726393699646,545.0,541.0,0.5535053014755249,0.0009999999,0.434601366519928,0.7160905599594116,0.7176409363746643,0.7161458134651184,0.7182291746139526,1379.0,1375.0,0.5,0.5962608456611633,0.5,240.0,240.0,1.6534407138824463,0.0,0.5,0.5,0.5,0.5,240.0,240.0
