epoch,accuracy,auc,f1_score,fn,fp,loss,lr,mcc,npv,precision,recall,specificity,tn,tp,val_accuracy,val_auc,val_f1_score,val_fn,val_fp,val_loss,val_mcc,val_npv,val_precision,val_recall,val_specificity,val_tn,val_tp
0,0.5958333611488342,0.596122145652771,0.5950791835784912,1019.0,1005.0,0.7093582153320312,0.01,0.19603846967220306,0.5977698564529419,0.578792929649353,0.5754166841506958,0.6020833253860474,1395.0,1381.0,0.5,0.5,0.5,240.0,240.0,11.651406288146973,0.0,0.5,0.5,0.5,0.5,240.0,240.0
1,0.6651041507720947,0.7196066975593567,0.6615501046180725,651.0,645.0,0.6195328831672668,0.01,0.32585659623146057,0.66277676820755,0.6630094051361084,0.660937488079071,0.6640625,1275.0,1269.0,0.5,0.5,0.5,240.0,240.0,6.669488906860352,0.0,0.5,0.5,0.5,0.5,240.0,240.0
2,0.7088541388511658,0.7819945216178894,0.7027003169059753,577.0,558.0,0.5608018636703491,0.01,0.4092091917991638,0.7029585242271423,0.706470251083374,0.6994791626930237,0.7093750238418579,1362.0,1343.0,0.5,0.5198719501495361,0.5,240.0,240.0,2.3177475929260254,0.0,0.5,0.5,0.5,0.5,240.0,240.0
3,0.7338541746139526,0.8119902610778809,0.7331205606460571,518.0,504.0,0.5278780460357666,0.01,0.4680660665035248,0.7318410873413086,0.7355718612670898,0.7302083373069763,0.737500011920929,1416.0,1402.0,0.5,0.5,0.5,240.0,240.0,3.6370697021484375,0.0,0.5,0.5,0.5,0.5,240.0,240.0
4,0.7640625238418579,0.8508254289627075,0.7675231099128723,448.0,442.0,0.4808438718318939,0.0009999999,0.5368287563323975,0.7682854533195496,0.769070029258728,0.7666666507720947,0.7697916626930237,1478.0,1472.0,0.5,0.5,0.5,240.0,240.0,4.1431732177734375,0.0,0.5,0.5,0.5,0.5,240.0,240.0
5,0.7854166626930237,0.8658565878868103,0.7836611270904541,414.0,417.0,0.4590035378932953,0.0009999999,0.5673516392707825,0.7843361496925354,0.7831513285636902,0.784375011920929,0.7828124761581421,1503.0,1506.0,0.5,0.6342774033546448,0.5,240.0,240.0,1.1151573657989502,0.0,0.5,0.5,0.5,0.5,240.0,240.0
