epoch,accuracy,auc,f1_score,fn,fp,loss,lr,mcc,npv,precision,recall,specificity,tn,tp,val_accuracy,val_auc,val_f1_score,val_fn,val_fp,val_loss,val_mcc,val_npv,val_precision,val_recall,val_specificity,val_tn,val_tp
0,0.5953124761581421,0.6022222638130188,0.5842574238777161,1033.0,1031.0,0.6978901028633118,0.01,0.1716693788766861,0.5867913365364075,0.5700584053993225,0.5695833563804626,0.5859375,1369.0,1367.0,0.5,0.4973958432674408,0.5,240.0,240.0,3.8849289417266846,0.0,0.5,0.5,0.5,0.5,240.0,240.0
1,0.6703125238418579,0.7296428084373474,0.6740116477012634,616.0,643.0,0.6135502457618713,0.01,0.34492793679237366,0.6754887104034424,0.6697483062744141,0.6791666746139526,0.6651041507720947,1277.0,1304.0,0.5,0.5732465386390686,0.5,240.0,240.0,0.9384251236915588,0.0,0.5,0.5,0.5,0.5,240.0,240.0
2,0.7109375,0.7850168943405151,0.7121428847312927,548.0,561.0,0.5584271550178528,0.01,0.42267924547195435,0.7127986550331116,0.7097775340080261,0.7145833373069763,0.707812488079071,1359.0,1372.0,0.5,0.594359815120697,0.5,240.0,240.0,1.6327804327011108,0.0,0.5,0.5,0.5,0.5,240.0,240.0
3,0.7401041388511658,0.8180838823318481,0.7413027286529541,491.0,506.0,0.5233500003814697,0.01,0.48100048303604126,0.7425114512443542,0.7385013103485107,0.7442708611488342,0.7364583611488342,1414.0,1429.0,0.5,0.60623699426651,0.5,240.0,240.0,1.4288694858551025,0.0,0.5,0.5,0.5,0.5,240.0,240.0
4,0.7473958134651184,0.8288351893424988,0.7466148734092712,486.0,486.0,0.5155543088912964,0.0009999999,0.4940435588359833,0.7475479245185852,0.746874988079071,0.746874988079071,0.746874988079071,1434.0,1434.0,0.5,0.619822084903717,0.5,240.0,240.0,1.740576148033142,0.0,0.5,0.5,0.5,0.5,240.0,240.0
5,0.7838541865348816,0.8568760752677917,0.7857072949409485,411.0,412.0,0.47876712679862976,0.0009999999,0.5716314911842346,0.7860568165779114,0.7855283617973328,0.785937488079071,0.7854166626930237,1508.0,1509.0,0.5,0.6284483075141907,0.5,240.0,240.0,1.3552786111831665,0.0,0.5,0.5,0.5,0.5,240.0,240.0
