epoch,accuracy,auc,f1_score,fn,fp,loss,lr,mcc,npv,precision,recall,specificity,tn,tp,val_accuracy,val_auc,val_f1_score,val_fn,val_fp,val_loss,val_mcc,val_npv,val_precision,val_recall,val_specificity,val_tn,val_tp
0,0.6072916388511658,0.5971073508262634,0.6060658097267151,993.0,1000.0,0.7084426283836365,0.01,0.21272589266300201,0.6069932579994202,0.5845450758934021,0.5862500071525574,0.6041666865348816,1400.0,1407.0,0.5,0.48406901955604553,0.07334019988775253,460.0,6.0,2.0728776454925537,0.0346604585647583,0.5080155730247498,0.7692307829856873,0.0416666679084301,0.987500011920929,474.0,20.0
1,0.6776041388511658,0.7284018397331238,0.6774762272834778,618.0,623.0,0.6170196533203125,0.01,0.3541017770767212,0.6767870783805847,0.6763636469841003,0.6781250238418579,0.6755208373069763,1297.0,1302.0,0.5,0.522777795791626,0.5,240.0,240.0,2.175858974456787,0.0,0.5,0.5,0.5,0.5,240.0,240.0
2,0.7223958373069763,0.7858597040176392,0.718730628490448,533.0,553.0,0.5615594983100891,0.01,0.4349084794521332,0.7195093035697937,0.7149484753608704,0.7223958373069763,0.7119791507720947,1367.0,1387.0,0.5,0.5,0.5,240.0,240.0,6.29205846786499,0.0,0.5,0.5,0.5,0.5,240.0,240.0
3,0.7437499761581421,0.81351238489151,0.7420821785926819,491.0,502.0,0.53583824634552,0.01,0.48320549726486206,0.7431136965751648,0.7400310635566711,0.7442708611488342,0.7385416626930237,1418.0,1429.0,0.5,0.5,0.5,240.0,240.0,5.087865829467773,0.0,0.5,0.5,0.5,0.5,240.0,240.0
4,0.75,0.8293730020523071,0.7546498775482178,465.0,481.0,0.510979950428009,0.0009999999,0.5076138973236084,0.7559406161308289,0.7515496015548706,0.7578125,0.7494791746139526,1439.0,1455.0,0.5,0.5010416507720947,0.5,240.0,240.0,3.7565417289733887,0.0,0.5,0.5,0.5,0.5,240.0,240.0
5,0.7885416746139526,0.8629128336906433,0.7862411141395569,413.0,406.0,0.4705536961555481,0.0009999999,0.5736516714096069,0.7859804034233093,0.7877678871154785,0.7848958373069763,0.7885416746139526,1514.0,1507.0,0.5,0.6157508492469788,0.5,240.0,240.0,1.944055438041687,0.0,0.5,0.5,0.5,0.5,240.0,240.0
