epoch,accuracy,auc,f1_score,fn,fp,loss,lr,mcc,npv,precision,recall,specificity,tn,tp,val_accuracy,val_auc,val_f1_score,val_fn,val_fp,val_loss,val_mcc,val_npv,val_precision,val_recall,val_specificity,val_tn,val_tp
0,0.6020833253860474,0.6730568408966064,0.5814195275306702,930.0,912.0,0.7149637937545776,0.01,0.17093849182128906,0.5861976146697998,0.6171284914016724,0.612500011920929,0.590624988079071,1488.0,1470.0,0.5,0.5,0.5,240.0,240.0,3.673444986343384,0.0,0.5,0.5,0.5,0.5,240.0,240.0
1,0.675000011920929,0.7371882796287537,0.6792985796928406,608.0,631.0,0.606272280216217,0.01,0.35515928268432617,0.6793882846832275,0.6752444505691528,0.6833333373069763,0.6713541746139526,1289.0,1312.0,0.5,0.5145833492279053,0.5,240.0,240.0,2.7264201641082764,0.0,0.5,0.5,0.5,0.5,240.0,240.0
2,0.721875011920929,0.788936197757721,0.7221079468727112,534.0,533.0,0.5598759055137634,0.01,0.4446646273136139,0.7220861315727234,0.7222511768341064,0.721875011920929,0.7223958373069763,1387.0,1386.0,0.5,0.5517296195030212,0.5,240.0,240.0,2.224719762802124,0.0,0.5,0.5,0.5,0.5,240.0,240.0
3,0.7406250238418579,0.8093501925468445,0.7362611293792725,514.0,492.0,0.5333976149559021,0.01,0.4764672815799713,0.7359961867332458,0.7407797574996948,0.7322916388511658,0.7437499761581421,1428.0,1406.0,0.5,0.5,0.5,240.0,240.0,6.751861095428467,0.0,0.5,0.5,0.5,0.5,240.0,240.0
4,0.760937511920929,0.8315924406051636,0.7606146931648254,456.0,465.0,0.5096673965454102,0.0009999999,0.520526111125946,0.7617177963256836,0.7589424848556519,0.762499988079071,0.7578125,1455.0,1464.0,0.5,0.5852603912353516,0.5,240.0,240.0,2.6685690879821777,0.0,0.5,0.5,0.5,0.5,240.0,240.0
5,0.8026041388511658,0.8650973439216614,0.8002163767814636,380.0,389.0,0.46428996324539185,0.0009999999,0.5997321605682373,0.801310658454895,0.7983410954475403,0.8020833134651184,0.7973958253860474,1531.0,1540.0,0.5,0.6490516066551208,0.5,240.0,240.0,1.6305463314056396,0.0,0.5,0.5,0.5,0.5,240.0,240.0
