epoch,accuracy,auc,f1_score,fn,fp,loss,lr,mcc,npv,precision,recall,specificity,tn,tp,val_accuracy,val_auc,val_f1_score,val_fn,val_fp,val_loss,val_mcc,val_npv,val_precision,val_recall,val_specificity,val_tn,val_tp
0,0.6067708134651184,0.582421064376831,0.588261604309082,1040.0,1004.0,0.7035211324691772,0.01,0.18597576022148132,0.5912793278694153,0.5752961039543152,0.5666666626930237,0.6020833253860474,1396.0,1360.0,0.5,0.5,0.5,240.0,240.0,68.27735900878906,0.0,0.5,0.5,0.5,0.5,240.0,240.0
1,0.6307291388511658,0.6748450994491577,0.6272174715995789,710.0,725.0,0.6528271436691284,0.01,0.25296375155448914,0.6281484961509705,0.6253229975700378,0.6302083134651184,0.6223958134651184,1195.0,1210.0,0.5,0.5,0.5,240.0,240.0,8.59798526763916,0.0,0.5,0.5,0.5,0.5,240.0,240.0
2,0.6494791507720947,0.6935622692108154,0.6433277726173401,688.0,676.0,0.6352870464324951,0.01,0.2899894416332245,0.6442614793777466,0.6457023024559021,0.6416666507720947,0.6479166746139526,1244.0,1232.0,0.5,0.5538368225097656,0.5,240.0,240.0,1.2423367500305176,0.0,0.5,0.5,0.5,0.5,240.0,240.0
3,0.675000011920929,0.7132387161254883,0.6688811779022217,637.0,633.0,0.6225501894950867,0.01,0.3388734757900238,0.6690736413002014,0.6696242094039917,0.6682291626930237,0.6703125238418579,1287.0,1283.0,0.5,0.5598350763320923,0.5,240.0,240.0,1.451086163520813,0.0,0.5,0.5,0.5,0.5,240.0,240.0
4,0.6760416626930237,0.7409203052520752,0.677092432975769,620.0,619.0,0.6018454432487488,0.0009999999,0.35503023862838745,0.6775625348091125,0.6774361729621887,0.6770833134651184,0.6776041388511658,1301.0,1300.0,0.5,0.5973350405693054,0.5,240.0,240.0,0.8910955786705017,0.0,0.5,0.5,0.5,0.5,240.0,240.0
5,0.7020833492279053,0.7666531205177307,0.7035782337188721,569.0,570.0,0.5775935649871826,0.0009999999,0.40706193447113037,0.7033576965332031,0.7032795548439026,0.7036458253860474,0.703125,1350.0,1351.0,0.5,0.6186740398406982,0.5,240.0,240.0,1.1452800035476685,0.0,0.5,0.5,0.5,0.5,240.0,240.0
