epoch,accuracy,auc,f1_score,fn,fp,loss,lr,mcc,npv,precision,recall,specificity,tn,tp,val_accuracy,val_auc,val_f1_score,val_fn,val_fp,val_loss,val_mcc,val_npv,val_precision,val_recall,val_specificity,val_tn,val_tp
0,0.589062511920929,0.6415305137634277,0.5795510411262512,938.0,961.0,0.7214069962501526,0.01,0.15293699502944946,0.5759533047676086,0.603384256362915,0.60916668176651,0.5692708492279053,1439.0,1462.0,0.5,0.5,0.6666666269302368,0.0,480.0,27.008512496948242,0.0,0.0,0.5,1.0,0.0,0.0,480.0
1,0.621874988079071,0.6671920418739319,0.6169118285179138,739.0,725.0,0.6541644930839539,0.01,0.23783929646015167,0.6184614896774292,0.6196222305297852,0.6151041388511658,0.6223958134651184,1195.0,1181.0,0.5,0.5477365255355835,0.6666666269302368,0.0,480.0,1.9636255502700806,0.0,0.0,0.5,1.0,0.0,0.0,480.0
2,0.6421874761581421,0.6996312141418457,0.6440388560295105,677.0,695.0,0.6315047740936279,0.01,0.2857370674610138,0.6447011232376099,0.6413828730583191,0.6473958492279053,0.6380208134651184,1225.0,1243.0,0.5,0.6306684017181396,0.5,240.0,240.0,0.9750049114227295,0.0,0.5,0.5,0.5,0.5,240.0,240.0
3,0.6994791626930237,0.7544848918914795,0.693606436252594,590.0,585.0,0.5900824069976807,0.01,0.38828280568122864,0.6935088038444519,0.6945169568061829,0.6927083134651184,0.6953125,1335.0,1330.0,0.5,0.6665494441986084,0.622129499912262,162.0,255.0,0.7728124856948853,0.11682424694299698,0.5121212005615234,0.554973840713501,0.6625000238418579,0.46875,225.0,318.0
4,0.6958333253860474,0.7591602206230164,0.6964623928070068,582.0,583.0,0.584355890750885,0.0009999999,0.3934742212295532,0.6972303986549377,0.6965122222900391,0.6968749761581421,0.6963541507720947,1337.0,1338.0,0.5,0.6617404222488403,0.5,240.0,240.0,1.8568611145019531,0.0,0.5,0.5,0.5,0.5,240.0,240.0
5,0.7447916865348816,0.818073034286499,0.7426186203956604,491.0,499.0,0.5313263535499573,0.0009999999,0.48456910252571106,0.7434756755828857,0.7411825656890869,0.7442708611488342,0.7401041388511658,1421.0,1429.0,0.5,0.6704795956611633,0.5,240.0,240.0,1.7348405122756958,0.0,0.5,0.5,0.5,0.5,240.0,240.0
