epoch,accuracy,auc,f1_score,fn,fp,loss,lr,mcc,npv,precision,recall,specificity,tn,tp,val_accuracy,val_auc,val_f1_score,val_fn,val_fp,val_loss,val_mcc,val_npv,val_precision,val_recall,val_specificity,val_tn,val_tp
0,0.6005208492279053,0.6200184226036072,0.593043863773346,985.0,976.0,0.7192476987838745,0.01,0.1919977217912674,0.5971196293830872,0.5918025970458984,0.5895833373069763,0.5979166626930237,1424.0,1415.0,0.5,0.5,0.5,240.0,240.0,15.710820198059082,0.0,0.5,0.5,0.5,0.5,240.0,240.0
1,0.6635416746139526,0.7011198997497559,0.6567122936248779,653.0,673.0,0.6323220133781433,0.01,0.3100389838218689,0.6557405591011047,0.6530928015708923,0.6598958373069763,0.6494791507720947,1247.0,1267.0,0.5,0.561280369758606,0.5,240.0,240.0,1.041250467300415,0.0,0.5,0.5,0.5,0.5,240.0,240.0
2,0.6895833611488342,0.7472599148750305,0.6878400444984436,597.0,603.0,0.5986176133155823,0.01,0.37560638785362244,0.6884363889694214,0.6869158744812012,0.6890624761581421,0.6859375238418579,1317.0,1323.0,0.5,0.5789952278137207,0.5,240.0,240.0,1.331034541130066,0.0,0.5,0.5,0.5,0.5,240.0,240.0
3,0.7041666507720947,0.765604555606842,0.7013747692108154,573.0,575.0,0.5778316259384155,0.01,0.4023644030094147,0.7009052038192749,0.7008324861526489,0.7015625238418579,0.7005208134651184,1345.0,1347.0,0.5,0.5,0.5,240.0,240.0,4.729025363922119,0.0,0.5,0.5,0.5,0.5,240.0,240.0
4,0.7369791865348816,0.8023577928543091,0.734237015247345,515.0,500.0,0.5431140661239624,0.0009999999,0.47161948680877686,0.7347186207771301,0.7375327944755554,0.7317708134651184,0.7395833134651184,1420.0,1405.0,0.5,0.6053732633590698,0.5,240.0,240.0,1.1377205848693848,0.0,0.5,0.5,0.5,0.5,240.0,240.0
5,0.7437499761581421,0.826772153377533,0.7447496652603149,493.0,486.0,0.514930009841919,0.0009999999,0.4904043972492218,0.7439838647842407,0.7459487915039062,0.7432291507720947,0.746874988079071,1434.0,1427.0,0.5,0.6115212440490723,0.5,240.0,240.0,1.1796574592590332,0.0,0.5,0.5,0.5,0.5,240.0,240.0
