epoch,accuracy,auc,f1_score,fn,fp,loss,lr,mcc,npv,precision,recall,specificity,tn,tp,val_accuracy,val_auc,val_f1_score,val_fn,val_fp,val_loss,val_mcc,val_npv,val_precision,val_recall,val_specificity,val_tn,val_tp
0,0.5630208253860474,0.57191401720047,0.5605169534683228,1064.0,1058.0,0.7367738485336304,0.01,0.12569193542003632,0.5635251402854919,0.5580618381500244,0.5566666722297668,0.5640624761581421,1342.0,1336.0,0.5,0.5145485997200012,0.5,240.0,240.0,6.054202556610107,0.0,0.5,0.5,0.5,0.5,240.0,240.0
1,0.651562511920929,0.6981751918792725,0.6367767453193665,701.0,683.0,0.6310590505599976,0.01,0.2798336148262024,0.6400544047355652,0.6409043073654175,0.6348958611488342,0.6442708373069763,1237.0,1219.0,0.5,0.5,0.5,240.0,240.0,3.815814256668091,0.0,0.5,0.5,0.5,0.5,240.0,240.0
2,0.6692708134651184,0.7142205238342285,0.6617476344108582,651.0,641.0,0.6228758096694946,0.01,0.3277624249458313,0.664467990398407,0.6643978953361511,0.660937488079071,0.6661458611488342,1279.0,1269.0,0.5,0.558765172958374,0.5,240.0,240.0,2.370082139968872,0.0,0.5,0.5,0.5,0.5,240.0,240.0
3,0.692187488079071,0.7558239698410034,0.6896673440933228,594.0,600.0,0.5867084860801697,0.01,0.3784773647785187,0.6894952654838562,0.6884735226631165,0.690625011920929,0.6875,1320.0,1326.0,0.5,0.5,0.5,240.0,240.0,3.44663143157959,0.0,0.5,0.5,0.5,0.5,240.0,240.0
4,0.714062511920929,0.7879603505134583,0.7106967568397522,559.0,548.0,0.5546068549156189,0.0009999999,0.42378178238868713,0.710969865322113,0.7129387259483337,0.7088541388511658,0.7145833373069763,1372.0,1361.0,0.5,0.6220529675483704,0.5,240.0,240.0,2.1020379066467285,0.0,0.5,0.5,0.5,0.5,240.0,240.0
5,0.7359374761581421,0.8141583800315857,0.7343156337738037,508.0,514.0,0.5264227390289307,0.0009999999,0.46795880794525146,0.7346093654632568,0.733125627040863,0.7354166507720947,0.7322916388511658,1406.0,1412.0,0.5,0.6432530283927917,0.5,240.0,240.0,1.3923678398132324,0.0,0.5,0.5,0.5,0.5,240.0,240.0
