epoch,accuracy,auc,f1_score,fn,fp,loss,lr,mcc,npv,precision,recall,specificity,tn,tp,val_accuracy,val_auc,val_f1_score,val_fn,val_fp,val_loss,val_mcc,val_npv,val_precision,val_recall,val_specificity,val_tn,val_tp
0,0.5979166626930237,0.6354442834854126,0.5914018154144287,964.0,964.0,0.7020882368087769,0.01,0.18497437238693237,0.591783344745636,0.5983333587646484,0.5983333587646484,0.5932291746139526,1436.0,1436.0,0.5,0.5,0.5,240.0,240.0,29.050779342651367,0.0,0.5,0.5,0.5,0.5,240.0,240.0
1,0.6557291746139526,0.706645667552948,0.6529715061187744,661.0,676.0,0.625156044960022,0.01,0.30411863327026367,0.653201699256897,0.6506459712982178,0.6557291746139526,0.6479166746139526,1244.0,1259.0,0.5,0.5,0.5,240.0,240.0,8.545894622802734,0.0,0.5,0.5,0.5,0.5,240.0,240.0
2,0.6989583373069763,0.7618140578269958,0.6955590844154358,581.0,590.0,0.5828169584274292,0.01,0.3904644548892975,0.6964329481124878,0.6941420435905457,0.6973958611488342,0.6927083134651184,1330.0,1339.0,0.5,0.5,0.5,240.0,240.0,4.402800559997559,0.0,0.5,0.5,0.5,0.5,240.0,240.0
3,0.7166666388511658,0.787312388420105,0.7101237773895264,558.0,553.0,0.556489109992981,0.01,0.4216099977493286,0.7105647325515747,0.7112271785736084,0.7093750238418579,0.7119791507720947,1367.0,1362.0,0.5,0.503125011920929,0.5,240.0,240.0,3.1704342365264893,0.0,0.5,0.5,0.5,0.5,240.0,240.0
4,0.7520833611488342,0.817273736000061,0.74873948097229,483.0,481.0,0.5261341333389282,0.0009999999,0.4981643855571747,0.7489967942237854,0.7492179274559021,0.7484375238418579,0.7494791746139526,1439.0,1437.0,0.5,0.5519509315490723,0.5,240.0,240.0,1.0809606313705444,0.0,0.5,0.5,0.5,0.5,240.0,240.0
5,0.768750011920929,0.8368553519248962,0.7707908153533936,438.0,443.0,0.503213107585907,0.0009999999,0.541391134262085,0.7715922594070435,0.7698701024055481,0.7718750238418579,0.7692708373069763,1477.0,1482.0,0.49791666865348816,0.5531185269355774,0.5010256171226501,239.0,241.0,0.8047865629196167,0.0,0.5,0.5,0.5020833611488342,0.49791666865348816,239.0,241.0
