epoch,accuracy,auc,f1_score,fn,fp,loss,lr,mcc,npv,precision,recall,specificity,tn,tp,val_accuracy,val_auc,val_f1_score,val_fn,val_fp,val_loss,val_mcc,val_npv,val_precision,val_recall,val_specificity,val_tn,val_tp
0,0.5598958134651184,0.6120434403419495,0.5497863292694092,1021.0,1010.0,0.7218765020370483,0.01,0.10409994423389435,0.5512086749076843,0.5772289633750916,0.5745833516120911,0.5552083253860474,1390.0,1379.0,0.5,0.5,0.5,240.0,240.0,114.66002655029297,0.0,0.5,0.5,0.5,0.5,240.0,240.0
1,0.6244791746139526,0.6624722480773926,0.6170479655265808,732.0,742.0,0.6539146304130554,0.01,0.23273564875125885,0.6165894269943237,0.6155440211296082,0.6187499761581421,0.6135416626930237,1178.0,1188.0,0.5,0.519129753112793,0.5,240.0,240.0,2.858125925064087,0.0,0.5,0.5,0.5,0.5,240.0,240.0
2,0.6499999761581421,0.6942004561424255,0.6471517086029053,674.0,684.0,0.6331039071083069,0.01,0.29315826296806335,0.6472920179367065,0.6455958485603333,0.6489583253860474,0.643750011920929,1236.0,1246.0,0.5,0.5484743714332581,0.6666666269302368,0.0,480.0,1.00710928440094,0.0,0.0,0.5,1.0,0.0,0.0,480.0
3,0.6588541865348816,0.7148745656013489,0.6574313044548035,652.0,668.0,0.6181926727294922,0.01,0.31268104910850525,0.6580461263656616,0.6549586653709412,0.6604166626930237,0.6520833373069763,1252.0,1268.0,0.5,0.5529796481132507,0.5,240.0,240.0,1.4172946214675903,0.0,0.5,0.5,0.5,0.5,240.0,240.0
4,0.6692708134651184,0.7427176237106323,0.673836886882782,619.0,638.0,0.5908530950546265,0.0009999999,0.34556177258491516,0.6752855181694031,0.6709644198417664,0.6776041388511658,0.6677083373069763,1282.0,1301.0,0.5,0.5574414730072021,0.5,240.0,240.0,0.8782802224159241,0.0,0.5,0.5,0.5,0.5,240.0,240.0
5,0.7057291865348816,0.7699876427650452,0.7046259641647339,565.0,573.0,0.5721005797386169,0.0009999999,0.4074725806713104,0.7037652730941772,0.7028008103370667,0.7057291865348816,0.7015625238418579,1347.0,1355.0,0.5,0.5527864098548889,0.5,240.0,240.0,0.8117067813873291,0.0,0.5,0.5,0.5,0.5,240.0,240.0
