epoch,accuracy,auc,f1_score,fn,fp,loss,lr,mcc,npv,precision,recall,specificity,tn,tp,val_accuracy,val_auc,val_f1_score,val_fn,val_fp,val_loss,val_mcc,val_npv,val_precision,val_recall,val_specificity,val_tn,val_tp
0,0.5333333611488342,0.6407385468482971,0.5249661803245544,1004.0,994.0,0.7446140646934509,0.01,0.053251154720783234,0.5259004235267639,0.5841004252433777,0.5816666483879089,0.5286458134651184,1406.0,1396.0,0.5,0.4723849594593048,0.4965021014213562,240.0,244.0,6.228541851043701,-0.008067083545029163,0.49892473220825195,0.4958677589893341,0.5,0.49166667461395264,236.0,240.0
1,0.5947916507720947,0.6221773624420166,0.5848241448402405,797.0,790.0,0.6748622059822083,0.01,0.17384420335292816,0.5881048440933228,0.5870360732078552,0.5848958492279053,0.5885416865348816,1130.0,1123.0,0.49791666865348816,0.4905598759651184,0.6666666269302368,0.0,480.0,1.11355459690094,0.0,0.0,0.5,1.0,0.0,0.0,480.0
2,0.6067708134651184,0.6567564606666565,0.6080083847045898,758.0,739.0,0.6564167737960815,0.01,0.2209499329328537,0.6089617609977722,0.6112572550773621,0.6052083373069763,0.6151041388511658,1181.0,1162.0,0.5,0.534266471862793,0.5,240.0,240.0,1.2317848205566406,0.0,0.5,0.5,0.5,0.5,240.0,240.0
3,0.6312500238418579,0.6858322620391846,0.6308767199516296,712.0,699.0,0.6347962617874146,0.01,0.26549986004829407,0.6323630809783936,0.6334556937217712,0.6291666626930237,0.635937511920929,1221.0,1208.0,0.5,0.5608224868774414,0.5,240.0,240.0,0.7735172510147095,0.0,0.5,0.5,0.5,0.5,240.0,240.0
4,0.6729166507720947,0.7288569211959839,0.6692140102386475,641.0,622.0,0.6078687906265259,0.0009999999,0.34241554141044617,0.6698921322822571,0.6728037595748901,0.6661458611488342,0.6760416626930237,1298.0,1279.0,0.5,0.5683876276016235,0.5,240.0,240.0,1.1957117319107056,0.0,0.5,0.5,0.5,0.5,240.0,240.0
5,0.6848958134651184,0.7504975199699402,0.6831235885620117,610.0,605.0,0.5893647074699402,0.0009999999,0.36748388409614563,0.6832101941108704,0.6840730905532837,0.6822916865348816,0.6848958134651184,1315.0,1310.0,0.5,0.5661544799804688,0.5,240.0,240.0,0.8978720307350159,0.0,0.5,0.5,0.5,0.5,240.0,240.0
