epoch,accuracy,auc,f1_score,fn,fp,loss,lr,mcc,npv,precision,recall,specificity,tn,tp,val_accuracy,val_auc,val_f1_score,val_fn,val_fp,val_loss,val_mcc,val_npv,val_precision,val_recall,val_specificity,val_tn,val_tp
0,0.5817708373069763,0.6204078197479248,0.5885050892829895,969.0,984.0,0.7153107523918152,0.01,0.176778182387352,0.5890838503837585,0.5925465822219849,0.5962499976158142,0.5864583253860474,1416.0,1431.0,0.5,0.5,0.5,240.0,240.0,245.10279846191406,0.0,0.5,0.5,0.5,0.5,240.0,240.0
1,0.659375011920929,0.7053902745246887,0.6573545932769775,653.0,665.0,0.6257791519165039,0.01,0.3142031729221344,0.6587439775466919,0.6557971239089966,0.6598958373069763,0.6536458134651184,1255.0,1267.0,0.5,0.5454882383346558,0.5,240.0,240.0,1.097805142402649,0.0,0.5,0.5,0.5,0.5,240.0,240.0
2,0.676562488079071,0.7333245873451233,0.6762322187423706,626.0,613.0,0.6048495769500732,0.01,0.35505038499832153,0.6762192249298096,0.6785526871681213,0.6739583611488342,0.6807291507720947,1307.0,1294.0,0.5,0.5770334601402283,0.5,240.0,240.0,1.2944170236587524,0.0,0.5,0.5,0.5,0.5,240.0,240.0
3,0.676562488079071,0.7460656762123108,0.6780827045440674,613.0,627.0,0.5916725993156433,0.01,0.35443252325057983,0.6787874102592468,0.6758014559745789,0.6807291507720947,0.6734374761581421,1293.0,1307.0,0.5,0.592343807220459,0.5,240.0,240.0,0.8217189908027649,0.0,0.5,0.5,0.5,0.5,240.0,240.0
4,0.7135416865348816,0.7875314950942993,0.7099465727806091,559.0,553.0,0.565464198589325,0.0009999999,0.421120822429657,0.709886908531189,0.7110762596130371,0.7088541388511658,0.7119791507720947,1367.0,1361.0,0.5,0.5953320264816284,0.5,240.0,240.0,1.028469204902649,0.0,0.5,0.5,0.5,0.5,240.0,240.0
5,0.7526041865348816,0.8142126798629761,0.7482320666313171,485.0,481.0,0.5313087105751038,0.0009999999,0.49711400270462036,0.7479067444801331,0.7489561438560486,0.7473958134651184,0.7494791746139526,1439.0,1435.0,0.5,0.5979101657867432,0.5,240.0,240.0,1.0796215534210205,0.0,0.5,0.5,0.5,0.5,240.0,240.0
