epoch,accuracy,auc,f1_score,fn,fp,loss,lr,mcc,npv,precision,recall,specificity,tn,tp,val_accuracy,val_auc,val_f1_score,val_fn,val_fp,val_loss,val_mcc,val_npv,val_precision,val_recall,val_specificity,val_tn,val_tp
0,0.596875011920929,0.6112908124923706,0.595868706703186,986.0,996.0,0.7116870880126953,0.01,0.18839702010154724,0.5941963791847229,0.5867220163345337,0.5891666412353516,0.589062511920929,1404.0,1414.0,0.5,0.5,0.6666666269302368,0.0,480.0,6.501572132110596,0.0,0.0,0.5,1.0,0.0,0.0,480.0
1,0.6645833253860474,0.723766565322876,0.6638535261154175,642.0,650.0,0.6142385601997375,0.01,0.3276948630809784,0.6649650931358337,0.6628630757331848,0.6656249761581421,0.6614583134651184,1270.0,1278.0,0.5,0.539175271987915,0.5100105404853821,235.0,240.0,1.4117469787597656,0.010026995092630386,0.5,0.5051546096801758,0.5104166865348816,0.5,240.0,245.0
2,0.6953125,0.7648007273674011,0.6917523145675659,598.0,581.0,0.5788952708244324,0.01,0.3862428665161133,0.6909794211387634,0.6946926116943359,0.6885416507720947,0.6973958611488342,1339.0,1322.0,0.5,0.5265624523162842,0.5,240.0,240.0,2.9291157722473145,0.0,0.5,0.5,0.5,0.5,240.0,240.0
3,0.7171875238418579,0.7816483378410339,0.7151370644569397,548.0,546.0,0.5595300197601318,0.01,0.43053537607192993,0.7146617770195007,0.7153284549713135,0.7145833373069763,0.715624988079071,1374.0,1372.0,0.5,0.5609114766120911,0.5,240.0,240.0,2.3410463333129883,0.0,0.5,0.5,0.5,0.5,240.0,240.0
4,0.739062488079071,0.8052083849906921,0.7374969720840454,505.0,501.0,0.5373698472976685,0.0009999999,0.47634419798851013,0.7381379008293152,0.7385177612304688,0.7369791865348816,0.739062488079071,1419.0,1415.0,0.5,0.6002582311630249,0.5,240.0,240.0,1.2888933420181274,0.0,0.5,0.5,0.5,0.5,240.0,240.0
5,0.7552083134651184,0.8281382322311401,0.7540730237960815,470.0,475.0,0.5104635953903198,0.0009999999,0.5080001354217529,0.7549659609794617,0.7532467246055603,0.7552083134651184,0.7526041865348816,1445.0,1450.0,0.5,0.6035829186439514,0.5,240.0,240.0,1.2947334051132202,0.0,0.5,0.5,0.5,0.5,240.0,240.0
