epoch,accuracy,auc,f1_score,fn,fp,loss,lr,mcc,npv,precision,recall,specificity,tn,tp,val_accuracy,val_auc,val_f1_score,val_fn,val_fp,val_loss,val_mcc,val_npv,val_precision,val_recall,val_specificity,val_tn,val_tp
0,0.6239583492279053,0.6306185722351074,0.6086700558662415,946.0,952.0,0.7587339282035828,0.01,0.21776357293128967,0.6097707152366638,0.6043225526809692,0.6058333516120911,0.6067708134651184,1448.0,1454.0,0.5,0.5468229651451111,0.5,240.0,240.0,1.248272180557251,0.0,0.5,0.5,0.5,0.5,240.0,240.0
1,0.6786458492279053,0.7396677136421204,0.6726256012916565,634.0,617.0,0.6014794707298279,0.01,0.34920379519462585,0.6730431318283081,0.6757751107215881,0.6697916388511658,0.6786458492279053,1303.0,1286.0,0.5,0.5265733003616333,0.5,240.0,240.0,1.3297196626663208,0.0,0.5,0.5,0.5,0.5,240.0,240.0
2,0.6968749761581421,0.7689623832702637,0.6897487044334412,599.0,588.0,0.5670372247695923,0.01,0.3824878931045532,0.6904214024543762,0.6919853091239929,0.6880208253860474,0.6937500238418579,1332.0,1321.0,0.5,0.581154465675354,0.5,240.0,240.0,1.586627721786499,0.0,0.5,0.5,0.5,0.5,240.0,240.0
3,0.7015625238418579,0.7813766598701477,0.6977018713951111,578.0,582.0,0.5546854138374329,0.01,0.39664313197135925,0.699596107006073,0.6975051760673523,0.6989583373069763,0.6968749761581421,1338.0,1342.0,0.5,0.5734700560569763,0.5,240.0,240.0,1.747630000114441,0.0,0.5,0.5,0.5,0.5,240.0,240.0
4,0.754687488079071,0.8280406594276428,0.7543202638626099,476.0,464.0,0.5078214406967163,0.0009999999,0.5109437108039856,0.7541075944900513,0.7568134069442749,0.7520833611488342,0.7583333253860474,1456.0,1444.0,0.5,0.5798676013946533,0.5,240.0,240.0,1.4447952508926392,0.0,0.5,0.5,0.5,0.5,240.0,240.0
5,0.7749999761581421,0.8660537600517273,0.775719940662384,428.0,435.0,0.4552856981754303,0.0009999999,0.5509499311447144,0.7764233350753784,0.7742605209350586,0.7770833373069763,0.7734375,1485.0,1492.0,0.5,0.5796810388565063,0.5,240.0,240.0,1.471490502357483,0.0,0.5,0.5,0.5,0.5,240.0,240.0
