epoch,accuracy,auc,f1_score,fn,fp,loss,lr,mcc,npv,precision,recall,specificity,tn,tp,val_accuracy,val_auc,val_f1_score,val_fn,val_fp,val_loss,val_mcc,val_npv,val_precision,val_recall,val_specificity,val_tn,val_tp
0,0.6223958134651184,0.6072227954864502,0.6154850721359253,965.0,1001.0,0.753132700920105,0.01,0.22725160419940948,0.6172899603843689,0.5890804529190063,0.5979166626930237,0.6036458611488342,1399.0,1435.0,0.5083333253860474,0.5652864575386047,0.6803462505340576,35.0,391.0,0.7740523815155029,0.10352476686239243,0.5200000405311584,0.5322966575622559,0.9270833134651184,0.18541666865348816,89.0,445.0
1,0.6755208373069763,0.7291620373725891,0.6645180583000183,653.0,621.0,0.6115811467170715,0.01,0.3374423384666443,0.6675218939781189,0.6710805296897888,0.6598958373069763,0.676562488079071,1299.0,1267.0,0.5,0.5938498377799988,0.5,240.0,240.0,1.0489383935928345,0.0,0.5,0.5,0.5,0.5,240.0,240.0
2,0.7067708373069763,0.7828403115272522,0.7048789858818054,571.0,554.0,0.5586022734642029,0.01,0.4146897494792938,0.7070538401603699,0.7088807225227356,0.7026041746139526,0.7114583253860474,1366.0,1349.0,0.4854166805744171,0.5783593654632568,0.5580175518989563,189.0,279.0,0.8053550720214844,0.025081884115934372,0.5061728358268738,0.5105262994766235,0.606249988079071,0.41874998807907104,201.0,291.0
3,0.7317708134651184,0.8071516156196594,0.7310993075370789,514.0,520.0,0.5316116809844971,0.01,0.4618464708328247,0.7317233681678772,0.7300103902816772,0.7322916388511658,0.7291666865348816,1400.0,1406.0,0.5,0.5902799367904663,0.5,240.0,240.0,1.6956862211227417,0.0,0.5,0.5,0.5,0.5,240.0,240.0
4,0.7473958134651184,0.8185978531837463,0.7408591508865356,501.0,490.0,0.5192545652389526,0.0009999999,0.48467549681663513,0.7415779829025269,0.7433211207389832,0.739062488079071,0.7447916865348816,1430.0,1419.0,0.5,0.5781466960906982,0.5,240.0,240.0,1.8020907640457153,0.0,0.5,0.5,0.5,0.5,240.0,240.0
5,0.7828124761581421,0.8635576963424683,0.7802273035049438,419.0,426.0,0.46171513199806213,0.0009999999,0.5604870915412903,0.7815600037574768,0.7789309620857239,0.7817708253860474,0.778124988079071,1494.0,1501.0,0.5,0.5683181285858154,0.5,240.0,240.0,1.3022480010986328,0.0,0.5,0.5,0.5,0.5,240.0,240.0
