epoch,accuracy,auc,f1_score,fn,fp,loss,lr,mcc,npv,precision,recall,specificity,tn,tp,val_accuracy,val_auc,val_f1_score,val_fn,val_fp,val_loss,val_mcc,val_npv,val_precision,val_recall,val_specificity,val_tn,val_tp
0,0.5791666507720947,0.5713626742362976,0.5689290165901184,1062.0,1060.0,0.7801545858383179,0.01,0.14045245945453644,0.570906937122345,0.5579649806022644,0.5575000047683716,0.5703125,1340.0,1338.0,0.5,0.5150412321090698,0.5,240.0,240.0,1.1767975091934204,0.0,0.5,0.5,0.5,0.5,240.0,240.0
1,0.6630208492279053,0.7084523439407349,0.6549040675163269,664.0,655.0,0.6252907514572144,0.01,0.31376075744628906,0.657341718673706,0.6572475433349609,0.6541666388511658,0.6588541865348816,1265.0,1256.0,0.5,0.5263237953186035,0.5,240.0,240.0,0.9222104549407959,0.0,0.5,0.5,0.5,0.5,240.0,240.0
2,0.7083333134651184,0.7622244954109192,0.7009102702140808,575.0,574.0,0.5793542861938477,0.01,0.40227973461151123,0.700430691242218,0.7008858919143677,0.7005208134651184,0.7010416388511658,1346.0,1345.0,0.5,0.49040576815605164,0.46199139952659607,273.0,209.0,0.7618824243545532,-0.002891619922593236,0.4984484612941742,0.4975961446762085,0.4312500059604645,0.5645833611488342,271.0,207.0
3,0.71875,0.7976771593093872,0.7186343669891357,538.0,543.0,0.5422160029411316,0.01,0.43740686774253845,0.7195636630058289,0.7179220914840698,0.7197916507720947,0.7171875238418579,1377.0,1382.0,0.4854166805744171,0.46461373567581177,0.41520005464553833,308.0,210.0,0.8686830401420593,-0.0670485571026802,0.44724878668785095,0.45026177167892456,0.3583333194255829,0.5625,270.0,172.0
4,0.7520833611488342,0.8301613330841064,0.7482238411903381,483.0,484.0,0.504952609539032,0.0009999999,0.4967155158519745,0.7484925985336304,0.7480478882789612,0.7484375238418579,0.7479166388511658,1436.0,1437.0,0.48124998807907104,0.47765403985977173,0.41391029953956604,306.0,192.0,0.7829093337059021,-0.03602270409464836,0.481186181306839,0.4754098355770111,0.36250001192092896,0.6000000238418579,288.0,174.0
5,0.7989583611488342,0.8779589533805847,0.8005514144897461,382.0,385.0,0.4369148910045624,0.0009999999,0.600930392742157,0.8007022142410278,0.7997919917106628,0.8010416626930237,0.7994791865348816,1535.0,1538.0,0.4833333194255829,0.47925347089767456,0.43365567922592163,288.0,219.0,0.7725480198860168,-0.05423588305711746,0.4699511229991913,0.46715328097343445,0.4000000059604645,0.543749988079071,261.0,192.0
