epoch,accuracy,auc,f1_score,fn,fp,loss,lr,mcc,npv,precision,recall,specificity,tn,tp,val_accuracy,val_auc,val_f1_score,val_fn,val_fp,val_loss,val_mcc,val_npv,val_precision,val_recall,val_specificity,val_tn,val_tp
0,0.6104166507720947,0.6130765676498413,0.5923982858657837,1002.0,994.0,0.7587940096855164,0.01,0.18990008533000946,0.5955268740653992,0.5844481587409973,0.5824999809265137,0.596875011920929,1406.0,1398.0,0.5,0.5224696397781372,0.5327275395393372,208.0,267.0,0.7774789333343506,0.010827104561030865,0.507692277431488,0.5046381950378418,0.5666666626930237,0.4437499940395355,213.0,272.0
1,0.6541666388511658,0.709810733795166,0.6542033553123474,661.0,666.0,0.6334940195083618,0.01,0.3095835745334625,0.6558114290237427,0.6540259718894958,0.6557291746139526,0.653124988079071,1254.0,1259.0,0.5,0.5499435663223267,0.5,240.0,240.0,1.1295863389968872,0.0,0.5,0.5,0.5,0.5,240.0,240.0
2,0.6947916746139526,0.7526410818099976,0.6875085830688477,604.0,590.0,0.5923493504524231,0.01,0.37883156538009644,0.6886939406394958,0.6904512047767639,0.6854166388511658,0.6927083134651184,1330.0,1316.0,0.5,0.6027538776397705,0.5,240.0,240.0,0.9508040547370911,0.0,0.5,0.5,0.5,0.5,240.0,240.0
3,0.7270833253860474,0.8013149499893188,0.7267552018165588,523.0,526.0,0.5409086346626282,0.01,0.45436984300613403,0.7280988097190857,0.7264690399169922,0.7276041507720947,0.7260416746139526,1394.0,1397.0,0.5,0.5963975787162781,0.5,240.0,240.0,1.049996256828308,0.0,0.5,0.5,0.5,0.5,240.0,240.0
4,0.7562500238418579,0.8324383497238159,0.7524887919425964,475.0,475.0,0.5014410614967346,0.0009999999,0.5058085918426514,0.7531063556671143,0.7526041865348816,0.7526041865348816,0.7526041865348816,1445.0,1445.0,0.5,0.6111674904823303,0.5,240.0,240.0,1.0972555875778198,0.0,0.5,0.5,0.5,0.5,240.0,240.0
5,0.809374988079071,0.8860159516334534,0.8060315251350403,379.0,363.0,0.4343593418598175,0.0009999999,0.6139732599258423,0.8043462038040161,0.8093487620353699,0.8026041388511658,0.8109375238418579,1557.0,1541.0,0.5,0.612951397895813,0.5,240.0,240.0,1.1433054208755493,0.0,0.5,0.5,0.5,0.5,240.0,240.0
