epoch,accuracy,auc,f1_score,fn,fp,loss,lr,mcc,npv,precision,recall,specificity,tn,tp,val_accuracy,val_auc,val_f1_score,val_fn,val_fp,val_loss,val_mcc,val_npv,val_precision,val_recall,val_specificity,val_tn,val_tp
0,0.6130208373069763,0.6257128119468689,0.60905921459198,1002.0,986.0,0.7469303011894226,0.01,0.21770711243152618,0.6095238327980042,0.5864093899726868,0.5824999809265137,0.606249988079071,1414.0,1398.0,0.5,0.49232205748558044,0.5,240.0,240.0,1.0679137706756592,0.0,0.5,0.5,0.5,0.5,240.0,240.0
1,0.6640625,0.7194404006004333,0.658691942691803,667.0,630.0,0.6153857707977295,0.01,0.32521292567253113,0.6595833897590637,0.6654275059700012,0.6526041626930237,0.671875,1290.0,1253.0,0.5,0.4921897053718567,0.5,240.0,240.0,0.913922131061554,0.0,0.5,0.5,0.5,0.5,240.0,240.0
2,0.7151041626930237,0.7779929637908936,0.7014350295066833,584.0,550.0,0.5614041090011597,0.01,0.4101097881793976,0.702483057975769,0.7083775401115417,0.6958333253860474,0.7135416865348816,1370.0,1336.0,0.5,0.5252017974853516,0.5,240.0,240.0,0.9542689919471741,0.0,0.5,0.5,0.5,0.5,240.0,240.0
3,0.729687511920929,0.8028823733329773,0.7233098149299622,538.0,516.0,0.5314013361930847,0.01,0.4515676200389862,0.724358320236206,0.7281348705291748,0.7197916507720947,0.731249988079071,1404.0,1382.0,0.5,0.5092860460281372,0.5,240.0,240.0,0.9851251244544983,0.0,0.5,0.5,0.5,0.5,240.0,240.0
4,0.7291666865348816,0.8161982893943787,0.7310132384300232,509.0,530.0,0.519985020160675,0.0009999999,0.45928412675857544,0.7318829298019409,0.7269448637962341,0.7348958253860474,0.7239583134651184,1390.0,1411.0,0.5,0.5294487476348877,0.5,240.0,240.0,1.0248202085494995,0.0,0.5,0.5,0.5,0.5,240.0,240.0
5,0.7807291746139526,0.8589916825294495,0.7792302966117859,427.0,418.0,0.46551713347435,0.0009999999,0.5602909326553345,0.7792770266532898,0.7812663316726685,0.7776041626930237,0.7822916507720947,1502.0,1493.0,0.5,0.5109179615974426,0.5,240.0,240.0,1.183444857597351,0.0,0.5,0.5,0.5,0.5,240.0,240.0
