epoch,accuracy,auc,f1_score,fn,fp,loss,lr,mcc,npv,precision,recall,specificity,tn,tp,val_accuracy,val_auc,val_f1_score,val_fn,val_fp,val_loss,val_mcc,val_npv,val_precision,val_recall,val_specificity,val_tn,val_tp
0,0.6260416507720947,0.5975701808929443,0.5976276993751526,1012.0,1010.0,0.7511658072471619,0.01,0.19768990576267242,0.5983258485794067,0.5788156986236572,0.57833331823349,0.5989583134651184,1390.0,1388.0,0.5,0.5166449546813965,0.5,240.0,240.0,0.8308241367340088,0.0,0.5,0.5,0.5,0.5,240.0,240.0
1,0.6713541746139526,0.7195316553115845,0.6656697988510132,640.0,647.0,0.6189028024673462,0.01,0.33063575625419617,0.665113091468811,0.6642449498176575,0.6666666865348816,0.6630208492279053,1273.0,1280.0,0.5,0.5544292330741882,0.5,240.0,240.0,1.192948818206787,0.0,0.5,0.5,0.5,0.5,240.0,240.0
2,0.706250011920929,0.7725716233253479,0.7076265215873718,556.0,571.0,0.5699930191040039,0.01,0.4138766825199127,0.7084631323814392,0.7049095630645752,0.7104166746139526,0.7026041746139526,1349.0,1364.0,0.5,0.49606984853744507,0.5,240.0,240.0,1.3564809560775757,0.0,0.5,0.5,0.5,0.5,240.0,240.0
3,0.7427083253860474,0.8146725296974182,0.7388792634010315,510.0,487.0,0.5274466872215271,0.01,0.4815220832824707,0.7376572489738464,0.7432788610458374,0.734375,0.7463541626930237,1433.0,1410.0,0.5,0.5021657943725586,0.5,240.0,240.0,1.5534062385559082,0.0,0.5,0.5,0.5,0.5,240.0,240.0
4,0.7401041388511658,0.8202430009841919,0.7351530194282532,523.0,482.0,0.5175778865814209,0.0009999999,0.47729822993278503,0.7341123819351196,0.7434805631637573,0.7276041507720947,0.7489583492279053,1438.0,1397.0,0.5,0.5238845348358154,0.5,240.0,240.0,2.1385385990142822,0.0,0.5,0.5,0.5,0.5,240.0,240.0
5,0.785937488079071,0.8705245852470398,0.7892802953720093,418.0,382.0,0.4553355872631073,0.0009999999,0.5838446021080017,0.7873208522796631,0.7972398996353149,0.7822916507720947,0.8010416626930237,1538.0,1502.0,0.5,0.5350673198699951,0.5,240.0,240.0,2.326974391937256,0.0,0.5,0.5,0.5,0.5,240.0,240.0
