epoch,accuracy,auc,f1_score,fn,fp,loss,lr,mcc,npv,precision,recall,specificity,tn,tp,val_accuracy,val_auc,val_f1_score,val_fn,val_fp,val_loss,val_mcc,val_npv,val_precision,val_recall,val_specificity,val_tn,val_tp
0,0.6234375238418579,0.6475542187690735,0.6094672679901123,947.0,918.0,0.7433808445930481,0.01,0.2257130742073059,0.611619234085083,0.6128215789794922,0.6054166555404663,0.6187499761581421,1482.0,1453.0,0.5,0.5106900930404663,0.5,240.0,240.0,1.0965183973312378,0.0,0.5,0.5,0.5,0.5,240.0,240.0
1,0.6781250238418579,0.7348960041999817,0.6754339337348938,617.0,633.0,0.6134159564971924,0.01,0.34986916184425354,0.6767481565475464,0.6730371713638306,0.6786458492279053,0.6703125238418579,1287.0,1303.0,0.5104166865348816,0.4993446171283722,0.34138256311416626,357.0,126.0,0.6982949376106262,0.004166257567703724,0.49193376302719116,0.4939759075641632,0.2562499940395355,0.737500011920929,354.0,123.0
2,0.721875011920929,0.7905945777893066,0.7127004265785217,543.0,564.0,0.5496159791946411,0.01,0.42421069741249084,0.7153517603874207,0.7094281315803528,0.7171875238418579,0.706250011920929,1356.0,1377.0,0.5,0.543422281742096,0.5,240.0,240.0,1.1045459508895874,0.0,0.5,0.5,0.5,0.5,240.0,240.0
3,0.7458333373069763,0.8218691945075989,0.7401164770126343,502.0,492.0,0.5180451273918152,0.01,0.4829540252685547,0.7408930063247681,0.7424083948135376,0.7385416626930237,0.7437499761581421,1428.0,1418.0,0.5,0.5767686367034912,0.5,240.0,240.0,1.18910813331604,0.0,0.5,0.5,0.5,0.5,240.0,240.0
4,0.765625,0.8437508344650269,0.7589492201805115,466.0,457.0,0.48858335614204407,0.01,0.5196789503097534,0.758844792842865,0.7608581781387329,0.7572916746139526,0.7619791626930237,1463.0,1454.0,0.5,0.5125021934509277,0.5,240.0,240.0,0.9769662618637085,0.0,0.5,0.5,0.5,0.5,240.0,240.0
5,0.7833333611488342,0.8733265995979309,0.7793740630149841,434.0,405.0,0.4458625018596649,0.0009999999,0.5635221600532532,0.7784457802772522,0.7858275771141052,0.7739583253860474,0.7890625,1515.0,1486.0,0.5,0.5352104902267456,0.5,240.0,240.0,1.01417076587677,0.0,0.5,0.5,0.5,0.5,240.0,240.0
6,0.8432291746139526,0.9177520275115967,0.8419612050056458,309.0,296.0,0.37043872475624084,0.0009999999,0.6852858066558838,0.8403081893920898,0.8447823524475098,0.839062511920929,0.8458333611488342,1624.0,1611.0,0.5,0.5342013239860535,0.5,240.0,240.0,1.12033212184906,0.0,0.5,0.5,0.5,0.5,240.0,240.0
