epoch,accuracy,auc,f1_score,fn,fp,loss,lr,mcc,npv,precision,recall,specificity,tn,tp,val_accuracy,val_auc,val_f1_score,val_fn,val_fp,val_loss,val_mcc,val_npv,val_precision,val_recall,val_specificity,val_tn,val_tp
0,0.6442708373069763,0.6727783679962158,0.63676518201828,930.0,827.0,0.6684278249740601,0.01,0.27587446570396423,0.6402022242546082,0.6399651765823364,0.612500011920929,0.6369791626930237,1573.0,1470.0,0.5,0.5,0.5,240.0,240.0,18.50200843811035,0.0,0.5,0.5,0.5,0.5,240.0,240.0
1,0.7161458134651184,0.7829325795173645,0.7164744734764099,548.0,537.0,0.5616793036460876,0.01,0.43519777059555054,0.7166315317153931,0.7187008857727051,0.7145833373069763,0.7203124761581421,1383.0,1372.0,0.5,0.5,0.5,240.0,240.0,9.234549522399902,0.0,0.5,0.5,0.5,0.5,240.0,240.0
2,0.7692708373069763,0.8413804173469543,0.7664216160774231,448.0,448.0,0.49410998821258545,0.01,0.5336578488349915,0.7673360705375671,0.7666666507720947,0.7666666507720947,0.7666666507720947,1472.0,1472.0,0.5,0.542187511920929,0.5,240.0,240.0,2.6535682678222656,0.0,0.5,0.5,0.5,0.5,240.0,240.0
3,0.7932291626930237,0.8658236265182495,0.7934026122093201,397.0,396.0,0.4591626226902008,0.01,0.5872091054916382,0.7935492396354675,0.793642520904541,0.7932291626930237,0.793749988079071,1524.0,1523.0,0.5,0.5877799391746521,0.5,240.0,240.0,1.8360365629196167,0.0,0.5,0.5,0.5,0.5,240.0,240.0
4,0.8218749761581421,0.8992974162101746,0.8213072419166565,341.0,346.0,0.40142717957496643,0.0009999999,0.6423513293266296,0.8220634460449219,0.8202597498893738,0.8223958611488342,0.8197916746139526,1574.0,1579.0,0.5,0.5527061820030212,0.5,240.0,240.0,2.58730411529541,0.0,0.5,0.5,0.5,0.5,240.0,240.0
5,0.8447916507720947,0.928712785243988,0.8444443941116333,299.0,298.0,0.3425008952617645,0.0009999999,0.6891466975212097,0.8445095419883728,0.8447107672691345,0.8442708253860474,0.8447916507720947,1622.0,1621.0,0.5,0.6165950894355774,0.5,240.0,240.0,1.6844464540481567,0.0,0.5,0.5,0.5,0.5,240.0,240.0
