epoch,accuracy,auc,f1_score,fn,fp,loss,lr,mcc,npv,precision,recall,specificity,tn,tp,val_accuracy,val_auc,val_f1_score,val_fn,val_fp,val_loss,val_mcc,val_npv,val_precision,val_recall,val_specificity,val_tn,val_tp
0,0.6109374761581421,0.6626127362251282,0.6149489283561707,932.0,916.0,0.7031111121177673,0.01,0.22815725207328796,0.6154268980026245,0.6157718300819397,0.6116666793823242,0.609375,1484.0,1468.0,0.5,0.5,0.5,240.0,240.0,14.484527587890625,0.0,0.5,0.5,0.5,0.5,240.0,240.0
1,0.714062511920929,0.7800890803337097,0.7134414315223694,552.0,547.0,0.5603588223457336,0.01,0.42786702513694763,0.7132723927497864,0.7143602967262268,0.7124999761581421,0.7151041626930237,1373.0,1368.0,0.5,0.5,0.5,240.0,240.0,6.114292621612549,0.0,0.5,0.5,0.5,0.5,240.0,240.0
2,0.7406250238418579,0.8154941201210022,0.7366054654121399,503.0,511.0,0.5230139493942261,0.01,0.4722375273704529,0.7368671894073486,0.7349585294723511,0.7380208373069763,0.7338541746139526,1409.0,1417.0,0.5,0.5,0.5,240.0,240.0,4.311005115509033,0.0,0.5,0.5,0.5,0.5,240.0,240.0
3,0.7713541388511658,0.8472086787223816,0.7685312628746033,448.0,438.0,0.48551830649375916,0.01,0.5388593673706055,0.7683446407318115,0.7706806063652039,0.7666666507720947,0.7718750238418579,1482.0,1472.0,0.5,0.5005208253860474,0.5,240.0,240.0,3.395969867706299,0.0,0.5,0.5,0.5,0.5,240.0,240.0
4,0.8114583492279053,0.8896619081497192,0.8107200264930725,360.0,369.0,0.4216162860393524,0.0009999999,0.6206021904945374,0.8115732073783875,0.8087092041969299,0.8125,0.807812511920929,1551.0,1560.0,0.5,0.53829425573349,0.5,240.0,240.0,2.823643207550049,0.0,0.5,0.5,0.5,0.5,240.0,240.0
5,0.8442708253860474,0.9115493297576904,0.8416377902030945,304.0,304.0,0.38226181268692017,0.0009999999,0.6835933923721313,0.8419110178947449,0.8416666388511658,0.8416666388511658,0.8416666388511658,1616.0,1616.0,0.5,0.6243489980697632,0.5,240.0,240.0,1.5848783254623413,0.0,0.5,0.5,0.5,0.5,240.0,240.0
