epoch,accuracy,auc,f1_score,fn,fp,loss,lr,mcc,npv,precision,recall,specificity,tn,tp,val_accuracy,val_auc,val_f1_score,val_fn,val_fp,val_loss,val_mcc,val_npv,val_precision,val_recall,val_specificity,val_tn,val_tp
0,0.6130208373069763,0.6796908378601074,0.6019859313964844,887.0,885.0,0.715335488319397,0.01,0.2052806168794632,0.602152943611145,0.6309424638748169,0.6304166913032532,0.6026041507720947,1515.0,1513.0,0.5,0.5,0.5,240.0,240.0,37.59754943847656,0.0,0.5,0.5,0.5,0.5,240.0,240.0
1,0.6953125,0.7565237283706665,0.6950158476829529,581.0,593.0,0.5897567272186279,0.01,0.3889002501964569,0.6959701776504517,0.6930641531944275,0.6973958611488342,0.6911458373069763,1327.0,1339.0,0.5,0.5,0.5,240.0,240.0,13.630871772766113,0.0,0.5,0.5,0.5,0.5,240.0,240.0
2,0.7250000238418579,0.7894837260246277,0.7218385338783264,534.0,537.0,0.5538495182991028,0.01,0.4426189661026001,0.720553457736969,0.7207488417625427,0.721875011920929,0.7203124761581421,1383.0,1386.0,0.5,0.5,0.5,240.0,240.0,8.742466926574707,0.0,0.5,0.5,0.5,0.5,240.0,240.0
3,0.7578125,0.8334037661552429,0.7601034641265869,455.0,470.0,0.5026308298110962,0.01,0.5185272097587585,0.7612218260765076,0.7571059465408325,0.7630208134651184,0.7552083134651184,1450.0,1465.0,0.5,0.5,0.5,240.0,240.0,6.422640323638916,0.0,0.5,0.5,0.5,0.5,240.0,240.0
4,0.8031250238418579,0.875220000743866,0.8048033118247986,375.0,373.0,0.4441659152507782,0.0009999999,0.6107217669487,0.8056923747062683,0.805526614189148,0.8046875,0.8057291507720947,1547.0,1545.0,0.5,0.5005208253860474,0.5,240.0,240.0,3.8075125217437744,0.0,0.5,0.5,0.5,0.5,240.0,240.0
5,0.8229166865348816,0.8983858227729797,0.8203495144844055,345.0,344.0,0.4055361747741699,0.0009999999,0.6413360834121704,0.8208837509155273,0.8207399845123291,0.8203125,0.8208333253860474,1576.0,1575.0,0.5,0.6507443189620972,0.5,240.0,240.0,2.2224807739257812,0.0,0.5,0.5,0.5,0.5,240.0,240.0
