epoch,accuracy,auc,f1_score,fn,fp,loss,lr,mcc,npv,precision,recall,specificity,tn,tp,val_accuracy,val_auc,val_f1_score,val_fn,val_fp,val_loss,val_mcc,val_npv,val_precision,val_recall,val_specificity,val_tn,val_tp
0,0.628125011920929,0.6248811483383179,0.6240297555923462,963.0,952.0,0.6881752014160156,0.01,0.25000351667404175,0.6238714456558228,0.6015068888664246,0.5987499952316284,0.6265624761581421,1448.0,1437.0,0.5,0.5,0.5,240.0,240.0,8.753432273864746,0.0,0.5,0.5,0.5,0.5,240.0,240.0
1,0.721875011920929,0.780778169631958,0.7165107727050781,543.0,548.0,0.5680650472640991,0.01,0.43209072947502136,0.715973436832428,0.7153246998786926,0.7171875238418579,0.7145833373069763,1372.0,1377.0,0.5,0.5005208253860474,0.5,240.0,240.0,3.1484060287475586,0.0,0.5,0.5,0.5,0.5,240.0,240.0
2,0.7479166388511658,0.8191350102424622,0.7469121813774109,486.0,483.0,0.5242344737052917,0.01,0.49559295177459717,0.7483475804328918,0.7480438351631165,0.746874988079071,0.7484375238418579,1437.0,1434.0,0.5,0.5,0.5,240.0,240.0,3.607081890106201,0.0,0.5,0.5,0.5,0.5,240.0,240.0
3,0.768750011920929,0.8467836976051331,0.7676970958709717,449.0,441.0,0.4863210618495941,0.01,0.5366770625114441,0.7673181891441345,0.7693514823913574,0.7661458253860474,0.770312488079071,1479.0,1471.0,0.5,0.5,0.5,240.0,240.0,4.748061180114746,0.0,0.5,0.5,0.5,0.5,240.0,240.0
4,0.785937488079071,0.8627355098724365,0.7850445508956909,414.0,410.0,0.4611021876335144,0.0009999999,0.5710901021957397,0.7852630019187927,0.7860125303268433,0.784375011920929,0.7864583134651184,1510.0,1506.0,0.5,0.6288433074951172,0.5,240.0,240.0,1.919729471206665,0.0,0.5,0.5,0.5,0.5,240.0,240.0
5,0.831250011920929,0.9112754464149475,0.8313100337982178,322.0,327.0,0.38661542534828186,0.0009999999,0.6622107028961182,0.8318177461624146,0.830129861831665,0.8322916626930237,0.8296874761581421,1593.0,1598.0,0.5,0.6324501037597656,0.5,240.0,240.0,2.06268310546875,0.0,0.5,0.5,0.5,0.5,240.0,240.0
