epoch,accuracy,auc,f1_score,fn,fp,loss,lr,mcc,npv,precision,recall,specificity,tn,tp,val_accuracy,val_auc,val_f1_score,val_fn,val_fp,val_loss,val_mcc,val_npv,val_precision,val_recall,val_specificity,val_tn,val_tp
0,0.637499988079071,0.6057640314102173,0.6269866228103638,956.0,947.0,0.7036060094833374,0.01,0.2593792676925659,0.6313178539276123,0.6039314270019531,0.6016666889190674,0.6317708492279053,1453.0,1444.0,0.5,0.5,0.5,240.0,240.0,15.251082420349121,0.0,0.5,0.5,0.5,0.5,240.0,240.0
1,0.7192708253860474,0.7853836417198181,0.7153642177581787,549.0,544.0,0.5649341940879822,0.01,0.4312681555747986,0.7142506837844849,0.7159268856048584,0.714062511920929,0.7166666388511658,1376.0,1371.0,0.5,0.5,0.5,240.0,240.0,4.581993579864502,0.0,0.5,0.5,0.5,0.5,240.0,240.0
2,0.7291666865348816,0.8105068802833557,0.7307183742523193,511.0,527.0,0.5309991836547852,0.01,0.45983269810676575,0.7319772839546204,0.7277892827987671,0.7338541746139526,0.7255208492279053,1393.0,1409.0,0.5,0.5348958373069763,0.5,240.0,240.0,2.5540518760681152,0.0,0.5,0.5,0.5,0.5,240.0,240.0
3,0.7562500238418579,0.8352388739585876,0.7553056478500366,465.0,477.0,0.4975228011608124,0.01,0.5095507502555847,0.7566581964492798,0.7531055808067322,0.7578125,0.7515624761581421,1443.0,1455.0,0.5,0.6298198699951172,0.5,240.0,240.0,1.7122504711151123,0.0,0.5,0.5,0.5,0.5,240.0,240.0
4,0.7875000238418579,0.861726701259613,0.7872695326805115,407.0,411.0,0.4720606803894043,0.0009999999,0.5743080377578735,0.7876518964767456,0.7863825559616089,0.7880208492279053,0.785937488079071,1509.0,1513.0,0.5,0.6479817628860474,0.5,240.0,240.0,1.407596230506897,0.0,0.5,0.5,0.5,0.5,240.0,240.0
5,0.8192708492279053,0.8905601501464844,0.8194200396537781,350.0,341.0,0.42669492959976196,0.0009999999,0.6403361558914185,0.8191352486610413,0.8215593695640564,0.8177083134651184,0.8223958611488342,1579.0,1570.0,0.5,0.6570659875869751,0.5,240.0,240.0,1.2220814228057861,0.0,0.5,0.5,0.5,0.5,240.0,240.0
