epoch,accuracy,auc,f1_score,fn,fp,loss,lr,mcc,npv,precision,recall,specificity,tn,tp,val_accuracy,val_auc,val_f1_score,val_fn,val_fp,val_loss,val_mcc,val_npv,val_precision,val_recall,val_specificity,val_tn,val_tp
0,0.6286458373069763,0.6804909110069275,0.6239311695098877,875.0,867.0,0.6975714564323425,0.01,0.25107342004776,0.6243831515312195,0.6375418305397034,0.6354166865348816,0.628125011920929,1533.0,1525.0,0.5,0.5,0.5,240.0,240.0,8.201655387878418,0.0,0.5,0.5,0.5,0.5,240.0,240.0
1,0.6947916746139526,0.7629032731056213,0.6959065198898315,573.0,602.0,0.5770193934440613,0.01,0.3883897066116333,0.6978240609169006,0.6911236643791199,0.7015625238418579,0.6864583492279053,1318.0,1347.0,0.5,0.5,0.5,240.0,240.0,4.741082191467285,0.0,0.5,0.5,0.5,0.5,240.0,240.0
2,0.7416666746139526,0.8110974431037903,0.7382088899612427,503.0,502.0,0.5329759120941162,0.01,0.47681599855422974,0.7382705807685852,0.7384054064750671,0.7380208373069763,0.7385416626930237,1418.0,1417.0,0.5,0.5,0.5,240.0,240.0,4.314779758453369,0.0,0.5,0.5,0.5,0.5,240.0,240.0
3,0.7541666626930237,0.8312907218933105,0.7563837766647339,466.0,471.0,0.5048492550849915,0.01,0.5121958255767822,0.7566241025924683,0.75532466173172,0.7572916746139526,0.754687488079071,1449.0,1454.0,0.5,0.6236653923988342,0.5,240.0,240.0,0.8246980905532837,0.0,0.5,0.5,0.5,0.5,240.0,240.0
4,0.8031250238418579,0.8836687207221985,0.8035387396812439,380.0,373.0,0.4330994784832001,0.0009999999,0.608075737953186,0.8029893636703491,0.8050183057785034,0.8020833134651184,0.8057291507720947,1547.0,1540.0,0.5,0.604199230670929,0.5,240.0,240.0,2.3158118724823,0.0,0.5,0.5,0.5,0.5,240.0,240.0
5,0.8296874761581421,0.9111014604568481,0.8300829529762268,324.0,329.0,0.38611871004104614,0.0009999999,0.6600380539894104,0.8310753703117371,0.8290908932685852,0.831250011920929,0.8286458253860474,1591.0,1596.0,0.5,0.6304361820220947,0.5,240.0,240.0,2.067613124847412,0.0,0.5,0.5,0.5,0.5,240.0,240.0
