epoch,accuracy,auc,f1_score,fn,fp,loss,lr,mcc,npv,precision,recall,specificity,tn,tp,val_accuracy,val_auc,val_f1_score,val_fn,val_fp,val_loss,val_mcc,val_npv,val_precision,val_recall,val_specificity,val_tn,val_tp
0,0.6213541626930237,0.661044716835022,0.6145322918891907,921.0,902.0,0.6991289258003235,0.01,0.2356792539358139,0.6169076561927795,0.6211676001548767,0.6162499785423279,0.6229166388511658,1498.0,1479.0,0.5,0.538194477558136,0.5,240.0,240.0,3.264481544494629,0.0,0.5,0.5,0.5,0.5,240.0,240.0
1,0.7020833492279053,0.7750794291496277,0.7005168199539185,574.0,573.0,0.5676634311676025,0.01,0.40315741300582886,0.7027968168258667,0.7014069557189941,0.7010416388511658,0.7015625238418579,1347.0,1346.0,0.5,0.5813649892807007,0.5,240.0,240.0,1.5676933526992798,0.0,0.5,0.5,0.5,0.5,240.0,240.0
2,0.7359374761581421,0.8161432147026062,0.735090970993042,511.0,505.0,0.5207018256187439,0.01,0.47109413146972656,0.7346192002296448,0.7361546754837036,0.7338541746139526,0.7369791865348816,1415.0,1409.0,0.5,0.5910264849662781,0.5,240.0,240.0,1.3666309118270874,0.0,0.5,0.5,0.5,0.5,240.0,240.0
3,0.7760416865348816,0.8472577333450317,0.7718209028244019,441.0,434.0,0.48583927750587463,0.01,0.5445213913917542,0.7710848450660706,0.7731311917304993,0.770312488079071,0.7739583253860474,1486.0,1479.0,0.5,0.6061567068099976,0.5,240.0,240.0,1.790427565574646,0.0,0.5,0.5,0.5,0.5,240.0,240.0
4,0.7713541388511658,0.8452205061912537,0.7657150030136108,443.0,462.0,0.4881451725959778,0.0009999999,0.5290918350219727,0.7666847705841064,0.7617328763008118,0.7692708373069763,0.7593749761581421,1458.0,1477.0,0.5,0.6133029460906982,0.5020512938499451,239.0,240.0,0.7294719219207764,0.0020517667289823294,0.5,0.5010395050048828,0.5020833611488342,0.5,240.0,241.0
5,0.8031250238418579,0.8881994485855103,0.8011468052864075,385.0,377.0,0.4322544038295746,0.0009999999,0.6033528447151184,0.8004499077796936,0.8028242588043213,0.7994791865348816,0.8036458492279053,1543.0,1535.0,0.5,0.6167426705360413,0.5,240.0,240.0,1.0234811305999756,0.0,0.5,0.5,0.5,0.5,240.0,240.0
