epoch,accuracy,auc,f1_score,fn,fp,loss,lr,mcc,npv,precision,recall,specificity,tn,tp,val_accuracy,val_auc,val_f1_score,val_fn,val_fp,val_loss,val_mcc,val_npv,val_precision,val_recall,val_specificity,val_tn,val_tp
0,0.6484375,0.6181344389915466,0.6436325907707214,925.0,919.0,0.6647388339042664,0.01,0.29114776849746704,0.6469661593437195,0.616123616695404,0.6145833134651184,0.6468750238418579,1481.0,1475.0,0.5,0.5,0.5,240.0,240.0,14.48869800567627,0.0,0.5,0.5,0.5,0.5,240.0,240.0
1,0.7270833253860474,0.7857001423835754,0.7269949316978455,519.0,533.0,0.562678337097168,0.01,0.45250800251960754,0.728003740310669,0.7244053483009338,0.729687511920929,0.7223958373069763,1387.0,1401.0,0.5,0.5,0.5,240.0,240.0,6.509817600250244,0.0,0.5,0.5,0.5,0.5,240.0,240.0
2,0.75,0.8236665725708008,0.7496763467788696,477.0,486.0,0.5149684548377991,0.01,0.4985986649990082,0.7507250308990479,0.7480559945106506,0.7515624761581421,0.746874988079071,1434.0,1443.0,0.5,0.5,0.5,240.0,240.0,3.1898157596588135,0.0,0.5,0.5,0.5,0.5,240.0,240.0
3,0.78125,0.8593435883522034,0.7784448862075806,426.0,424.0,0.4664245843887329,0.01,0.5575264692306519,0.7786397337913513,0.7789363861083984,0.778124988079071,0.7791666388511658,1496.0,1494.0,0.5,0.5286784172058105,0.5,240.0,240.0,2.9392786026000977,0.0,0.5,0.5,0.5,0.5,240.0,240.0
4,0.796875,0.8718045949935913,0.7976226806640625,389.0,388.0,0.447868287563324,0.0009999999,0.5955292582511902,0.7976030707359314,0.7978113889694214,0.7973958253860474,0.7979166507720947,1532.0,1531.0,0.5,0.5010416507720947,0.5,240.0,240.0,3.5478577613830566,0.0,0.5,0.5,0.5,0.5,240.0,240.0
5,0.839062511920929,0.9175746440887451,0.8383036255836487,311.0,310.0,0.3770453631877899,0.0009999999,0.6767274141311646,0.8380911946296692,0.8384575247764587,0.8380208611488342,0.8385416865348816,1610.0,1609.0,0.5,0.6197590827941895,0.5,240.0,238.0,1.42368745803833,0.004044246859848499,0.5039215683937073,0.5020920634269714,0.5,0.5041666626930237,242.0,240.0
