epoch,accuracy,auc,f1_score,fn,fp,loss,lr,mcc,npv,precision,recall,specificity,tn,tp,val_accuracy,val_auc,val_f1_score,val_fn,val_fp,val_loss,val_mcc,val_npv,val_precision,val_recall,val_specificity,val_tn,val_tp
0,0.5364583134651184,0.5255850553512573,0.5223181247711182,1155.0,1154.0,0.7424586415290833,0.01,0.04762944206595421,0.5235018134117126,0.5189662575721741,0.518750011920929,0.5239583253860474,1246.0,1245.0,0.5,0.5,0.5,240.0,240.0,6.5652971267700195,0.0,0.5,0.5,0.5,0.5,240.0,240.0
1,0.578125,0.5869439840316772,0.5578235387802124,842.0,856.0,0.6993693113327026,0.01,0.11606679856777191,0.5597314834594727,0.5573940277099609,0.5614583492279053,0.5541666746139526,1064.0,1078.0,0.5,0.5,0.5,240.0,240.0,7.006147384643555,0.0,0.5,0.5,0.5,0.5,240.0,240.0
2,0.6130208373069763,0.6496005058288574,0.6063146591186523,753.0,758.0,0.6718553304672241,0.01,0.2133655548095703,0.6076621413230896,0.6062337756156921,0.6078125238418579,0.6052083373069763,1162.0,1167.0,0.5,0.5,0.5,240.0,240.0,8.584872245788574,0.0,0.5,0.5,0.5,0.5,240.0,240.0
3,0.6312500238418579,0.6807554364204407,0.6366977691650391,688.0,718.0,0.6453996300697327,0.01,0.2680475115776062,0.6357036828994751,0.6317948698997498,0.6416666507720947,0.6260416507720947,1202.0,1232.0,0.5,0.5526584386825562,0.5,240.0,240.0,0.9942607879638672,0.0,0.5,0.5,0.5,0.5,240.0,240.0
4,0.6869791746139526,0.7373768091201782,0.6869000196456909,600.0,603.0,0.610464870929718,0.0009999999,0.3734893202781677,0.6871510148048401,0.6864274740219116,0.6875,0.6859375238418579,1317.0,1320.0,0.5,0.5,0.5,240.0,240.0,3.9062423706054688,0.0,0.5,0.5,0.5,0.5,240.0,240.0
5,0.7203124761581421,0.7752671241760254,0.7201635837554932,535.0,541.0,0.5742445588111877,0.0009999999,0.43962252140045166,0.720629096031189,0.7191069722175598,0.7213541865348816,0.7182291746139526,1379.0,1385.0,0.5,0.6034201383590698,0.5,240.0,240.0,1.4022023677825928,0.0,0.5,0.5,0.5,0.5,240.0,240.0
