epoch,accuracy,auc,f1_score,fn,fp,loss,lr,mcc,npv,precision,recall,specificity,tn,tp,val_accuracy,val_auc,val_f1_score,val_fn,val_fp,val_loss,val_mcc,val_npv,val_precision,val_recall,val_specificity,val_tn,val_tp
0,0.5526041388511658,0.5443293452262878,0.5451126098632812,1114.0,1106.0,0.7130812406539917,0.01,0.09416265785694122,0.5463886857032776,0.5376254320144653,0.5358333587646484,0.5489583611488342,1294.0,1286.0,0.5,0.5294791460037231,0.5,240.0,240.0,3.602918863296509,0.0,0.5,0.5,0.5,0.5,240.0,240.0
1,0.6182291507720947,0.651078462600708,0.6011111736297607,777.0,737.0,0.6619692444801331,0.01,0.21197175979614258,0.6034844517707825,0.6079787015914917,0.5953124761581421,0.6161458492279053,1183.0,1143.0,0.5,0.5,0.5,240.0,240.0,13.077643394470215,0.0,0.5,0.5,0.5,0.5,240.0,240.0
2,0.6463541388511658,0.690430223941803,0.641360342502594,696.0,672.0,0.6433270573616028,0.01,0.28778302669525146,0.6423176527023315,0.6455696225166321,0.637499988079071,0.6499999761581421,1248.0,1224.0,0.5,0.5281510353088379,0.5020512342453003,238.0,242.0,5.539571762084961,-1.5894572769070692e-08,0.5,0.5,0.5041666626930237,0.4958333373069763,238.0,242.0
3,0.6890624761581421,0.7377206683158875,0.688247561454773,596.0,603.0,0.6040725111961365,0.01,0.3755720257759094,0.688619077205658,0.6870783567428589,0.6895833611488342,0.6859375238418579,1317.0,1324.0,0.5,0.5015820264816284,0.5,240.0,240.0,3.976437568664551,0.0,0.5,0.5,0.5,0.5,240.0,240.0
4,0.7145833373069763,0.7867659330368042,0.7140211462974548,552.0,544.0,0.5563499927520752,0.0009999999,0.42919719219207764,0.7136363387107849,0.715481162071228,0.7124999761581421,0.7166666388511658,1376.0,1368.0,0.5,0.5010503530502319,0.5,240.0,240.0,3.9363014698028564,0.0,0.5,0.5,0.5,0.5,240.0,240.0
5,0.7447916865348816,0.8166813254356384,0.7446392774581909,491.0,489.0,0.5274049043655396,0.0009999999,0.4896087646484375,0.7445889711380005,0.7450469136238098,0.7442708611488342,0.745312511920929,1431.0,1429.0,0.5,0.5349435806274414,0.5,240.0,240.0,3.162755250930786,0.0,0.5,0.5,0.5,0.5,240.0,240.0
