epoch,accuracy,auc,f1_score,fn,fp,loss,lr,mcc,npv,precision,recall,specificity,tn,tp,val_accuracy,val_auc,val_f1_score,val_fn,val_fp,val_loss,val_mcc,val_npv,val_precision,val_recall,val_specificity,val_tn,val_tp
0,0.504687488079071,0.5436840057373047,0.5001632571220398,1152.0,1139.0,0.7561835050582886,0.01,0.0044129532761871815,0.5024106502532959,0.5228320360183716,0.5199999809265137,0.5026041865348816,1261.0,1248.0,0.5,0.5,0.5,240.0,240.0,328.2174987792969,0.0,0.5,0.5,0.5,0.5,240.0,240.0
1,0.5255208611488342,0.5280319452285767,0.5234556794166565,898.0,950.0,0.710645318031311,0.01,0.0375993438065052,0.5201939940452576,0.5182555913925171,0.5322916507720947,0.5052083134651184,970.0,1022.0,0.5,0.5264431238174438,0.5,240.0,240.0,5.016078472137451,0.0,0.5,0.5,0.5,0.5,240.0,240.0
2,0.6130208373069763,0.6479917764663696,0.6090881824493408,743.0,764.0,0.6629636287689209,0.01,0.21537046134471893,0.6098162531852722,0.6063884496688843,0.6130208373069763,0.6020833253860474,1156.0,1177.0,0.5,0.5185503363609314,0.5,240.0,240.0,3.9144234657287598,0.0,0.5,0.5,0.5,0.5,240.0,240.0
3,0.6187499761581421,0.6638860106468201,0.6150119304656982,738.0,744.0,0.6553239822387695,0.01,0.22840823233127594,0.6135475039482117,0.6137071847915649,0.6156250238418579,0.612500011920929,1176.0,1182.0,0.5,0.5,0.5,240.0,240.0,7.782632350921631,0.0,0.5,0.5,0.5,0.5,240.0,240.0
4,0.6604166626930237,0.7136339545249939,0.6593068242073059,657.0,648.0,0.6240926384925842,0.0009999999,0.3203422427177429,0.6595098972320557,0.6609105467796326,0.6578124761581421,0.6625000238418579,1272.0,1263.0,0.5,0.5,0.5,240.0,240.0,5.302685737609863,0.0,0.5,0.5,0.5,0.5,240.0,240.0
5,0.6796875,0.7402166128158569,0.6780919432640076,621.0,612.0,0.6005504727363586,0.0009999999,0.35783565044403076,0.678188145160675,0.6797488331794739,0.676562488079071,0.6812499761581421,1308.0,1299.0,0.5,0.5,0.5,240.0,240.0,5.148197650909424,0.0,0.5,0.5,0.5,0.5,240.0,240.0
