epoch,accuracy,auc,f1_score,fn,fp,loss,lr,mcc,npv,precision,recall,specificity,tn,tp,val_accuracy,val_auc,val_f1_score,val_fn,val_fp,val_loss,val_mcc,val_npv,val_precision,val_recall,val_specificity,val_tn,val_tp
0,0.47708332538604736,0.4939867854118347,0.5004281401634216,1181.0,1238.0,0.7417550683021545,0.01,-0.010019983164966106,0.4955611228942871,0.4961335062980652,0.5079166889190674,0.4802083373069763,1162.0,1219.0,0.5,0.5,0.5,240.0,240.0,8.436196327209473,0.0,0.5,0.5,0.5,0.5,240.0,240.0
1,0.5364583134651184,0.5373506546020508,0.525092363357544,922.0,873.0,0.71174156665802,0.01,0.06534858793020248,0.5329440832138062,0.5334045886993408,0.5197916626930237,0.5453125238418579,1047.0,998.0,0.5270833373069763,0.5751345157623291,0.0,480.0,0.0,1.9886146783828735,0.0,0.5,0.0,0.0,1.0,480.0,0.0
2,0.5859375,0.6209588050842285,0.5734442472457886,822.0,809.0,0.6717160940170288,0.01,0.1505458801984787,0.57417893409729,0.5757734775543213,0.5718749761581421,0.5786458253860474,1111.0,1098.0,0.5,0.5005208253860474,0.5,240.0,240.0,9.184109687805176,0.0,0.5,0.5,0.5,0.5,240.0,240.0
3,0.6291666626930237,0.6795487403869629,0.6208560466766357,731.0,720.0,0.6429443955421448,0.01,0.24454282224178314,0.6213767528533936,0.6228392124176025,0.6192708611488342,0.625,1200.0,1189.0,0.5,0.5340733528137207,0.5,240.0,240.0,3.6511998176574707,0.0,0.5,0.5,0.5,0.5,240.0,240.0
4,0.6343749761581421,0.6805781126022339,0.6240980625152588,722.0,718.0,0.6424217224121094,0.01,0.2501063644886017,0.6255059838294983,0.6252609491348267,0.6239583492279053,0.6260416507720947,1202.0,1198.0,0.5,0.5128775835037231,0.5,240.0,240.0,3.96047306060791,0.0,0.5,0.5,0.5,0.5,240.0,240.0
5,0.7026041746139526,0.7662477493286133,0.7025327682495117,569.0,575.0,0.5817812085151672,0.0009999999,0.4042063355445862,0.7027584314346313,0.7014538049697876,0.7036458253860474,0.7005208134651184,1345.0,1351.0,0.5041666626930237,0.612291693687439,0.49033796787261963,249.0,216.0,1.2245994806289673,0.02898324280977249,0.5266879200935364,0.5167785286903381,0.48124998807907104,0.550000011920929,264.0,231.0
6,0.7281249761581421,0.7912637591362,0.7283774614334106,520.0,524.0,0.5517200231552124,0.0009999999,0.4562826454639435,0.7286805510520935,0.7276507019996643,0.7291666865348816,0.7270833253860474,1396.0,1400.0,0.5,0.5,0.5,240.0,240.0,4.67928409576416,0.0,0.5,0.5,0.5,0.5,240.0,240.0
