epoch,accuracy,auc,f1_score,fn,fp,loss,lr,mcc,npv,precision,recall,specificity,tn,tp,val_accuracy,val_auc,val_f1_score,val_fn,val_fp,val_loss,val_mcc,val_npv,val_precision,val_recall,val_specificity,val_tn,val_tp
0,0.5708333253860474,0.5577000379562378,0.558500349521637,1072.0,1118.0,0.7055315375328064,0.01,0.10973680019378662,0.5572201013565063,0.5429272055625916,0.5533333420753479,0.5427083373069763,1282.0,1328.0,0.5,0.5,0.5,240.0,240.0,11.91694450378418,0.0,0.5,0.5,0.5,0.5,240.0,240.0
1,0.625,0.6604706645011902,0.6156579256057739,741.0,726.0,0.6625153422355652,0.01,0.23654146492481232,0.6181657314300537,0.6188976168632507,0.614062488079071,0.621874988079071,1194.0,1179.0,0.5,0.5,0.5,240.0,240.0,7.003058910369873,0.0,0.5,0.5,0.5,0.5,240.0,240.0
2,0.660937488079071,0.7108045816421509,0.6557419896125793,658.0,666.0,0.6281670331954956,0.01,0.3105956017971039,0.6562207937240601,0.6545643210411072,0.6572916507720947,0.653124988079071,1254.0,1262.0,0.5,0.5319401025772095,0.5434986352920532,212.0,251.0,2.474970817565918,0.03268354758620262,0.5,0.5163776278495789,0.5583333373069763,0.47708332538604736,229.0,268.0
3,0.6677083373069763,0.7202539443969727,0.6675700545310974,635.0,645.0,0.6211541891098022,0.01,0.3334640562534332,0.6674832105636597,0.6658031344413757,0.6692708134651184,0.6640625,1275.0,1285.0,0.5,0.5051931738853455,0.5,240.0,240.0,4.343615531921387,0.0,0.5,0.5,0.5,0.5,240.0,240.0
4,0.684374988079071,0.739926278591156,0.6827868819236755,609.0,609.0,0.6040392518043518,0.0009999999,0.3657340407371521,0.6829044222831726,0.682812511920929,0.682812511920929,0.682812511920929,1311.0,1311.0,0.5,0.5256792306900024,0.5,240.0,240.0,3.3272340297698975,0.0,0.5,0.5,0.5,0.5,240.0,240.0
5,0.714062511920929,0.7808735370635986,0.7130103707313538,552.0,549.0,0.5657934546470642,0.0009999999,0.42657801508903503,0.7130442261695862,0.7136150002479553,0.7124999761581421,0.714062511920929,1371.0,1368.0,0.5,0.5,0.5,240.0,240.0,7.321699619293213,0.0,0.5,0.5,0.5,0.5,240.0,240.0
