epoch,accuracy,auc,f1_score,fn,fp,loss,lr,mcc,npv,precision,recall,specificity,tn,tp,val_accuracy,val_auc,val_f1_score,val_fn,val_fp,val_loss,val_mcc,val_npv,val_precision,val_recall,val_specificity,val_tn,val_tp
0,0.5395833253860474,0.5239285826683044,0.5214277505874634,1162.0,1140.0,0.7431356906890869,0.01,0.05151955783367157,0.52464759349823,0.5206055641174316,0.51583331823349,0.53125,1260.0,1238.0,0.5,0.5,0.5,240.0,240.0,21.28000831604004,0.0,0.5,0.5,0.5,0.5,240.0,240.0
1,0.6026041507720947,0.6186654567718506,0.5773057341575623,818.0,783.0,0.6893506646156311,0.01,0.16657407581806183,0.5837604403495789,0.5846154093742371,0.5739583373069763,0.5921875238418579,1137.0,1102.0,0.5,0.5775607824325562,0.21922776103019714,411.0,40.0,0.7711108326911926,0.050798751413822174,0.5199558734893799,0.6330274939537048,0.14374999701976776,0.9166666865348816,440.0,69.0
2,0.6229166388511658,0.6552442312240601,0.6162307262420654,732.0,747.0,0.6633898615837097,0.01,0.23021787405014038,0.6157169938087463,0.6139534711837769,0.6187499761581421,0.6109374761581421,1173.0,1188.0,0.5,0.5817056894302368,0.5,240.0,240.0,2.278836965560913,0.0,0.5,0.5,0.5,0.5,240.0,240.0
3,0.6520833373069763,0.6893107295036316,0.6458240747451782,675.0,688.0,0.6453693509101868,0.01,0.29032281041145325,0.6467373371124268,0.6440765857696533,0.6484375,0.6416666507720947,1232.0,1245.0,0.5,0.5,0.5,240.0,240.0,8.12696647644043,0.0,0.5,0.5,0.5,0.5,240.0,240.0
4,0.6744791865348816,0.7248290777206421,0.6738243699073792,622.0,635.0,0.6138395071029663,0.0009999999,0.3454013466835022,0.6737158894538879,0.6714950799942017,0.6760416626930237,0.6692708134651184,1285.0,1298.0,0.5,0.5765646696090698,0.5,240.0,240.0,2.676805257797241,0.0,0.5,0.5,0.5,0.5,240.0,240.0
5,0.6989583373069763,0.7521942257881165,0.6979803442955017,583.0,574.0,0.5925503373146057,0.0009999999,0.3974648714065552,0.6978123784065247,0.6996337175369263,0.6963541507720947,0.7010416388511658,1346.0,1337.0,0.5,0.5,0.5,240.0,240.0,5.0693254470825195,0.0,0.5,0.5,0.5,0.5,240.0,240.0
