epoch,accuracy,auc,f1_score,fn,fp,loss,lr,mcc,npv,precision,recall,specificity,tn,tp,val_accuracy,val_auc,val_f1_score,val_fn,val_fp,val_loss,val_mcc,val_npv,val_precision,val_recall,val_specificity,val_tn,val_tp
0,0.5630208253860474,0.5543489456176758,0.5589655041694641,1081.0,1092.0,0.7150251865386963,0.01,0.11859125643968582,0.5606405735015869,0.5470759272575378,0.5495833158493042,0.5562499761581421,1308.0,1319.0,0.5,0.5,0.0,480.0,0.0,26.922704696655273,0.0,0.5,0.0,0.0,1.0,480.0,0.0
1,0.5932291746139526,0.6230533719062805,0.5764482617378235,825.0,780.0,0.6866416335105896,0.01,0.1644103229045868,0.5803775787353516,0.5839999914169312,0.5703125,0.59375,1140.0,1095.0,0.5,0.5,0.5,240.0,240.0,5.570757865905762,0.0,0.5,0.5,0.5,0.5,240.0,240.0
2,0.6223958134651184,0.6604273915290833,0.6186752319335938,735.0,725.0,0.6621077656745911,0.01,0.24004769325256348,0.6191738247871399,0.6204188466072083,0.6171875,0.6223958134651184,1195.0,1185.0,0.5,0.5,0.5,240.0,240.0,5.400022983551025,0.0,0.5,0.5,0.5,0.5,240.0,240.0
3,0.6333333253860474,0.6812220215797424,0.6282809376716614,713.0,716.0,0.6474595665931702,0.01,0.25580894947052,0.6277238130569458,0.627665102481842,0.6286458373069763,0.6270833611488342,1204.0,1207.0,0.5,0.5,0.5,240.0,240.0,7.62626838684082,0.0,0.5,0.5,0.5,0.5,240.0,240.0
4,0.6505208611488342,0.7069755792617798,0.6503873467445374,672.0,669.0,0.6261981725692749,0.0009999999,0.30162179470062256,0.6507679224014282,0.6510171890258789,0.6499999761581421,0.651562511920929,1251.0,1248.0,0.5,0.5,0.5,240.0,240.0,5.322035312652588,0.0,0.5,0.5,0.5,0.5,240.0,240.0
5,0.6776041388511658,0.7341126203536987,0.676952064037323,621.0,619.0,0.6070992946624756,0.0009999999,0.3542119860649109,0.6768345236778259,0.6772679686546326,0.676562488079071,0.6776041388511658,1301.0,1299.0,0.5,0.5,0.5,240.0,240.0,5.705678462982178,0.0,0.5,0.5,0.5,0.5,240.0,240.0
