epoch,accuracy,auc,f1_score,fn,fp,loss,lr,mcc,npv,precision,recall,specificity,tn,tp,val_accuracy,val_auc,val_f1_score,val_fn,val_fp,val_loss,val_mcc,val_npv,val_precision,val_recall,val_specificity,val_tn,val_tp
0,0.5317708253860474,0.5264212489128113,0.5316281914710999,1116.0,1190.0,0.7331387996673584,0.01,0.04783996567130089,0.524125874042511,0.5189975500106812,0.5350000262260437,0.5052083134651184,1210.0,1284.0,0.5,0.5,0.5,240.0,240.0,28.90250015258789,0.0,0.5,0.5,0.5,0.5,240.0,240.0
1,0.565625011920929,0.5920858383178711,0.5556640028953552,860.0,829.0,0.6994678974151611,0.01,0.12054678797721863,0.5599943399429321,0.5611434578895569,0.5520833134651184,0.5682291388511658,1091.0,1060.0,0.5,0.5,0.5,240.0,240.0,12.220915794372559,0.0,0.5,0.5,0.5,0.5,240.0,240.0
2,0.6109374761581421,0.6495466828346252,0.6078329682350159,750.0,756.0,0.6692907214164734,0.01,0.21593697369098663,0.6088203191757202,0.6074766516685486,0.609375,0.606249988079071,1164.0,1170.0,0.49791666865348816,0.5767621397972107,0.2639105021953583,390.0,45.0,1.0287710428237915,0.08282441645860672,0.5345138311386108,0.6666666865348816,0.1875,0.90625,435.0,90.0
3,0.6479166746139526,0.6888220310211182,0.6451653838157654,677.0,688.0,0.6459383368492126,0.01,0.28916364908218384,0.6460464596748352,0.6437079310417175,0.6473958492279053,0.6416666507720947,1232.0,1243.0,0.5,0.5041666626930237,0.5,240.0,240.0,3.507039785385132,0.0,0.5,0.5,0.5,0.5,240.0,240.0
4,0.6479166746139526,0.7014737725257874,0.6481313109397888,673.0,681.0,0.6315695643424988,0.0009999999,0.29483237862586975,0.6479747295379639,0.646784245967865,0.6494791507720947,0.645312488079071,1239.0,1247.0,0.5,0.5761132836341858,0.5,240.0,239.0,1.233114242553711,0.0020517667289823294,0.5020201802253723,0.5010438561439514,0.5,0.5020833611488342,241.0,240.0
5,0.6802083253860474,0.7293723821640015,0.6814912557601929,608.0,618.0,0.6136754155158997,0.0009999999,0.3615112900733948,0.6818256974220276,0.6797927618026733,0.6833333373069763,0.6781250238418579,1302.0,1312.0,0.5,0.5798633098602295,0.5,240.0,239.0,1.4538346529006958,0.0020517667289823294,0.5020201802253723,0.5010438561439514,0.5,0.5020833611488342,241.0,240.0
