epoch,accuracy,auc,f1_score,fn,fp,loss,lr,mcc,npv,precision,recall,specificity,tn,tp,val_accuracy,val_auc,val_f1_score,val_fn,val_fp,val_loss,val_mcc,val_npv,val_precision,val_recall,val_specificity,val_tn,val_tp
0,0.53125,0.5365896821022034,0.5417560935020447,1108.0,1146.0,0.7226713299751282,0.01,0.07557827979326248,0.5363737940788269,0.5299425721168518,0.5383333563804626,0.5276041626930237,1254.0,1292.0,0.5,0.5,0.5,240.0,240.0,38.59101867675781,0.0,0.5,0.5,0.5,0.5,240.0,240.0
1,0.5895833373069763,0.6208668351173401,0.5771427750587463,817.0,795.0,0.6839456558227539,0.01,0.16060329973697662,0.579933226108551,0.581138014793396,0.5744791626930237,0.5859375,1125.0,1103.0,0.5,0.5,0.5,240.0,240.0,7.360407829284668,0.0,0.5,0.5,0.5,0.5,240.0,240.0
2,0.6270833611488342,0.669281005859375,0.6204983592033386,729.0,728.0,0.6546356081962585,0.01,0.24135209619998932,0.6203067898750305,0.6206357479095459,0.620312511920929,0.6208333373069763,1192.0,1191.0,0.581250011920929,0.5612108707427979,0.0,480.0,0.0,2.8456530570983887,0.0,0.5,0.0,0.0,1.0,480.0,0.0
3,0.6604166626930237,0.701317548751831,0.6626665592193604,649.0,645.0,0.632378876209259,0.01,0.3261389136314392,0.6626946926116943,0.6633611917495728,0.6619791388511658,0.6640625,1275.0,1271.0,0.5,0.543652355670929,0.5,240.0,240.0,5.319091796875,0.0,0.5,0.5,0.5,0.5,240.0,240.0
4,0.6588541865348816,0.7084392309188843,0.6571012139320374,663.0,648.0,0.6243177652359009,0.01,0.3172520697116852,0.6576536893844604,0.6598424911499023,0.6546875238418579,0.6625000238418579,1272.0,1257.0,0.5,0.5429252982139587,0.5,240.0,240.0,5.335434913635254,0.0,0.5,0.5,0.5,0.5,240.0,240.0
5,0.6697916388511658,0.7333440184593201,0.6693993806838989,636.0,632.0,0.6014518737792969,0.01,0.3396097719669342,0.6695249080657959,0.6701461672782898,0.668749988079071,0.6708333492279053,1288.0,1284.0,0.5,0.5,0.5,240.0,240.0,9.272738456726074,0.0,0.5,0.5,0.5,0.5,240.0,240.0
6,0.6875,0.746893584728241,0.6875578761100769,602.0,596.0,0.5963277816772461,0.0009999999,0.3760620057582855,0.6873894929885864,0.6886102557182312,0.6864583492279053,0.6895833611488342,1324.0,1318.0,0.5,0.5005208253860474,0.5,240.0,240.0,5.9874773025512695,0.0,0.5,0.5,0.5,0.5,240.0,240.0
7,0.7130208611488342,0.7806594371795654,0.7111043930053711,557.0,550.0,0.5668003559112549,0.0009999999,0.42347949743270874,0.7111329436302185,0.7124934792518616,0.7098958492279053,0.7135416865348816,1370.0,1363.0,0.5,0.5,0.5,240.0,240.0,6.944463729858398,0.0,0.5,0.5,0.5,0.5,240.0,240.0
