epoch,accuracy,auc,f1_score,fn,fp,loss,lr,mcc,npv,precision,recall,specificity,tn,tp,val_accuracy,val_auc,val_f1_score,val_fn,val_fp,val_loss,val_mcc,val_npv,val_precision,val_recall,val_specificity,val_tn,val_tp
0,0.5322916507720947,0.532265841960907,0.5202573537826538,1161.0,1151.0,0.737046480178833,0.01,0.04504174366593361,0.521501898765564,0.5184100270271301,0.5162500143051147,0.5244791507720947,1249.0,1239.0,0.5,0.5,0.5,240.0,240.0,12.926937103271484,0.0,0.5,0.5,0.5,0.5,240.0,240.0
1,0.6187499761581421,0.6472353935241699,0.6067322492599487,766.0,727.0,0.6727416515350342,0.01,0.22285684943199158,0.6096449494361877,0.6135034561157227,0.6010416746139526,0.6213541626930237,1193.0,1154.0,0.5,0.5413411259651184,0.03367002680897713,471.0,0.0,1.9599868059158325,0.04282573238015175,0.5049735307693481,1.0,0.01875000074505806,1.0,480.0,9.0
2,0.6317708492279053,0.6736244559288025,0.6259341835975647,723.0,703.0,0.6548616886138916,0.01,0.2576833963394165,0.6285145878791809,0.6299999952316284,0.6234375238418579,0.6338541507720947,1217.0,1197.0,0.5,0.5010438561439514,0.5,240.0,240.0,4.763219833374023,0.0,0.5,0.5,0.5,0.5,240.0,240.0
3,0.6427083611488342,0.6960632801055908,0.6439645290374756,674.0,704.0,0.6383565068244934,0.01,0.2825413942337036,0.6432315707206726,0.6389743685722351,0.6489583253860474,0.6333333253860474,1216.0,1246.0,0.5,0.5036458373069763,0.5,240.0,240.0,5.006710529327393,0.0,0.5,0.5,0.5,0.5,240.0,240.0
4,0.6838541626930237,0.7316535115242004,0.6843327283859253,605.0,608.0,0.6144847273826599,0.0009999999,0.36824721097946167,0.684466540813446,0.6838273406028748,0.6848958134651184,0.6833333373069763,1312.0,1315.0,0.5,0.5405121445655823,0.5,240.0,240.0,3.2508668899536133,0.0,0.5,0.5,0.5,0.5,240.0,240.0
5,0.7067708373069763,0.7661986351013184,0.7079038023948669,558.0,566.0,0.5817517042160034,0.0009999999,0.4146224856376648,0.7081617116928101,0.70643150806427,0.7093750238418579,0.7052083611488342,1354.0,1362.0,0.5,0.5,0.5,240.0,240.0,4.978820323944092,0.0,0.5,0.5,0.5,0.5,240.0,240.0
