epoch,accuracy,auc,f1_score,fn,fp,loss,lr,mcc,npv,precision,recall,specificity,tn,tp,val_accuracy,val_auc,val_f1_score,val_fn,val_fp,val_loss,val_mcc,val_npv,val_precision,val_recall,val_specificity,val_tn,val_tp
0,0.5140625238418579,0.5109031200408936,0.5057066679000854,1187.0,1184.0,0.7380627393722534,0.01,0.015126409009099007,0.507142961025238,0.5060492157936096,0.5054166913032532,0.5083333253860474,1216.0,1213.0,0.5,0.4951736032962799,0.5,240.0,240.0,1.7430367469787598,0.0,0.5,0.5,0.5,0.5,240.0,240.0
1,0.5083333253860474,0.512096643447876,0.49834877252578735,961.0,954.0,0.7203239798545837,0.01,0.002694882918149233,0.502855122089386,0.5013068318367004,0.49947917461395264,0.503125011920929,966.0,959.0,0.5,0.5,0.5,240.0,240.0,8.373879432678223,0.0,0.5,0.5,0.5,0.5,240.0,240.0
2,0.5869791507720947,0.6262332797050476,0.5876426100730896,788.0,800.0,0.6726014614105225,0.01,0.17322154343128204,0.5865809917449951,0.5859213471412659,0.5895833373069763,0.5833333134651184,1120.0,1132.0,0.5,0.5199089050292969,0.5,240.0,240.0,3.3387696743011475,0.0,0.5,0.5,0.5,0.5,240.0,240.0
3,0.6546875238418579,0.7001761794090271,0.6534303426742554,667.0,662.0,0.6376609206199646,0.01,0.3078545331954956,0.6535491943359375,0.6543080806732178,0.6526041626930237,0.6552083492279053,1258.0,1253.0,0.5,0.5,0.5,240.0,240.0,8.119779586791992,0.0,0.5,0.5,0.5,0.5,240.0,240.0
4,0.668749988079071,0.7282376885414124,0.6695619225502014,631.0,641.0,0.6152566075325012,0.0009999999,0.3375402092933655,0.6697357892990112,0.6678756475448608,0.6713541746139526,0.6661458611488342,1279.0,1289.0,0.5,0.5,0.5,240.0,240.0,7.336756229400635,0.0,0.5,0.5,0.5,0.5,240.0,240.0
5,0.7151041626930237,0.7711201310157776,0.7152723670005798,546.0,548.0,0.5748436450958252,0.0009999999,0.43021392822265625,0.7152889966964722,0.7148803472518921,0.715624988079071,0.7145833373069763,1372.0,1374.0,0.5,0.5,0.5,240.0,240.0,4.664591312408447,0.0,0.5,0.5,0.5,0.5,240.0,240.0
