epoch,accuracy,auc,f1_score,fn,fp,loss,lr,mcc,npv,precision,recall,specificity,tn,tp,val_accuracy,val_auc,val_f1_score,val_fn,val_fp,val_loss,val_mcc,val_npv,val_precision,val_recall,val_specificity,val_tn,val_tp
0,0.5520833134651184,0.5388573408126831,0.5364278554916382,1124.0,1129.0,0.7305150628089905,0.01,0.0770668163895607,0.5405260324478149,0.5305613279342651,0.5316666960716248,0.5369791388511658,1271.0,1276.0,0.5,0.5,0.5,240.0,240.0,8.850870132446289,0.0,0.5,0.5,0.5,0.5,240.0,240.0
1,0.6182291507720947,0.6465192437171936,0.6020849347114563,767.0,760.0,0.6642084121704102,0.01,0.205087348818779,0.6003001928329468,0.6027182340621948,0.6005208492279053,0.6041666865348816,1160.0,1153.0,0.5,0.547070324420929,0.0,480.0,0.0,3.230132579803467,0.0,0.5,0.0,0.0,1.0,480.0,0.0
2,0.6630208492279053,0.6939337849617004,0.6547484993934631,660.0,670.0,0.6440516114234924,0.01,0.3075655400753021,0.6539127230644226,0.6528497338294983,0.65625,0.6510416865348816,1250.0,1260.0,0.5,0.5,0.5,240.0,240.0,6.2331671714782715,0.0,0.5,0.5,0.5,0.5,240.0,240.0
3,0.668749988079071,0.7161877751350403,0.6678420901298523,627.0,657.0,0.6219476461410522,0.01,0.3316056430339813,0.6691424250602722,0.6630769371986389,0.6734374761581421,0.6578124761581421,1263.0,1293.0,0.5,0.5,0.5,240.0,240.0,7.14434814453125,0.0,0.5,0.5,0.5,0.5,240.0,240.0
4,0.7036458253860474,0.7771279811859131,0.7045568227767944,566.0,570.0,0.5748790502548218,0.0009999999,0.40834757685661316,0.7044252753257751,0.7037422060966492,0.7052083611488342,0.703125,1350.0,1354.0,0.5,0.5,0.5,240.0,240.0,6.471551895141602,0.0,0.5,0.5,0.5,0.5,240.0,240.0
5,0.734375,0.8060885071754456,0.7332190275192261,513.0,510.0,0.5363799333572388,0.0009999999,0.46722692251205444,0.7335761785507202,0.7339593172073364,0.7328125238418579,0.734375,1410.0,1407.0,0.5,0.5062586665153503,0.5,240.0,240.0,4.803210258483887,0.0,0.5,0.5,0.5,0.5,240.0,240.0
