epoch,accuracy,auc,f1_score,fn,fp,loss,lr,mcc,npv,precision,recall,specificity,tn,tp,val_accuracy,val_auc,val_f1_score,val_fn,val_fp,val_loss,val_mcc,val_npv,val_precision,val_recall,val_specificity,val_tn,val_tp
0,0.4880208373069763,0.5027632713317871,0.4912848472595215,1218.0,1196.0,0.772311270236969,0.01,-0.007310102228075266,0.49753230810165405,0.49705633521080017,0.4925000071525574,0.5020833611488342,1204.0,1182.0,0.5,0.5,0.5,240.0,240.0,7.523236274719238,0.0,0.5,0.5,0.5,0.5,240.0,240.0
1,0.5484374761581421,0.5451340079307556,0.5287064909934998,905.0,893.0,0.7117764949798584,0.01,0.06397701799869537,0.5329818725585938,0.5319706201553345,0.5286458134651184,0.5348958373069763,1027.0,1015.0,0.5,0.5290538668632507,0.458763062953949,282.0,174.0,1.117315411567688,0.05110078677535057,0.5250135064125061,0.5322580933570862,0.4124999940395355,0.637499988079071,306.0,198.0
2,0.5958333611488342,0.6092541813850403,0.5830212235450745,797.0,803.0,0.6855751872062683,0.01,0.16709783673286438,0.5844070911407471,0.5830737352371216,0.5848958492279053,0.5817708373069763,1117.0,1123.0,0.5,0.5,0.5,240.0,240.0,4.166754722595215,0.0,0.5,0.5,0.5,0.5,240.0,240.0
3,0.6187499761581421,0.6521105170249939,0.6190299391746521,721.0,755.0,0.6601133942604065,0.01,0.23155532777309418,0.6174816489219666,0.6136131286621094,0.6244791746139526,0.6067708134651184,1165.0,1199.0,0.5,0.5263910293579102,0.5,240.0,240.0,3.090773582458496,0.0,0.5,0.5,0.5,0.5,240.0,240.0
4,0.6130208373069763,0.6604057550430298,0.6080245971679688,761.0,734.0,0.6574355959892273,0.0009999999,0.22149023413658142,0.6088609099388123,0.6122556924819946,0.6036458611488342,0.6177083253860474,1186.0,1159.0,0.5,0.5454253554344177,0.5,240.0,240.0,1.5404199361801147,0.0,0.5,0.5,0.5,0.5,240.0,240.0
5,0.6473958492279053,0.6945651769638062,0.6450793743133545,690.0,662.0,0.6365863084793091,0.0009999999,0.2959531843662262,0.646224319934845,0.6501057147979736,0.640625,0.6552083492279053,1258.0,1230.0,0.5,0.537072479724884,0.5,240.0,240.0,2.8781092166900635,0.0,0.5,0.5,0.5,0.5,240.0,240.0
