epoch,accuracy,auc,f1_score,fn,fp,loss,lr,mcc,npv,precision,recall,specificity,tn,tp,val_accuracy,val_auc,val_f1_score,val_fn,val_fp,val_loss,val_mcc,val_npv,val_precision,val_recall,val_specificity,val_tn,val_tp
0,0.5802083611488342,0.5586044788360596,0.5612303614616394,1078.0,1088.0,0.716233491897583,0.01,0.12250079959630966,0.5617159605026245,0.5485477447509766,0.5508333444595337,0.5583333373069763,1312.0,1322.0,0.5,0.5,0.5,240.0,240.0,14.326350212097168,0.0,0.5,0.5,0.5,0.5,240.0,240.0
1,0.637499988079071,0.658105731010437,0.6255996227264404,701.0,759.0,0.661954939365387,0.01,0.24009312689304352,0.6228934526443481,0.6162790656089783,0.6348958611488342,0.604687511920929,1161.0,1219.0,0.5,0.5237977504730225,0.5,240.0,240.0,2.535902500152588,0.0,0.5,0.5,0.5,0.5,240.0,240.0
2,0.6505208611488342,0.696410596370697,0.6446701884269714,685.0,674.0,0.6330658793449402,0.01,0.292464941740036,0.6459599137306213,0.6469355821609497,0.6432291865348816,0.6489583253860474,1246.0,1235.0,0.5,0.529003918170929,0.5,240.0,240.0,2.906346082687378,0.0,0.5,0.5,0.5,0.5,240.0,240.0
3,0.6869791746139526,0.7348724603652954,0.6858062148094177,604.0,602.0,0.6081393957138062,0.01,0.37196773290634155,0.6856887936592102,0.6861313581466675,0.6854166388511658,0.6864583492279053,1318.0,1316.0,0.5,0.5674934983253479,0.5,240.0,240.0,1.5586925745010376,0.0,0.5,0.5,0.5,0.5,240.0,240.0
4,0.6958333253860474,0.755679726600647,0.6956720352172852,583.0,587.0,0.5917941331863403,0.0009999999,0.3908024728298187,0.6956243515014648,0.69490647315979,0.6963541507720947,0.6942708492279053,1333.0,1337.0,0.5,0.5,0.5,240.0,240.0,4.4205708503723145,0.0,0.5,0.5,0.5,0.5,240.0,240.0
5,0.71875,0.7861934304237366,0.7189857363700867,538.0,542.0,0.5584366321563721,0.0009999999,0.4375641644001007,0.7193509936332703,0.7182952165603638,0.7197916507720947,0.7177083492279053,1378.0,1382.0,0.5,0.5005208253860474,0.5,240.0,240.0,4.179416179656982,0.0,0.5,0.5,0.5,0.5,240.0,240.0
