epoch,accuracy,auc,f1_score,fn,fp,loss,lr,mcc,npv,precision,recall,specificity,tn,tp,val_accuracy,val_auc,val_f1_score,val_fn,val_fp,val_loss,val_mcc,val_npv,val_precision,val_recall,val_specificity,val_tn,val_tp
0,0.5390625,0.5334813594818115,0.543597936630249,1109.0,1126.0,0.7347830533981323,0.01,0.08634504675865173,0.5440304279327393,0.5341331958770752,0.5379166603088379,0.5385416746139526,1274.0,1291.0,0.5,0.5,0.5,240.0,240.0,18.801513671875,0.0,0.5,0.5,0.5,0.5,240.0,240.0
1,0.5729166865348816,0.5987797379493713,0.577269434928894,803.0,832.0,0.6941375136375427,0.01,0.1488831639289856,0.5745313167572021,0.5731143951416016,0.5817708373069763,0.5666666626930237,1088.0,1117.0,0.5,0.5427300333976746,0.6666666269302368,0.0,480.0,4.545623779296875,0.0,0.0,0.5,1.0,0.0,0.0,480.0
2,0.6078125238418579,0.6321128010749817,0.5980361700057983,772.0,773.0,0.6729179620742798,0.01,0.1957309991121292,0.596815824508667,0.5976054072380066,0.5979166626930237,0.5973958373069763,1147.0,1148.0,0.5,0.5508376955986023,0.5549855828285217,209.0,245.0,2.0443263053894043,0.05037717893719673,0.5,0.5251938104629517,0.5645833611488342,0.4895833432674408,235.0,271.0
3,0.6328125,0.6712895035743713,0.6296975612640381,705.0,724.0,0.6517364382743835,0.01,0.2560162842273712,0.629083514213562,0.6266116499900818,0.6328125,0.6229166388511658,1196.0,1215.0,0.5,0.5,0.5,240.0,240.0,4.458718299865723,0.0,0.5,0.5,0.5,0.5,240.0,240.0
4,0.6385416388511658,0.6785333752632141,0.6383435130119324,693.0,697.0,0.6506150960922241,0.0009999999,0.2760625183582306,0.6384164094924927,0.6377338767051697,0.6390625238418579,0.6369791626930237,1223.0,1227.0,0.5,0.5,0.5,240.0,240.0,4.631947040557861,0.0,0.5,0.5,0.5,0.5,240.0,240.0
5,0.6567708253860474,0.7123223543167114,0.6566483974456787,658.0,661.0,0.6244122385978699,0.0009999999,0.31307658553123474,0.6569982171058655,0.6562662720680237,0.6572916507720947,0.6557291746139526,1259.0,1262.0,0.5,0.5,0.5,240.0,240.0,5.215741157531738,0.0,0.5,0.5,0.5,0.5,240.0,240.0
