epoch,accuracy,auc,f1_score,fn,fp,loss,lr,mcc,npv,precision,recall,specificity,tn,tp,val_accuracy,val_auc,val_f1_score,val_fn,val_fp,val_loss,val_mcc,val_npv,val_precision,val_recall,val_specificity,val_tn,val_tp
0,0.5494791865348816,0.5366241335868835,0.5398896336555481,1111.0,1149.0,0.7336309552192688,0.01,0.07317380607128143,0.5379425287246704,0.5287120342254639,0.5370833277702332,0.526562511920929,1251.0,1289.0,0.5,0.5,0.5,240.0,240.0,11.847887992858887,0.0,0.5,0.5,0.5,0.5,240.0,240.0
1,0.5895833373069763,0.6117572784423828,0.5778465867042542,801.0,830.0,0.6895055174827576,0.01,0.15102143585681915,0.5765947699546814,0.5741406083106995,0.582812488079071,0.5677083134651184,1090.0,1119.0,0.5,0.5031315088272095,0.5,240.0,240.0,7.086958408355713,0.0,0.5,0.5,0.5,0.5,240.0,240.0
2,0.6401041746139526,0.6722099781036377,0.6330448389053345,710.0,693.0,0.660849392414093,0.01,0.2695487439632416,0.6331432461738586,0.6358381509780884,0.6302083134651184,0.6390625238418579,1227.0,1210.0,0.5,0.5,0.5,240.0,240.0,5.261499881744385,0.0,0.5,0.5,0.5,0.5,240.0,240.0
3,0.6578124761581421,0.7040019035339355,0.6551395654678345,653.0,681.0,0.6320856213569641,0.01,0.3054584562778473,0.6545694470405579,0.6504106521606445,0.6598958373069763,0.645312488079071,1239.0,1267.0,0.5,0.5,0.5,240.0,240.0,4.758085250854492,0.0,0.5,0.5,0.5,0.5,240.0,240.0
4,0.6312500238418579,0.6652640700340271,0.6280526518821716,718.0,700.0,0.655894935131073,0.0009999999,0.2616138160228729,0.6311520934104919,0.6319663524627686,0.6260416507720947,0.6354166865348816,1220.0,1202.0,0.5,0.5,0.5,240.0,240.0,7.116253852844238,0.0,0.5,0.5,0.5,0.5,240.0,240.0
5,0.6807291507720947,0.7416610717773438,0.6815885305404663,611.0,612.0,0.5998914241790771,0.0009999999,0.3630653917789459,0.6816273331642151,0.6814159154891968,0.6817708611488342,0.6812499761581421,1308.0,1309.0,0.5,0.5126388669013977,0.5,240.0,240.0,3.4717857837677,0.0,0.5,0.5,0.5,0.5,240.0,240.0
