epoch,accuracy,auc,f1_score,fn,fp,loss,lr,mcc,npv,precision,recall,specificity,tn,tp,val_accuracy,val_auc,val_f1_score,val_fn,val_fp,val_loss,val_mcc,val_npv,val_precision,val_recall,val_specificity,val_tn,val_tp
0,0.6208333373069763,0.6697059869766235,0.6209740042686462,901.0,904.0,0.6782404780387878,0.01,0.24247226119041443,0.6208146810531616,0.6238035559654236,0.6245833039283752,0.6213541626930237,1496.0,1499.0,0.5,0.5,0.5,240.0,240.0,9.970012664794922,0.0,0.5,0.5,0.5,0.5,240.0,240.0
1,0.7015625238418579,0.7509986758232117,0.70028156042099,578.0,570.0,0.587043046951294,0.01,0.4022980034351349,0.7004592418670654,0.7018828392028809,0.6989583373069763,0.703125,1350.0,1342.0,0.5,0.5,0.5,240.0,240.0,4.488128662109375,0.0,0.5,0.5,0.5,0.5,240.0,240.0
2,0.7130208611488342,0.7800576090812683,0.7128099203109741,552.0,549.0,0.5599170923233032,0.01,0.42680516839027405,0.7135003805160522,0.7136150002479553,0.7124999761581421,0.714062511920929,1371.0,1368.0,0.5,0.5,0.5,240.0,240.0,4.302359580993652,0.0,0.5,0.5,0.5,0.5,240.0,240.0
3,0.7333333492279053,0.8024026155471802,0.7315175533294678,513.0,519.0,0.5341287851333618,0.01,0.4626578688621521,0.7323379516601562,0.7305296063423157,0.7328125238418579,0.729687511920929,1401.0,1407.0,0.5,0.5,0.5,240.0,240.0,3.794482707977295,0.0,0.5,0.5,0.5,0.5,240.0,240.0
4,0.7369791865348816,0.8258453607559204,0.7386943697929382,499.0,506.0,0.5063052773475647,0.0009999999,0.47675755620002747,0.7393831014633179,0.7374156713485718,0.7401041388511658,0.7364583611488342,1414.0,1421.0,0.5,0.5370572805404663,0.5,240.0,240.0,2.7410619258880615,0.0,0.5,0.5,0.5,0.5,240.0,240.0
5,0.7520833611488342,0.8355513215065002,0.7509446740150452,480.0,474.0,0.49540016055107117,0.0009999999,0.5033082365989685,0.7513380646705627,0.7523511052131653,0.75,0.753125011920929,1446.0,1440.0,0.5,0.6011024713516235,0.5,240.0,240.0,1.7104510068893433,0.0,0.5,0.5,0.5,0.5,240.0,240.0
