epoch,accuracy,auc,f1_score,fn,fp,loss,lr,mcc,npv,precision,recall,specificity,tn,tp,val_accuracy,val_auc,val_f1_score,val_fn,val_fp,val_loss,val_mcc,val_npv,val_precision,val_recall,val_specificity,val_tn,val_tp
0,0.621874988079071,0.6393371820449829,0.6175850033760071,938.0,925.0,0.7020655274391174,0.01,0.23760242760181427,0.6176553964614868,0.6124842762947083,0.60916668176651,0.620312511920929,1475.0,1462.0,0.5,0.5552539229393005,0.5,240.0,240.0,4.115705490112305,0.0,0.5,0.5,0.5,0.5,240.0,240.0
1,0.6635416746139526,0.7314436435699463,0.6650987267494202,646.0,636.0,0.6063862442970276,0.01,0.3325314223766327,0.6656212210655212,0.6670157313346863,0.6635416746139526,0.668749988079071,1284.0,1274.0,0.5,0.5099457502365112,0.5,240.0,240.0,3.211013078689575,0.0,0.5,0.5,0.5,0.5,240.0,240.0
2,0.7010416388511658,0.7682812809944153,0.7073085308074951,559.0,567.0,0.5788692235946655,0.01,0.4137853980064392,0.7077988982200623,0.7059128880500793,0.7088541388511658,0.7046874761581421,1353.0,1361.0,0.5,0.5,0.5,240.0,240.0,4.301620960235596,0.0,0.5,0.5,0.5,0.5,240.0,240.0
3,0.7229166626930237,0.7957311868667603,0.7275895476341248,526.0,518.0,0.5478208661079407,0.01,0.45649629831314087,0.7271726727485657,0.7290794849395752,0.7260416746139526,0.7302083373069763,1402.0,1394.0,0.5,0.5608984231948853,0.5,240.0,240.0,2.5543808937072754,0.0,0.5,0.5,0.5,0.5,240.0,240.0
4,0.7526041865348816,0.8313443660736084,0.7525777816772461,473.0,477.0,0.5052976012229919,0.0009999999,0.5053960084915161,0.7537890076637268,0.7520790100097656,0.7536458373069763,0.7515624761581421,1443.0,1447.0,0.5,0.6211697459220886,0.5,240.0,240.0,1.6393622159957886,0.0,0.5,0.5,0.5,0.5,240.0,240.0
5,0.7671874761581421,0.8559717535972595,0.7701131105422974,440.0,443.0,0.4713081419467926,0.0009999999,0.5402423739433289,0.7707865834236145,0.7696307897567749,0.7708333134651184,0.7692708373069763,1477.0,1480.0,0.5,0.6248762607574463,0.5,240.0,240.0,1.4285976886749268,0.0,0.5,0.5,0.5,0.5,240.0,240.0
