epoch,accuracy,auc,f1_score,fn,fp,loss,lr,mcc,npv,precision,recall,specificity,tn,tp,val_accuracy,val_auc,val_f1_score,val_fn,val_fp,val_loss,val_mcc,val_npv,val_precision,val_recall,val_specificity,val_tn,val_tp
0,0.5947916507720947,0.6604236960411072,0.5925090909004211,935.0,934.0,0.7125948667526245,0.01,0.18585678935050964,0.592048704624176,0.6106711030006409,0.6104166507720947,0.5927083492279053,1466.0,1465.0,0.5,0.5,0.5,240.0,240.0,5.101244926452637,0.0,0.5,0.5,0.5,0.5,240.0,240.0
1,0.668749988079071,0.7333252429962158,0.6715784072875977,624.0,643.0,0.6048195958137512,0.01,0.34049102663993835,0.6719629168510437,0.6683857440948486,0.675000011920929,0.6651041507720947,1277.0,1296.0,0.5,0.5406770706176758,0.5,240.0,240.0,2.17370343208313,0.0,0.5,0.5,0.5,0.5,240.0,240.0
2,0.6989583373069763,0.770836591720581,0.6990827918052673,579.0,575.0,0.5710231065750122,0.01,0.3992687165737152,0.6992642879486084,0.6998956203460693,0.698437511920929,0.7005208134651184,1345.0,1341.0,0.5,0.511217474937439,0.5,240.0,240.0,2.963275671005249,0.0,0.5,0.5,0.5,0.5,240.0,240.0
3,0.7322916388511658,0.7982938289642334,0.7329018115997314,510.0,517.0,0.543084442615509,0.01,0.46525928378105164,0.7337265610694885,0.7317073345184326,0.734375,0.7307291626930237,1403.0,1410.0,0.5,0.5823068618774414,0.5,240.0,240.0,1.4388847351074219,0.0,0.5,0.5,0.5,0.5,240.0,240.0
4,0.7432291507720947,0.8255563378334045,0.7447643876075745,489.0,492.0,0.5164270997047424,0.0009999999,0.48933589458465576,0.7449588179588318,0.7441497445106506,0.745312511920929,0.7437499761581421,1428.0,1431.0,0.5,0.5922439098358154,0.5361226201057434,215.0,254.0,0.7373475432395935,0.020444821566343307,0.4965516924858093,0.510597288608551,0.5520833134651184,0.47083333134651184,226.0,265.0
5,0.7671874761581421,0.8464750647544861,0.7667308449745178,448.0,447.0,0.48692741990089417,0.0009999999,0.5340898633003235,0.7671690583229065,0.7670661807060242,0.7666666507720947,0.7671874761581421,1473.0,1472.0,0.5,0.5942404866218567,0.5051282048225403,237.0,241.0,0.7970532178878784,0.004103533457964659,0.5,0.5020661354064941,0.5062500238418579,0.49791666865348816,239.0,243.0
