epoch,accuracy,auc,f1_score,fn,fp,loss,lr,mcc,npv,precision,recall,specificity,tn,tp,val_accuracy,val_auc,val_f1_score,val_fn,val_fp,val_loss,val_mcc,val_npv,val_precision,val_recall,val_specificity,val_tn,val_tp
0,0.6145833134651184,0.6190053224563599,0.5970839262008667,1009.0,1019.0,0.7084373235702515,0.01,0.19338305294513702,0.59580397605896,0.577178418636322,0.5795833468437195,0.5947916507720947,1381.0,1391.0,0.5,0.5,0.5,240.0,240.0,21.10862159729004,0.0,0.5,0.5,0.5,0.5,240.0,240.0
1,0.6619791388511658,0.7173429727554321,0.6534697413444519,667.0,661.0,0.6165229678153992,0.01,0.3087018132209778,0.6538057327270508,0.6546499729156494,0.6526041626930237,0.6557291746139526,1259.0,1253.0,0.5,0.5,0.5,240.0,240.0,8.810544967651367,0.0,0.5,0.5,0.5,0.5,240.0,240.0
2,0.6869791746139526,0.7629782557487488,0.6858807802200317,608.0,591.0,0.5776126980781555,0.01,0.3758549690246582,0.6870812177658081,0.689437747001648,0.6833333373069763,0.692187488079071,1329.0,1312.0,0.5,0.5,0.5,240.0,240.0,4.418938159942627,0.0,0.5,0.5,0.5,0.5,240.0,240.0
3,0.7229166626930237,0.7970607280731201,0.7237030267715454,532.0,527.0,0.5445888042449951,0.01,0.44878271222114563,0.7240894436836243,0.724804162979126,0.7229166626930237,0.7255208492279053,1393.0,1388.0,0.5,0.5,0.5,240.0,240.0,3.5329768657684326,0.0,0.5,0.5,0.5,0.5,240.0,240.0
4,0.7421875,0.8219461441040039,0.7435547709465027,495.0,487.0,0.51956707239151,0.0009999999,0.4888053834438324,0.7437358498573303,0.7452929019927979,0.7421875,0.7463541626930237,1433.0,1425.0,0.5,0.5491514801979065,0.5,240.0,240.0,2.718964099884033,0.0,0.5,0.5,0.5,0.5,240.0,240.0
5,0.7760416865348816,0.8524147868156433,0.7727810144424438,432.0,443.0,0.4780741333961487,0.0009999999,0.544484555721283,0.7738238573074341,0.7705851793289185,0.7749999761581421,0.7692708373069763,1477.0,1488.0,0.5,0.5883007645606995,0.5,240.0,240.0,1.7418662309646606,0.0,0.5,0.5,0.5,0.5,240.0,240.0
