epoch,accuracy,auc,f1_score,fn,fp,loss,lr,mcc,npv,precision,recall,specificity,tn,tp,val_accuracy,val_auc,val_f1_score,val_fn,val_fp,val_loss,val_mcc,val_npv,val_precision,val_recall,val_specificity,val_tn,val_tp
0,0.6010416746139526,0.6371878981590271,0.600418746471405,960.0,966.0,0.6646173596382141,0.01,0.1992688924074173,0.5997178554534912,0.5985037684440613,0.6000000238418579,0.596875011920929,1434.0,1440.0,0.5,0.5,0.5,240.0,240.0,126.7231674194336,0.0,0.5,0.5,0.5,0.5,240.0,240.0
1,0.6322916746139526,0.693013608455658,0.6327877044677734,697.0,720.0,0.62529456615448,0.01,0.2622024416923523,0.6332986354827881,0.6294389963150024,0.6369791626930237,0.625,1200.0,1223.0,0.5,0.5,0.5,240.0,240.0,23.71976661682129,0.0,0.5,0.5,0.5,0.5,240.0,240.0
2,0.6505208611488342,0.7126936316490173,0.6506460309028625,674.0,664.0,0.6094951629638672,0.01,0.303257018327713,0.650729775428772,0.6523560285568237,0.6489583253860474,0.6541666388511658,1256.0,1246.0,0.5,0.5,0.5,240.0,240.0,4.33087158203125,0.0,0.5,0.5,0.5,0.5,240.0,240.0
3,0.6484375,0.7163521647453308,0.6482982039451599,678.0,668.0,0.6049326062202454,0.01,0.2990550994873047,0.6492006778717041,0.6502617597579956,0.6468750238418579,0.6520833373069763,1252.0,1242.0,0.5,0.5,0.5,240.0,240.0,4.020588397979736,0.0,0.5,0.5,0.5,0.5,240.0,240.0
4,0.6651041507720947,0.7345170378684998,0.665353536605835,645.0,639.0,0.5930378437042236,0.0009999999,0.33132022619247437,0.6645869016647339,0.6661441922187805,0.6640625,0.667187511920929,1281.0,1275.0,0.5,0.533519983291626,0.5,240.0,240.0,2.516721487045288,0.0,0.5,0.5,0.5,0.5,240.0,240.0
5,0.6677083373069763,0.7366891503334045,0.6667676568031311,639.0,641.0,0.5929723381996155,0.0009999999,0.3334601819515228,0.6669741868972778,0.6664932370185852,0.667187511920929,0.6661458611488342,1279.0,1281.0,0.5,0.5564517974853516,0.5,240.0,240.0,1.853866457939148,0.0,0.5,0.5,0.5,0.5,240.0,240.0
