epoch,accuracy,auc,f1_score,fn,fp,loss,lr,mcc,npv,precision,recall,specificity,tn,tp,val_accuracy,val_auc,val_f1_score,val_fn,val_fp,val_loss,val_mcc,val_npv,val_precision,val_recall,val_specificity,val_tn,val_tp
0,0.6057291626930237,0.6000608205795288,0.6004876494407654,988.0,1011.0,0.6857162714004517,0.01,0.1966676563024521,0.5984333753585815,0.5827486515045166,0.5883333086967468,0.5921875238418579,1389.0,1412.0,0.5,0.5,0.5,240.0,240.0,762.7407836914062,0.0,0.5,0.5,0.5,0.5,240.0,240.0
1,0.6239583492279053,0.6805374026298523,0.6257289052009583,715.0,723.0,0.6363983154296875,0.01,0.2512607276439667,0.6271117329597473,0.625,0.6276041865348816,0.6234375238418579,1197.0,1205.0,0.5,0.5,0.5,240.0,240.0,19.06402587890625,0.0,0.5,0.5,0.5,0.5,240.0,240.0
2,0.6234375238418579,0.6944617629051208,0.6285446882247925,713.0,714.0,0.6249560117721558,0.01,0.256961852312088,0.6282550692558289,0.6283186078071594,0.6286458373069763,0.628125011920929,1206.0,1207.0,0.5,0.5,0.5,240.0,240.0,7.995950222015381,0.0,0.5,0.5,0.5,0.5,240.0,240.0
3,0.6411458253860474,0.6991579532623291,0.637492299079895,694.0,700.0,0.625531017780304,0.01,0.27410614490509033,0.6374379396438599,0.6365524530410767,0.6385416388511658,0.6354166865348816,1220.0,1226.0,0.5,0.5,0.5,240.0,240.0,3.8663480281829834,0.0,0.5,0.5,0.5,0.5,240.0,240.0
4,0.640625,0.6991888284683228,0.6386957168579102,694.0,694.0,0.6220989227294922,0.0009999999,0.2771807312965393,0.6381638050079346,0.6385416388511658,0.6385416388511658,0.6385416388511658,1226.0,1226.0,0.5,0.574548602104187,0.5,240.0,240.0,1.969336748123169,0.0,0.5,0.5,0.5,0.5,240.0,240.0
5,0.6473958492279053,0.7111265063285828,0.6495742797851562,670.0,677.0,0.6141229867935181,0.0009999999,0.2986297309398651,0.6503368616104126,0.6486766934394836,0.6510416865348816,0.6473958492279053,1243.0,1250.0,0.5,0.5642469525337219,0.5,240.0,240.0,2.0432467460632324,0.0,0.5,0.5,0.5,0.5,240.0,240.0
