epoch,accuracy,auc,f1_score,fn,fp,loss,lr,mcc,npv,precision,recall,specificity,tn,tp,val_accuracy,val_auc,val_f1_score,val_fn,val_fp,val_loss,val_mcc,val_npv,val_precision,val_recall,val_specificity,val_tn,val_tp
0,0.582812488079071,0.5784122347831726,0.5828786492347717,1039.0,1041.0,0.6889341473579407,0.01,0.16709193587303162,0.5839396119117737,0.5666111707687378,0.5670833587646484,0.582812488079071,1359.0,1361.0,0.5,0.5,0.5,240.0,240.0,18.362751007080078,0.0,0.5,0.5,0.5,0.5,240.0,240.0
1,0.6427083611488342,0.6948426961898804,0.6393430233001709,696.0,684.0,0.6244298219680786,0.01,0.28143230080604553,0.6398922801017761,0.6415094137191772,0.637499988079071,0.643750011920929,1236.0,1224.0,0.5,0.5,0.5,240.0,240.0,10.384278297424316,0.0,0.5,0.5,0.5,0.5,240.0,240.0
2,0.6343749761581421,0.6973429918289185,0.6342169642448425,704.0,699.0,0.6212243437767029,0.01,0.2694445848464966,0.6341323852539062,0.634986937046051,0.6333333253860474,0.635937511920929,1221.0,1216.0,0.5,0.5,0.5,240.0,240.0,3.7467942237854004,0.0,0.5,0.5,0.5,0.5,240.0,240.0
3,0.6552083492279053,0.7131105661392212,0.6524807810783386,671.0,659.0,0.6112860441207886,0.01,0.3074873387813568,0.6528117060661316,0.6546121835708618,0.6505208611488342,0.6567708253860474,1261.0,1249.0,0.5,0.548878014087677,0.5,240.0,240.0,1.1761834621429443,0.0,0.5,0.5,0.5,0.5,240.0,240.0
4,0.651562511920929,0.7139792442321777,0.6465818285942078,681.0,673.0,0.6091251373291016,0.0009999999,0.2950199544429779,0.6468915939331055,0.6480125784873962,0.645312488079071,0.6494791507720947,1247.0,1239.0,0.5,0.5540472865104675,0.5,240.0,240.0,1.126259446144104,0.0,0.5,0.5,0.5,0.5,240.0,240.0
5,0.6703125238418579,0.7344195246696472,0.6671262383460999,638.0,642.0,0.595259428024292,0.0009999999,0.3334285318851471,0.6667624115943909,0.6663201451301575,0.6677083373069763,0.6656249761581421,1278.0,1282.0,0.5,0.5590299367904663,0.5,240.0,240.0,0.8761212825775146,0.0,0.5,0.5,0.5,0.5,240.0,240.0
