epoch,accuracy,auc,f1_score,fn,fp,loss,lr,mcc,npv,precision,recall,specificity,tn,tp,val_accuracy,val_auc,val_f1_score,val_fn,val_fp,val_loss,val_mcc,val_npv,val_precision,val_recall,val_specificity,val_tn,val_tp
0,0.5927083492279053,0.6304976940155029,0.5821755528450012,964.0,985.0,0.6907155513763428,0.01,0.16706113517284393,0.5826565027236938,0.5931433439254761,0.5983333587646484,0.5859375,1415.0,1436.0,0.5,0.5,0.5,240.0,240.0,26.889665603637695,0.0,0.5,0.5,0.5,0.5,240.0,240.0
1,0.6171875,0.6611782312393188,0.6195005178451538,728.0,736.0,0.6413601636886597,0.01,0.2376224249601364,0.6191626787185669,0.6182572841644287,0.6208333373069763,0.6166666746139526,1184.0,1192.0,0.5041666626930237,0.5987001061439514,0.6666666269302368,0.0,480.0,1.3995972871780396,0.0,0.0,0.5,1.0,0.0,0.0,480.0
2,0.6130208373069763,0.6613844633102417,0.6145875453948975,735.0,749.0,0.6423022747039795,0.01,0.22725920379161835,0.6150948405265808,0.6127197742462158,0.6171875,0.6098958253860474,1171.0,1185.0,0.5,0.5987456440925598,0.5060917139053345,237.0,240.0,1.3137940168380737,0.006096013356000185,0.5,0.5031055808067322,0.5062500238418579,0.5,240.0,243.0
3,0.6229166388511658,0.6772705912590027,0.6185106039047241,732.0,731.0,0.6346672773361206,0.01,0.23811429738998413,0.6196500658988953,0.619072437286377,0.6187499761581421,0.6192708611488342,1189.0,1188.0,0.5,0.6309353113174438,0.6647754311561584,3.0,478.0,0.800615668296814,-0.0035744765773415565,0.13333331048488617,0.49947643280029297,0.9937499761581421,0.004166666883975267,2.0,477.0
4,0.6348958611488342,0.6770182251930237,0.6341701149940491,702.0,702.0,0.6334994435310364,0.01,0.2688795030117035,0.6347318887710571,0.6343749761581421,0.6343749761581421,0.6343749761581421,1218.0,1218.0,0.5,0.5835416913032532,0.5,240.0,240.0,2.138570547103882,0.0,0.5,0.5,0.5,0.5,240.0,240.0
5,0.6343749761581421,0.6978500485420227,0.6347032785415649,701.0,702.0,0.6198467016220093,0.0009999999,0.26935455203056335,0.6347277760505676,0.6345653533935547,0.6348958611488342,0.6343749761581421,1218.0,1219.0,0.5,0.6162717342376709,0.5,240.0,240.0,1.622367262840271,0.0,0.5,0.5,0.5,0.5,240.0,240.0
6,0.6432291865348816,0.7030659317970276,0.6417080760002136,686.0,691.0,0.6159288287162781,0.0009999999,0.2829054594039917,0.6420615315437317,0.6410389542579651,0.6427083611488342,0.6401041746139526,1229.0,1234.0,0.5,0.6303103566169739,0.5,240.0,240.0,1.4791933298110962,0.0,0.5,0.5,0.5,0.5,240.0,240.0
