epoch,accuracy,auc,f1_score,fn,fp,loss,lr,mcc,npv,precision,recall,specificity,tn,tp,val_accuracy,val_auc,val_f1_score,val_fn,val_fp,val_loss,val_mcc,val_npv,val_precision,val_recall,val_specificity,val_tn,val_tp
0,0.5963541865348816,0.5868735313415527,0.5928647518157959,1025.0,1008.0,0.6796571612358093,0.01,0.19175384938716888,0.5956588387489319,0.5770037770271301,0.5729166865348816,0.6000000238418579,1392.0,1375.0,0.5,0.5,0.5,240.0,240.0,116.63297271728516,0.0,0.5,0.5,0.5,0.5,240.0,240.0
1,0.6171875,0.6656750440597534,0.621204674243927,723.0,735.0,0.6411062479019165,0.01,0.24094714224338531,0.6215753555297852,0.6195651888847351,0.6234375238418579,0.6171875,1185.0,1197.0,0.5,0.5,0.5,240.0,240.0,9.387561798095703,0.0,0.5,0.5,0.5,0.5,240.0,240.0
2,0.6192708611488342,0.680148184299469,0.6192682981491089,729.0,735.0,0.6302157044410706,0.01,0.23757486045360565,0.6191827654838562,0.618380069732666,0.620312511920929,0.6171875,1185.0,1191.0,0.5,0.5425130128860474,0.5,240.0,240.0,1.957091212272644,0.0,0.5,0.5,0.5,0.5,240.0,240.0
3,0.6213541626930237,0.6836255192756653,0.6192969679832458,726.0,742.0,0.627294659614563,0.01,0.2355620414018631,0.6186407208442688,0.6167355179786682,0.621874988079071,0.6135416626930237,1178.0,1194.0,0.5,0.6064800024032593,0.5,240.0,240.0,1.3133906126022339,0.0,0.5,0.5,0.5,0.5,240.0,240.0
4,0.637499988079071,0.6898849606513977,0.6362244486808777,695.0,705.0,0.6284729838371277,0.0009999999,0.27092093229293823,0.6363682150840759,0.6347150206565857,0.6380208134651184,0.6328125,1215.0,1225.0,0.5,0.5972222089767456,0.5,240.0,240.0,0.8169931173324585,0.0,0.5,0.5,0.5,0.5,240.0,240.0
5,0.6401041746139526,0.7075157165527344,0.6433037519454956,680.0,694.0,0.6135284304618835,0.0009999999,0.28452637791633606,0.6435776352882385,0.6411582231521606,0.6458333134651184,0.6385416388511658,1226.0,1240.0,0.5,0.6052039265632629,0.5020512938499451,239.0,240.0,0.735630989074707,0.0020517667289823294,0.5,0.5010395050048828,0.5020833611488342,0.5,240.0,241.0
