epoch,accuracy,auc,f1_score,fn,fp,loss,lr,mcc,npv,precision,recall,specificity,tn,tp,val_accuracy,val_auc,val_f1_score,val_fn,val_fp,val_loss,val_mcc,val_npv,val_precision,val_recall,val_specificity,val_tn,val_tp
0,0.5807291865348816,0.569979190826416,0.5710901021957397,1074.0,1032.0,0.6941554546356201,0.01,0.15361233055591583,0.5756441354751587,0.5623409748077393,0.5525000095367432,0.5874999761581421,1368.0,1326.0,0.5,0.5,0.5,240.0,240.0,81.09314727783203,0.0,0.5,0.5,0.5,0.5,240.0,240.0
1,0.6151041388511658,0.679852306842804,0.6206973791122437,723.0,739.0,0.6337090134620667,0.01,0.238751620054245,0.6205171346664429,0.6182851195335388,0.6234375238418579,0.6151041388511658,1181.0,1197.0,0.5,0.5,0.5,240.0,240.0,23.846168518066406,0.0,0.5,0.5,0.5,0.5,240.0,240.0
2,0.6260416507720947,0.682346522808075,0.6256277561187744,722.0,710.0,0.6298937201499939,0.01,0.25429099798202515,0.6267508864402771,0.6278825998306274,0.6239583492279053,0.6302083134651184,1210.0,1198.0,0.5,0.5,0.5,240.0,240.0,15.216715812683105,0.0,0.5,0.5,0.5,0.5,240.0,240.0
3,0.6489583253860474,0.7061071395874023,0.6484977006912231,675.0,675.0,0.616969108581543,0.01,0.2971504330635071,0.6483208537101746,0.6484375,0.6484375,0.6484375,1245.0,1245.0,0.5,0.5,0.5,240.0,240.0,9.262734413146973,0.0,0.5,0.5,0.5,0.5,240.0,240.0
4,0.6307291388511658,0.6941341161727905,0.6308955550193787,711.0,702.0,0.6242584586143494,0.0009999999,0.26415902376174927,0.6318569779396057,0.6326530575752258,0.629687488079071,0.6343749761581421,1218.0,1209.0,0.5,0.5,0.5,240.0,240.0,5.028558254241943,0.0,0.5,0.5,0.5,0.5,240.0,240.0
5,0.6552083492279053,0.7162430882453918,0.6537046432495117,664.0,666.0,0.6098360419273376,0.0009999999,0.3075442612171173,0.6540445685386658,0.6534859538078308,0.6541666388511658,0.653124988079071,1254.0,1256.0,0.5,0.5,0.5,240.0,240.0,2.9213521480560303,0.0,0.5,0.5,0.5,0.5,240.0,240.0
