epoch,accuracy,auc,f1_score,fn,fp,loss,lr,mcc,npv,precision,recall,specificity,tn,tp,val_accuracy,val_auc,val_f1_score,val_fn,val_fp,val_loss,val_mcc,val_npv,val_precision,val_recall,val_specificity,val_tn,val_tp
0,0.6036458611488342,0.590007483959198,0.6052086353302002,997.0,1001.0,0.6720008850097656,0.01,0.20982927083969116,0.6042449474334717,0.5836106538772583,0.5845833420753479,0.6036458611488342,1399.0,1403.0,0.5,0.5,0.5,240.0,240.0,144.19088745117188,0.0,0.5,0.5,0.5,0.5,240.0,240.0
1,0.6447916626930237,0.6954910159111023,0.6457070708274841,681.0,679.0,0.624436616897583,0.01,0.2918490171432495,0.6455259919166565,0.6459854245185852,0.645312488079071,0.6463541388511658,1241.0,1239.0,0.5,0.5,0.5,240.0,240.0,21.3303165435791,0.0,0.5,0.5,0.5,0.5,240.0,240.0
2,0.6442708373069763,0.6997180581092834,0.6387667059898376,693.0,695.0,0.6179382801055908,0.01,0.2772183120250702,0.6385786533355713,0.6383975148200989,0.6390625238418579,0.6380208134651184,1225.0,1227.0,0.5,0.5,0.5,240.0,240.0,10.855530738830566,0.0,0.5,0.5,0.5,0.5,240.0,240.0
3,0.6588541865348816,0.7133194804191589,0.6592627167701721,650.0,662.0,0.6125859618186951,0.01,0.31680214405059814,0.6596105694770813,0.6573498845100403,0.6614583134651184,0.6552083492279053,1258.0,1270.0,0.5,0.5,0.5,240.0,240.0,5.400571823120117,0.0,0.5,0.5,0.5,0.5,240.0,240.0
4,0.6640625,0.7232575416564941,0.6649540662765503,638.0,654.0,0.6034982800483704,0.0009999999,0.32721075415611267,0.6648777723312378,0.6621900796890259,0.6677083373069763,0.659375011920929,1266.0,1282.0,0.5,0.5113368034362793,0.5,240.0,240.0,3.0924055576324463,0.0,0.5,0.5,0.5,0.5,240.0,240.0
5,0.6541666388511658,0.7178991436958313,0.6527991890907288,663.0,675.0,0.6034737825393677,0.0009999999,0.30318763852119446,0.6521793007850647,0.6506211161613464,0.6546875238418579,0.6484375,1245.0,1257.0,0.5,0.5187413096427917,0.5,240.0,240.0,2.650841236114502,0.0,0.5,0.5,0.5,0.5,240.0,240.0
