epoch,accuracy,auc,f1_score,fn,fp,loss,lr,mcc,npv,precision,recall,specificity,tn,tp,val_accuracy,val_auc,val_f1_score,val_fn,val_fp,val_loss,val_mcc,val_npv,val_precision,val_recall,val_specificity,val_tn,val_tp
0,0.5776041746139526,0.6294171214103699,0.5826717019081116,908.0,1058.0,0.6821982860565186,0.01,0.163249209523201,0.5840834975242615,0.5850980281829834,0.621666669845581,0.5755208134651184,1342.0,1492.0,0.5,0.5,0.5,240.0,240.0,23.7886905670166,0.0,0.5,0.5,0.5,0.5,240.0,240.0
1,0.6109374761581421,0.6615763902664185,0.6114731431007385,746.0,745.0,0.642257571220398,0.01,0.223640576004982,0.611784040927887,0.6117769479751587,0.6114583611488342,0.6119791865348816,1175.0,1174.0,0.5,0.5,0.5,240.0,240.0,8.455714225769043,0.0,0.5,0.5,0.5,0.5,240.0,240.0
2,0.620312511920929,0.6862367987632751,0.625511884689331,717.0,722.0,0.6284950375556946,0.01,0.2506372630596161,0.6260226964950562,0.6249350905418396,0.6265624761581421,0.6239583492279053,1198.0,1203.0,0.5,0.5005208253860474,0.5,240.0,240.0,4.22843599319458,0.0,0.5,0.5,0.5,0.5,240.0,240.0
3,0.6260416507720947,0.6829461455345154,0.6268447041511536,718.0,713.0,0.6287858486175537,0.01,0.2548198699951172,0.6269439458847046,0.627676248550415,0.6260416507720947,0.6286458373069763,1207.0,1202.0,0.5,0.5,0.5,240.0,240.0,5.607123851776123,0.0,0.5,0.5,0.5,0.5,240.0,240.0
4,0.6468750238418579,0.7014744877815247,0.6490172147750854,670.0,682.0,0.615639865398407,0.0009999999,0.29596614837646484,0.6488198041915894,0.6469979286193848,0.6510416865348816,0.6447916626930237,1238.0,1250.0,0.5,0.5,0.5,240.0,240.0,4.8753509521484375,0.0,0.5,0.5,0.5,0.5,240.0,240.0
5,0.6604166626930237,0.7137377858161926,0.6581423878669739,653.0,663.0,0.6095588207244873,0.0009999999,0.31479066610336304,0.6582241058349609,0.6564766764640808,0.6598958373069763,0.6546875238418579,1257.0,1267.0,0.5,0.5005208253860474,0.5,240.0,240.0,3.973031520843506,0.0,0.5,0.5,0.5,0.5,240.0,240.0
