epoch,accuracy,auc,f1_score,fn,fp,loss,lr,mcc,npv,precision,recall,specificity,tn,tp,val_accuracy,val_auc,val_f1_score,val_fn,val_fp,val_loss,val_mcc,val_npv,val_precision,val_recall,val_specificity,val_tn,val_tp
0,0.6104166507720947,0.6391444206237793,0.6046174168586731,755.0,769.0,0.6765905022621155,0.01,0.2064618170261383,0.6031995415687561,0.6023784875869751,0.6067708134651184,0.5994791388511658,1151.0,1165.0,0.5,0.5,0.5,240.0,240.0,13.321551322937012,0.0,0.5,0.5,0.5,0.5,240.0,240.0
1,0.6395833492279053,0.6881217956542969,0.6413400173187256,683.0,700.0,0.6292984485626221,0.01,0.27991530299186707,0.6412204504013062,0.6386164426803589,0.6442708373069763,0.6354166865348816,1220.0,1237.0,0.5,0.5,0.5,240.0,240.0,5.8371663093566895,0.0,0.5,0.5,0.5,0.5,240.0,240.0
2,0.6458333134651184,0.7049044370651245,0.6434544324874878,689.0,675.0,0.6172600388526917,0.01,0.28977641463279724,0.6437743306159973,0.645855188369751,0.6411458253860474,0.6484375,1245.0,1231.0,0.5,0.5,0.5,240.0,240.0,5.784067630767822,0.0,0.5,0.5,0.5,0.5,240.0,240.0
3,0.653124988079071,0.7145988941192627,0.6534877419471741,668.0,659.0,0.6103008389472961,0.01,0.3090342879295349,0.6539288759231567,0.6551543474197388,0.6520833373069763,0.6567708253860474,1261.0,1252.0,0.5,0.5,0.5,240.0,240.0,3.5996689796447754,0.0,0.5,0.5,0.5,0.5,240.0,240.0
4,0.65625,0.7202841639518738,0.6547735333442688,665.0,659.0,0.6046001315116882,0.0009999999,0.3105369806289673,0.654494047164917,0.6556949019432068,0.6536458134651184,0.6567708253860474,1261.0,1255.0,0.5,0.5,0.5,240.0,240.0,3.6825432777404785,0.0,0.5,0.5,0.5,0.5,240.0,240.0
5,0.6520833373069763,0.7191924452781677,0.6497877240180969,672.0,672.0,0.6038251519203186,0.0009999999,0.3001304566860199,0.6503893733024597,0.6499999761581421,0.6499999761581421,0.6499999761581421,1248.0,1248.0,0.5,0.5,0.5,240.0,240.0,3.279689073562622,0.0,0.5,0.5,0.5,0.5,240.0,240.0
