epoch,accuracy,auc,f1_score,fn,fp,loss,lr,mcc,npv,precision,recall,specificity,tn,tp,val_accuracy,val_auc,val_f1_score,val_fn,val_fp,val_loss,val_mcc,val_npv,val_precision,val_recall,val_specificity,val_tn,val_tp
0,0.565625011920929,0.5619468092918396,0.5544049143791199,1096.0,1088.0,0.6883735060691833,0.01,0.11306760460138321,0.5560526251792908,0.5451505184173584,0.5433333516120911,0.5583333373069763,1312.0,1304.0,0.5,0.5,0.5,240.0,240.0,388.1825866699219,0.0,0.5,0.5,0.5,0.5,240.0,240.0
1,0.6119791865348816,0.6618704795837402,0.6143844127655029,744.0,730.0,0.6460098624229431,0.01,0.23243595659732819,0.6156696677207947,0.6169989705085754,0.612500011920929,0.6197916865348816,1190.0,1176.0,0.5,0.5391839742660522,0.0,480.0,0.0,8.787187576293945,0.0,0.5,0.0,0.0,1.0,480.0,0.0
2,0.6244791746139526,0.6722635626792908,0.6241284012794495,718.0,728.0,0.637860119342804,0.01,0.2470213770866394,0.624550461769104,0.6227979063987732,0.6260416507720947,0.6208333373069763,1192.0,1202.0,0.5,0.5,0.0,480.0,0.0,3.003283977508545,0.0,0.5,0.0,0.0,1.0,480.0,0.0
3,0.620312511920929,0.6809342503547668,0.6196775436401367,734.0,721.0,0.6320183873176575,0.01,0.24228201806545258,0.6204777956008911,0.6219192743301392,0.6177083253860474,0.6244791746139526,1199.0,1186.0,0.5,0.548461377620697,0.5,240.0,240.0,2.817800998687744,0.0,0.5,0.5,0.5,0.5,240.0,240.0
4,0.6416666507720947,0.6955863237380981,0.6417940258979797,688.0,690.0,0.6217835545539856,0.0009999999,0.28240928053855896,0.6403345465660095,0.6409989595413208,0.6416666507720947,0.640625,1230.0,1232.0,0.5,0.5435503721237183,0.5,240.0,240.0,2.65720272064209,0.0,0.5,0.5,0.5,0.5,240.0,240.0
5,0.6416666507720947,0.7001631855964661,0.6424096822738647,686.0,687.0,0.619677722454071,0.0009999999,0.28496381640434265,0.6427690386772156,0.6423737406730652,0.6427083611488342,0.6421874761581421,1233.0,1234.0,0.5,0.5443446040153503,0.5,240.0,240.0,2.307839870452881,0.0,0.5,0.5,0.5,0.5,240.0,240.0
