epoch,accuracy,auc,f1_score,fn,fp,loss,lr,mcc,npv,precision,recall,specificity,tn,tp,val_accuracy,val_auc,val_f1_score,val_fn,val_fp,val_loss,val_mcc,val_npv,val_precision,val_recall,val_specificity,val_tn,val_tp
0,0.5864583253860474,0.5701164603233337,0.5899149179458618,1017.0,1047.0,0.6813499331474304,0.01,0.17534323036670685,0.5897039771080017,0.5691357851028442,0.5762500166893005,0.5796874761581421,1353.0,1383.0,0.5,0.5,0.5,240.0,240.0,175.9501495361328,0.0,0.5,0.5,0.5,0.5,240.0,240.0
1,0.6177083253860474,0.660848081111908,0.6162918210029602,735.0,740.0,0.641268789768219,0.01,0.2320033460855484,0.6162423491477966,0.6155844330787659,0.6171875,0.6145833134651184,1180.0,1185.0,0.5,0.5,0.5,240.0,240.0,15.026293754577637,0.0,0.5,0.5,0.5,0.5,240.0,240.0
2,0.6213541626930237,0.6719667911529541,0.6192054152488708,738.0,716.0,0.6312981843948364,0.01,0.2429140955209732,0.6198102831840515,0.6227607727050781,0.6156250238418579,0.6270833611488342,1204.0,1182.0,0.5,0.5,0.5,240.0,240.0,8.179181098937988,0.0,0.5,0.5,0.5,0.5,240.0,240.0
3,0.6265624761581421,0.6854674816131592,0.626128613948822,718.0,719.0,0.6274120807647705,0.01,0.2516769468784332,0.6252819299697876,0.6257157921791077,0.6260416507720947,0.6255208253860474,1201.0,1202.0,0.5,0.5,0.5,240.0,240.0,3.773280382156372,0.0,0.5,0.5,0.5,0.5,240.0,240.0
4,0.6348958611488342,0.6933605670928955,0.635680079460144,705.0,690.0,0.6211785674095154,0.0009999999,0.2735932469367981,0.6348105669021606,0.6377952694892883,0.6328125,0.640625,1230.0,1215.0,0.5,0.5,0.5,240.0,240.0,3.1332473754882812,0.0,0.5,0.5,0.5,0.5,240.0,240.0
5,0.643750011920929,0.7031540274620056,0.644879162311554,683.0,678.0,0.615517258644104,0.0009999999,0.2912791967391968,0.6456314325332642,0.6459529995918274,0.6442708373069763,0.6468750238418579,1242.0,1237.0,0.5,0.5549913048744202,0.5,240.0,240.0,2.7138752937316895,0.0,0.5,0.5,0.5,0.5,240.0,240.0
