epoch,accuracy,auc,f1_score,fn,fp,loss,lr,mcc,npv,precision,recall,specificity,tn,tp,val_accuracy,val_auc,val_f1_score,val_fn,val_fp,val_loss,val_mcc,val_npv,val_precision,val_recall,val_specificity,val_tn,val_tp
0,0.598437488079071,0.6188510656356812,0.58961421251297,787.0,790.0,0.6911141276359558,0.01,0.1791238784790039,0.5885695219039917,0.5891835689544678,0.5901041626930237,0.5885416865348816,1130.0,1133.0,0.5,0.5,0.5,240.0,240.0,2187.13818359375,0.0,0.5,0.5,0.5,0.5,240.0,240.0
1,0.6213541626930237,0.670249342918396,0.6208648681640625,732.0,718.0,0.641021728515625,0.01,0.24494221806526184,0.6216946840286255,0.6232948303222656,0.6187499761581421,0.6260416507720947,1202.0,1188.0,0.5,0.5,0.5,240.0,240.0,27.27892303466797,0.0,0.5,0.5,0.5,0.5,240.0,240.0
2,0.621874988079071,0.6731142997741699,0.6212831139564514,728.0,725.0,0.6372786164283752,0.01,0.24340108036994934,0.6213812232017517,0.6218048930168152,0.6208333373069763,0.6223958134651184,1195.0,1192.0,0.5,0.5,0.5,240.0,240.0,41.274818420410156,0.0,0.5,0.5,0.5,0.5,240.0,240.0
3,0.6401041746139526,0.6983263492584229,0.641299843788147,686.0,693.0,0.6214281320571899,0.01,0.2819051146507263,0.6418771743774414,0.6403736472129822,0.6427083611488342,0.6390625238418579,1227.0,1234.0,0.5,0.5,0.5,240.0,240.0,18.78940200805664,0.0,0.5,0.5,0.5,0.5,240.0,240.0
4,0.6432291865348816,0.697391927242279,0.6404826641082764,692.0,686.0,0.6198747754096985,0.0009999999,0.2824268043041229,0.6408538222312927,0.6415882706642151,0.6395833492279053,0.6427083611488342,1234.0,1228.0,0.5,0.5,0.5,240.0,240.0,9.55495548248291,0.0,0.5,0.5,0.5,0.5,240.0,240.0
5,0.6427083611488342,0.7024319171905518,0.6396746039390564,693.0,689.0,0.6145709156990051,0.0009999999,0.2803163528442383,0.6398846507072449,0.6403966546058655,0.6390625238418579,0.6411458253860474,1231.0,1227.0,0.5,0.5,0.5,240.0,240.0,8.113062858581543,0.0,0.5,0.5,0.5,0.5,240.0,240.0
