epoch,accuracy,auc,f1_score,fn,fp,loss,lr,mcc,npv,precision,recall,specificity,tn,tp,val_accuracy,val_auc,val_f1_score,val_fn,val_fp,val_loss,val_mcc,val_npv,val_precision,val_recall,val_specificity,val_tn,val_tp
0,0.6135416626930237,0.6571002006530762,0.6075575351715088,929.0,922.0,0.6668035387992859,0.01,0.2180374711751938,0.6074501872062683,0.6147095561027527,0.6129166483879089,0.612500011920929,1478.0,1471.0,0.5,0.5,0.5,240.0,240.0,40.592735290527344,0.0,0.5,0.5,0.5,0.5,240.0,240.0
1,0.6447916626930237,0.695762038230896,0.6436802744865417,684.0,684.0,0.6262250542640686,0.01,0.287632018327713,0.6438297629356384,0.643750011920929,0.643750011920929,0.643750011920929,1236.0,1236.0,0.5,0.5,0.5,240.0,240.0,15.609217643737793,0.0,0.5,0.5,0.5,0.5,240.0,240.0
2,0.6442708373069763,0.7034659385681152,0.6457210779190063,680.0,681.0,0.619155764579773,0.01,0.29127445816993713,0.6455302834510803,0.6454971432685852,0.6458333134651184,0.645312488079071,1239.0,1240.0,0.5,0.5,0.5,240.0,240.0,7.219035625457764,0.0,0.5,0.5,0.5,0.5,240.0,240.0
3,0.6270833611488342,0.6911015510559082,0.625971794128418,724.0,704.0,0.6240642666816711,0.01,0.2564014792442322,0.6270807385444641,0.6294736862182617,0.6229166388511658,0.6333333253860474,1216.0,1196.0,0.5,0.5,0.5,240.0,240.0,4.337224960327148,0.0,0.5,0.5,0.5,0.5,240.0,240.0
4,0.659375011920929,0.7200358510017395,0.6575036644935608,658.0,656.0,0.6077531576156616,0.0009999999,0.31572532653808594,0.6579127907752991,0.6579770445823669,0.6572916507720947,0.6583333611488342,1264.0,1262.0,0.5,0.5,0.5,240.0,240.0,3.6844658851623535,0.0,0.5,0.5,0.5,0.5,240.0,240.0
5,0.6682291626930237,0.726459801197052,0.6680535674095154,635.0,642.0,0.6024447679519653,0.0009999999,0.3350687026977539,0.6680521368980408,0.6668396592140198,0.6692708134651184,0.6656249761581421,1278.0,1285.0,0.5,0.5385416746139526,0.5,240.0,240.0,2.6279778480529785,0.0,0.5,0.5,0.5,0.5,240.0,240.0
