epoch,accuracy,auc,f1_score,fn,fp,loss,lr,mcc,npv,precision,recall,specificity,tn,tp,val_accuracy,val_auc,val_f1_score,val_fn,val_fp,val_loss,val_mcc,val_npv,val_precision,val_recall,val_specificity,val_tn,val_tp
0,0.6010416746139526,0.5902780294418335,0.6010901927947998,1005.0,1012.0,0.6768036484718323,0.01,0.19967292249202728,0.5978537201881409,0.5795596241950989,0.581250011920929,0.5979166626930237,1388.0,1395.0,0.5,0.5,0.5,240.0,240.0,30.85313606262207,0.0,0.5,0.5,0.5,0.5,240.0,240.0
1,0.640625,0.6973963379859924,0.6381168365478516,696.0,693.0,0.6207109093666077,0.01,0.2767665684223175,0.637692391872406,0.6384976506233215,0.637499988079071,0.6390625238418579,1227.0,1224.0,0.5,0.5036457777023315,0.5,240.0,240.0,6.266129970550537,0.0,0.5,0.5,0.5,0.5,240.0,240.0
2,0.6416666507720947,0.7064371705055237,0.6396566033363342,700.0,674.0,0.6136725544929504,0.01,0.28453418612480164,0.6403850317001343,0.6441394090652466,0.6354166865348816,0.6489583253860474,1246.0,1220.0,0.5,0.5343250632286072,0.5,240.0,240.0,3.043940544128418,0.0,0.5,0.5,0.5,0.5,240.0,240.0
3,0.6510416865348816,0.710234522819519,0.6525630354881287,666.0,669.0,0.6099433302879333,0.01,0.30485910177230835,0.6526510715484619,0.6521061062812805,0.653124988079071,0.651562511920929,1251.0,1254.0,0.5,0.5308745503425598,0.5,240.0,240.0,2.0440547466278076,0.0,0.5,0.5,0.5,0.5,240.0,240.0
4,0.6635416746139526,0.7258817553520203,0.6663730144500732,640.0,641.0,0.6006719470024109,0.0009999999,0.33294880390167236,0.6667634844779968,0.6663196086883545,0.6666666865348816,0.6661458611488342,1279.0,1280.0,0.5,0.5174609422683716,0.5,240.0,240.0,2.594616413116455,0.0,0.5,0.5,0.5,0.5,240.0,240.0
5,0.6666666865348816,0.7344294190406799,0.6679936647415161,641.0,629.0,0.592063307762146,0.0009999999,0.33869728446006775,0.6686565279960632,0.6703354120254517,0.6661458611488342,0.6723958253860474,1291.0,1279.0,0.5,0.5599283576011658,0.5,240.0,240.0,1.345146656036377,0.0,0.5,0.5,0.5,0.5,240.0,240.0
