epoch,accuracy,auc,f1_score,fn,fp,loss,lr,mcc,npv,precision,recall,specificity,tn,tp,val_accuracy,val_auc,val_f1_score,val_fn,val_fp,val_loss,val_mcc,val_npv,val_precision,val_recall,val_specificity,val_tn,val_tp
0,0.5927083492279053,0.5853452682495117,0.5903158783912659,1026.0,1025.0,0.6811047196388245,0.01,0.18197883665561676,0.5912042260169983,0.5727386474609375,0.5724999904632568,0.5911458134651184,1375.0,1374.0,0.5,0.5,0.5,240.0,240.0,208.86537170410156,0.0,0.5,0.5,0.5,0.5,240.0,240.0
1,0.6229166388511658,0.6725569367408752,0.6216251254081726,725.0,729.0,0.6409932374954224,0.01,0.2428760826587677,0.6217897534370422,0.6211018562316895,0.6223958134651184,0.620312511920929,1191.0,1195.0,0.5,0.5,0.5,240.0,240.0,22.333362579345703,0.0,0.5,0.5,0.5,0.5,240.0,240.0
2,0.6270833611488342,0.6870489120483398,0.6286799907684326,712.0,714.0,0.6306578516960144,0.01,0.25741153955459595,0.6290612816810608,0.6285119652748108,0.6291666626930237,0.628125011920929,1206.0,1208.0,0.5,0.5317556262016296,0.5,240.0,240.0,3.377858877182007,0.0,0.5,0.5,0.5,0.5,240.0,240.0
3,0.6312500238418579,0.694066047668457,0.630595862865448,711.0,705.0,0.6237383484840393,0.01,0.2626039683818817,0.6309625506401062,0.6316614151000977,0.629687488079071,0.6328125,1215.0,1209.0,0.5,0.5304275155067444,0.5,240.0,240.0,2.0467007160186768,0.0,0.5,0.5,0.5,0.5,240.0,240.0
4,0.6489583253860474,0.7104101777076721,0.6469308733940125,679.0,674.0,0.6125192642211914,0.0009999999,0.29541677236557007,0.6477835774421692,0.6480417847633362,0.6463541388511658,0.6489583253860474,1246.0,1241.0,0.5,0.535399317741394,0.5,240.0,240.0,1.5516722202301025,0.0,0.5,0.5,0.5,0.5,240.0,240.0
5,0.653124988079071,0.7107871174812317,0.6535291075706482,666.0,664.0,0.6105619668960571,0.0009999999,0.30737924575805664,0.6533574461936951,0.6538060307502747,0.653124988079071,0.6541666388511658,1256.0,1254.0,0.5,0.5594422817230225,0.43705660104751587,292.0,184.0,0.8794683814048767,0.007265853695571423,0.5077325105667114,0.5053763389587402,0.3916666805744171,0.6166666746139526,296.0,188.0
