epoch,accuracy,auc,f1_score,fn,fp,loss,lr,mcc,npv,precision,recall,specificity,tn,tp,val_accuracy,val_auc,val_f1_score,val_fn,val_fp,val_loss,val_mcc,val_npv,val_precision,val_recall,val_specificity,val_tn,val_tp
0,0.6072916388511658,0.6101604104042053,0.6059433817863464,993.0,999.0,0.6657558083534241,0.01,0.21209992468357086,0.6064958572387695,0.5847880244255066,0.5862500071525574,0.604687511920929,1401.0,1407.0,0.5,0.5,0.5,240.0,240.0,311.4189147949219,0.0,0.5,0.5,0.5,0.5,240.0,240.0
1,0.629687488079071,0.6922816038131714,0.6360209584236145,697.0,704.0,0.6258679628372192,0.01,0.2705002427101135,0.6351751089096069,0.634665310382843,0.6369791626930237,0.6333333253860474,1216.0,1223.0,0.5,0.5,0.5,240.0,240.0,19.164470672607422,0.0,0.5,0.5,0.5,0.5,240.0,240.0
2,0.6526041626930237,0.7087419033050537,0.6497230529785156,676.0,666.0,0.6163631081581116,0.01,0.3011757433414459,0.6494618058204651,0.6513088941574097,0.6479166746139526,0.653124988079071,1254.0,1244.0,0.5,0.5,0.5,240.0,240.0,5.038118362426758,0.0,0.5,0.5,0.5,0.5,240.0,240.0
3,0.6463541388511658,0.6977142691612244,0.6403342485427856,693.0,684.0,0.6196516156196594,0.01,0.28295862674713135,0.6411397457122803,0.6420722007751465,0.6390625238418579,0.643750011920929,1236.0,1227.0,0.5,0.5642122626304626,0.5,240.0,240.0,1.1204060316085815,0.0,0.5,0.5,0.5,0.5,240.0,240.0
4,0.6677083373069763,0.7206159830093384,0.6660845279693604,644.0,635.0,0.6088244915008545,0.0009999999,0.3340282142162323,0.6662759780883789,0.6677132248878479,0.6645833253860474,0.6692708134651184,1285.0,1276.0,0.5,0.5711349844932556,0.5,240.0,240.0,1.0011355876922607,0.0,0.5,0.5,0.5,0.5,240.0,240.0
5,0.6625000238418579,0.7223586440086365,0.6595286726951599,660.0,640.0,0.60384601354599,0.0009999999,0.3230307996273041,0.6601051092147827,0.6631578803062439,0.65625,0.6666666865348816,1280.0,1260.0,0.5,0.5798177719116211,0.5,240.0,240.0,1.1350271701812744,0.0,0.5,0.5,0.5,0.5,240.0,240.0
