epoch,accuracy,auc,f1_score,fn,fp,loss,lr,mcc,npv,precision,recall,specificity,tn,tp,val_accuracy,val_auc,val_f1_score,val_fn,val_fp,val_loss,val_mcc,val_npv,val_precision,val_recall,val_specificity,val_tn,val_tp
0,0.6156250238418579,0.6038441061973572,0.6261813044548035,947.0,980.0,0.6620502471923828,0.01,0.24677614867687225,0.6256176829338074,0.5972051024436951,0.6054166555404663,0.6145833134651184,1420.0,1453.0,0.5,0.5,0.5,240.0,240.0,9.456238746643066,0.0,0.5,0.5,0.5,0.5,240.0,240.0
1,0.6401041746139526,0.6938886642456055,0.6393688917160034,691.0,696.0,0.6219419836997986,0.01,0.27775993943214417,0.6389017701148987,0.6384415626525879,0.6401041746139526,0.637499988079071,1224.0,1229.0,0.5,0.5026041865348816,0.5,240.0,240.0,2.537104606628418,0.0,0.5,0.5,0.5,0.5,240.0,240.0
2,0.6541666388511658,0.7091227173805237,0.651767373085022,666.0,673.0,0.6107847690582275,0.01,0.3027952313423157,0.6521884202957153,0.6507524847984314,0.653124988079071,0.6494791507720947,1247.0,1254.0,0.5,0.5114908814430237,0.5,240.0,240.0,2.30916166305542,0.0,0.5,0.5,0.5,0.5,240.0,240.0
3,0.6583333611488342,0.710595965385437,0.6555588245391846,663.0,658.0,0.6110462546348572,0.01,0.31212317943573,0.6555224061012268,0.6563968658447266,0.6546875238418579,0.6572916507720947,1262.0,1257.0,0.5,0.5290060639381409,0.5,240.0,240.0,2.359592914581299,0.0,0.5,0.5,0.5,0.5,240.0,240.0
4,0.6697916388511658,0.7156396508216858,0.6682978272438049,634.0,642.0,0.6092747449874878,0.0009999999,0.33555886149406433,0.6686183214187622,0.6670124530792236,0.6697916388511658,0.6656249761581421,1278.0,1286.0,0.5,0.5509136319160461,0.5,240.0,240.0,0.9897406697273254,0.0,0.5,0.5,0.5,0.5,240.0,240.0
5,0.659375011920929,0.7220820784568787,0.6613555550575256,649.0,652.0,0.601031482219696,0.0009999999,0.3224490284919739,0.6616176962852478,0.6609464287757874,0.6619791388511658,0.6604166626930237,1268.0,1271.0,0.5,0.5406445264816284,0.5,240.0,240.0,2.1125035285949707,0.0,0.5,0.5,0.5,0.5,240.0,240.0
