epoch,accuracy,auc,f1_score,fn,fp,loss,lr,mcc,npv,precision,recall,specificity,tn,tp,val_accuracy,val_auc,val_f1_score,val_fn,val_fp,val_loss,val_mcc,val_npv,val_precision,val_recall,val_specificity,val_tn,val_tp
0,0.5916666388511658,0.5999984741210938,0.596408486366272,1019.0,1003.0,0.6679645776748657,0.01,0.1971205323934555,0.5973768830299377,0.5792785286903381,0.5754166841506958,0.6026041507720947,1397.0,1381.0,0.5,0.5,0.5,240.0,240.0,326.53814697265625,0.0,0.5,0.5,0.5,0.5,240.0,240.0
1,0.6328125,0.6859610676765442,0.6323125958442688,708.0,701.0,0.6349755525588989,0.01,0.2663380801677704,0.6327041983604431,0.6335598826408386,0.6312500238418579,0.6348958611488342,1219.0,1212.0,0.5,0.5,0.5,240.0,240.0,29.552663803100586,0.0,0.5,0.5,0.5,0.5,240.0,240.0
2,0.643750011920929,0.6963667869567871,0.6438270807266235,681.0,689.0,0.6256462931632996,0.01,0.2866321802139282,0.6441223621368408,0.6426348686218262,0.645312488079071,0.6411458253860474,1231.0,1239.0,0.5,0.5,0.5,240.0,240.0,11.222617149353027,0.0,0.5,0.5,0.5,0.5,240.0,240.0
3,0.6333333253860474,0.693604052066803,0.6345500349998474,702.0,702.0,0.6225053668022156,0.01,0.26883041858673096,0.6339669823646545,0.6343749761581421,0.6343749761581421,0.6343749761581421,1218.0,1218.0,0.5,0.5,0.5,240.0,240.0,6.184033393859863,0.0,0.5,0.5,0.5,0.5,240.0,240.0
4,0.6494791507720947,0.7062599062919617,0.6492180228233337,670.0,680.0,0.6139497756958008,0.0009999999,0.29698213934898376,0.6494610905647278,0.6476684212684631,0.6510416865348816,0.6458333134651184,1240.0,1250.0,0.5,0.5328124761581421,0.5,240.0,240.0,3.152604818344116,0.0,0.5,0.5,0.5,0.5,240.0,240.0
5,0.6546875238418579,0.711957573890686,0.6548346877098083,657.0,675.0,0.6110634207725525,0.0009999999,0.3063631057739258,0.6543640494346619,0.6517027616500854,0.6578124761581421,0.6484375,1245.0,1263.0,0.5,0.5797135233879089,0.5,240.0,240.0,2.012761116027832,0.0,0.5,0.5,0.5,0.5,240.0,240.0
