epoch,accuracy,auc,f1_score,fn,fp,loss,lr,mcc,npv,precision,recall,specificity,tn,tp,val_accuracy,val_auc,val_f1_score,val_fn,val_fp,val_loss,val_mcc,val_npv,val_precision,val_recall,val_specificity,val_tn,val_tp
0,0.596875011920929,0.5915316343307495,0.5944117307662964,1017.0,1023.0,0.6706539392471313,0.01,0.18769413232803345,0.593636155128479,0.5748129487037659,0.5762500166893005,0.5921875238418579,1377.0,1383.0,0.5,0.5,0.5,240.0,240.0,14.897503852844238,0.0,0.5,0.5,0.5,0.5,240.0,240.0
1,0.6343749761581421,0.6853224635124207,0.6335204839706421,701.0,707.0,0.6299625635147095,0.01,0.2668302655220032,0.6344606280326843,0.6329179406166077,0.6348958611488342,0.6317708492279053,1213.0,1219.0,0.5,0.5125195384025574,0.0,480.0,0.0,2.349177598953247,0.0,0.5,0.0,0.0,1.0,480.0,0.0
2,0.6463541388511658,0.7079907059669495,0.6481619477272034,676.0,675.0,0.6180576086044312,0.01,0.2964659333229065,0.6479214429855347,0.6482542753219604,0.6479166746139526,0.6484375,1245.0,1244.0,0.5,0.5132291913032532,0.5,240.0,240.0,2.9214231967926025,0.0,0.5,0.5,0.5,0.5,240.0,240.0
3,0.637499988079071,0.7061827182769775,0.6350815296173096,708.0,684.0,0.616275429725647,0.01,0.27517059445381165,0.6359673738479614,0.6392405033111572,0.6312500238418579,0.643750011920929,1236.0,1212.0,0.5,0.5,0.5,240.0,240.0,4.821977138519287,0.0,0.5,0.5,0.5,0.5,240.0,240.0
4,0.653124988079071,0.7182796001434326,0.6528938412666321,667.0,665.0,0.6057270169258118,0.0009999999,0.306434690952301,0.652999997138977,0.6532846689224243,0.6526041626930237,0.6536458134651184,1255.0,1253.0,0.5,0.5093749761581421,0.5,240.0,240.0,3.056382894515991,0.0,0.5,0.5,0.5,0.5,240.0,240.0
5,0.6614583134651184,0.7267449498176575,0.6609976291656494,652.0,648.0,0.6013526916503906,0.0009999999,0.32302871346473694,0.6613261699676514,0.6617953777313232,0.6604166626930237,0.6625000238418579,1272.0,1268.0,0.5,0.5477582216262817,0.5,240.0,240.0,2.2612833976745605,0.0,0.5,0.5,0.5,0.5,240.0,240.0
