epoch,accuracy,auc,f1_score,fn,fp,loss,lr,mcc,npv,precision,recall,specificity,tn,tp,val_accuracy,val_auc,val_f1_score,val_fn,val_fp,val_loss,val_mcc,val_npv,val_precision,val_recall,val_specificity,val_tn,val_tp
0,0.5885416865348816,0.5762357711791992,0.5892729163169861,1035.0,1013.0,0.6886062622070312,0.01,0.18365685641765594,0.5903638005256653,0.5740118026733398,0.5687500238418579,0.5973958373069763,1387.0,1365.0,0.5,0.5,0.5,240.0,240.0,449.34185791015625,0.0,0.5,0.5,0.5,0.5,240.0,240.0
1,0.6369791626930237,0.6923738718032837,0.6338568925857544,704.0,701.0,0.6297137141227722,0.01,0.2683660387992859,0.6337702870368958,0.6343244910240173,0.6333333253860474,0.6348958611488342,1219.0,1216.0,0.5,0.5,0.5,240.0,240.0,19.03648567199707,0.0,0.5,0.5,0.5,0.5,240.0,240.0
2,0.6520833373069763,0.7022390365600586,0.6533512473106384,666.0,665.0,0.620446503162384,0.01,0.307003378868103,0.6531705856323242,0.6534653306007385,0.653124988079071,0.6536458134651184,1255.0,1254.0,0.5,0.5,0.5,240.0,240.0,11.177240371704102,0.0,0.5,0.5,0.5,0.5,240.0,240.0
3,0.6390625238418579,0.7052448987960815,0.635506272315979,702.0,695.0,0.6155176758766174,0.01,0.27253520488739014,0.6357260942459106,0.6366962790489197,0.6343749761581421,0.6380208134651184,1225.0,1218.0,0.5,0.5,0.5,240.0,240.0,5.178631782531738,0.0,0.5,0.5,0.5,0.5,240.0,240.0
4,0.6401041746139526,0.7052005529403687,0.6378238201141357,692.0,701.0,0.6169527769088745,0.0009999999,0.27457770705223083,0.6383888721466064,0.6365993022918701,0.6395833492279053,0.6348958611488342,1219.0,1228.0,0.5,0.5,0.5,240.0,240.0,3.2807343006134033,0.0,0.5,0.5,0.5,0.5,240.0,240.0
5,0.65625,0.7268418669700623,0.657491147518158,658.0,658.0,0.5996091961860657,0.0009999999,0.3147142231464386,0.6568992733955383,0.6572916507720947,0.6572916507720947,0.6572916507720947,1262.0,1262.0,0.5,0.5604991316795349,0.5,240.0,240.0,2.055232524871826,0.0,0.5,0.5,0.5,0.5,240.0,240.0
