epoch,accuracy,auc,f1_score,fn,fp,loss,lr,mcc,npv,precision,recall,specificity,tn,tp,val_accuracy,val_auc,val_f1_score,val_fn,val_fp,val_loss,val_mcc,val_npv,val_precision,val_recall,val_specificity,val_tn,val_tp
0,0.609375,0.6724374294281006,0.6082819700241089,904.0,904.0,0.6752303242683411,0.01,0.21600277721881866,0.6072871088981628,0.6233333349227905,0.6233333349227905,0.6067708134651184,1496.0,1496.0,0.5,0.522374153137207,0.5,240.0,240.0,21.71731185913086,0.0,0.5,0.5,0.5,0.5,240.0,240.0
1,0.643750011920929,0.6949172616004944,0.6439163684844971,681.0,686.0,0.6248724460601807,0.01,0.28822293877601624,0.6454020738601685,0.6436363458633423,0.645312488079071,0.6427083611488342,1234.0,1239.0,0.5,0.5,0.5,240.0,240.0,5.982640266418457,0.0,0.5,0.5,0.5,0.5,240.0,240.0
2,0.6479166746139526,0.7203763723373413,0.6511649489402771,673.0,661.0,0.6069860458374023,0.01,0.30539193749427795,0.6522301435470581,0.653563916683197,0.6494791507720947,0.6557291746139526,1259.0,1247.0,0.5,0.5252777934074402,0.5,240.0,240.0,3.547844886779785,0.0,0.5,0.5,0.5,0.5,240.0,240.0
3,0.6619791388511658,0.723141074180603,0.6610257029533386,645.0,661.0,0.604605495929718,0.01,0.31996333599090576,0.6618126034736633,0.6585744023323059,0.6640625,0.6557291746139526,1259.0,1275.0,0.5,0.5303233861923218,0.5,240.0,240.0,2.6508660316467285,0.0,0.5,0.5,0.5,0.5,240.0,240.0
4,0.6666666865348816,0.7334445714950562,0.6661149859428406,640.0,643.0,0.5984947681427002,0.0009999999,0.3319673240184784,0.6661857962608337,0.6656266450881958,0.6666666865348816,0.6651041507720947,1277.0,1280.0,0.5,0.5513671636581421,0.5,240.0,240.0,2.070767402648926,0.0,0.5,0.5,0.5,0.5,240.0,240.0
5,0.6786458492279053,0.7485950589179993,0.6751759052276611,628.0,613.0,0.5870312452316284,0.0009999999,0.3538455665111542,0.6762097477912903,0.6782152056694031,0.6729166507720947,0.6807291507720947,1307.0,1292.0,0.5,0.5695377588272095,0.5,240.0,240.0,1.6083533763885498,0.0,0.5,0.5,0.5,0.5,240.0,240.0
