epoch,accuracy,auc,f1_score,fn,fp,loss,lr,mcc,npv,precision,recall,specificity,tn,tp,val_accuracy,val_auc,val_f1_score,val_fn,val_fp,val_loss,val_mcc,val_npv,val_precision,val_recall,val_specificity,val_tn,val_tp
0,0.6005208492279053,0.6139131784439087,0.5977455973625183,1003.0,1009.0,0.6818317770957947,0.01,0.19455598294734955,0.5968073606491089,0.5806317329406738,0.5820833444595337,0.5953124761581421,1391.0,1397.0,0.5,0.5,0.5,240.0,240.0,96.82210540771484,0.0,0.5,0.5,0.5,0.5,240.0,240.0
1,0.6510416865348816,0.7087447643280029,0.6452832818031311,684.0,672.0,0.6162542700767517,0.01,0.29399552941322327,0.6468361020088196,0.6477987170219421,0.643750011920929,0.6499999761581421,1248.0,1236.0,0.5,0.5,0.5,240.0,240.0,5.970827102661133,0.0,0.5,0.5,0.5,0.5,240.0,240.0
2,0.6630208492279053,0.7209224700927734,0.6620208621025085,650.0,646.0,0.6060093641281128,0.01,0.32516875863075256,0.6623747944831848,0.6628392338752747,0.6614583134651184,0.6635416746139526,1274.0,1270.0,0.5,0.5337651968002319,0.5,240.0,240.0,1.7958928346633911,0.0,0.5,0.5,0.5,0.5,240.0,240.0
3,0.6796875,0.7415351271629333,0.6782817244529724,619.0,616.0,0.5971668362617493,0.01,0.3570849597454071,0.6779058575630188,0.6786645650863647,0.6776041388511658,0.6791666746139526,1304.0,1301.0,0.5,0.5746028423309326,0.5,240.0,240.0,1.5773123502731323,0.0,0.5,0.5,0.5,0.5,240.0,240.0
4,0.6708333492279053,0.7361634969711304,0.6716469526290894,629.0,632.0,0.5942583680152893,0.0009999999,0.343429297208786,0.672333836555481,0.6713468432426453,0.6723958253860474,0.6708333492279053,1288.0,1291.0,0.5,0.5636870861053467,0.5,240.0,240.0,1.758228063583374,0.0,0.5,0.5,0.5,0.5,240.0,240.0
5,0.6807291507720947,0.7444254159927368,0.6803966164588928,612.0,617.0,0.5872579216957092,0.0009999999,0.36003923416137695,0.6803429126739502,0.6794804930686951,0.6812499761581421,0.6786458492279053,1303.0,1308.0,0.5,0.5759179592132568,0.5,240.0,240.0,1.285864233970642,0.0,0.5,0.5,0.5,0.5,240.0,240.0
