epoch,accuracy,auc,f1_score,fn,fp,loss,lr,mcc,npv,precision,recall,specificity,tn,tp,val_accuracy,val_auc,val_f1_score,val_fn,val_fp,val_loss,val_mcc,val_npv,val_precision,val_recall,val_specificity,val_tn,val_tp
0,0.589062511920929,0.5831283926963806,0.5898421406745911,1024.0,1031.0,0.6947853565216064,0.01,0.179912731051445,0.5907465219497681,0.5716660022735596,0.5733333230018616,0.5880208611488342,1369.0,1376.0,0.5,0.5,0.5,240.0,240.0,418.8021240234375,0.0,0.5,0.5,0.5,0.5,240.0,240.0
1,0.6322916746139526,0.6844966411590576,0.6274563074111938,720.0,707.0,0.633113443851471,0.01,0.257111132144928,0.626763105392456,0.6292605996131897,0.625,0.6317708492279053,1213.0,1200.0,0.5,0.542029082775116,0.0,480.0,0.0,2.5066311359405518,0.0,0.5,0.0,0.0,1.0,480.0,0.0
2,0.6526041626930237,0.7050452828407288,0.6471404433250427,682.0,668.0,0.6195051074028015,0.01,0.2970821261405945,0.6473340392112732,0.6495277881622314,0.6447916626930237,0.6520833373069763,1252.0,1238.0,0.5,0.5545486211776733,0.0,480.0,0.0,1.5678250789642334,0.0,0.5,0.0,0.0,1.0,480.0,0.0
3,0.6526041626930237,0.7127664685249329,0.6530196070671082,662.0,675.0,0.6146608591079712,0.01,0.3038466274738312,0.6527521014213562,0.6508018374443054,0.6552083492279053,0.6484375,1245.0,1258.0,0.5,0.5931336879730225,0.5,240.0,240.0,1.459613561630249,0.0,0.5,0.5,0.5,0.5,240.0,240.0
4,0.6583333611488342,0.7275088429450989,0.6586828827857971,660.0,647.0,0.6094896793365479,0.0009999999,0.31940963864326477,0.6581517457962036,0.6607236266136169,0.65625,0.6630208492279053,1273.0,1260.0,0.5,0.6079145073890686,0.5,240.0,240.0,1.326214075088501,0.0,0.5,0.5,0.5,0.5,240.0,240.0
5,0.6760416626930237,0.7420395016670227,0.6729028224945068,630.0,623.0,0.5919895172119141,0.0009999999,0.34758153557777405,0.673467755317688,0.6743335127830505,0.671875,0.6755208373069763,1297.0,1290.0,0.5,0.6109092831611633,0.5,240.0,240.0,1.026531457901001,0.0,0.5,0.5,0.5,0.5,240.0,240.0
