epoch,accuracy,auc,f1_score,fn,fp,loss,lr,mcc,npv,precision,recall,specificity,tn,tp,val_accuracy,val_auc,val_f1_score,val_fn,val_fp,val_loss,val_mcc,val_npv,val_precision,val_recall,val_specificity,val_tn,val_tp
0,0.5880208611488342,0.5826714038848877,0.5848424434661865,1035.0,1040.0,0.6957091093063354,0.01,0.16976577043533325,0.5848788619041443,0.5675675868988037,0.5687500238418579,0.5833333134651184,1360.0,1365.0,0.5,0.5,0.5,240.0,240.0,34.03211212158203,0.0,0.5,0.5,0.5,0.5,240.0,240.0
1,0.6354166865348816,0.6779659986495972,0.6324969530105591,699.0,720.0,0.6391573548316956,0.01,0.2612062394618988,0.6316834092140198,0.6290571689605713,0.635937511920929,0.625,1200.0,1221.0,0.5,0.5,0.5,240.0,240.0,3.9587910175323486,0.0,0.5,0.5,0.5,0.5,240.0,240.0
2,0.643750011920929,0.7059369087219238,0.6452143788337708,682.0,680.0,0.6185335516929626,0.01,0.2908044457435608,0.6449530720710754,0.6454640030860901,0.6447916626930237,0.6458333134651184,1240.0,1238.0,0.5,0.5,0.5,240.0,240.0,5.063657283782959,0.0,0.5,0.5,0.5,0.5,240.0,240.0
3,0.6614583134651184,0.7200011014938354,0.6593920588493347,653.0,655.0,0.6117875576019287,0.01,0.3189484477043152,0.6598345637321472,0.659209132194519,0.6598958373069763,0.6588541865348816,1265.0,1267.0,0.5,0.5658854246139526,0.5,240.0,240.0,2.047718048095703,0.0,0.5,0.5,0.5,0.5,240.0,240.0
4,0.6572916507720947,0.7245417237281799,0.6563786268234253,661.0,658.0,0.6038870215415955,0.0009999999,0.31315457820892334,0.6559981107711792,0.6567553281784058,0.6557291746139526,0.6572916507720947,1262.0,1259.0,0.5,0.5,0.5,240.0,240.0,3.2194268703460693,0.0,0.5,0.5,0.5,0.5,240.0,240.0
5,0.6781250238418579,0.7395180463790894,0.6768261194229126,622.0,616.0,0.5966037511825562,0.0009999999,0.3553878366947174,0.6776057481765747,0.6781609058380127,0.6760416626930237,0.6791666746139526,1304.0,1298.0,0.5,0.5946593284606934,0.5,240.0,240.0,2.1059205532073975,0.0,0.5,0.5,0.5,0.5,240.0,240.0
