epoch,accuracy,auc,f1_score,fn,fp,loss,lr,mcc,npv,precision,recall,specificity,tn,tp,val_accuracy,val_auc,val_f1_score,val_fn,val_fp,val_loss,val_mcc,val_npv,val_precision,val_recall,val_specificity,val_tn,val_tp
0,0.6187499761581421,0.586571991443634,0.6105333566665649,987.0,986.0,0.6819478869438171,0.01,0.22269636392593384,0.6118192076683044,0.5889953970909119,0.5887500047683716,0.6114583611488342,1414.0,1413.0,0.5,0.5,0.5,240.0,240.0,207.14813232421875,0.0,0.5,0.5,0.5,0.5,240.0,240.0
1,0.6286458373069763,0.6820193529129028,0.6293432116508484,708.0,717.0,0.6353335976600647,0.01,0.2580651342868805,0.6302325129508972,0.6283048391342163,0.6312500238418579,0.6265624761581421,1203.0,1212.0,0.5,0.513270378112793,0.5,240.0,240.0,3.7941551208496094,0.0,0.5,0.5,0.5,0.5,240.0,240.0
2,0.6348958611488342,0.7010258436203003,0.6366692781448364,696.0,702.0,0.619170606136322,0.01,0.2720573842525482,0.6359609961509705,0.6355140209197998,0.637499988079071,0.6343749761581421,1218.0,1224.0,0.5,0.5,0.5,240.0,240.0,7.076837062835693,0.0,0.5,0.5,0.5,0.5,240.0,240.0
3,0.6442708373069763,0.7132461667060852,0.6420010924339294,691.0,678.0,0.6121162176132202,0.01,0.28719061613082886,0.6430574059486389,0.6444677710533142,0.6401041746139526,0.6468750238418579,1242.0,1229.0,0.5,0.5968337655067444,0.5,240.0,240.0,1.7941861152648926,0.0,0.5,0.5,0.5,0.5,240.0,240.0
4,0.659375011920929,0.7195116281509399,0.6573845148086548,658.0,657.0,0.6102699637413025,0.0009999999,0.3152725100517273,0.6575849652290344,0.6576341986656189,0.6572916507720947,0.6578124761581421,1263.0,1262.0,0.5,0.5901346206665039,0.5,240.0,240.0,2.1171984672546387,0.0,0.5,0.5,0.5,0.5,240.0,240.0
5,0.6807291507720947,0.7395360469818115,0.677239179611206,616.0,626.0,0.5968748331069946,0.0009999999,0.353340744972229,0.6778411269187927,0.6756476759910583,0.6791666746139526,0.6739583611488342,1294.0,1304.0,0.5,0.5889821648597717,0.5,240.0,240.0,2.0243799686431885,0.0,0.5,0.5,0.5,0.5,240.0,240.0
