epoch,accuracy,auc,f1_score,fn,fp,loss,lr,mcc,npv,precision,recall,specificity,tn,tp,val_accuracy,val_auc,val_f1_score,val_fn,val_fp,val_loss,val_mcc,val_npv,val_precision,val_recall,val_specificity,val_tn,val_tp
0,0.559374988079071,0.5548884272575378,0.5493971705436707,1118.0,1067.0,0.7093122005462646,0.01,0.11236660182476044,0.5544973611831665,0.545764148235321,0.534166693687439,0.5692708492279053,1333.0,1282.0,0.5,0.5,0.5,240.0,240.0,289.3426208496094,0.0,0.5,0.5,0.5,0.5,240.0,240.0
1,0.6333333253860474,0.6753077507019043,0.6321641802787781,701.0,715.0,0.6406496167182922,0.01,0.2627483010292053,0.6329433917999268,0.6302999258041382,0.6348958611488342,0.6276041865348816,1205.0,1219.0,0.5,0.5,0.5,240.0,240.0,19.40517234802246,0.0,0.5,0.5,0.5,0.5,240.0,240.0
2,0.6479166746139526,0.6934630274772644,0.6505223512649536,672.0,669.0,0.6279992461204529,0.01,0.3017933964729309,0.6504459381103516,0.6510171890258789,0.6499999761581421,0.651562511920929,1251.0,1248.0,0.5,0.5,0.5,240.0,240.0,5.454580307006836,0.0,0.5,0.5,0.5,0.5,240.0,240.0
3,0.6541666388511658,0.7099356055259705,0.6532575488090515,667.0,660.0,0.6177853345870972,0.01,0.3090505599975586,0.6549011468887329,0.6549921631813049,0.6526041626930237,0.65625,1260.0,1253.0,0.5,0.5,0.5,240.0,240.0,4.45768928527832,0.0,0.5,0.5,0.5,0.5,240.0,240.0
4,0.6645833253860474,0.7221030592918396,0.6617642641067505,654.0,639.0,0.6070387363433838,0.0009999999,0.3267465829849243,0.6623771786689758,0.6645669341087341,0.659375011920929,0.667187511920929,1281.0,1266.0,0.5,0.518750011920929,0.5,240.0,240.0,2.6343019008636475,0.0,0.5,0.5,0.5,0.5,240.0,240.0
5,0.6682291626930237,0.7314778566360474,0.6682990193367004,639.0,632.0,0.5995700359344482,0.0009999999,0.33816686272621155,0.668623149394989,0.6696288585662842,0.667187511920929,0.6708333492279053,1288.0,1281.0,0.5,0.5599565505981445,0.5,240.0,240.0,1.364380121231079,0.0,0.5,0.5,0.5,0.5,240.0,240.0
