epoch,accuracy,auc,f1_score,fn,fp,loss,lr,mcc,npv,precision,recall,specificity,tn,tp,val_accuracy,val_auc,val_f1_score,val_fn,val_fp,val_loss,val_mcc,val_npv,val_precision,val_recall,val_specificity,val_tn,val_tp
0,0.6239583492279053,0.6069095134735107,0.624214231967926,957.0,970.0,0.6693629026412964,0.01,0.24669447541236877,0.6240149140357971,0.598010778427124,0.6012499928474426,0.6197916865348816,1430.0,1443.0,0.5,0.5,0.5,240.0,240.0,19.201326370239258,0.0,0.5,0.5,0.5,0.5,240.0,240.0
1,0.6640625,0.7226815223693848,0.6646624207496643,641.0,648.0,0.607937753200531,0.01,0.32895201444625854,0.6655117869377136,0.6637259721755981,0.6661458611488342,0.6625000238418579,1272.0,1279.0,0.5,0.5,0.5,240.0,240.0,6.134973049163818,0.0,0.5,0.5,0.5,0.5,240.0,240.0
2,0.6786458492279053,0.7424696087837219,0.6761916279792786,624.0,616.0,0.5919505953788757,0.01,0.35438138246536255,0.6767908334732056,0.6778242588043213,0.675000011920929,0.6791666746139526,1304.0,1296.0,0.5,0.5,0.5,240.0,240.0,5.427468776702881,0.0,0.5,0.5,0.5,0.5,240.0,240.0
3,0.6781250238418579,0.7469344735145569,0.6766834855079651,619.0,624.0,0.5877700448036194,0.01,0.3527478277683258,0.6767992377281189,0.675844132900238,0.6776041388511658,0.675000011920929,1296.0,1301.0,0.5,0.5,0.5,240.0,240.0,5.265552997589111,0.0,0.5,0.5,0.5,0.5,240.0,240.0
4,0.6802083253860474,0.75502610206604,0.6814809441566467,612.0,611.0,0.5795677900314331,0.0009999999,0.36314040422439575,0.6813108325004578,0.6816049814224243,0.6812499761581421,0.6817708611488342,1309.0,1308.0,0.5,0.5423849821090698,0.5,240.0,240.0,2.498440742492676,0.0,0.5,0.5,0.5,0.5,240.0,240.0
5,0.6927083134651184,0.7779533863067627,0.6897676587104797,597.0,592.0,0.5582730174064636,0.0009999999,0.3808746337890625,0.6902720928192139,0.6908616423606873,0.6890624761581421,0.6916666626930237,1328.0,1323.0,0.5,0.5653536915779114,0.5,240.0,240.0,2.0199661254882812,0.0,0.5,0.5,0.5,0.5,240.0,240.0
