epoch,accuracy,auc,f1_score,fn,fp,loss,lr,mcc,npv,precision,recall,specificity,tn,tp,val_accuracy,val_auc,val_f1_score,val_fn,val_fp,val_loss,val_mcc,val_npv,val_precision,val_recall,val_specificity,val_tn,val_tp
0,0.6020833253860474,0.6416860818862915,0.5926742553710938,957.0,944.0,0.6892181634902954,0.01,0.1909623146057129,0.5944777131080627,0.6045244932174683,0.6012499928474426,0.6005208492279053,1456.0,1443.0,0.5,0.5,0.5,240.0,240.0,100.03486633300781,0.0,0.5,0.5,0.5,0.5,240.0,240.0
1,0.6546875238418579,0.7086473703384399,0.6558417677879333,662.0,658.0,0.6158038377761841,0.01,0.3127650022506714,0.6559569835662842,0.6565762162208557,0.6552083492279053,0.6572916507720947,1262.0,1258.0,0.5,0.5,0.5,240.0,240.0,18.325801849365234,0.0,0.5,0.5,0.5,0.5,240.0,240.0
2,0.6630208492279053,0.7143852710723877,0.6600593328475952,652.0,653.0,0.6138033270835876,0.01,0.32048556208610535,0.6605979204177856,0.6600728631019592,0.6604166626930237,0.6598958373069763,1267.0,1268.0,0.5,0.5,0.5,240.0,240.0,5.913673400878906,0.0,0.5,0.5,0.5,0.5,240.0,240.0
3,0.6635416746139526,0.7325578927993774,0.6596511006355286,655.0,650.0,0.5997567772865295,0.01,0.32046616077423096,0.6598775386810303,0.6605744361877441,0.6588541865348816,0.6614583134651184,1270.0,1265.0,0.5,0.5,0.5,240.0,240.0,5.1286702156066895,0.0,0.5,0.5,0.5,0.5,240.0,240.0
4,0.65625,0.7216752171516418,0.658530592918396,653.0,660.0,0.6081266403198242,0.0009999999,0.3163256049156189,0.6589763164520264,0.6574987173080444,0.6598958373069763,0.65625,1260.0,1267.0,0.5,0.5,0.5,240.0,240.0,3.960865020751953,0.0,0.5,0.5,0.5,0.5,240.0,240.0
5,0.6838541626930237,0.7537009119987488,0.6831851601600647,609.0,607.0,0.5812407732009888,0.0009999999,0.3668062090873718,0.683131217956543,0.683524489402771,0.682812511920929,0.6838541626930237,1313.0,1311.0,0.5,0.5,0.5,240.0,240.0,3.1324262619018555,0.0,0.5,0.5,0.5,0.5,240.0,240.0
