epoch,accuracy,auc,f1_score,fn,fp,loss,lr,mcc,npv,precision,recall,specificity,tn,tp,val_accuracy,val_auc,val_f1_score,val_fn,val_fp,val_loss,val_mcc,val_npv,val_precision,val_recall,val_specificity,val_tn,val_tp
0,0.6119791865348816,0.5872651934623718,0.6014386415481567,1008.0,995.0,0.6935701966285706,0.01,0.2071608006954193,0.6034442186355591,0.5831587910652161,0.5799999833106995,0.6067708134651184,1405.0,1392.0,0.5,0.5,0.5,240.0,240.0,25.725605010986328,0.0,0.5,0.5,0.5,0.5,240.0,240.0
1,0.6401041746139526,0.691778838634491,0.6388984322547913,692.0,695.0,0.6282718181610107,0.01,0.27784523367881775,0.6393534541130066,0.6385855674743652,0.6395833492279053,0.6380208134651184,1225.0,1228.0,0.5,0.5,0.5,240.0,240.0,4.2025837898254395,0.0,0.5,0.5,0.5,0.5,240.0,240.0
2,0.6427083611488342,0.7113795280456543,0.6410121917724609,689.0,689.0,0.6111246347427368,0.01,0.28250327706336975,0.6413753628730774,0.6411458253860474,0.6411458253860474,0.6411458253860474,1231.0,1231.0,0.5,0.5015624761581421,0.5,240.0,240.0,2.779736280441284,0.0,0.5,0.5,0.5,0.5,240.0,240.0
3,0.6416666507720947,0.7120949625968933,0.6379953026771545,700.0,685.0,0.6125937700271606,0.01,0.2788204848766327,0.6379843354225159,0.6404199600219727,0.6354166865348816,0.6432291865348816,1235.0,1220.0,0.5,0.5841992497444153,0.5,240.0,240.0,1.0074436664581299,0.0,0.5,0.5,0.5,0.5,240.0,240.0
4,0.6807291507720947,0.7468697428703308,0.6787176132202148,612.0,626.0,0.585321307182312,0.0009999999,0.35553255677223206,0.6790199279785156,0.6763185262680054,0.6812499761581421,0.6739583611488342,1294.0,1308.0,0.5,0.5898285508155823,0.5,240.0,240.0,0.8735953569412231,0.0,0.5,0.5,0.5,0.5,240.0,240.0
5,0.6833333373069763,0.7546606659889221,0.6838539838790894,605.0,611.0,0.5791730284690857,0.0009999999,0.36684560775756836,0.6838701367378235,0.6827622056007385,0.6848958134651184,0.6817708611488342,1309.0,1315.0,0.5,0.588745653629303,0.5041025280952454,238.0,240.0,0.7046677470207214,0.004103533457964659,0.5,0.5020747184753418,0.5041666626930237,0.5,240.0,242.0
