epoch,accuracy,auc,f1_score,fn,fp,loss,lr,mcc,npv,precision,recall,specificity,tn,tp,val_accuracy,val_auc,val_f1_score,val_fn,val_fp,val_loss,val_mcc,val_npv,val_precision,val_recall,val_specificity,val_tn,val_tp
0,0.5901041626930237,0.5680084824562073,0.5790169835090637,1053.0,1035.0,0.703060507774353,0.01,0.16301904618740082,0.5799639821052551,0.5654911994934082,0.5612499713897705,0.5859375,1365.0,1347.0,0.5,0.5,0.5,240.0,240.0,52.81536102294922,0.0,0.5,0.5,0.5,0.5,240.0,240.0
1,0.625,0.6753514409065247,0.6231220364570618,722.0,723.0,0.6374000310897827,0.01,0.24774284660816193,0.6249369978904724,0.6236335039138794,0.6239583492279053,0.6234375238418579,1197.0,1198.0,0.5,0.5,0.5,240.0,240.0,11.935562133789062,0.0,0.5,0.5,0.5,0.5,240.0,240.0
2,0.637499988079071,0.6982176303863525,0.6411277651786804,690.0,687.0,0.623789370059967,0.01,0.28299278020858765,0.6411046385765076,0.6416275501251221,0.640625,0.6421874761581421,1233.0,1230.0,0.5,0.5642187595367432,0.5,240.0,240.0,1.6625291109085083,0.0,0.5,0.5,0.5,0.5,240.0,240.0
3,0.6588541865348816,0.7123959064483643,0.655329704284668,663.0,659.0,0.6145356297492981,0.01,0.31162089109420776,0.6554670929908752,0.6560542583465576,0.6546875238418579,0.6567708253860474,1261.0,1257.0,0.5,0.5,0.5,240.0,240.0,4.103623390197754,0.0,0.5,0.5,0.5,0.5,240.0,240.0
4,0.6744791865348816,0.7332710027694702,0.6748204827308655,633.0,608.0,0.6032411456108093,0.0009999999,0.3539552390575409,0.6743453741073608,0.6791556477546692,0.6703125238418579,0.6833333373069763,1312.0,1287.0,0.5,0.5705512166023254,0.5,240.0,240.0,2.009781837463379,0.0,0.5,0.5,0.5,0.5,240.0,240.0
5,0.6833333373069763,0.7384681105613708,0.6813339591026306,612.0,612.0,0.5965416431427002,0.0009999999,0.3626774251461029,0.6810811758041382,0.6812499761581421,0.6812499761581421,0.6812499761581421,1308.0,1308.0,0.5,0.606249988079071,0.5,240.0,240.0,1.2794069051742554,0.0,0.5,0.5,0.5,0.5,240.0,240.0
