epoch,accuracy,auc,f1_score,fn,fp,loss,lr,mcc,npv,precision,recall,specificity,tn,tp,val_accuracy,val_auc,val_f1_score,val_fn,val_fp,val_loss,val_mcc,val_npv,val_precision,val_recall,val_specificity,val_tn,val_tp
0,0.581250011920929,0.5730158090591431,0.573527455329895,1063.0,1040.0,0.6928539276123047,0.01,0.15483014285564423,0.5779963135719299,0.562473714351654,0.5570833086967468,0.5833333134651184,1360.0,1337.0,0.5,0.5,0.5,240.0,240.0,32.87428665161133,0.0,0.5,0.5,0.5,0.5,240.0,240.0
1,0.6255208253860474,0.6721926331520081,0.6265002489089966,708.0,733.0,0.6372394561767578,0.01,0.24977390468120575,0.6275619268417358,0.6231362223625183,0.6312500238418579,0.6182291507720947,1187.0,1212.0,0.5,0.5,0.5,240.0,240.0,5.745877265930176,0.0,0.5,0.5,0.5,0.5,240.0,240.0
2,0.6427083611488342,0.6943093538284302,0.6366673707962036,701.0,691.0,0.6241803765296936,0.01,0.27524930238723755,0.6364927887916565,0.6382198929786682,0.6348958611488342,0.6401041746139526,1229.0,1219.0,0.5,0.5543445944786072,0.5,240.0,240.0,1.8044865131378174,0.0,0.5,0.5,0.5,0.5,240.0,240.0
3,0.6463541388511658,0.7098691463470459,0.642852783203125,687.0,682.0,0.6119943261146545,0.01,0.2870813012123108,0.6433717608451843,0.6438642144203186,0.6421874761581421,0.6447916626930237,1238.0,1233.0,0.5,0.598791241645813,0.5,240.0,240.0,1.0401068925857544,0.0,0.5,0.5,0.5,0.5,240.0,240.0
4,0.653124988079071,0.7112491726875305,0.6546070575714111,660.0,669.0,0.6144088506698608,0.0009999999,0.3079850375652313,0.6548386812210083,0.653188169002533,0.65625,0.651562511920929,1251.0,1260.0,0.5,0.603042483329773,0.5,240.0,240.0,0.9497339129447937,0.0,0.5,0.5,0.5,0.5,240.0,240.0
5,0.6791666746139526,0.739280641078949,0.6754676103591919,621.0,626.0,0.5903237462043762,0.0009999999,0.35075312852859497,0.6761900186538696,0.674805223941803,0.676562488079071,0.6739583611488342,1294.0,1299.0,0.5,0.605761706829071,0.5,240.0,240.0,1.3055076599121094,0.0,0.5,0.5,0.5,0.5,240.0,240.0
