epoch,accuracy,auc,f1_score,fn,fp,loss,lr,mcc,npv,precision,recall,specificity,tn,tp,val_accuracy,val_auc,val_f1_score,val_fn,val_fp,val_loss,val_mcc,val_npv,val_precision,val_recall,val_specificity,val_tn,val_tp
0,0.596875011920929,0.5794236063957214,0.5878759026527405,1026.0,1039.0,0.6996385455131531,0.01,0.17500896751880646,0.5884727239608765,0.5694156885147095,0.5724999904632568,0.5838541388511658,1361.0,1374.0,0.5,0.5,0.5,240.0,240.0,18.64520835876465,0.0,0.5,0.5,0.5,0.5,240.0,240.0
1,0.6260416507720947,0.6803843975067139,0.6217590570449829,729.0,717.0,0.6380833387374878,0.01,0.24707181751728058,0.6232413053512573,0.6242138147354126,0.620312511920929,0.6265624761581421,1203.0,1191.0,0.5,0.5380100011825562,0.5,240.0,240.0,2.2877719402313232,0.0,0.5,0.5,0.5,0.5,240.0,240.0
2,0.6432291865348816,0.6988893151283264,0.643712043762207,689.0,674.0,0.6217609643936157,0.01,0.29027530550956726,0.6437761783599854,0.6461942195892334,0.6411458253860474,0.6489583253860474,1246.0,1231.0,0.5,0.5695877075195312,0.5,240.0,240.0,1.6464762687683105,0.0,0.5,0.5,0.5,0.5,240.0,240.0
3,0.6588541865348816,0.71714186668396,0.656676709651947,662.0,653.0,0.6117485761642456,0.01,0.3152433931827545,0.6569178700447083,0.6582940816879272,0.6552083492279053,0.6598958373069763,1267.0,1258.0,0.5,0.564210057258606,0.5,240.0,240.0,2.106593370437622,0.0,0.5,0.5,0.5,0.5,240.0,240.0
4,0.6619791388511658,0.7225914001464844,0.6592808365821838,655.0,650.0,0.6119798421859741,0.0009999999,0.32062187790870667,0.6605530381202698,0.6605744361877441,0.6588541865348816,0.6614583134651184,1270.0,1265.0,0.5,0.5890191197395325,0.5,240.0,239.0,1.1722012758255005,0.0020517667289823294,0.5020201802253723,0.5010438561439514,0.5,0.5020833611488342,241.0,240.0
5,0.6760416626930237,0.743304967880249,0.6747701168060303,623.0,626.0,0.5932023525238037,0.0009999999,0.3496815860271454,0.6754353046417236,0.6744669675827026,0.6755208373069763,0.6739583611488342,1294.0,1297.0,0.5,0.5988889336585999,0.5,240.0,238.0,1.0823577642440796,0.004044246859848499,0.5039215683937073,0.5020920634269714,0.5,0.5041666626930237,242.0,240.0
