epoch,accuracy,auc,f1_score,fn,fp,loss,lr,mcc,npv,precision,recall,specificity,tn,tp,val_accuracy,val_auc,val_f1_score,val_fn,val_fp,val_loss,val_mcc,val_npv,val_precision,val_recall,val_specificity,val_tn,val_tp
0,0.614062488079071,0.6600579023361206,0.6045558452606201,935.0,914.0,0.6712663769721985,0.01,0.21432629227638245,0.6064043045043945,0.6158049702644348,0.6104166507720947,0.6114583611488342,1486.0,1465.0,0.5,0.5,0.5,240.0,240.0,13.39175033569336,0.0,0.5,0.5,0.5,0.5,240.0,240.0
1,0.6541666388511658,0.7023192048072815,0.647889256477356,677.0,673.0,0.6196891665458679,0.01,0.2971111834049225,0.6484121680259705,0.6487473845481873,0.6473958492279053,0.6494791507720947,1247.0,1243.0,0.5,0.5254818201065063,0.5,240.0,240.0,1.7760318517684937,0.0,0.5,0.5,0.5,0.5,240.0,240.0
2,0.6614583134651184,0.7229740619659424,0.6597851514816284,647.0,666.0,0.6045352220535278,0.01,0.316363126039505,0.6595298647880554,0.6565240025520325,0.6630208492279053,0.653124988079071,1254.0,1273.0,0.5,0.5,0.5,240.0,240.0,3.377312660217285,0.0,0.5,0.5,0.5,0.5,240.0,240.0
3,0.6739583611488342,0.7387154698371887,0.6758303046226501,620.0,626.0,0.5932213068008423,0.01,0.351188063621521,0.6764510869979858,0.6749740242958069,0.6770833134651184,0.6739583611488342,1294.0,1300.0,0.5,0.5,0.5,240.0,240.0,5.442240238189697,0.0,0.5,0.5,0.5,0.5,240.0,240.0
4,0.6723958253860474,0.7513147592544556,0.6719319820404053,633.0,624.0,0.5810120701789856,0.0009999999,0.34547126293182373,0.6717767119407654,0.6734693646430969,0.6703125238418579,0.675000011920929,1296.0,1287.0,0.5,0.5010416507720947,0.5,240.0,240.0,3.065216064453125,0.0,0.5,0.5,0.5,0.5,240.0,240.0
5,0.6973958611488342,0.7697902917861938,0.6938058733940125,587.0,589.0,0.5670973658561707,0.0009999999,0.3877096176147461,0.6942186951637268,0.6935483813285828,0.6942708492279053,0.6932291388511658,1331.0,1333.0,0.5,0.5648524165153503,0.5,240.0,240.0,1.8859285116195679,0.0,0.5,0.5,0.5,0.5,240.0,240.0
