epoch,accuracy,auc,f1_score,fn,fp,loss,lr,mcc,npv,precision,recall,specificity,tn,tp,val_accuracy,val_auc,val_f1_score,val_fn,val_fp,val_loss,val_mcc,val_npv,val_precision,val_recall,val_specificity,val_tn,val_tp
0,0.5942708253860474,0.5892625451087952,0.6068409085273743,990.0,1004.0,0.6807580590248108,0.01,0.21201735734939575,0.60683274269104,0.5840927958488464,0.5874999761581421,0.6020833253860474,1396.0,1410.0,0.5,0.5,0.5,240.0,240.0,65.19232940673828,0.0,0.5,0.5,0.5,0.5,240.0,240.0
1,0.6354166865348816,0.6967999339103699,0.6342397332191467,700.0,707.0,0.6249532699584961,0.01,0.2674482762813568,0.6340287923812866,0.6331084370613098,0.6354166865348816,0.6317708492279053,1213.0,1220.0,0.5,0.5,0.5,240.0,240.0,5.0290727615356445,0.0,0.5,0.5,0.5,0.5,240.0,240.0
2,0.6572916507720947,0.7162205576896667,0.6593685150146484,652.0,658.0,0.6146848797798157,0.01,0.31792962551116943,0.6593676209449768,0.6583592891693115,0.6604166626930237,0.6572916507720947,1262.0,1268.0,0.5,0.5471159219741821,0.5,240.0,240.0,1.382090449333191,0.0,0.5,0.5,0.5,0.5,240.0,240.0
3,0.6697916388511658,0.7357268333435059,0.6695398688316345,635.0,631.0,0.5949966907501221,0.01,0.34085410833358765,0.6707741618156433,0.6706680655479431,0.6692708134651184,0.6713541746139526,1289.0,1285.0,0.5,0.5587673187255859,0.5134798884391785,233.0,240.0,0.9454537034034729,0.013573774136602879,0.5,0.5071868300437927,0.5145833492279053,0.5,240.0,247.0
4,0.6390625238418579,0.7019681930541992,0.6368311047554016,706.0,676.0,0.624086320400238,0.0009999999,0.280474990606308,0.6386955380439758,0.6423280239105225,0.6322916746139526,0.6479166746139526,1244.0,1214.0,0.5,0.5700607299804688,0.5,240.0,240.0,0.9143615365028381,0.0,0.5,0.5,0.5,0.5,240.0,240.0
5,0.6781250238418579,0.7506818175315857,0.6775623559951782,617.0,622.0,0.5856091976165771,0.0009999999,0.35482022166252136,0.6782025098800659,0.6768831014633179,0.6786458492279053,0.6760416626930237,1298.0,1303.0,0.5,0.5826237201690674,0.5,240.0,240.0,1.0498251914978027,0.0,0.5,0.5,0.5,0.5,240.0,240.0
