epoch,accuracy,auc,f1_score,fn,fp,loss,lr,mcc,npv,precision,recall,specificity,tn,tp,val_accuracy,val_auc,val_f1_score,val_fn,val_fp,val_loss,val_mcc,val_npv,val_precision,val_recall,val_specificity,val_tn,val_tp
0,0.5817708373069763,0.6115911602973938,0.5743809938430786,1011.0,993.0,0.7110882997512817,0.01,0.15504363179206848,0.5769546627998352,0.5831234455108643,0.5787500143051147,0.582812488079071,1407.0,1389.0,0.5,0.5,0.5,240.0,240.0,27.558732986450195,0.0,0.5,0.5,0.5,0.5,240.0,240.0
1,0.6197916865348816,0.6718149185180664,0.619651734828949,729.0,730.0,0.6419376730918884,0.01,0.24033983051776886,0.6208562254905701,0.6199895739555359,0.620312511920929,0.6197916865348816,1190.0,1191.0,0.5,0.5,0.5,240.0,240.0,10.715572357177734,0.0,0.5,0.5,0.5,0.5,240.0,240.0
2,0.6447916626930237,0.7022625803947449,0.6465360522270203,675.0,687.0,0.620088517665863,0.01,0.29083582758903503,0.6458867788314819,0.6444099545478821,0.6484375,0.6421874761581421,1233.0,1245.0,0.5,0.5,0.5,240.0,240.0,8.174633979797363,0.0,0.5,0.5,0.5,0.5,240.0,240.0
3,0.6546875238418579,0.7083500027656555,0.6515891551971436,668.0,672.0,0.6165040731430054,0.01,0.30234354734420776,0.650954008102417,0.6507276296615601,0.6520833373069763,0.6499999761581421,1248.0,1252.0,0.5,0.5,0.5,240.0,240.0,3.5746262073516846,0.0,0.5,0.5,0.5,0.5,240.0,240.0
4,0.6557291746139526,0.720675528049469,0.6564040780067444,652.0,674.0,0.6056862473487854,0.0009999999,0.30952662229537964,0.6569472551345825,0.6529351472854614,0.6604166626930237,0.6489583253860474,1246.0,1268.0,0.5,0.5843814611434937,0.5,240.0,240.0,2.0498440265655518,0.0,0.5,0.5,0.5,0.5,240.0,240.0
5,0.667187511920929,0.737964391708374,0.6679937839508057,633.0,645.0,0.5946126580238342,0.0009999999,0.3345228135585785,0.6686732172966003,0.6661490797996521,0.6703125238418579,0.6640625,1275.0,1287.0,0.5,0.6029471158981323,0.5,240.0,240.0,1.19786536693573,0.0,0.5,0.5,0.5,0.5,240.0,240.0
