epoch,accuracy,auc,f1_score,fn,fp,loss,lr,mcc,npv,precision,recall,specificity,tn,tp,val_accuracy,val_auc,val_f1_score,val_fn,val_fp,val_loss,val_mcc,val_npv,val_precision,val_recall,val_specificity,val_tn,val_tp
0,0.5921875238418579,0.5856642723083496,0.5858330130577087,1029.0,1022.0,0.6939430236816406,0.01,0.17422647774219513,0.5881807208061218,0.5729210376739502,0.5712500214576721,0.5874999761581421,1378.0,1371.0,0.5,0.5,0.5,240.0,240.0,36.23482894897461,0.0,0.5,0.5,0.5,0.5,240.0,240.0
1,0.6572916507720947,0.7099034786224365,0.6561777591705322,661.0,659.0,0.6169189214706421,0.01,0.3127996027469635,0.6558272838592529,0.6564129590988159,0.6557291746139526,0.6567708253860474,1261.0,1259.0,0.5,0.5,0.5,240.0,240.0,4.147968292236328,0.0,0.5,0.5,0.5,0.5,240.0,240.0
2,0.6640625,0.7262468934059143,0.6643425822257996,650.0,631.0,0.6043382883071899,0.01,0.3330496549606323,0.6655446290969849,0.6680694222450256,0.6614583134651184,0.6713541746139526,1289.0,1270.0,0.5,0.5,0.5,240.0,240.0,7.52886438369751,0.0,0.5,0.5,0.5,0.5,240.0,240.0
3,0.6812499761581421,0.736153244972229,0.6768966913223267,627.0,609.0,0.5972230434417725,0.01,0.35642147064208984,0.6759105920791626,0.6798107028007507,0.6734374761581421,0.682812511920929,1311.0,1293.0,0.5,0.5,0.5,240.0,240.0,4.205737590789795,0.0,0.5,0.5,0.5,0.5,240.0,240.0
4,0.682812511920929,0.7546965479850769,0.6833285093307495,613.0,596.0,0.5819995999336243,0.0009999999,0.3705054521560669,0.6843473315238953,0.686810314655304,0.6807291507720947,0.6895833611488342,1324.0,1307.0,0.5,0.5,0.5,240.0,240.0,3.7866220474243164,0.0,0.5,0.5,0.5,0.5,240.0,240.0
5,0.7026041746139526,0.7622711658477783,0.6979171633720398,583.0,574.0,0.5743131041526794,0.0009999999,0.39752188324928284,0.6979182958602905,0.6996337175369263,0.6963541507720947,0.7010416388511658,1346.0,1337.0,0.5,0.5398112535476685,0.5,240.0,240.0,1.9666885137557983,0.0,0.5,0.5,0.5,0.5,240.0,240.0
