epoch,accuracy,auc,f1_score,fn,fp,loss,lr,mcc,npv,precision,recall,specificity,tn,tp,val_accuracy,val_auc,val_f1_score,val_fn,val_fp,val_loss,val_mcc,val_npv,val_precision,val_recall,val_specificity,val_tn,val_tp
0,0.6208333373069763,0.6318140625953674,0.6146364212036133,924.0,1024.0,0.6700974702835083,0.01,0.2304186075925827,0.6147432327270508,0.590399980545044,0.6150000095367432,0.6161458492279053,1376.0,1476.0,0.5,0.5,0.5,240.0,240.0,294.51947021484375,0.0,0.5,0.5,0.5,0.5,240.0,240.0
1,0.6682291626930237,0.7210553884506226,0.6638883352279663,649.0,637.0,0.6086646318435669,0.01,0.33046308159828186,0.6643770337104797,0.6661425828933716,0.6619791388511658,0.6682291626930237,1283.0,1271.0,0.5,0.5,0.5,240.0,240.0,11.995586395263672,0.0,0.5,0.5,0.5,0.5,240.0,240.0
2,0.6619791388511658,0.726557195186615,0.6615939736366272,655.0,640.0,0.6040876507759094,0.01,0.3257163166999817,0.6611859202384949,0.6640419960021973,0.6588541865348816,0.6666666865348816,1280.0,1265.0,0.5,0.537682294845581,0.5,240.0,240.0,1.7843928337097168,0.0,0.5,0.5,0.5,0.5,240.0,240.0
3,0.6661458611488342,0.7411104440689087,0.6690195202827454,638.0,631.0,0.5896352529525757,0.01,0.33935946226119995,0.6687850952148438,0.6701515913009644,0.6677083373069763,0.6713541746139526,1289.0,1282.0,0.5,0.5462217330932617,0.5,240.0,240.0,1.2871041297912598,0.0,0.5,0.5,0.5,0.5,240.0,240.0
4,0.6854166388511658,0.7625805735588074,0.6864122748374939,605.0,598.0,0.5742206573486328,0.0009999999,0.373637855052948,0.6855061650276184,0.6874020099639893,0.6848958134651184,0.6885416507720947,1322.0,1315.0,0.5,0.5504752397537231,0.5280304551124573,212.0,267.0,0.7383901476860046,0.003064024494960904,0.5022222399711609,0.5009346008300781,0.5583333373069763,0.4437499940395355,213.0,268.0
5,0.7041666507720947,0.7721836566925049,0.7058163285255432,562.0,569.0,0.5670062899589539,0.0009999999,0.4110966622829437,0.7066659927368164,0.7047223448753357,0.7072916626930237,0.7036458253860474,1351.0,1358.0,0.5,0.5503472089767456,0.5,240.0,240.0,0.9196207523345947,0.0,0.5,0.5,0.5,0.5,240.0,240.0
