epoch,accuracy,auc,f1_score,fn,fp,loss,lr,mcc,npv,precision,recall,specificity,tn,tp,val_accuracy,val_auc,val_f1_score,val_fn,val_fp,val_loss,val_mcc,val_npv,val_precision,val_recall,val_specificity,val_tn,val_tp
0,0.5843750238418579,0.6169935464859009,0.5830897688865662,995.0,996.0,0.703334391117096,0.01,0.16793762147426605,0.5847790241241455,0.5851728320121765,0.5854166746139526,0.5838541388511658,1404.0,1405.0,0.5,0.5,0.5,240.0,240.0,314.32879638671875,0.0,0.5,0.5,0.5,0.5,240.0,240.0
1,0.625,0.68111652135849,0.6244248151779175,721.0,722.0,0.6380786299705505,0.01,0.24866341054439545,0.6239513754844666,0.6241540908813477,0.6244791746139526,0.6239583492279053,1198.0,1199.0,0.5,0.5,0.5,240.0,240.0,4.141222953796387,0.0,0.5,0.5,0.5,0.5,240.0,240.0
2,0.6416666507720947,0.7005633115768433,0.6388532519340515,691.0,699.0,0.6224548816680908,0.01,0.2761940062046051,0.6383346915245056,0.6374481320381165,0.6401041746139526,0.635937511920929,1221.0,1229.0,0.5,0.5,0.5,240.0,240.0,7.114684104919434,0.0,0.5,0.5,0.5,0.5,240.0,240.0
3,0.6499999761581421,0.7074241638183594,0.6543847322463989,660.0,670.0,0.6199206113815308,0.01,0.307447224855423,0.6547810435295105,0.6528497338294983,0.65625,0.6510416865348816,1250.0,1260.0,0.5,0.5,0.5,240.0,240.0,3.010124444961548,0.0,0.5,0.5,0.5,0.5,240.0,240.0
4,0.6666666865348816,0.7335333228111267,0.6646454930305481,638.0,654.0,0.6081342697143555,0.0009999999,0.3273617625236511,0.6654481887817383,0.6621900796890259,0.6677083373069763,0.659375011920929,1266.0,1282.0,0.5,0.5636675357818604,0.5,240.0,240.0,2.019043207168579,0.0,0.5,0.5,0.5,0.5,240.0,240.0
5,0.6770833134651184,0.7475204467773438,0.6758539080619812,624.0,619.0,0.5911581516265869,0.0009999999,0.3527584969997406,0.675911009311676,0.6767624020576477,0.675000011920929,0.6776041388511658,1301.0,1296.0,0.5,0.5808224678039551,0.5,240.0,240.0,1.691855788230896,0.0,0.5,0.5,0.5,0.5,240.0,240.0
