epoch,accuracy,auc,f1_score,fn,fp,loss,lr,mcc,npv,precision,recall,specificity,tn,tp,val_accuracy,val_auc,val_f1_score,val_fn,val_fp,val_loss,val_mcc,val_npv,val_precision,val_recall,val_specificity,val_tn,val_tp
0,0.6083333492279053,0.5895689129829407,0.6065118908882141,994.0,995.0,0.6798295974731445,0.01,0.21426329016685486,0.6077667474746704,0.5855893492698669,0.5858333110809326,0.6067708134651184,1405.0,1406.0,0.5,0.5,0.5,240.0,240.0,94.18622589111328,0.0,0.5,0.5,0.5,0.5,240.0,240.0
1,0.6505208611488342,0.6988743543624878,0.6505354046821594,669.0,672.0,0.6240091919898987,0.01,0.30176278948783875,0.652018666267395,0.6505460143089294,0.651562511920929,0.6499999761581421,1248.0,1251.0,0.5,0.5,0.5,240.0,240.0,31.235971450805664,0.0,0.5,0.5,0.5,0.5,240.0,240.0
2,0.6729166507720947,0.7310577630996704,0.6718379259109497,630.0,629.0,0.5997722744941711,0.01,0.34447452425956726,0.6724966168403625,0.6722251176834106,0.671875,0.6723958253860474,1291.0,1290.0,0.5,0.5,0.5,240.0,240.0,17.690481185913086,0.0,0.5,0.5,0.5,0.5,240.0,240.0
3,0.6708333492279053,0.7442276477813721,0.668994128704071,636.0,635.0,0.5885547995567322,0.01,0.3381270170211792,0.66876620054245,0.6690984964370728,0.668749988079071,0.6692708134651184,1285.0,1284.0,0.5,0.5,0.5,240.0,240.0,12.267059326171875,0.0,0.5,0.5,0.5,0.5,240.0,240.0
4,0.6869791746139526,0.7546841502189636,0.6916672587394714,595.0,586.0,0.5853666663169861,0.0009999999,0.38500604033470154,0.6916856169700623,0.6933542490005493,0.6901041865348816,0.6947916746139526,1334.0,1325.0,0.5,0.5,0.5,240.0,240.0,3.7208609580993652,0.0,0.5,0.5,0.5,0.5,240.0,240.0
5,0.7067708373069763,0.7671453356742859,0.7076203227043152,561.0,561.0,0.5720807313919067,0.0009999999,0.4157851040363312,0.7082023024559021,0.707812488079071,0.707812488079071,0.707812488079071,1359.0,1359.0,0.5,0.5104166269302368,0.5,240.0,240.0,2.9462554454803467,0.0,0.5,0.5,0.5,0.5,240.0,240.0
