epoch,accuracy,auc,f1_score,fn,fp,loss,lr,mcc,npv,precision,recall,specificity,tn,tp,val_accuracy,val_auc,val_f1_score,val_fn,val_fp,val_loss,val_mcc,val_npv,val_precision,val_recall,val_specificity,val_tn,val_tp
0,0.5802083611488342,0.575199544429779,0.5702598690986633,1060.0,1073.0,0.7175767421722412,0.01,0.13896410167217255,0.5692134499549866,0.5553253293037415,0.5583333373069763,0.565625011920929,1327.0,1340.0,0.5,0.5,0.5,240.0,240.0,33.09775924682617,0.0,0.5,0.5,0.5,0.5,240.0,240.0
1,0.6020833253860474,0.63974928855896,0.5956627726554871,762.0,806.0,0.6680405139923096,0.01,0.18384934961795807,0.5945475697517395,0.5896130204200745,0.6031249761581421,0.5802083611488342,1114.0,1158.0,0.5,0.5014041066169739,0.5,240.0,240.0,2.022813320159912,0.0,0.5,0.5,0.5,0.5,240.0,240.0
2,0.6177083253860474,0.65567547082901,0.6157964468002319,739.0,734.0,0.6625339388847351,0.01,0.23315247893333435,0.6159971356391907,0.6167101860046387,0.6151041388511658,0.6177083253860474,1186.0,1181.0,0.5,0.567467451095581,0.5,240.0,240.0,0.7871134877204895,0.0,0.5,0.5,0.5,0.5,240.0,240.0
3,0.6197916865348816,0.6561076641082764,0.614854633808136,733.0,751.0,0.6569834351539612,0.01,0.227370947599411,0.6153354048728943,0.6124870777130127,0.6182291507720947,0.6088541746139526,1169.0,1187.0,0.5,0.5908246040344238,0.5,240.0,240.0,1.0292441844940186,0.0,0.5,0.5,0.5,0.5,240.0,240.0
4,0.6348958611488342,0.6787534356117249,0.6306463479995728,712.0,701.0,0.6414783596992493,0.0009999999,0.2643169164657593,0.6319002509117126,0.632792055606842,0.6291666626930237,0.6348958611488342,1219.0,1208.0,0.5,0.5965147614479065,0.5,240.0,240.0,0.875878632068634,0.0,0.5,0.5,0.5,0.5,240.0,240.0
5,0.640625,0.6895391941070557,0.6392335295677185,696.0,684.0,0.6305350065231323,0.0009999999,0.2814050316810608,0.6401903033256531,0.6415094137191772,0.637499988079071,0.643750011920929,1236.0,1224.0,0.5,0.5945073962211609,0.5,240.0,240.0,0.8895507454872131,0.0,0.5,0.5,0.5,0.5,240.0,240.0
