epoch,accuracy,auc,f1_score,fn,fp,loss,lr,mcc,npv,precision,recall,specificity,tn,tp,val_accuracy,val_auc,val_f1_score,val_fn,val_fp,val_loss,val_mcc,val_npv,val_precision,val_recall,val_specificity,val_tn,val_tp
0,0.5989583134651184,0.6065748333930969,0.5919811129570007,1026.0,1013.0,0.696498453617096,0.01,0.18800503015518188,0.5934092402458191,0.5756179094314575,0.5724999904632568,0.596875011920929,1387.0,1374.0,0.5,0.5,0.5,240.0,240.0,7.394087791442871,0.0,0.5,0.5,0.5,0.5,240.0,240.0
1,0.6546875238418579,0.7073124051094055,0.6516425609588623,670.0,667.0,0.629034698009491,0.01,0.30409130454063416,0.6513727903366089,0.6520605087280273,0.6510416865348816,0.6526041626930237,1253.0,1250.0,0.5,0.5,0.5,240.0,240.0,3.9954731464385986,0.0,0.5,0.5,0.5,0.5,240.0,240.0
2,0.6817708611488342,0.7334335446357727,0.6764553785324097,618.0,629.0,0.6051457524299622,0.01,0.35093024373054504,0.6757097840309143,0.6742620468139648,0.6781250238418579,0.6723958253860474,1291.0,1302.0,0.5,0.5,0.5,240.0,240.0,3.708974599838257,0.0,0.5,0.5,0.5,0.5,240.0,240.0
3,0.6953125,0.7625117897987366,0.6973847150802612,574.0,593.0,0.5766884088516235,0.01,0.39248892664909363,0.6984942555427551,0.6941722631454468,0.7010416388511658,0.6911458373069763,1327.0,1346.0,0.5,0.5,0.5,240.0,240.0,3.6780312061309814,0.0,0.5,0.5,0.5,0.5,240.0,240.0
4,0.7244791388511658,0.7868256568908691,0.7226534485816956,542.0,516.0,0.5601854920387268,0.0009999999,0.4492679238319397,0.7214800119400024,0.7275606989860535,0.7177083492279053,0.731249988079071,1404.0,1378.0,0.5,0.5938953757286072,0.5,240.0,240.0,1.916007399559021,0.0,0.5,0.5,0.5,0.5,240.0,240.0
5,0.7291666865348816,0.8052849769592285,0.7329707741737366,512.0,514.0,0.5322527289390564,0.0009999999,0.4658353924751282,0.73310387134552,0.732570230960846,0.7333333492279053,0.7322916388511658,1406.0,1408.0,0.5,0.6001258492469788,0.5,240.0,240.0,1.3329787254333496,0.0,0.5,0.5,0.5,0.5,240.0,240.0
