epoch,accuracy,auc,f1_score,fn,fp,loss,lr,mcc,npv,precision,recall,specificity,tn,tp,val_accuracy,val_auc,val_f1_score,val_fn,val_fp,val_loss,val_mcc,val_npv,val_precision,val_recall,val_specificity,val_tn,val_tp
0,0.6166666746139526,0.6007003784179688,0.6077644228935242,997.0,982.0,0.688805878162384,0.01,0.21958090364933014,0.609102189540863,0.5882599353790283,0.5845833420753479,0.6135416626930237,1418.0,1403.0,0.5,0.5129730701446533,0.22591763734817505,408.0,58.0,5.065210819244385,0.017740825191140175,0.5104771256446838,0.5538461804389954,0.15000000596046448,0.8791666626930237,422.0,72.0
1,0.6510416865348816,0.7015380859375,0.6497258543968201,662.0,693.0,0.6323302984237671,0.01,0.2948128879070282,0.6499400734901428,0.6447975635528564,0.6552083492279053,0.6390625238418579,1227.0,1258.0,0.5,0.5398069024085999,0.4978836178779602,242.0,237.0,0.7333469390869141,0.0019924798980355263,0.501901388168335,0.5010526180267334,0.4958333373069763,0.5062500238418579,243.0,238.0
2,0.6822916865348816,0.741250216960907,0.6802330017089844,608.0,623.0,0.5994805097579956,0.01,0.3592625558376312,0.6817535758018494,0.6780361533164978,0.6833333373069763,0.6755208373069763,1297.0,1312.0,0.5,0.5645226240158081,0.5,240.0,240.0,1.8917938470840454,0.0,0.5,0.5,0.5,0.5,240.0,240.0
3,0.6895833611488342,0.7615355253219604,0.6860159635543823,603.0,602.0,0.5799550414085388,0.01,0.37262579798698425,0.686333954334259,0.6862949728965759,0.6859375238418579,0.6864583492279053,1318.0,1317.0,0.5,0.5967534780502319,0.5,240.0,240.0,0.980314314365387,0.0,0.5,0.5,0.5,0.5,240.0,240.0
4,0.7255208492279053,0.794721245765686,0.7272017598152161,508.0,550.0,0.5697615146636963,0.0009999999,0.44959336519241333,0.7303003072738647,0.7196738123893738,0.7354166507720947,0.7135416865348816,1370.0,1412.0,0.5,0.615527331829071,0.5,240.0,240.0,0.8362619876861572,0.0,0.5,0.5,0.5,0.5,240.0,240.0
5,0.729687511920929,0.8032665848731995,0.7313587069511414,516.0,516.0,0.5430972576141357,0.0009999999,0.4627079963684082,0.7311118245124817,0.731249988079071,0.731249988079071,0.731249988079071,1404.0,1404.0,0.5,0.6162999272346497,0.5,240.0,240.0,0.9181830883026123,0.0,0.5,0.5,0.5,0.5,240.0,240.0
