epoch,accuracy,auc,f1_score,fn,fp,loss,lr,mcc,npv,precision,recall,specificity,tn,tp,val_accuracy,val_auc,val_f1_score,val_fn,val_fp,val_loss,val_mcc,val_npv,val_precision,val_recall,val_specificity,val_tn,val_tp
0,0.596875011920929,0.601143479347229,0.5878315567970276,1011.0,1027.0,0.7080704569816589,0.01,0.181013822555542,0.5904873013496399,0.574917197227478,0.5787500143051147,0.5932291746139526,1373.0,1389.0,0.5,0.5,0.5,240.0,240.0,69.16382598876953,0.0,0.5,0.5,0.5,0.5,240.0,240.0
1,0.6255208253860474,0.6626465916633606,0.6192272901535034,725.0,744.0,0.6615256667137146,0.01,0.23544880747795105,0.6184763312339783,0.6162970662117004,0.6223958134651184,0.612500011920929,1176.0,1195.0,0.5,0.5178992748260498,0.5,240.0,240.0,2.225508213043213,0.0,0.5,0.5,0.5,0.5,240.0,240.0
2,0.6395833492279053,0.6818854808807373,0.6361472010612488,696.0,703.0,0.6444076299667358,0.01,0.2716182768344879,0.6365038156509399,0.6351842284202576,0.637499988079071,0.6338541507720947,1217.0,1224.0,0.5,0.5805903077125549,0.5,240.0,240.0,1.6485096216201782,0.0,0.5,0.5,0.5,0.5,240.0,240.0
3,0.6708333492279053,0.7234436869621277,0.6692302227020264,632.0,641.0,0.6133081316947937,0.01,0.33739688992500305,0.6692957282066345,0.6677034497261047,0.6708333492279053,0.6661458611488342,1279.0,1288.0,0.5,0.5837847590446472,0.5,240.0,240.0,0.7776859998703003,0.0,0.5,0.5,0.5,0.5,240.0,240.0
4,0.6937500238418579,0.7624646425247192,0.6984320282936096,569.0,596.0,0.5800364017486572,0.0009999999,0.3935876190662384,0.7001190185546875,0.6938880085945129,0.7036458253860474,0.6895833611488342,1324.0,1351.0,0.5,0.5941254496574402,0.5,240.0,240.0,1.0608162879943848,0.0,0.5,0.5,0.5,0.5,240.0,240.0
5,0.7229166626930237,0.7917487025260925,0.7200605869293213,533.0,545.0,0.552534818649292,0.0009999999,0.43878668546676636,0.7209218740463257,0.7179089188575745,0.7223958373069763,0.7161458134651184,1375.0,1387.0,0.5,0.6032140254974365,0.5,240.0,240.0,0.9958105087280273,0.0,0.5,0.5,0.5,0.5,240.0,240.0
