epoch,accuracy,auc,f1_score,fn,fp,loss,lr,mcc,npv,precision,recall,specificity,tn,tp,val_accuracy,val_auc,val_f1_score,val_fn,val_fp,val_loss,val_mcc,val_npv,val_precision,val_recall,val_specificity,val_tn,val_tp
0,0.5963541865348816,0.5774321556091309,0.5850798487663269,1034.0,1033.0,0.7206791043281555,0.01,0.17428342998027802,0.5882164835929871,0.5694039463996887,0.5691666603088379,0.5869791507720947,1367.0,1366.0,0.5,0.5,0.0,480.0,0.0,884.3490600585938,0.0,0.5,0.0,0.0,1.0,480.0,0.0
1,0.6307291388511658,0.669121265411377,0.6293066740036011,702.0,732.0,0.6539069414138794,0.01,0.2540273070335388,0.6282041668891907,0.6246153712272644,0.6343749761581421,0.6187499761581421,1188.0,1218.0,0.4833333194255829,0.5,0.0,480.0,0.0,6.3274688720703125,0.0,0.5,0.0,0.0,1.0,480.0,0.0
2,0.6270833611488342,0.6653510332107544,0.6174079179763794,735.0,731.0,0.6530271768569946,0.01,0.23703010380268097,0.6185380220413208,0.6184759736061096,0.6171875,0.6192708611488342,1189.0,1185.0,0.5,0.5389931201934814,0.5,240.0,240.0,2.3307101726531982,0.0,0.5,0.5,0.5,0.5,240.0,240.0
3,0.6390625238418579,0.6896621584892273,0.6332963109016418,707.0,694.0,0.6355565786361694,0.01,0.2706315219402313,0.6353814005851746,0.6360775828361511,0.6317708492279053,0.6385416388511658,1226.0,1213.0,0.5,0.5529557466506958,0.5,240.0,240.0,0.7869486212730408,0.0,0.5,0.5,0.5,0.5,240.0,240.0
4,0.6572916507720947,0.7057449817657471,0.6576989889144897,655.0,659.0,0.6284309029579163,0.0009999999,0.3160330057144165,0.6590951085090637,0.6574844121932983,0.6588541865348816,0.6567708253860474,1261.0,1265.0,0.5,0.5413606762886047,0.4978836178779602,242.0,240.0,0.7789943218231201,-0.004103533457964659,0.495959609746933,0.49790793657302856,0.4958333373069763,0.5,240.0,238.0
5,0.6656249761581421,0.7206522226333618,0.6661576628684998,642.0,637.0,0.6125034689903259,0.0009999999,0.3340466320514679,0.6671415567398071,0.6673629283905029,0.6656249761581421,0.6682291626930237,1283.0,1278.0,0.5,0.5440559983253479,0.4989418089389801,241.0,240.0,0.7646883130073547,-0.0020517667289823294,0.4979797899723053,0.4989561438560486,0.49791666865348816,0.5,240.0,239.0
