subset,strategy,model,runtime,val_runtime,total_runtime,accuracy_mean,accuracy_lower,accuracy_upper,precision_mean,precision_lower,precision_upper,sensitivity_mean,sensitivity_lower,sensitivity_upper,specificity_mean,specificity_lower,specificity_upper,f1_score_mean,f1_score_lower,f1_score_upper,auc_mean,auc_lower,auc_upper,val_accuracy_mean,val_accuracy_lower,val_accuracy_upper,val_precision_mean,val_precision_lower,val_precision_upper,val_sensitivity_mean,val_sensitivity_lower,val_sensitivity_upper,val_specificity_mean,val_specificity_lower,val_specificity_upper,val_f1_score_mean,val_f1_score_lower,val_f1_score_upper,val_auc_mean,val_auc_lower,val_auc_upper
30,DL,DenseNet201,250238.2427289486,1858.3920209407806,252096.63474988937,0.975645831823349,0.9678385406732559,0.9989583492279052,0.9752193570137024,0.9677166640758514,0.9989583492279052,0.9751250010728836,0.965624988079071,0.9989583492279052,0.9752083349227906,0.9677083492279052,0.9989583492279052,0.9751775819063186,0.967556208372116,0.9989583492279052,0.992593652009964,0.9945470988750459,0.9999949783086776,0.7417633920907974,0.7204241007566452,0.765625,0.7405504214763642,0.72158582508564,0.7655564844608307,0.7364732128381729,0.7165178656578064,0.7661830335855484,0.7418303579092026,0.7209821343421936,0.765625,0.7377117455005646,0.7164254188537598,0.7649786919355392,0.8012941193580627,0.7740827202796936,0.8322928696870804
