subset,strategy,model,runtime,val_runtime,total_runtime,accuracy_mean,accuracy_lower,accuracy_upper,precision_mean,precision_lower,precision_upper,sensitivity_mean,sensitivity_lower,sensitivity_upper,specificity_mean,specificity_lower,specificity_upper,f1_score_mean,f1_score_lower,f1_score_upper,auc_mean,auc_lower,auc_upper,val_accuracy_mean,val_accuracy_lower,val_accuracy_upper,val_precision_mean,val_precision_lower,val_precision_upper,val_sensitivity_mean,val_sensitivity_lower,val_sensitivity_upper,val_specificity_mean,val_specificity_lower,val_specificity_upper,val_f1_score_mean,val_f1_score_lower,val_f1_score_upper,val_auc_mean,val_auc_lower,val_auc_upper
25,DL,DenseNet201,218329.4840874672,1644.3778140544891,219973.86190152168,0.9601041722297669,0.9380208253860474,0.9989583492279052,0.9596872186660766,0.9383811652660369,0.9989583492279052,0.9596620237827301,0.9380208253860475,0.9989583492279052,0.9594375038146973,0.9385416507720948,0.9989583492279052,0.9594561421871185,0.9373577237129211,0.9989583492279052,0.9834481853246689,0.9847950488328933,0.9999943524599075,0.7237723243236541,0.7075892686843872,0.7438616305589676,0.720868565440178,0.7050199210643768,0.7442490458488464,0.7217187505960464,0.7053571343421936,0.7405133843421936,0.71948660582304,0.7042410671710968,0.7455357313156128,0.7209680503606797,0.7030128091573715,0.7373490780591965,0.7825464123487472,0.7652183026075363,0.8117526471614838
