subset,strategy,model,runtime,val_runtime,total_runtime,accuracy_mean,accuracy_lower,accuracy_upper,precision_mean,precision_lower,precision_upper,sensitivity_mean,sensitivity_lower,sensitivity_upper,specificity_mean,specificity_lower,specificity_upper,f1_score_mean,f1_score_lower,f1_score_upper,auc_mean,auc_lower,auc_upper,val_accuracy_mean,val_accuracy_lower,val_accuracy_upper,val_precision_mean,val_precision_lower,val_precision_upper,val_sensitivity_mean,val_sensitivity_lower,val_sensitivity_upper,val_specificity_mean,val_specificity_lower,val_specificity_upper,val_f1_score_mean,val_f1_score_lower,val_f1_score_upper,val_auc_mean,val_auc_lower,val_auc_upper
15,DL,DenseNet201,384484.773840189,3279.248970270157,387764.02281045914,0.9286911238146864,0.887499988079071,0.9932291507720948,0.9274417482640432,0.8878579586744308,0.9927092492580413,0.927684571755969,0.8899739533662796,0.9921875,0.9273041227589482,0.8877604007720947,0.9927083253860474,0.9275033120875773,0.8895927965641022,0.9925276041030883,0.9675561095709386,0.9545406103134155,0.9996720105409622,0.7000679321911024,0.6785714030265808,0.7232142686843872,0.6988521756037421,0.6777284443378448,0.7223484814167023,0.6930439655932233,0.671875,0.7232142686843872,0.6959433232474587,0.6763392686843872,0.7254464030265808,0.6905942788226125,0.6752090603113174,0.7208856642246246,0.7540246763307116,0.7257833629846573,0.7817799896001816
