epoch,accuracy,auc,f1_score,fn,fp,loss,lr,mcc,npv,precision,recall,specificity,tn,tp,val_accuracy,val_auc,val_f1_score,val_fn,val_fp,val_loss,val_mcc,val_npv,val_precision,val_recall,val_specificity,val_tn,val_tp
0,0.6234375238418579,0.6028501987457275,0.6178829073905945,960.0,1001.0,0.6993173956871033,0.01,0.22949065268039703,0.6173927783966064,0.5899221897125244,0.6000000238418579,0.6036458611488342,1399.0,1440.0,0.5,0.49947914481163025,0.5,240.0,240.0,14.499573707580566,0.0,0.5,0.5,0.5,0.5,240.0,240.0
1,0.6786458492279053,0.7233343124389648,0.6726499199867249,629.0,626.0,0.6162539720535278,0.01,0.34690502285957336,0.6735239028930664,0.6734480857849121,0.6723958253860474,0.6739583611488342,1294.0,1291.0,0.5,0.5,0.5,240.0,240.0,5.349339485168457,0.0,0.5,0.5,0.5,0.5,240.0,240.0
2,0.6942708492279053,0.7682293057441711,0.6975684762001038,583.0,575.0,0.5751069188117981,0.01,0.3971422612667084,0.6982042193412781,0.6992678046226501,0.6963541507720947,0.7005208134651184,1345.0,1337.0,0.5,0.5774847865104675,0.5,240.0,240.0,1.558449387550354,0.0,0.5,0.5,0.5,0.5,240.0,240.0
3,0.7151041626930237,0.7849189043045044,0.7160614132881165,545.0,547.0,0.5611152648925781,0.01,0.43153098225593567,0.7153478264808655,0.7154006361961365,0.7161458134651184,0.7151041626930237,1373.0,1375.0,0.5,0.5,0.5,240.0,240.0,4.76863431930542,0.0,0.5,0.5,0.5,0.5,240.0,240.0
4,0.7286458611488342,0.7999834418296814,0.7272770404815674,517.0,533.0,0.5389575362205505,0.0009999999,0.45346030592918396,0.7294140458106995,0.7246900796890259,0.7307291626930237,0.7223958373069763,1387.0,1403.0,0.5,0.5219531059265137,0.5,240.0,240.0,3.129733085632324,0.0,0.5,0.5,0.5,0.5,240.0,240.0
5,0.7640625238418579,0.8382651209831238,0.7637008428573608,454.0,454.0,0.4972022771835327,0.0009999999,0.5273955464363098,0.7633617520332336,0.7635416388511658,0.7635416388511658,0.7635416388511658,1466.0,1466.0,0.5,0.5985264778137207,0.5,240.0,240.0,1.908198595046997,0.0,0.5,0.5,0.5,0.5,240.0,240.0
