epoch,accuracy,auc,f1_score,fn,fp,loss,lr,mcc,npv,precision,recall,specificity,tn,tp,val_accuracy,val_auc,val_f1_score,val_fn,val_fp,val_loss,val_mcc,val_npv,val_precision,val_recall,val_specificity,val_tn,val_tp
0,0.637499988079071,0.6611154079437256,0.626011848449707,905.0,916.0,0.6914201974868774,0.01,0.25233298540115356,0.6264188885688782,0.6200746297836304,0.6229166388511658,0.6239583492279053,1484.0,1495.0,0.5,0.5020724534988403,0.6666666269302368,0.0,480.0,2.458676338195801,0.0,0.0,0.5,1.0,0.0,0.0,480.0
1,0.6869791746139526,0.7445088028907776,0.6846544146537781,610.0,596.0,0.6030023097991943,0.01,0.37260156869888306,0.684971809387207,0.6873032450675964,0.6822916865348816,0.6895833611488342,1324.0,1310.0,0.5,0.5104166865348816,0.5,240.0,240.0,2.7853634357452393,0.0,0.5,0.5,0.5,0.5,240.0,240.0
2,0.6890624761581421,0.7504131197929382,0.6875667572021484,602.0,594.0,0.5966328978538513,0.01,0.37767350673675537,0.6885496973991394,0.689330518245697,0.6864583492279053,0.690625011920929,1326.0,1318.0,0.5,0.5255903005599976,0.5,240.0,240.0,2.9726853370666504,0.0,0.5,0.5,0.5,0.5,240.0,240.0
3,0.7197916507720947,0.7898994088172913,0.7214803695678711,529.0,546.0,0.555696427822113,0.01,0.44036799669265747,0.7217153310775757,0.718120813369751,0.7244791388511658,0.715624988079071,1374.0,1391.0,0.5,0.5818728804588318,0.5,240.0,240.0,1.9928683042526245,0.0,0.5,0.5,0.5,0.5,240.0,240.0
4,0.7473958134651184,0.816375732421875,0.7402690052986145,508.0,482.0,0.5267730355262756,0.0009999999,0.48473820090293884,0.7394081950187683,0.7455121278762817,0.7354166507720947,0.7489583492279053,1438.0,1412.0,0.5,0.5930946469306946,0.5,240.0,240.0,1.8531298637390137,0.0,0.5,0.5,0.5,0.5,240.0,240.0
5,0.7786458134651184,0.8535728454589844,0.7777050733566284,425.0,430.0,0.48078200221061707,0.0009999999,0.5549513101577759,0.7780935764312744,0.7766233682632446,0.7786458134651184,0.7760416865348816,1490.0,1495.0,0.5,0.5885981321334839,0.5,240.0,240.0,2.053036689758301,0.0,0.5,0.5,0.5,0.5,240.0,240.0
