epoch,accuracy,auc,f1_score,fn,fp,loss,lr,mcc,npv,precision,recall,specificity,tn,tp,val_accuracy,val_auc,val_f1_score,val_fn,val_fp,val_loss,val_mcc,val_npv,val_precision,val_recall,val_specificity,val_tn,val_tp
0,0.6223958134651184,0.6229864358901978,0.6094703078269958,990.0,964.0,0.6976441740989685,0.01,0.2256355583667755,0.6128121614456177,0.5939342975616455,0.5874999761581421,0.6171875,1436.0,1410.0,0.5,0.5,0.5,240.0,240.0,19.82874870300293,0.0,0.5,0.5,0.5,0.5,240.0,240.0
1,0.6640625,0.7169975638389587,0.6566172242164612,662.0,654.0,0.6270762085914612,0.01,0.3151650130748749,0.656494140625,0.6579498052597046,0.6552083492279053,0.659375011920929,1266.0,1258.0,0.5,0.5,0.5,240.0,240.0,5.037518501281738,0.0,0.5,0.5,0.5,0.5,240.0,240.0
2,0.7026041746139526,0.7641584873199463,0.7041113972663879,568.0,567.0,0.5846567153930664,0.01,0.40932661294937134,0.7049044370651245,0.7045336365699768,0.7041666507720947,0.7046874761581421,1353.0,1352.0,0.5,0.5,0.5,240.0,240.0,5.36455774307251,0.0,0.5,0.5,0.5,0.5,240.0,240.0
3,0.723437488079071,0.7854577302932739,0.7202104926109314,537.0,538.0,0.5653186440467834,0.01,0.4404349625110626,0.7201521992683411,0.7199375033378601,0.7203124761581421,0.7197916507720947,1382.0,1383.0,0.5,0.503125011920929,0.5,240.0,240.0,3.3194572925567627,0.0,0.5,0.5,0.5,0.5,240.0,240.0
4,0.6927083134651184,0.7639418244361877,0.6930796504020691,585.0,596.0,0.5823473334312439,0.0009999999,0.3853021562099457,0.6941308379173279,0.6913516521453857,0.6953125,0.6895833611488342,1324.0,1335.0,0.5,0.5147786736488342,0.5,240.0,240.0,3.0030980110168457,0.0,0.5,0.5,0.5,0.5,240.0,240.0
5,0.7442708611488342,0.8242107629776001,0.7470827102661133,485.0,487.0,0.5183238387107849,0.0009999999,0.49404603242874146,0.7471342086791992,0.7466180920600891,0.7473958134651184,0.7463541626930237,1433.0,1435.0,0.5,0.6070768237113953,0.5,240.0,240.0,2.109999179840088,0.0,0.5,0.5,0.5,0.5,240.0,240.0
