epoch,accuracy,auc,f1_score,fn,fp,loss,lr,mcc,npv,precision,recall,specificity,tn,tp,val_accuracy,val_auc,val_f1_score,val_fn,val_fp,val_loss,val_mcc,val_npv,val_precision,val_recall,val_specificity,val_tn,val_tp
0,0.5989583134651184,0.6313489675521851,0.592056155204773,966.0,998.0,0.7062841653823853,0.01,0.17920814454555511,0.5909597277641296,0.5896381735801697,0.5975000262260437,0.581250011920929,1402.0,1434.0,0.5,0.5,0.5,240.0,240.0,10.071465492248535,0.0,0.5,0.5,0.5,0.5,240.0,240.0
1,0.6416666507720947,0.6944635510444641,0.6391845941543579,695.0,688.0,0.6309288740158081,0.01,0.28021958470344543,0.6391666531562805,0.6403554677963257,0.6380208134651184,0.6416666507720947,1232.0,1225.0,0.5,0.5,0.5,240.0,240.0,5.230536937713623,0.0,0.5,0.5,0.5,0.5,240.0,240.0
2,0.6833333373069763,0.7412159442901611,0.6797537207603455,618.0,610.0,0.6007155179977417,0.01,0.36075395345687866,0.679068922996521,0.680962324142456,0.6781250238418579,0.6822916865348816,1310.0,1302.0,0.5,0.5,0.5,240.0,240.0,3.9191808700561523,0.0,0.5,0.5,0.5,0.5,240.0,240.0
3,0.6901041865348816,0.7606024742126465,0.6852816343307495,602.0,608.0,0.5825720429420471,0.01,0.3701029419898987,0.6856960654258728,0.6843198537826538,0.6864583492279053,0.6833333373069763,1312.0,1318.0,0.5,0.5,0.5,240.0,240.0,3.094820499420166,0.0,0.5,0.5,0.5,0.5,240.0,240.0
4,0.7270833253860474,0.8009578585624695,0.7269114255905151,528.0,518.0,0.5404793620109558,0.0009999999,0.4554189443588257,0.7264743447303772,0.7287958264350891,0.7250000238418579,0.7302083373069763,1402.0,1392.0,0.5,0.5026041269302368,0.5,240.0,240.0,3.0929830074310303,0.0,0.5,0.5,0.5,0.5,240.0,240.0
5,0.7520833611488342,0.8310189843177795,0.7507591247558594,482.0,472.0,0.5088497996330261,0.0009999999,0.5034043192863464,0.7506586313247681,0.7528795599937439,0.7489583492279053,0.7541666626930237,1448.0,1438.0,0.5,0.6437760591506958,0.5,240.0,240.0,1.495658040046692,0.0,0.5,0.5,0.5,0.5,240.0,240.0
