epoch,accuracy,auc,f1_score,fn,fp,loss,lr,mcc,npv,precision,recall,specificity,tn,tp,val_accuracy,val_auc,val_f1_score,val_fn,val_fp,val_loss,val_mcc,val_npv,val_precision,val_recall,val_specificity,val_tn,val_tp
0,0.5963541865348816,0.5808281898498535,0.5833572745323181,1042.0,1025.0,0.7292569279670715,0.01,0.1729297637939453,0.5865246057510376,0.5698699355125427,0.565833330154419,0.590624988079071,1375.0,1358.0,0.5,0.5,0.5,240.0,240.0,9.161301612854004,0.0,0.5,0.5,0.5,0.5,240.0,240.0
1,0.6604166626930237,0.7102134823799133,0.6541013717651367,671.0,647.0,0.6309565305709839,0.01,0.3142792284488678,0.6557995676994324,0.6587553024291992,0.6505208611488342,0.6630208492279053,1273.0,1249.0,0.5,0.5,0.5,240.0,240.0,4.2536301612854,0.0,0.5,0.5,0.5,0.5,240.0,240.0
2,0.698437511920929,0.7574101686477661,0.6958916187286377,585.0,580.0,0.587630033493042,0.01,0.39352843165397644,0.6967545747756958,0.6971279382705688,0.6953125,0.6979166865348816,1340.0,1335.0,0.5,0.5743945240974426,0.5,240.0,240.0,1.0167136192321777,0.0,0.5,0.5,0.5,0.5,240.0,240.0
3,0.7145833373069763,0.7751291990280151,0.7151526212692261,538.0,562.0,0.5726425647735596,0.01,0.42738205194473267,0.7166556715965271,0.7109053730964661,0.7197916507720947,0.7072916626930237,1358.0,1382.0,0.5,0.5913737416267395,0.5,240.0,240.0,1.213471531867981,0.0,0.5,0.5,0.5,0.5,240.0,240.0
4,0.7244791388511658,0.7953523993492126,0.7192935347557068,547.0,525.0,0.5494440197944641,0.0009999999,0.44202443957328796,0.7182503342628479,0.7233930230140686,0.7151041626930237,0.7265625,1395.0,1373.0,0.5,0.5910481810569763,0.5,240.0,239.0,0.8427688479423523,0.0020517667289823294,0.5020201802253723,0.5010438561439514,0.5,0.5020833611488342,241.0,240.0
5,0.7479166388511658,0.8230929970741272,0.745586633682251,489.0,485.0,0.5179556012153625,0.0009999999,0.49295055866241455,0.7469338178634644,0.7468684911727905,0.745312511920929,0.7473958134651184,1435.0,1431.0,0.5,0.5948090553283691,0.5,240.0,240.0,0.9990352392196655,0.0,0.5,0.5,0.5,0.5,240.0,240.0
