epoch,accuracy,auc,f1_score,fn,fp,loss,lr,mcc,npv,precision,recall,specificity,tn,tp,val_accuracy,val_auc,val_f1_score,val_fn,val_fp,val_loss,val_mcc,val_npv,val_precision,val_recall,val_specificity,val_tn,val_tp
0,0.6307291388511658,0.678260326385498,0.6139695644378662,883.0,859.0,0.7283515930175781,0.01,0.23549816012382507,0.6176697611808777,0.6384680271148682,0.6320833563804626,0.6234375238418579,1541.0,1517.0,0.5,0.5,0.5,240.0,240.0,23.16374969482422,0.0,0.5,0.5,0.5,0.5,240.0,240.0
1,0.692187488079071,0.7501204609870911,0.6970232129096985,576.0,592.0,0.5977319478988647,0.01,0.39222821593284607,0.6977145075798035,0.6942148804664612,0.699999988079071,0.6916666626930237,1328.0,1344.0,0.5,0.5,0.5,240.0,240.0,7.153890132904053,0.0,0.5,0.5,0.5,0.5,240.0,240.0
2,0.7260416746139526,0.7925009727478027,0.7263240218162537,525.0,526.0,0.554226279258728,0.01,0.45302024483680725,0.7266804575920105,0.7261843085289001,0.7265625,0.7260416746139526,1394.0,1395.0,0.5,0.5,0.5,240.0,240.0,3.988255500793457,0.0,0.5,0.5,0.5,0.5,240.0,240.0
3,0.7437499761581421,0.8233326077461243,0.7426483631134033,492.0,497.0,0.5157334208488464,0.01,0.485103964805603,0.7434329390525818,0.7418181896209717,0.7437499761581421,0.7411458492279053,1423.0,1428.0,0.5,0.6077994704246521,0.5,240.0,240.0,1.9499530792236328,0.0,0.5,0.5,0.5,0.5,240.0,240.0
4,0.7796875238418579,0.8636515140533447,0.7791146636009216,427.0,419.0,0.46102479100227356,0.0009999999,0.5596725940704346,0.7789255976676941,0.7808577418327332,0.7776041626930237,0.7817708253860474,1501.0,1493.0,0.5,0.6267904043197632,0.5,240.0,240.0,1.6856729984283447,0.0,0.5,0.5,0.5,0.5,240.0,240.0
5,0.8135416507720947,0.8937652111053467,0.8144400715827942,349.0,367.0,0.4150514006614685,0.0009999999,0.6272585988044739,0.8165551424026489,0.8106294870376587,0.8182291388511658,0.8088541626930237,1553.0,1571.0,0.5,0.629652738571167,0.5020512938499451,239.0,240.0,1.2447997331619263,0.0020517746452242136,0.5,0.5010395050048828,0.5020833611488342,0.5,240.0,241.0
