epoch,accuracy,auc,f1_score,fn,fp,loss,lr,mcc,npv,precision,recall,specificity,tn,tp,val_accuracy,val_auc,val_f1_score,val_fn,val_fp,val_loss,val_mcc,val_npv,val_precision,val_recall,val_specificity,val_tn,val_tp
0,0.6119791865348816,0.6916770339012146,0.6105997562408447,865.0,872.0,0.7017881274223328,0.01,0.22079084813594818,0.6110640168190002,0.6377233266830444,0.6395833492279053,0.6078125238418579,1528.0,1535.0,0.5,0.47387802600860596,0.0,480.0,0.0,1.23255455493927,0.0,0.5,0.0,0.0,1.0,480.0,0.0
1,0.7046874761581421,0.7575106620788574,0.7041225433349609,568.0,566.0,0.5836207270622253,0.01,0.4096890091896057,0.7053660750389099,0.7049009203910828,0.7041666507720947,0.7052083611488342,1354.0,1352.0,0.5,0.5820464491844177,0.13325722515583038,442.0,26.0,0.9663119912147522,0.033499203622341156,0.5073071122169495,0.59375,0.07916666567325592,0.9458333253860474,454.0,38.0
2,0.7239583134651184,0.8032112717628479,0.722446858882904,535.0,529.0,0.5362540483474731,0.01,0.4461041986942291,0.7224234342575073,0.7236154675483704,0.7213541865348816,0.7244791388511658,1391.0,1385.0,0.5,0.6209006309509277,0.5,240.0,240.0,0.9687783718109131,0.0,0.5,0.5,0.5,0.5,240.0,240.0
3,0.7354166507720947,0.81377774477005,0.7342048287391663,514.0,503.0,0.5215805172920227,0.01,0.47057196497917175,0.7343001961708069,0.7365112900733948,0.7322916388511658,0.7380208373069763,1417.0,1406.0,0.5,0.6080968379974365,0.49677416682243347,243.0,230.0,0.7298338413238525,0.01391423586755991,0.5132405161857605,0.5074946284294128,0.4937500059604645,0.5208333134651184,250.0,237.0
4,0.7979166507720947,0.8678932785987854,0.793080747127533,399.0,394.0,0.45991936326026917,0.0009999999,0.5871586203575134,0.7931241989135742,0.7942558526992798,0.792187511920929,0.7947916388511658,1526.0,1521.0,0.5,0.6242882013320923,0.5,240.0,240.0,0.8679364323616028,0.0,0.5,0.5,0.5,0.5,240.0,240.0
5,0.8072916865348816,0.8868666291236877,0.8048326373100281,373.0,376.0,0.4263139069080353,0.0009999999,0.610176682472229,0.8061539530754089,0.8044722080230713,0.8057291507720947,0.8041666746139526,1544.0,1547.0,0.49791666865348816,0.6382681727409363,0.49947088956832886,241.0,237.0,0.7385625243186951,0.004136117175221443,0.5030303001403809,0.5021008253097534,0.49791666865348816,0.5062500238418579,243.0,239.0
