epoch,accuracy,auc,f1_score,fn,fp,loss,lr,mcc,npv,precision,recall,specificity,tn,tp,val_accuracy,val_auc,val_f1_score,val_fn,val_fp,val_loss,val_mcc,val_npv,val_precision,val_recall,val_specificity,val_tn,val_tp
0,0.6338541507720947,0.6126840710639954,0.6283208727836609,946.0,968.0,0.6873428225517273,0.01,0.2533760368824005,0.6282145380973816,0.6003302931785583,0.6058333516120911,0.6208333373069763,1432.0,1454.0,0.5,0.5,0.5,240.0,240.0,18.191896438598633,0.0,0.5,0.5,0.5,0.5,240.0,240.0
1,0.6942708492279053,0.7637810707092285,0.6995025277137756,570.0,591.0,0.5770676136016846,0.01,0.39560964703559875,0.6994854807853699,0.6955177783966064,0.703125,0.692187488079071,1329.0,1350.0,0.5,0.5,0.5,240.0,240.0,4.40876579284668,0.0,0.5,0.5,0.5,0.5,240.0,240.0
2,0.7354166507720947,0.8015033006668091,0.7339655160903931,509.0,515.0,0.5396356582641602,0.01,0.46698135137557983,0.733791708946228,0.7326064109802246,0.7348958253860474,0.7317708134651184,1405.0,1411.0,0.5,0.5130208134651184,0.5,240.0,240.0,3.1430654525756836,0.0,0.5,0.5,0.5,0.5,240.0,240.0
3,0.734375,0.8182547092437744,0.7334630489349365,508.0,518.0,0.518896222114563,0.01,0.4657527506351471,0.7341623902320862,0.7316062450408936,0.7354166507720947,0.7302083373069763,1402.0,1412.0,0.5,0.5860525369644165,0.5,240.0,240.0,2.2343826293945312,0.0,0.5,0.5,0.5,0.5,240.0,240.0
4,0.78125,0.8618828654289246,0.778834879398346,421.0,430.0,0.4620416760444641,0.0009999999,0.5569974780082703,0.7799583077430725,0.7770865559577942,0.7807291746139526,0.7760416865348816,1490.0,1499.0,0.5,0.6494075059890747,0.5,240.0,240.0,1.6588687896728516,0.0,0.5,0.5,0.5,0.5,240.0,240.0
5,0.7984374761581421,0.878381073474884,0.7971842288970947,390.0,389.0,0.4356430172920227,0.0009999999,0.5944910645484924,0.7969071269035339,0.7972902655601501,0.796875,0.7973958253860474,1531.0,1530.0,0.5,0.654930591583252,0.5,240.0,240.0,1.0932023525238037,0.0,0.5,0.5,0.5,0.5,240.0,240.0
