epoch,accuracy,auc,f1_score,fn,fp,loss,lr,mcc,npv,precision,recall,specificity,tn,tp,val_accuracy,val_auc,val_f1_score,val_fn,val_fp,val_loss,val_mcc,val_npv,val_precision,val_recall,val_specificity,val_tn,val_tp
0,0.6385416388511658,0.698939859867096,0.638684868812561,823.0,840.0,0.6809919476509094,0.01,0.2760630249977112,0.6395629644393921,0.6524617075920105,0.6570833325386047,0.6338541507720947,1560.0,1577.0,0.5,0.517773449420929,0.0,480.0,0.0,2.117105007171631,0.0,0.5,0.0,0.0,1.0,480.0,0.0
1,0.745312511920929,0.805385947227478,0.7389160394668579,503.0,497.0,0.5397196412086487,0.01,0.47952860593795776,0.7395182847976685,0.7403343915939331,0.7380208373069763,0.7411458492279053,1423.0,1417.0,0.5,0.5590798854827881,0.5133315920829773,232.0,243.0,0.7231704592704773,0.009778117761015892,0.49892473220825195,0.505091667175293,0.5166666507720947,0.4937500059604645,237.0,248.0
2,0.7489583492279053,0.8257519006729126,0.7507779002189636,477.0,481.0,0.5118545889854431,0.01,0.5012377500534058,0.7511430978775024,0.75,0.7515624761581421,0.7494791746139526,1439.0,1443.0,0.5,0.5451258420944214,0.5,240.0,240.0,2.2584588527679443,0.0,0.5,0.5,0.5,0.5,240.0,240.0
3,0.7786458134651184,0.8489515781402588,0.776019275188446,433.0,425.0,0.48193657398223877,0.01,0.553332507610321,0.7756736874580383,0.7777196764945984,0.7744791507720947,0.7786458134651184,1495.0,1487.0,0.5,0.5762282609939575,0.5,240.0,240.0,0.733720064163208,0.0,0.5,0.5,0.5,0.5,240.0,240.0
4,0.8104166388511658,0.8825815916061401,0.8063684105873108,373.0,369.0,0.44778746366500854,0.0009999999,0.6137234568595886,0.8066613078117371,0.807411253452301,0.8057291507720947,0.807812511920929,1551.0,1547.0,0.5,0.5767556428909302,0.5,240.0,239.0,0.7726970314979553,0.0020517667289823294,0.5020201802253723,0.5010438561439514,0.5,0.5020833611488342,241.0,240.0
5,0.8208333253860474,0.898792028427124,0.8210745453834534,347.0,338.0,0.40817874670028687,0.0009999999,0.643406093120575,0.8204772472381592,0.8231292366981506,0.8192708492279053,0.8239583373069763,1582.0,1573.0,0.5,0.5811371207237244,0.5,240.0,240.0,1.2263375520706177,0.0,0.5,0.5,0.5,0.5,240.0,240.0
