epoch,accuracy,auc,f1_score,fn,fp,loss,lr,mcc,npv,precision,recall,specificity,tn,tp,val_accuracy,val_auc,val_f1_score,val_fn,val_fp,val_loss,val_mcc,val_npv,val_precision,val_recall,val_specificity,val_tn,val_tp
0,0.6270833611488342,0.6004884243011475,0.616287887096405,980.0,965.0,0.703596830368042,0.01,0.23657557368278503,0.6172680258750916,0.5953878164291382,0.5916666388511658,0.621874988079071,1435.0,1420.0,0.5,0.5,0.5,240.0,240.0,17.040616989135742,0.0,0.5,0.5,0.5,0.5,240.0,240.0
1,0.7197916507720947,0.7831769585609436,0.720985472202301,530.0,544.0,0.5627599954605103,0.01,0.4410223662853241,0.7228295207023621,0.7187176942825317,0.7239583134651184,0.7166666388511658,1376.0,1390.0,0.5,0.5,0.5,240.0,240.0,11.00393295288086,0.0,0.5,0.5,0.5,0.5,240.0,240.0
2,0.7614583373069763,0.8400598168373108,0.7617747783660889,456.0,460.0,0.4928293824195862,0.01,0.5230913162231445,0.7619608640670776,0.7609147429466248,0.762499988079071,0.7604166865348816,1460.0,1464.0,0.5,0.5,0.5,240.0,240.0,6.976365566253662,0.0,0.5,0.5,0.5,0.5,240.0,240.0
3,0.7932291626930237,0.8717132210731506,0.791890561580658,398.0,402.0,0.4493301808834076,0.01,0.5836902260780334,0.7925035953521729,0.7910602688789368,0.7927083373069763,0.7906249761581421,1518.0,1522.0,0.5,0.5,0.5,240.0,240.0,4.8072381019592285,0.0,0.5,0.5,0.5,0.5,240.0,240.0
4,0.8187500238418579,0.9023076295852661,0.8184193968772888,353.0,342.0,0.40565603971481323,0.0009999999,0.6382204294204712,0.8174611330032349,0.8208485841751099,0.8161458373069763,0.8218749761581421,1578.0,1567.0,0.5,0.5,0.5,240.0,240.0,4.4511399269104,0.0,0.5,0.5,0.5,0.5,240.0,240.0
5,0.8552083373069763,0.9327285289764404,0.8548481464385986,278.0,280.0,0.34337326884269714,0.0009999999,0.7094966173171997,0.8549894690513611,0.8543184399604797,0.8552083373069763,0.8541666865348816,1640.0,1642.0,0.5,0.59110027551651,0.5,240.0,240.0,2.596996545791626,0.0,0.5,0.5,0.5,0.5,240.0,240.0
