epoch,accuracy,auc,f1_score,fn,fp,loss,lr,mcc,npv,precision,recall,specificity,tn,tp,val_accuracy,val_auc,val_f1_score,val_fn,val_fp,val_loss,val_mcc,val_npv,val_precision,val_recall,val_specificity,val_tn,val_tp
0,0.6177083253860474,0.6242910623550415,0.6225051283836365,932.0,956.0,0.7057561278343201,0.01,0.2411174774169922,0.6223438382148743,0.6056105494499207,0.6116666793823242,0.6135416626930237,1444.0,1468.0,0.5,0.5,0.5,240.0,240.0,10.035200119018555,0.0,0.5,0.5,0.5,0.5,240.0,240.0
1,0.703125,0.78376704454422,0.7051657438278198,563.0,572.0,0.5591810345649719,0.01,0.4091744124889374,0.7053159475326538,0.7034733295440674,0.7067708373069763,0.7020833492279053,1348.0,1357.0,0.5,0.5485004186630249,0.5,240.0,240.0,2.080439329147339,0.0,0.5,0.5,0.5,0.5,240.0,240.0
2,0.739062488079071,0.8224731683731079,0.7361090183258057,505.0,509.0,0.515637993812561,0.01,0.4721517562866211,0.736777663230896,0.7354469895362854,0.7369791865348816,0.7348958253860474,1411.0,1415.0,0.5,0.522777795791626,0.5,240.0,240.0,2.607436180114746,0.0,0.5,0.5,0.5,0.5,240.0,240.0
3,0.7682291865348816,0.8519161939620972,0.7676152586936951,447.0,446.0,0.47782641649246216,0.01,0.5351352095603943,0.766991913318634,0.7675873041152954,0.7671874761581421,0.7677083611488342,1474.0,1473.0,0.5,0.6567860841751099,0.5,240.0,239.0,0.9931687712669373,0.0020517667289823294,0.5020201802253723,0.5010438561439514,0.5,0.5020833611488342,241.0,240.0
4,0.8109375238418579,0.8916302919387817,0.8072486519813538,371.0,367.0,0.42364636063575745,0.0009999999,0.6159132719039917,0.8080634474754333,0.8084551095962524,0.8067708611488342,0.8088541626930237,1553.0,1549.0,0.5,0.5276041626930237,0.5,240.0,240.0,2.9240243434906006,0.0,0.5,0.5,0.5,0.5,240.0,240.0
5,0.8510416746139526,0.9275108575820923,0.85099196434021,285.0,288.0,0.3573245704174042,0.0009999999,0.7017297148704529,0.8512671589851379,0.8502340316772461,0.8515625,0.8500000238418579,1632.0,1635.0,0.5,0.6303558945655823,0.5,240.0,240.0,2.393040895462036,0.0,0.5,0.5,0.5,0.5,240.0,240.0
