epoch,accuracy,auc,f1_score,fn,fp,loss,lr,mcc,npv,precision,recall,specificity,tn,tp,val_accuracy,val_auc,val_f1_score,val_fn,val_fp,val_loss,val_mcc,val_npv,val_precision,val_recall,val_specificity,val_tn,val_tp
0,0.542187511920929,0.6235995292663574,0.5342743396759033,1010.0,1009.0,0.7771764993667603,0.01,0.07239480316638947,0.535941481590271,0.5794081091880798,0.5791666507720947,0.5364583134651184,1391.0,1390.0,0.5,0.5,0.5,240.0,240.0,9.68545150756836,0.0,0.5,0.5,0.5,0.5,240.0,240.0
1,0.668749988079071,0.7070658206939697,0.6611706018447876,648.0,652.0,0.6335826516151428,0.01,0.32346028089523315,0.6628218293190002,0.6611226797103882,0.6625000238418579,0.6604166626930237,1268.0,1272.0,0.5,0.5,0.5,240.0,240.0,4.898874759674072,0.0,0.5,0.5,0.5,0.5,240.0,240.0
2,0.7020833492279053,0.7752811908721924,0.7034285068511963,569.0,570.0,0.5713587999343872,0.01,0.4071069359779358,0.703574001789093,0.7032795548439026,0.7036458253860474,0.703125,1350.0,1351.0,0.5,0.5,0.5,240.0,240.0,5.12334680557251,0.0,0.5,0.5,0.5,0.5,240.0,240.0
3,0.7505208253860474,0.8198825120925903,0.7465342283248901,486.0,488.0,0.5198341012001038,0.01,0.49302196502685547,0.7466671466827393,0.7460978031158447,0.746874988079071,0.7458333373069763,1432.0,1434.0,0.5,0.5749175548553467,0.5,240.0,240.0,2.6747889518737793,0.0,0.5,0.5,0.5,0.5,240.0,240.0
4,0.7828124761581421,0.8632790446281433,0.784572958946228,413.0,414.0,0.46218207478523254,0.0009999999,0.56946861743927,0.7851369380950928,0.784487247467041,0.7848958373069763,0.784375011920929,1506.0,1507.0,0.5,0.6259136199951172,0.5,240.0,240.0,2.3637936115264893,0.0,0.5,0.5,0.5,0.5,240.0,240.0
5,0.8161458373069763,0.8966712951660156,0.8167503476142883,349.0,356.0,0.4089769721031189,0.0009999999,0.6329435706138611,0.8176382184028625,0.8152568936347961,0.8182291388511658,0.8145833611488342,1564.0,1571.0,0.5,0.6538281440734863,0.5,240.0,239.0,1.2117695808410645,0.0020517667289823294,0.5020201802253723,0.5010438561439514,0.5,0.5020833611488342,241.0,240.0
