epoch,accuracy,auc,f1_score,fn,fp,loss,lr,mcc,npv,precision,recall,specificity,tn,tp,val_accuracy,val_auc,val_f1_score,val_fn,val_fp,val_loss,val_mcc,val_npv,val_precision,val_recall,val_specificity,val_tn,val_tp
0,0.637499988079071,0.706995964050293,0.630735456943512,813.0,840.0,0.7006741166114807,0.01,0.25555333495140076,0.6276941299438477,0.6538937091827393,0.6612499952316284,0.6208333373069763,1560.0,1587.0,0.5,0.5078125,0.5,240.0,240.0,3.416872978210449,0.0,0.5,0.5,0.5,0.5,240.0,240.0
1,0.7119791507720947,0.7877217531204224,0.7131491899490356,547.0,557.0,0.5597854256629944,0.01,0.4251875579357147,0.7138303518295288,0.7113989591598511,0.7151041626930237,0.7098958492279053,1363.0,1373.0,0.5,0.6164387464523315,0.37160688638687134,334.0,66.0,0.7949641346931458,0.13872632384300232,0.5738384127616882,0.6886792182922363,0.30416667461395264,0.862500011920929,414.0,146.0
2,0.7557291388511658,0.8333722949028015,0.7582499384880066,456.0,476.0,0.5084747076034546,0.01,0.514976441860199,0.7608550786972046,0.7546391487121582,0.762499988079071,0.7520833611488342,1444.0,1464.0,0.5,0.5,0.5,240.0,240.0,3.718764305114746,0.0,0.5,0.5,0.5,0.5,240.0,240.0
3,0.7651041746139526,0.845045268535614,0.7644270062446594,453.0,452.0,0.48790881037712097,0.01,0.5288583040237427,0.7639744877815247,0.7644606828689575,0.7640625238418579,0.7645833492279053,1468.0,1467.0,0.5,0.5,0.5,240.0,240.0,3.2257816791534424,0.0,0.5,0.5,0.5,0.5,240.0,240.0
4,0.817187488079071,0.8863112926483154,0.8156182169914246,352.0,357.0,0.4272708594799042,0.0009999999,0.6308565735816956,0.8162495493888855,0.8145454525947571,0.8166666626930237,0.8140624761581421,1563.0,1568.0,0.5,0.5,0.5,240.0,240.0,4.322239875793457,0.0,0.5,0.5,0.5,0.5,240.0,240.0
5,0.8395833373069763,0.9178953766822815,0.8392308354377747,307.0,311.0,0.3745172321796417,0.0009999999,0.6783103942871094,0.8398992419242859,0.8383575677871704,0.8401041626930237,0.8380208611488342,1609.0,1613.0,0.5,0.5010416507720947,0.5,240.0,240.0,3.2427263259887695,0.0,0.5,0.5,0.5,0.5,240.0,240.0
