epoch,accuracy,auc,f1_score,fn,fp,loss,lr,mcc,npv,precision,recall,specificity,tn,tp,val_accuracy,val_auc,val_f1_score,val_fn,val_fp,val_loss,val_mcc,val_npv,val_precision,val_recall,val_specificity,val_tn,val_tp
0,0.6041666865348816,0.597377359867096,0.602425217628479,1002.0,997.0,0.7068473100662231,0.01,0.20590607821941376,0.6021806001663208,0.583716094493866,0.5824999809265137,0.6036458611488342,1403.0,1398.0,0.5,0.47513237595558167,0.5,240.0,240.0,19.480260848999023,0.0,0.5,0.5,0.5,0.5,240.0,240.0
1,0.7005208134651184,0.7601572871208191,0.6977245807647705,579.0,583.0,0.5874230861663818,0.01,0.39503276348114014,0.697833240032196,0.6969854235649109,0.698437511920929,0.6963541507720947,1337.0,1341.0,0.5,0.5,0.5,240.0,240.0,7.971311092376709,0.0,0.5,0.5,0.5,0.5,240.0,240.0
2,0.7260416746139526,0.8007235527038574,0.7294538617134094,516.0,525.0,0.5449002981185913,0.01,0.45805901288986206,0.730252206325531,0.7278382778167725,0.731249988079071,0.7265625,1395.0,1404.0,0.5,0.5,0.5,240.0,240.0,5.179490089416504,0.0,0.5,0.5,0.5,0.5,240.0,240.0
3,0.765625,0.8445872664451599,0.7662385106086731,451.0,445.0,0.49014556407928467,0.01,0.5335755944252014,0.7660921812057495,0.7675026059150696,0.7651041746139526,0.7682291865348816,1475.0,1469.0,0.5,0.5,0.5,240.0,240.0,4.9643635749816895,0.0,0.5,0.5,0.5,0.5,240.0,240.0
4,0.828125,0.8989083170890808,0.8257939219474792,335.0,333.0,0.42782703042030334,0.0009999999,0.6523483991622925,0.8261889219284058,0.8263816237449646,0.8255208134651184,0.8265625238418579,1587.0,1585.0,0.5,0.5,0.5,240.0,240.0,4.047196865081787,0.0,0.5,0.5,0.5,0.5,240.0,240.0
5,0.8317708373069763,0.9101792573928833,0.8325265049934387,322.0,322.0,0.39195817708969116,0.0009999999,0.664757490158081,0.8319427371025085,0.8322916626930237,0.8322916626930237,0.8322916626930237,1598.0,1598.0,0.5,0.6284092664718628,0.5,240.0,240.0,2.332467794418335,0.0,0.5,0.5,0.5,0.5,240.0,240.0
