epoch,accuracy,auc,f1_score,fn,fp,loss,lr,mcc,npv,precision,recall,specificity,tn,tp,val_accuracy,val_auc,val_f1_score,val_fn,val_fp,val_loss,val_mcc,val_npv,val_precision,val_recall,val_specificity,val_tn,val_tp
0,0.6333333253860474,0.6023170948028564,0.6219015121459961,961.0,973.0,0.6994936466217041,0.01,0.24343766272068024,0.6228798627853394,0.596600353717804,0.5995833277702332,0.6182291507720947,1427.0,1439.0,0.5,0.5,0.5,240.0,240.0,4.898890495300293,0.0,0.5,0.5,0.5,0.5,240.0,240.0
1,0.714062511920929,0.779227077960968,0.7134907841682434,539.0,570.0,0.566669225692749,0.01,0.423002153635025,0.7148498892784119,0.7078421115875244,0.7192708253860474,0.703125,1350.0,1381.0,0.5,0.5,0.5,240.0,240.0,4.441460132598877,0.0,0.5,0.5,0.5,0.5,240.0,240.0
2,0.7406250238418579,0.8228927850723267,0.7432582974433899,490.0,497.0,0.5154045224189758,0.01,0.4861777722835541,0.7443413138389587,0.7420861721038818,0.7447916865348816,0.7411458492279053,1423.0,1430.0,0.5,0.5,0.5,240.0,240.0,5.1250410079956055,0.0,0.5,0.5,0.5,0.5,240.0,240.0
3,0.7713541388511658,0.8599892854690552,0.7722829580307007,435.0,440.0,0.46495816111564636,0.01,0.5444468259811401,0.7732328176498413,0.7714285850524902,0.7734375,0.7708333134651184,1480.0,1485.0,0.5,0.5,0.5,240.0,240.0,4.080872535705566,0.0,0.5,0.5,0.5,0.5,240.0,240.0
4,0.7885416746139526,0.8689295053482056,0.788208544254303,405.0,408.0,0.4557116627693176,0.0009999999,0.5768359303474426,0.7893595099449158,0.7878314852714539,0.7890625,0.7875000238418579,1512.0,1515.0,0.5,0.5010416507720947,0.5,240.0,240.0,3.186782121658325,0.0,0.5,0.5,0.5,0.5,240.0,240.0
5,0.8354166746139526,0.9100869297981262,0.8348978757858276,311.0,326.0,0.39581307768821716,0.0009999999,0.668667733669281,0.8367986083030701,0.8315245509147644,0.8380208611488342,0.8302083611488342,1594.0,1609.0,0.5,0.6266102194786072,0.5,240.0,240.0,1.7745249271392822,0.0,0.5,0.5,0.5,0.5,240.0,240.0
