epoch,accuracy,auc,f1_score,fn,fp,loss,lr,mcc,npv,precision,recall,specificity,tn,tp,val_accuracy,val_auc,val_f1_score,val_fn,val_fp,val_loss,val_mcc,val_npv,val_precision,val_recall,val_specificity,val_tn,val_tp
0,0.6234375238418579,0.5980316996574402,0.6170203685760498,979.0,971.0,0.6909407377243042,0.01,0.23455071449279785,0.6148275136947632,0.5940635204315186,0.5920833349227905,0.6192708611488342,1429.0,1421.0,0.5,0.5,0.5,240.0,240.0,14.783417701721191,0.0,0.5,0.5,0.5,0.5,240.0,240.0
1,0.723437488079071,0.7886045575141907,0.723482072353363,526.0,538.0,0.5567335486412048,0.01,0.44613584876060486,0.7250245809555054,0.7215321063995361,0.7260416746139526,0.7197916507720947,1382.0,1394.0,0.5,0.5,0.5,240.0,240.0,8.564497947692871,0.0,0.5,0.5,0.5,0.5,240.0,240.0
2,0.7588541507720947,0.8197405338287354,0.7560452818870544,471.0,463.0,0.5217034816741943,0.01,0.5137834548950195,0.7562639713287354,0.7578451633453369,0.754687488079071,0.7588541507720947,1457.0,1449.0,0.5,0.5,0.5,240.0,240.0,6.008824348449707,0.0,0.5,0.5,0.5,0.5,240.0,240.0
3,0.801562488079071,0.86715167760849,0.7976380586624146,388.0,389.0,0.46083706617355347,0.01,0.5956119894981384,0.7981242537498474,0.7975013256072998,0.7979166507720947,0.7973958253860474,1531.0,1532.0,0.5,0.5,0.5,240.0,240.0,4.023918628692627,0.0,0.5,0.5,0.5,0.5,240.0,240.0
4,0.8020833134651184,0.8842964768409729,0.8028284907341003,376.0,383.0,0.43061938881874084,0.0009999999,0.6048603057861328,0.8033066391944885,0.8012454509735107,0.8041666746139526,0.8005208373069763,1537.0,1544.0,0.5,0.5,0.5,240.0,240.0,3.8397369384765625,0.0,0.5,0.5,0.5,0.5,240.0,240.0
5,0.8458333611488342,0.9243335723876953,0.8446667790412903,293.0,304.0,0.360928475856781,0.0009999999,0.6892557144165039,0.847273588180542,0.8425686359405518,0.8473958373069763,0.8416666388511658,1616.0,1627.0,0.5,0.6569357514381409,0.5,240.0,240.0,1.685911774635315,0.0,0.5,0.5,0.5,0.5,240.0,240.0
