epoch,accuracy,auc,f1_score,fn,fp,loss,lr,mcc,npv,precision,recall,specificity,tn,tp,val_accuracy,val_auc,val_f1_score,val_fn,val_fp,val_loss,val_mcc,val_npv,val_precision,val_recall,val_specificity,val_tn,val_tp
0,0.6479166746139526,0.6315454840660095,0.6462112069129944,913.0,930.0,0.6707733869552612,0.01,0.29043614864349365,0.6464981436729431,0.6152254939079285,0.6195833086967468,0.640625,1470.0,1487.0,0.5,0.5,0.5,240.0,240.0,11.17333698272705,0.0,0.5,0.5,0.5,0.5,240.0,240.0
1,0.7421875,0.8080173134803772,0.735247790813446,513.0,501.0,0.5333870649337769,0.01,0.4721481502056122,0.7342796325683594,0.7374213933944702,0.7328125238418579,0.739062488079071,1419.0,1407.0,0.5,0.5,0.5,240.0,240.0,9.64242172241211,0.0,0.5,0.5,0.5,0.5,240.0,240.0
2,0.765625,0.8377277255058289,0.7669328451156616,448.0,447.0,0.5018232464790344,0.01,0.5340500473976135,0.7667688131332397,0.7670661807060242,0.7666666507720947,0.7671874761581421,1473.0,1472.0,0.5,0.5,0.5,240.0,240.0,4.220993518829346,0.0,0.5,0.5,0.5,0.5,240.0,240.0
3,0.800000011920929,0.8690950870513916,0.7977768182754517,390.0,385.0,0.45259344577789307,0.01,0.5965362191200256,0.7977962493896484,0.7989556193351746,0.796875,0.7994791865348816,1535.0,1530.0,0.5,0.5,0.5,240.0,240.0,7.221890449523926,0.0,0.5,0.5,0.5,0.5,240.0,240.0
4,0.8182291388511658,0.8954136967658997,0.8173733353614807,346.0,357.0,0.4106665253639221,0.0009999999,0.6341323852539062,0.8191114068031311,0.8151217103004456,0.8197916746139526,0.8140624761581421,1563.0,1574.0,0.5,0.5,0.5,240.0,240.0,5.390748023986816,0.0,0.5,0.5,0.5,0.5,240.0,240.0
5,0.8552083373069763,0.9272845983505249,0.8542385697364807,278.0,282.0,0.35194265842437744,0.0009999999,0.7085064053535461,0.8552055358886719,0.8534303307533264,0.8552083373069763,0.8531249761581421,1638.0,1642.0,0.5,0.615809440612793,0.5,240.0,240.0,2.4573874473571777,0.0,0.5,0.5,0.5,0.5,240.0,240.0
