epoch,accuracy,auc,f1_score,fn,fp,loss,lr,mcc,npv,precision,recall,specificity,tn,tp,val_accuracy,val_auc,val_f1_score,val_fn,val_fp,val_loss,val_mcc,val_npv,val_precision,val_recall,val_specificity,val_tn,val_tp
0,0.6385416388511658,0.708630383014679,0.6330273151397705,821.0,821.0,0.6919789910316467,0.01,0.2671537399291992,0.6346122026443481,0.6579166650772095,0.6579166650772095,0.6322916746139526,1579.0,1579.0,0.5,0.5,0.5,240.0,240.0,6.383433818817139,0.0,0.5,0.5,0.5,0.5,240.0,240.0
1,0.7151041626930237,0.7767592072486877,0.7182113528251648,534.0,554.0,0.5708020329475403,0.01,0.4335688054561615,0.7188430428504944,0.7144330143928528,0.721875011920929,0.7114583253860474,1366.0,1386.0,0.5,0.5537912845611572,0.5,240.0,240.0,2.345461130142212,0.0,0.5,0.5,0.5,0.5,240.0,240.0
2,0.754687488079071,0.8218814134597778,0.7515054941177368,481.0,471.0,0.5195960998535156,0.01,0.5044628381729126,0.7507930994033813,0.7534031271934509,0.7494791746139526,0.754687488079071,1449.0,1439.0,0.5,0.5,0.5,240.0,240.0,6.64668083190918,0.0,0.5,0.5,0.5,0.5,240.0,240.0
3,0.7598958611488342,0.8466026186943054,0.7599252462387085,459.0,464.0,0.4839499890804291,0.01,0.5195112824440002,0.7605046629905701,0.758961021900177,0.760937511920929,0.7583333253860474,1456.0,1461.0,0.5,0.5,0.5,240.0,240.0,5.6455841064453125,0.0,0.5,0.5,0.5,0.5,240.0,240.0
4,0.8161458373069763,0.8929857015609741,0.8141160607337952,359.0,354.0,0.4204193949699402,0.0009999999,0.62888503074646,0.8136078715324402,0.8151435852050781,0.8130208253860474,0.815625011920929,1566.0,1561.0,0.5,0.5,0.5,240.0,240.0,5.755122184753418,0.0,0.5,0.5,0.5,0.5,240.0,240.0
5,0.8374999761581421,0.9195229411125183,0.839313268661499,309.0,308.0,0.36815983057022095,0.0009999999,0.6788111329078674,0.839202880859375,0.8394997119903564,0.839062511920929,0.8395833373069763,1612.0,1611.0,0.5,0.5,0.5,240.0,240.0,6.3358049392700195,0.0,0.5,0.5,0.5,0.5,240.0,240.0
