epoch,accuracy,auc,f1_score,fn,fp,loss,lr,mcc,npv,precision,recall,specificity,tn,tp,val_accuracy,val_auc,val_f1_score,val_fn,val_fp,val_loss,val_mcc,val_npv,val_precision,val_recall,val_specificity,val_tn,val_tp
0,0.6312500238418579,0.7007381319999695,0.6233976483345032,844.0,851.0,0.6854598522186279,0.01,0.24852851033210754,0.6239128708839417,0.6464478373527527,0.6483333110809326,0.6244791746139526,1549.0,1556.0,0.5,0.5,0.5,240.0,240.0,14.410284996032715,0.0,0.5,0.5,0.5,0.5,240.0,240.0
1,0.6942708492279053,0.7717562913894653,0.6966021656990051,576.0,596.0,0.569774866104126,0.01,0.3898358941078186,0.696402370929718,0.692783534526825,0.699999988079071,0.6895833611488342,1324.0,1344.0,0.5,0.5,0.5,240.0,240.0,6.626771926879883,0.0,0.5,0.5,0.5,0.5,240.0,240.0
2,0.7505208253860474,0.8236770629882812,0.7475736141204834,484.0,486.0,0.5169551968574524,0.01,0.49513083696365356,0.7477182149887085,0.7471383810043335,0.7479166388511658,0.746874988079071,1434.0,1436.0,0.5,0.5062500238418579,0.5,240.0,240.0,3.353525400161743,0.0,0.5,0.5,0.5,0.5,240.0,240.0
3,0.7734375,0.8573786616325378,0.7790408730506897,418.0,434.0,0.4684971272945404,0.01,0.5565069317817688,0.7806265354156494,0.7758264541625977,0.7822916507720947,0.7739583253860474,1486.0,1502.0,0.5,0.5,0.5,240.0,240.0,5.231739521026611,0.0,0.5,0.5,0.5,0.5,240.0,240.0
4,0.7953125238418579,0.8764733076095581,0.7930260300636292,406.0,383.0,0.43995511531829834,0.0009999999,0.5892216563224792,0.7916329503059387,0.7981022596359253,0.7885416746139526,0.8005208373069763,1537.0,1514.0,0.5,0.5005208253860474,0.5,240.0,240.0,3.6748647689819336,0.0,0.5,0.5,0.5,0.5,240.0,240.0
5,0.8239583373069763,0.9038031697273254,0.8215366005897522,346.0,337.0,0.3964425325393677,0.0009999999,0.64458829164505,0.8212049007415771,0.8236525654792786,0.8197916746139526,0.8244791626930237,1583.0,1574.0,0.5,0.6107574105262756,0.5,240.0,240.0,1.7083462476730347,0.0,0.5,0.5,0.5,0.5,240.0,240.0
