epoch,accuracy,auc,f1_score,fn,fp,loss,lr,mcc,npv,precision,recall,specificity,tn,tp,val_accuracy,val_auc,val_f1_score,val_fn,val_fp,val_loss,val_mcc,val_npv,val_precision,val_recall,val_specificity,val_tn,val_tp
0,0.640625,0.6799094080924988,0.6410426497459412,842.0,877.0,0.6955091953277588,0.01,0.28036972880363464,0.6412395238876343,0.6398357152938843,0.6491666436195374,0.635937511920929,1523.0,1558.0,0.5,0.5,0.5,240.0,240.0,26.64544105529785,0.0,0.5,0.5,0.5,0.5,240.0,240.0
1,0.7151041626930237,0.774989664554596,0.7113726735115051,556.0,550.0,0.5717509984970093,0.01,0.4242367446422577,0.7116873264312744,0.7126436829566956,0.7104166746139526,0.7135416865348816,1370.0,1364.0,0.5,0.5,0.5,240.0,240.0,9.98356819152832,0.0,0.5,0.5,0.5,0.5,240.0,240.0
2,0.7302083373069763,0.7987019419670105,0.7293373346328735,515.0,527.0,0.5449603796005249,0.01,0.4576157033443451,0.7305357456207275,0.727225661277771,0.7317708134651184,0.7255208492279053,1393.0,1405.0,0.5,0.5,0.5,240.0,240.0,6.441675662994385,0.0,0.5,0.5,0.5,0.5,240.0,240.0
3,0.7604166865348816,0.8379797339439392,0.760621190071106,461.0,457.0,0.4986115097999573,0.01,0.5220767259597778,0.7606320977210999,0.7614822387695312,0.7598958611488342,0.7619791626930237,1463.0,1459.0,0.5,0.5,0.5,240.0,240.0,6.718205451965332,0.0,0.5,0.5,0.5,0.5,240.0,240.0
4,0.7749999761581421,0.8573201298713684,0.7777025103569031,424.0,431.0,0.4697403907775879,0.0009999999,0.5548604130744934,0.7785528898239136,0.7763362526893616,0.7791666388511658,0.7755208611488342,1489.0,1496.0,0.5,0.6327691078186035,0.5,240.0,240.0,2.0477190017700195,0.0,0.5,0.5,0.5,0.5,240.0,240.0
5,0.8255208134651184,0.9060778617858887,0.8251641392707825,335.0,336.0,0.39476901292800903,0.0009999999,0.6507652401924133,0.8258806467056274,0.8250911235809326,0.8255208134651184,0.824999988079071,1584.0,1585.0,0.5,0.6574262976646423,0.5,240.0,240.0,1.6475634574890137,0.0,0.5,0.5,0.5,0.5,240.0,240.0
