epoch,accuracy,auc,f1_score,fn,fp,loss,lr,mcc,npv,precision,recall,specificity,tn,tp,val_accuracy,val_auc,val_f1_score,val_fn,val_fp,val_loss,val_mcc,val_npv,val_precision,val_recall,val_specificity,val_tn,val_tp
0,0.645312488079071,0.6692951321601868,0.6399916410446167,915.0,861.0,0.6721240878105164,0.01,0.27802589535713196,0.6403582096099854,0.6329923272132874,0.6187499761581421,0.6343749761581421,1539.0,1485.0,0.5,0.5,0.5,240.0,240.0,4.784883499145508,0.0,0.5,0.5,0.5,0.5,240.0,240.0
1,0.7281249761581421,0.7954915165901184,0.7267609238624573,529.0,516.0,0.5495424270629883,0.01,0.45596539974212646,0.7267690300941467,0.7294179201126099,0.7244791388511658,0.731249988079071,1404.0,1391.0,0.5,0.5155599117279053,0.5,240.0,240.0,2.195065975189209,0.0,0.5,0.5,0.5,0.5,240.0,240.0
2,0.784375011920929,0.8534871339797974,0.7831240892410278,422.0,407.0,0.4776562452316284,0.01,0.5685479640960693,0.7823629975318909,0.7863516807556152,0.7802083492279053,0.7880208492279053,1513.0,1498.0,0.5,0.5,0.5,240.0,240.0,3.307947874069214,0.0,0.5,0.5,0.5,0.5,240.0,240.0
3,0.7942708134651184,0.8695716857910156,0.7916306853294373,402.0,397.0,0.4537675976753235,0.01,0.5840780735015869,0.7913768887519836,0.792689323425293,0.7906249761581421,0.7932291626930237,1523.0,1518.0,0.5,0.6018467545509338,0.5,240.0,240.0,0.8447766900062561,0.0,0.5,0.5,0.5,0.5,240.0,240.0
4,0.8114583492279053,0.8915790915489197,0.8108822107315063,364.0,362.0,0.4145973324775696,0.0009999999,0.6220768094062805,0.8106515407562256,0.8112617135047913,0.8104166388511658,0.8114583492279053,1558.0,1556.0,0.5,0.6169661283493042,0.5,240.0,240.0,1.4405956268310547,0.0,0.5,0.5,0.5,0.5,240.0,240.0
5,0.859375,0.9334290623664856,0.8599166870117188,268.0,270.0,0.33784136176109314,0.0009999999,0.7199724912643433,0.8605199456214905,0.8595213294029236,0.8604166507720947,0.859375,1650.0,1652.0,0.5,0.6181706190109253,0.5,240.0,240.0,1.4543520212173462,0.0,0.5,0.5,0.5,0.5,240.0,240.0
