epoch,accuracy,auc,f1_score,fn,fp,loss,lr,mcc,npv,precision,recall,specificity,tn,tp,val_accuracy,val_auc,val_f1_score,val_fn,val_fp,val_loss,val_mcc,val_npv,val_precision,val_recall,val_specificity,val_tn,val_tp
0,0.6333333253860474,0.6038418412208557,0.621009886264801,974.0,946.0,0.6894184350967407,0.01,0.25044509768486023,0.6251155734062195,0.6011804342269897,0.5941666960716248,0.6322916746139526,1454.0,1426.0,0.5,0.5,0.5,240.0,240.0,11.440622329711914,0.0,0.5,0.5,0.5,0.5,240.0,240.0
1,0.7208333611488342,0.7848643660545349,0.7202545404434204,542.0,527.0,0.5628602504730225,0.01,0.44341912865638733,0.7204715013504028,0.7233595848083496,0.7177083492279053,0.7255208492279053,1393.0,1378.0,0.5,0.5493468046188354,0.5,240.0,240.0,2.5747854709625244,0.0,0.5,0.5,0.5,0.5,240.0,240.0
2,0.7526041865348816,0.8204014301300049,0.74932461977005,478.0,486.0,0.5201373100280762,0.01,0.49816030263900757,0.7504273056983948,0.7479252815246582,0.7510416507720947,0.746874988079071,1434.0,1442.0,0.5,0.5078125,0.5,240.0,240.0,2.9205892086029053,0.0,0.5,0.5,0.5,0.5,240.0,240.0
3,0.784375011920929,0.8608828783035278,0.7822299599647522,419.0,416.0,0.46587079763412476,0.01,0.565353512763977,0.7825859785079956,0.782994270324707,0.7817708253860474,0.7833333611488342,1504.0,1501.0,0.5,0.5,0.5,240.0,240.0,6.155089378356934,0.0,0.5,0.5,0.5,0.5,240.0,240.0
4,0.8161458373069763,0.8959096074104309,0.8137047290802002,360.0,355.0,0.4106888771057129,0.0009999999,0.627874493598938,0.812874436378479,0.8146213889122009,0.8125,0.8151041865348816,1565.0,1560.0,0.5,0.5104166269302368,0.5,240.0,240.0,3.1171467304229736,0.0,0.5,0.5,0.5,0.5,240.0,240.0
5,0.84375,0.9187520742416382,0.8461292386054993,292.0,300.0,0.3700321614742279,0.0009999999,0.691791832447052,0.8474258780479431,0.8443983197212219,0.8479166626930237,0.84375,1620.0,1628.0,0.5,0.6341753602027893,0.5,240.0,240.0,1.3575583696365356,0.0,0.5,0.5,0.5,0.5,240.0,240.0
