epoch,accuracy,auc,f1_score,fn,fp,loss,lr,mcc,npv,precision,recall,specificity,tn,tp,val_accuracy,val_auc,val_f1_score,val_fn,val_fp,val_loss,val_mcc,val_npv,val_precision,val_recall,val_specificity,val_tn,val_tp
0,0.6026041507720947,0.6795445084571838,0.5951853394508362,888.0,881.0,0.7322255373001099,0.01,0.1946583390235901,0.5984589457511902,0.631842851638794,0.6299999952316284,0.5989583134651184,1519.0,1512.0,0.5,0.559253454208374,0.5,240.0,240.0,1.1764228343963623,0.0,0.5,0.5,0.5,0.5,240.0,240.0
1,0.6911458373069763,0.7598364353179932,0.6917112469673157,590.0,593.0,0.580797016620636,0.01,0.384281724691391,0.6932215094566345,0.6916276812553406,0.6927083134651184,0.6911458373069763,1327.0,1330.0,0.5,0.5,0.5,240.0,240.0,2.4543917179107666,0.0,0.5,0.5,0.5,0.5,240.0,240.0
2,0.7338541746139526,0.8103837966918945,0.731820821762085,513.0,518.0,0.5286104083061218,0.01,0.46328237652778625,0.7322518229484558,0.7309091091156006,0.7328125238418579,0.7302083373069763,1402.0,1407.0,0.5,0.6212478876113892,0.5,240.0,240.0,1.607244849205017,0.0,0.5,0.5,0.5,0.5,240.0,240.0
3,0.7697916626930237,0.8467820882797241,0.7716078162193298,432.0,448.0,0.48615485429763794,0.01,0.5419299006462097,0.773614227771759,0.7685950398445129,0.7749999761581421,0.7666666507720947,1472.0,1488.0,0.5,0.5,0.5,240.0,240.0,4.193391799926758,0.0,0.5,0.5,0.5,0.5,240.0,240.0
4,0.7973958253860474,0.8786012530326843,0.798336386680603,390.0,383.0,0.4469365179538727,0.0009999999,0.5977188348770142,0.797817587852478,0.7997909188270569,0.796875,0.8005208373069763,1537.0,1530.0,0.5,0.6071397066116333,0.5,240.0,240.0,2.294616460800171,0.0,0.5,0.5,0.5,0.5,240.0,240.0
5,0.828125,0.9071558117866516,0.8281964659690857,329.0,331.0,0.39702197909355164,0.0009999999,0.6564394235610962,0.8286373615264893,0.8277835845947266,0.8286458253860474,0.8276041746139526,1589.0,1591.0,0.5,0.6533528566360474,0.5,240.0,240.0,1.322218418121338,0.0,0.5,0.5,0.5,0.5,240.0,240.0
