epoch,accuracy,auc,f1_score,fn,fp,loss,lr,mcc,npv,precision,recall,specificity,tn,tp,val_accuracy,val_auc,val_f1_score,val_fn,val_fp,val_loss,val_mcc,val_npv,val_precision,val_recall,val_specificity,val_tn,val_tp
0,0.6229166388511658,0.6710631847381592,0.6113160848617554,883.0,897.0,0.7116080522537231,0.01,0.22674928605556488,0.6154053807258606,0.6284175515174866,0.6320833563804626,0.612500011920929,1503.0,1517.0,0.5,0.5,0.5,240.0,240.0,5.325009822845459,0.0,0.5,0.5,0.5,0.5,240.0,240.0
1,0.723437488079071,0.7853438258171082,0.7177516222000122,531.0,562.0,0.5607885122299194,0.01,0.43159690499305725,0.7188999056816101,0.7119426131248474,0.723437488079071,0.7072916626930237,1358.0,1389.0,0.5,0.5,0.5,240.0,240.0,3.922459363937378,0.0,0.5,0.5,0.5,0.5,240.0,240.0
2,0.7442708611488342,0.8173861503601074,0.7445029020309448,489.0,491.0,0.5237320065498352,0.01,0.4901793599128723,0.7461228966712952,0.7445369362831116,0.745312511920929,0.7442708611488342,1429.0,1431.0,0.5,0.5,0.5,240.0,240.0,5.163208961486816,0.0,0.5,0.5,0.5,0.5,240.0,240.0
3,0.7739583253860474,0.8498658537864685,0.7732097506523132,432.0,441.0,0.4838431179523468,0.01,0.5456272959709167,0.7740764021873474,0.7713841199874878,0.7749999761581421,0.770312488079071,1479.0,1488.0,0.5,0.5005208253860474,0.5,240.0,240.0,3.598916530609131,0.0,0.5,0.5,0.5,0.5,240.0,240.0
4,0.8057291507720947,0.8840043544769287,0.8035045862197876,377.0,377.0,0.43299123644828796,0.0009999999,0.6075403690338135,0.8040952086448669,0.8036458492279053,0.8036458492279053,0.8036458492279053,1543.0,1543.0,0.5,0.6153971552848816,0.5,240.0,240.0,2.3505024909973145,0.0,0.5,0.5,0.5,0.5,240.0,240.0
5,0.8333333134651184,0.9172516465187073,0.8318168520927429,320.0,326.0,0.37271806597709656,0.0009999999,0.6637775897979736,0.8334043025970459,0.830737292766571,0.8333333134651184,0.8302083611488342,1594.0,1600.0,0.5,0.6362804174423218,0.5,240.0,240.0,1.7388246059417725,0.0,0.5,0.5,0.5,0.5,240.0,240.0
