epoch,accuracy,auc,f1_score,fn,fp,loss,lr,mcc,npv,precision,recall,specificity,tn,tp,val_accuracy,val_auc,val_f1_score,val_fn,val_fp,val_loss,val_mcc,val_npv,val_precision,val_recall,val_specificity,val_tn,val_tp
0,0.6583333611488342,0.6320363879203796,0.6492372155189514,913.0,913.0,0.6574066877365112,0.01,0.29892340302467346,0.6484495401382446,0.6195833086967468,0.6195833086967468,0.6494791507720947,1487.0,1487.0,0.5,0.5811697244644165,0.49897435307502747,240.0,241.0,0.7931098341941833,-0.0020517667289823294,0.5,0.4989604949951172,0.5,0.49791666865348816,239.0,240.0
1,0.7286458611488342,0.8035092353820801,0.7240456938743591,529.0,529.0,0.5369550585746765,0.01,0.4492344856262207,0.7254393100738525,0.7244791388511658,0.7244791388511658,0.7244791388511658,1391.0,1391.0,0.5,0.587317705154419,0.5,240.0,240.0,1.3840463161468506,0.0,0.5,0.5,0.5,0.5,240.0,240.0
2,0.7802083492279053,0.8478465676307678,0.7726994156837463,440.0,430.0,0.48513856530189514,0.01,0.5471159815788269,0.7724371552467346,0.7748690843582153,0.7708333134651184,0.7760416865348816,1490.0,1480.0,0.5,0.6043012738227844,0.5,240.0,240.0,1.388743281364441,0.0,0.5,0.5,0.5,0.5,240.0,240.0
3,0.7833333611488342,0.8749673366546631,0.7826014161109924,417.0,417.0,0.4409133195877075,0.01,0.5658073425292969,0.7833356857299805,0.7828124761581421,0.7828124761581421,0.7828124761581421,1503.0,1503.0,0.5,0.6185633540153503,0.5,240.0,240.0,0.7111584544181824,0.0,0.5,0.5,0.5,0.5,240.0,240.0
4,0.8072916865348816,0.8893739581108093,0.8043506741523743,378.0,373.0,0.4177059531211853,0.0009999999,0.6091092228889465,0.8034526109695435,0.8052219152450562,0.8031250238418579,0.8057291507720947,1547.0,1542.0,0.5,0.621532142162323,0.5,240.0,240.0,1.5674071311950684,0.0,0.5,0.5,0.5,0.5,240.0,240.0
5,0.8453124761581421,0.9254738092422485,0.8464864492416382,298.0,290.0,0.35327833890914917,0.0009999999,0.694054365158081,0.8457915186882019,0.8483263850212097,0.8447916507720947,0.8489583134651184,1630.0,1622.0,0.5,0.6213997602462769,0.5,240.0,240.0,1.5908938646316528,0.0,0.5,0.5,0.5,0.5,240.0,240.0
