epoch,accuracy,auc,f1_score,fn,fp,loss,lr,mcc,npv,precision,recall,specificity,tn,tp,val_accuracy,val_auc,val_f1_score,val_fn,val_fp,val_loss,val_mcc,val_npv,val_precision,val_recall,val_specificity,val_tn,val_tp
0,0.6166666746139526,0.6017967462539673,0.6101905703544617,988.0,977.0,0.7050120830535889,0.01,0.2233608067035675,0.6098933815956116,0.5910422801971436,0.5883333086967468,0.6145833134651184,1423.0,1412.0,0.5,0.5,0.5,240.0,240.0,15.71995735168457,0.0,0.5,0.5,0.5,0.5,240.0,240.0
1,0.6994791626930237,0.7682206034660339,0.6979592442512512,580.0,579.0,0.5732396245002747,0.01,0.39661797881126404,0.6983972191810608,0.6982803344726562,0.6979166865348816,0.698437511920929,1341.0,1340.0,0.5,0.5,0.5,240.0,240.0,7.178824424743652,0.0,0.5,0.5,0.5,0.5,240.0,240.0
2,0.7427083253860474,0.820716917514801,0.7434500455856323,492.0,493.0,0.5170180797576904,0.01,0.4871721565723419,0.7438875436782837,0.7433628439903259,0.7437499761581421,0.7432291507720947,1427.0,1428.0,0.5,0.5,0.5,240.0,240.0,8.422947883605957,0.0,0.5,0.5,0.5,0.5,240.0,240.0
3,0.760937511920929,0.844536542892456,0.759985625743866,460.0,463.0,0.4872139096260071,0.01,0.5193764567375183,0.7597671151161194,0.759230375289917,0.7604166865348816,0.7588541507720947,1457.0,1460.0,0.5,0.5,0.5,240.0,240.0,7.588286876678467,0.0,0.5,0.5,0.5,0.5,240.0,240.0
4,0.7895833253860474,0.8685539960861206,0.7894170880317688,401.0,410.0,0.4528878927230835,0.0009999999,0.5776782631874084,0.7899443507194519,0.7874546647071838,0.7911458611488342,0.7864583134651184,1510.0,1519.0,0.5,0.5,0.5,240.0,240.0,5.644132137298584,0.0,0.5,0.5,0.5,0.5,240.0,240.0
5,0.8302083611488342,0.9122025966644287,0.8325160145759583,318.0,327.0,0.3881782591342926,0.0009999999,0.6641701459884644,0.8334837555885315,0.8304821252822876,0.8343750238418579,0.8296874761581421,1593.0,1602.0,0.5,0.5,0.5,240.0,240.0,3.7483246326446533,0.0,0.5,0.5,0.5,0.5,240.0,240.0
