epoch,accuracy,auc,f1_score,fn,fp,loss,lr,mcc,npv,precision,recall,specificity,tn,tp,val_accuracy,val_auc,val_f1_score,val_fn,val_fp,val_loss,val_mcc,val_npv,val_precision,val_recall,val_specificity,val_tn,val_tp
0,0.6229166388511658,0.6446518898010254,0.6078054308891296,960.0,947.0,0.6899948120117188,0.01,0.22061441838741302,0.6108552813529968,0.6032677292823792,0.6000000238418579,0.6130208373069763,1453.0,1440.0,0.5,0.5,0.5,240.0,240.0,358294.3125,0.0,0.5,0.5,0.5,0.5,240.0,240.0
1,0.65625,0.704700767993927,0.6545655131340027,665.0,656.0,0.6341375112533569,0.01,0.3126411437988281,0.6562193632125854,0.656724214553833,0.6536458134651184,0.6583333611488342,1264.0,1255.0,0.5,0.5,0.5,240.0,240.0,342.9173278808594,0.0,0.5,0.5,0.5,0.5,240.0,240.0
2,0.6656249761581421,0.7243719696998596,0.6695020198822021,630.0,643.0,0.6177184581756592,0.01,0.3372843861579895,0.6697903275489807,0.6673564314842224,0.671875,0.6651041507720947,1277.0,1290.0,0.5,0.5570724606513977,0.5,240.0,240.0,1.1309088468551636,0.0,0.5,0.5,0.5,0.5,240.0,240.0
3,0.6854166388511658,0.7546043395996094,0.6861609220504761,599.0,609.0,0.5875804424285889,0.01,0.3711980879306793,0.6866445541381836,0.684455931186676,0.6880208253860474,0.682812511920929,1311.0,1321.0,0.5,0.5785850286483765,0.5,240.0,240.0,1.6519476175308228,0.0,0.5,0.5,0.5,0.5,240.0,240.0
4,0.7171875238418579,0.7888123989105225,0.7172650098800659,549.0,531.0,0.556397557258606,0.0009999999,0.4377182126045227,0.7170748114585876,0.7208201885223389,0.714062511920929,0.723437488079071,1389.0,1371.0,0.5,0.6079579591751099,0.5,240.0,240.0,0.8208721280097961,0.0,0.5,0.5,0.5,0.5,240.0,240.0
5,0.7359374761581421,0.810023844242096,0.7368140816688538,509.0,498.0,0.5323512554168701,0.0009999999,0.47578713297843933,0.7368892431259155,0.739130437374115,0.7348958253860474,0.7406250238418579,1422.0,1411.0,0.5,0.6189779043197632,0.5,240.0,240.0,0.8228237628936768,0.0,0.5,0.5,0.5,0.5,240.0,240.0
