epoch,accuracy,auc,f1_score,fn,fp,loss,lr,mcc,npv,precision,recall,specificity,tn,tp,val_accuracy,val_auc,val_f1_score,val_fn,val_fp,val_loss,val_mcc,val_npv,val_precision,val_recall,val_specificity,val_tn,val_tp
0,0.589062511920929,0.6148756146430969,0.5789060592651367,1001.0,967.0,0.7206421494483948,0.01,0.1688559502363205,0.5840425491333008,0.5912933349609375,0.5829166769981384,0.5927083492279053,1433.0,1399.0,0.5,0.5,0.5,240.0,240.0,1868.7982177734375,0.0,0.5,0.5,0.5,0.5,240.0,240.0
1,0.6036458611488342,0.6344278454780579,0.5993202328681946,764.0,780.0,0.6795105338096619,0.01,0.19629624485969543,0.5989002585411072,0.5971074104309082,0.6020833253860474,0.59375,1140.0,1156.0,0.5,0.4974587559700012,0.5801778435707092,142.0,344.0,4.438311576843262,-0.01191661786288023,0.49444442987442017,0.49560117721557617,0.7041666507720947,0.28333333134651184,136.0,338.0
2,0.6182291507720947,0.6584872603416443,0.6185581088066101,725.0,749.0,0.6561262607574463,0.01,0.2327684760093689,0.6171380877494812,0.6147119402885437,0.6223958134651184,0.6098958253860474,1171.0,1195.0,0.5,0.5100499391555786,0.5,240.0,240.0,2.0378212928771973,0.0,0.5,0.5,0.5,0.5,240.0,240.0
3,0.6328125,0.6694363355636597,0.6322397589683533,701.0,717.0,0.6489732265472412,0.01,0.26184865832328796,0.6317253708839417,0.629648745059967,0.6348958611488342,0.6265624761581421,1203.0,1219.0,0.5,0.5921245813369751,0.5,240.0,240.0,0.717007577419281,0.0,0.5,0.5,0.5,0.5,240.0,240.0
4,0.6312500238418579,0.6788995265960693,0.6298420429229736,718.0,693.0,0.6398347616195679,0.0009999999,0.26544612646102905,0.6312510371208191,0.6343007683753967,0.6260416507720947,0.6390625238418579,1227.0,1202.0,0.5,0.6013628244400024,0.5,240.0,240.0,0.7025967836380005,0.0,0.5,0.5,0.5,0.5,240.0,240.0
5,0.6395833492279053,0.6909061670303345,0.6400173306465149,690.0,692.0,0.6323891878128052,0.0009999999,0.2805103361606598,0.6406453847885132,0.639958381652832,0.640625,0.6395833492279053,1228.0,1230.0,0.5,0.6042100787162781,0.5,240.0,240.0,0.8012186288833618,0.0,0.5,0.5,0.5,0.5,240.0,240.0
