epoch,accuracy,auc,f1_score,fn,fp,loss,lr,mcc,npv,precision,recall,specificity,tn,tp,val_accuracy,val_auc,val_f1_score,val_fn,val_fp,val_loss,val_mcc,val_npv,val_precision,val_recall,val_specificity,val_tn,val_tp
0,0.598437488079071,0.5770310759544373,0.5887620449066162,1030.0,1022.0,0.7134407758712769,0.01,0.18162937462329865,0.5913811326026917,0.5727424621582031,0.5708333253860474,0.5927083492279053,1378.0,1370.0,0.5,0.5,0.0,480.0,0.0,33.56791687011719,0.0,0.5,0.0,0.0,1.0,480.0,0.0
1,0.6416666507720947,0.6858180165290833,0.6340423822402954,702.0,705.0,0.641595184803009,0.01,0.26767879724502563,0.6332170367240906,0.6333853602409363,0.6343749761581421,0.6328125,1215.0,1218.0,0.5,0.5,0.5,240.0,240.0,4.72161865234375,0.0,0.5,0.5,0.5,0.5,240.0,240.0
2,0.6640625,0.7248077988624573,0.6630433201789856,642.0,657.0,0.6110303997993469,0.01,0.32394111156463623,0.6628976464271545,0.6604651212692261,0.6656249761581421,0.6578124761581421,1263.0,1278.0,0.5,0.5,0.5,240.0,240.0,3.9940340518951416,0.0,0.5,0.5,0.5,0.5,240.0,240.0
3,0.7057291865348816,0.7630795240402222,0.6973088383674622,584.0,572.0,0.5819241404533386,0.01,0.3982025682926178,0.6991243958473206,0.7002096176147461,0.6958333253860474,0.7020833492279053,1348.0,1336.0,0.5,0.5968033671379089,0.5,240.0,240.0,1.9539002180099487,0.0,0.5,0.5,0.5,0.5,240.0,240.0
4,0.7109375,0.7904196381568909,0.7144555449485779,547.0,547.0,0.5510993599891663,0.0009999999,0.43063342571258545,0.7164275646209717,0.7151041626930237,0.7151041626930237,0.7151041626930237,1373.0,1373.0,0.5,0.6313563585281372,0.5,240.0,240.0,1.1110259294509888,0.0,0.5,0.5,0.5,0.5,240.0,240.0
5,0.739062488079071,0.8076009750366211,0.7385150194168091,499.0,507.0,0.5359917879104614,0.0009999999,0.47626030445098877,0.7392199635505676,0.7370331883430481,0.7401041388511658,0.7359374761581421,1413.0,1421.0,0.5,0.6329209804534912,0.5,240.0,240.0,1.2788556814193726,0.0,0.5,0.5,0.5,0.5,240.0,240.0
