epoch,accuracy,auc,f1_score,fn,fp,loss,lr,mcc,npv,precision,recall,specificity,tn,tp,val_accuracy,val_auc,val_f1_score,val_fn,val_fp,val_loss,val_mcc,val_npv,val_precision,val_recall,val_specificity,val_tn,val_tp
0,0.5562499761581421,0.5546035766601562,0.5463947057723999,1091.0,1114.0,0.7215816974639893,0.01,0.09094473719596863,0.5469749569892883,0.5402393937110901,0.5454166531562805,0.5395833253860474,1286.0,1309.0,0.5,0.5,0.5,240.0,240.0,28.12705421447754,0.0,0.5,0.5,0.5,0.5,240.0,240.0
1,0.6260416507720947,0.6564855575561523,0.6124862432479858,750.0,731.0,0.6712397933006287,0.01,0.22929072380065918,0.6126958727836609,0.615465521812439,0.609375,0.6192708611488342,1189.0,1170.0,0.5333333611488342,0.5748849511146545,0.09261190891265869,455.0,11.0,1.573588252067566,0.05586877837777138,0.5078927278518677,0.6944444179534912,0.0520833320915699,0.9770833253860474,469.0,25.0
2,0.6692708134651184,0.7156068682670593,0.6669572591781616,637.0,644.0,0.6230374574661255,0.01,0.3329080641269684,0.6671464443206787,0.6658017635345459,0.6682291626930237,0.6645833253860474,1276.0,1283.0,0.4958333373069763,0.5773957967758179,0.5339368581771851,214.0,257.0,1.0920432806015015,0.018052570521831512,0.501075267791748,0.5086042284965515,0.5541666746139526,0.4645833373069763,223.0,266.0
3,0.6734374761581421,0.7223240733146667,0.6703243851661682,634.0,631.0,0.6175448298454285,0.01,0.34121692180633545,0.6702954769134521,0.6708398461341858,0.6697916388511658,0.6713541746139526,1289.0,1286.0,0.5,0.5680425763130188,0.5,240.0,240.0,2.217378854751587,0.0,0.5,0.5,0.5,0.5,240.0,240.0
4,0.6848958134651184,0.7464333772659302,0.6841909289360046,608.0,603.0,0.5996129512786865,0.01,0.36929193139076233,0.6842248439788818,0.6851174831390381,0.6833333373069763,0.6859375238418579,1317.0,1312.0,0.5,0.5,0.5,240.0,240.0,5.535917282104492,0.0,0.5,0.5,0.5,0.5,240.0,240.0
5,0.7244791388511658,0.7936376929283142,0.7257400155067444,525.0,529.0,0.5530325174331665,0.0009999999,0.45107218623161316,0.7261378765106201,0.725051999092102,0.7265625,0.7244791388511658,1391.0,1395.0,0.5,0.5,0.5,240.0,240.0,4.1131134033203125,0.0,0.5,0.5,0.5,0.5,240.0,240.0
6,0.746874988079071,0.823092520236969,0.7475053071975708,484.0,486.0,0.5183772444725037,0.0009999999,0.4948064088821411,0.7477038502693176,0.7471383810043335,0.7479166388511658,0.746874988079071,1434.0,1436.0,0.5,0.5,0.5,240.0,240.0,6.682158946990967,0.0,0.5,0.5,0.5,0.5,240.0,240.0
