epoch,accuracy,auc,f1_score,fn,fp,loss,lr,mcc,npv,precision,recall,specificity,tn,tp,val_accuracy,val_auc,val_f1_score,val_fn,val_fp,val_loss,val_mcc,val_npv,val_precision,val_recall,val_specificity,val_tn,val_tp
0,0.5223958492279053,0.5144680142402649,0.5097134113311768,1170.0,1195.0,0.7356066107749939,0.01,0.016229622066020966,0.5089461207389832,0.5072165131568909,0.512499988079071,0.5015624761581421,1205.0,1230.0,0.5,0.4810763895511627,0.5,240.0,240.0,7.3330488204956055,0.0,0.5,0.5,0.5,0.5,240.0,240.0
1,0.5375000238418579,0.5417364835739136,0.5188533663749695,938.0,875.0,0.7127076387405396,0.01,0.05605604872107506,0.5268375873565674,0.5288099050521851,0.5114583373069763,0.5442708134651184,1045.0,982.0,0.5,0.5250282287597656,0.5,240.0,240.0,2.3180747032165527,0.0,0.5,0.5,0.5,0.5,240.0,240.0
2,0.6229166388511658,0.6610618829727173,0.6173408031463623,737.0,727.0,0.6553550958633423,0.01,0.23767513036727905,0.6187772750854492,0.6193717122077942,0.6161458492279053,0.6213541626930237,1193.0,1183.0,0.5,0.5903385877609253,0.5149138569831848,232.0,240.0,1.7629094123840332,0.016091283410787582,0.5022222399711609,0.5081967115402222,0.5166666507720947,0.5,240.0,248.0
3,0.6432291865348816,0.6831874251365662,0.6368771195411682,699.0,691.0,0.6407765746116638,0.01,0.27612629532814026,0.6381551623344421,0.6385983228683472,0.635937511920929,0.6401041746139526,1229.0,1221.0,0.5,0.5,0.5,240.0,240.0,5.060050964355469,0.0,0.5,0.5,0.5,0.5,240.0,240.0
4,0.6812499761581421,0.7285792827606201,0.680669903755188,612.0,615.0,0.6144452691078186,0.0009999999,0.3609524965286255,0.6808503270149231,0.6801872253417969,0.6812499761581421,0.6796875,1305.0,1308.0,0.5,0.6133636832237244,0.5,240.0,240.0,1.7451473474502563,0.0,0.5,0.5,0.5,0.5,240.0,240.0
5,0.6755208373069763,0.7395715713500977,0.6748706102371216,625.0,623.0,0.5993034243583679,0.0009999999,0.3500198423862457,0.6747428178787231,0.6751824617385864,0.6744791865348816,0.6755208373069763,1297.0,1295.0,0.5,0.6269943714141846,0.5,240.0,240.0,1.5123268365859985,0.0,0.5,0.5,0.5,0.5,240.0,240.0
