epoch,accuracy,auc,f1_score,fn,fp,loss,lr,mcc,npv,precision,recall,specificity,tn,tp,val_accuracy,val_auc,val_f1_score,val_fn,val_fp,val_loss,val_mcc,val_npv,val_precision,val_recall,val_specificity,val_tn,val_tp
0,0.5630208253860474,0.5639724135398865,0.5459862947463989,1091.0,1109.0,0.7218038439750671,0.01,0.08764617890119553,0.542126476764679,0.5413565039634705,0.5454166531562805,0.5390625,1291.0,1309.0,0.5,0.5,0.5,240.0,240.0,26.70393943786621,0.0,0.5,0.5,0.5,0.5,240.0,240.0
1,0.6010416746139526,0.6419423818588257,0.5930487513542175,785.0,768.0,0.6683958768844604,0.01,0.1914769858121872,0.5955192446708679,0.5964266657829285,0.5911458134651184,0.6000000238418579,1152.0,1135.0,0.5479166507720947,0.5699760913848877,0.0,480.0,0.0,2.3475594520568848,0.0,0.5,0.0,0.0,1.0,480.0,0.0
2,0.620312511920929,0.6642047166824341,0.6152878999710083,734.0,747.0,0.6573531031608582,0.01,0.2288392186164856,0.6154258251190186,0.613554060459137,0.6177083253860474,0.6109374761581421,1173.0,1186.0,0.543749988079071,0.5726887583732605,0.0,480.0,0.0,1.896774411201477,0.0,0.5,0.0,0.0,1.0,480.0,0.0
3,0.6499999761581421,0.6939284205436707,0.6450022459030151,685.0,674.0,0.6434888243675232,0.01,0.2924133539199829,0.6453613638877869,0.6469355821609497,0.6432291865348816,0.6489583253860474,1246.0,1235.0,0.5083333253860474,0.5402191877365112,0.6666666269302368,0.0,480.0,2.866971254348755,0.0,0.0,0.5,1.0,0.0,0.0,480.0
4,0.675000011920929,0.7155752778053284,0.6725805997848511,627.0,630.0,0.6318139433860779,0.01,0.3455777168273926,0.6735700368881226,0.672386884689331,0.6734374761581421,0.671875,1290.0,1293.0,0.5,0.5398850440979004,0.5,240.0,240.0,2.300436496734619,0.0,0.5,0.5,0.5,0.5,240.0,240.0
5,0.6588541865348816,0.7061657905578613,0.6597902774810791,641.0,677.0,0.6325000524520874,0.0009999999,0.3138650953769684,0.6601388454437256,0.6538854837417603,0.6661458611488342,0.6473958492279053,1243.0,1279.0,0.5,0.5100477337837219,0.5,240.0,240.0,3.0615036487579346,0.0,0.5,0.5,0.5,0.5,240.0,240.0
6,0.698437511920929,0.7633009552955627,0.700087308883667,571.0,585.0,0.5820251107215881,0.0009999999,0.39797165989875793,0.7003498673439026,0.6975181102752686,0.7026041746139526,0.6953125,1335.0,1349.0,0.5,0.5015624761581421,0.5,240.0,240.0,3.7915923595428467,0.0,0.5,0.5,0.5,0.5,240.0,240.0
