epoch,accuracy,auc,f1_score,fn,fp,loss,lr,mcc,npv,precision,recall,specificity,tn,tp,val_accuracy,val_auc,val_f1_score,val_fn,val_fp,val_loss,val_mcc,val_npv,val_precision,val_recall,val_specificity,val_tn,val_tp
0,0.551562488079071,0.5400658845901489,0.5449495911598206,1110.0,1114.0,0.7178083658218384,0.01,0.09204090386629105,0.5466722846031189,0.5366056561470032,0.5375000238418579,0.5447916388511658,1286.0,1290.0,0.5,0.5,0.5,240.0,240.0,9.796408653259277,0.0,0.5,0.5,0.5,0.5,240.0,240.0
1,0.59375,0.6205162405967712,0.5853304266929626,793.0,801.0,0.6779181957244873,0.01,0.17015166580677032,0.5855076313018799,0.5845435857772827,0.5869791507720947,0.582812488079071,1119.0,1127.0,0.518750011920929,0.6210525035858154,0.4730466604232788,265.0,185.0,0.7951847910881042,0.05718397721648216,0.5463108420372009,0.5375000238418579,0.4479166567325592,0.6145833134651184,295.0,215.0
2,0.6494791507720947,0.6909809112548828,0.6452122330665588,683.0,677.0,0.6412051320075989,0.01,0.2915523648262024,0.6451449990272522,0.6462904810905457,0.6442708373069763,0.6471773982048035,1243.0,1237.0,0.5,0.5135676860809326,0.5,240.0,240.0,3.1079931259155273,0.0,0.5,0.5,0.5,0.5,240.0,240.0
3,0.682812511920929,0.7276802659034729,0.6826454997062683,609.0,610.0,0.6153619885444641,0.01,0.36516043543815613,0.6826326847076416,0.6824570298194885,0.682812511920929,0.6822916865348816,1310.0,1311.0,0.5083333253860474,0.6368554830551147,0.5062500238418579,237.0,234.0,1.1986809968948364,0.01859600469470024,0.5121917724609375,0.5094339847564697,0.5062500238418579,0.512499988079071,246.0,243.0
4,0.682812511920929,0.7492399215698242,0.6820461750030518,609.0,613.0,0.5891392827033997,0.01,0.36356815695762634,0.682270348072052,0.6813929080963135,0.682812511920929,0.6807291507720947,1307.0,1311.0,0.5,0.5,0.5,240.0,240.0,10.004813194274902,0.0,0.5,0.5,0.5,0.5,240.0,240.0
5,0.7067708373069763,0.7787850499153137,0.7065544128417969,562.0,566.0,0.5655866265296936,0.0009999999,0.41251322627067566,0.7066868543624878,0.7058212161064148,0.7072916626930237,0.7052083611488342,1354.0,1358.0,0.5,0.5,0.5,240.0,240.0,5.684702396392822,0.0,0.5,0.5,0.5,0.5,240.0,240.0
6,0.7395833134651184,0.8214735388755798,0.740132749080658,498.0,501.0,0.5193268656730652,0.0009999999,0.4796953797340393,0.7400391697883606,0.739469587802887,0.7406250238418579,0.739062488079071,1419.0,1422.0,0.5,0.512499988079071,0.5,240.0,240.0,3.638476610183716,0.0,0.5,0.5,0.5,0.5,240.0,240.0
