epoch,accuracy,auc,f1_score,fn,fp,loss,lr,mcc,npv,precision,recall,specificity,tn,tp,val_accuracy,val_auc,val_f1_score,val_fn,val_fp,val_loss,val_mcc,val_npv,val_precision,val_recall,val_specificity,val_tn,val_tp
0,0.515625,0.5088760256767273,0.5046334266662598,1191.0,1179.0,0.7407687902450562,0.01,0.01579989865422249,0.508108913898468,0.5062814354896545,0.5037500262260437,0.510937511920929,1221.0,1209.0,0.5,0.5,0.5,240.0,240.0,24.85901641845703,0.0,0.5,0.5,0.5,0.5,240.0,240.0
1,0.5989583134651184,0.6354283094406128,0.5934128165245056,779.0,786.0,0.6773219704627991,0.01,0.18526268005371094,0.5914313197135925,0.5921120643615723,0.5942708253860474,0.590624988079071,1134.0,1141.0,0.5,0.5,0.5,240.0,240.0,7.655539035797119,0.0,0.5,0.5,0.5,0.5,240.0,240.0
2,0.6380208134651184,0.669963002204895,0.6284710764884949,717.0,704.0,0.6506930589675903,0.01,0.26012128591537476,0.6294339895248413,0.6308337450027466,0.6265624761581421,0.6333333253860474,1216.0,1203.0,0.5,0.5622222423553467,0.5,240.0,240.0,2.0067543983459473,0.0,0.5,0.5,0.5,0.5,240.0,240.0
3,0.6682291626930237,0.7106375098228455,0.6661233901977539,638.0,647.0,0.6285242438316345,0.01,0.3308083415031433,0.6661864519119263,0.6645930409431458,0.6677083373069763,0.6630208492279053,1273.0,1282.0,0.5,0.5283876061439514,0.5,240.0,240.0,2.883479356765747,0.0,0.5,0.5,0.5,0.5,240.0,240.0
4,0.7088541388511658,0.7521860599517822,0.7086759805679321,559.0,560.0,0.6016512513160706,0.0009999999,0.41719895601272583,0.7086948156356812,0.7084851861000061,0.7088541388511658,0.7083333134651184,1360.0,1361.0,0.5,0.6124869585037231,0.5,240.0,240.0,2.4108188152313232,0.0,0.5,0.5,0.5,0.5,240.0,240.0
5,0.7124999761581421,0.7724483609199524,0.7115779519081116,553.0,555.0,0.5747837424278259,0.0009999999,0.42293909192085266,0.7117418646812439,0.7112382650375366,0.7119791507720947,0.7109375,1365.0,1367.0,0.5,0.5,0.5,240.0,240.0,4.663046360015869,0.0,0.5,0.5,0.5,0.5,240.0,240.0
