epoch,accuracy,auc,f1_score,fn,fp,loss,lr,mcc,npv,precision,recall,specificity,tn,tp,val_accuracy,val_auc,val_f1_score,val_fn,val_fp,val_loss,val_mcc,val_npv,val_precision,val_recall,val_specificity,val_tn,val_tp
0,0.5166666507720947,0.516028642654419,0.5027881264686584,1191.0,1194.0,0.7425538897514343,0.01,0.007901514880359173,0.5033178925514221,0.5031210780143738,0.5037500262260437,0.503125011920929,1206.0,1209.0,0.5,0.5024695992469788,0.5457077026367188,200.0,268.0,0.7265557646751404,0.021794883534312248,0.5040000081062317,0.510948896408081,0.5833333134651184,0.4416666626930237,212.0,280.0
1,0.48489582538604736,0.5028795599937439,0.5004642009735107,952.0,965.0,0.7169612646102905,0.01,0.001687217503786087,0.5016620755195618,0.5007759928703308,0.5041666626930237,0.4973958432674408,955.0,968.0,0.5,0.49015408754348755,0.5,240.0,240.0,1.0807005167007446,0.0,0.5,0.5,0.5,0.5,240.0,240.0
2,0.5338541865348816,0.5448824167251587,0.5315989255905151,879.0,950.0,0.6991927623748779,0.01,0.047335028648376465,0.5233681201934814,0.5228528380393982,0.542187511920929,0.5052083134651184,970.0,1041.0,0.4895833432674408,0.4888280928134918,0.04216732457280159,469.0,12.0,0.715232253074646,-0.0014182447921484709,0.4993380606174469,0.47826087474823,0.02291666716337204,0.9750000238418579,468.0,11.0
3,0.5536458492279053,0.579323410987854,0.5467656254768372,870.0,870.0,0.6874008774757385,0.01,0.0938786119222641,0.546235203742981,0.546875,0.546875,0.546875,1050.0,1050.0,0.5,0.5331922769546509,0.5,240.0,240.0,0.7487008571624756,0.0,0.5,0.5,0.5,0.5,240.0,240.0
4,0.5880208611488342,0.6354646682739258,0.5882141590118408,785.0,804.0,0.6629346609115601,0.0009999999,0.17250221967697144,0.5869492292404175,0.5853532552719116,0.5911458134651184,0.581250011920929,1116.0,1135.0,0.5,0.5643054842948914,0.5,240.0,240.0,0.8998441696166992,0.0,0.5,0.5,0.5,0.5,240.0,240.0
5,0.6171875,0.6670063138008118,0.6178242564201355,730.0,742.0,0.6475845575332642,0.0009999999,0.2333725243806839,0.6174558997154236,0.6159420013427734,0.6197916865348816,0.6135416626930237,1178.0,1190.0,0.5,0.5919639468193054,0.5,240.0,240.0,0.8333288431167603,0.0,0.5,0.5,0.5,0.5,240.0,240.0
