epoch,accuracy,auc,f1_score,fn,fp,loss,lr,mcc,npv,precision,recall,specificity,tn,tp,val_accuracy,val_auc,val_f1_score,val_fn,val_fp,val_loss,val_mcc,val_npv,val_precision,val_recall,val_specificity,val_tn,val_tp
0,0.5380208492279053,0.5257402062416077,0.5195050239562988,1169.0,1135.0,0.7345635294914246,0.01,0.05006347596645355,0.5250114798545837,0.5202873945236206,0.5129166841506958,0.5338541865348816,1265.0,1231.0,0.5,0.5,0.5,240.0,240.0,12.792805671691895,0.0,0.5,0.5,0.5,0.5,240.0,240.0
1,0.6145833134651184,0.6446306705474854,0.6053527593612671,750.0,774.0,0.6729212403297424,0.01,0.20669201016426086,0.6043951511383057,0.6018518805503845,0.609375,0.596875011920929,1146.0,1170.0,0.643750011920929,0.6760134100914001,0.6758545637130737,28.0,406.0,0.7289131879806519,0.15060564875602722,0.7152332663536072,0.5268065333366394,0.9416666626930237,0.15416666865348816,74.0,452.0
2,0.645312488079071,0.6975598335266113,0.6487413644790649,669.0,684.0,0.636193037033081,0.01,0.29575905203819275,0.6495597958564758,0.6465116143226624,0.651562511920929,0.643750011920929,1236.0,1251.0,0.5,0.5829383134841919,0.5,240.0,240.0,2.449437379837036,0.0,0.5,0.5,0.5,0.5,240.0,240.0
3,0.6479166746139526,0.7002331018447876,0.6481752395629883,670.0,688.0,0.6322535872459412,0.01,0.292814701795578,0.6473302841186523,0.644994854927063,0.6510416865348816,0.6416666507720947,1232.0,1250.0,0.5,0.5906141400337219,0.5,240.0,240.0,2.1650023460388184,0.0,0.5,0.5,0.5,0.5,240.0,240.0
4,0.682812511920929,0.7471680045127869,0.6823028326034546,610.0,610.0,0.5929205417633057,0.01,0.36461180448532104,0.6822713613510132,0.6822916865348816,0.6822916865348816,0.6822916865348816,1310.0,1310.0,0.5,0.5965277552604675,0.5,240.0,240.0,2.293583631515503,0.0,0.5,0.5,0.5,0.5,240.0,240.0
5,0.7265625,0.8037626147270203,0.7270816564559937,527.0,519.0,0.5399666428565979,0.0009999999,0.45525163412094116,0.7265875935554504,0.7285565137863159,0.7255208492279053,0.729687511920929,1401.0,1393.0,0.5,0.5036458373069763,0.5,240.0,240.0,3.69343900680542,0.0,0.5,0.5,0.5,0.5,240.0,240.0
6,0.754687488079071,0.8210474848747253,0.7539879679679871,474.0,470.0,0.5168450474739075,0.0009999999,0.5083674192428589,0.7535001039505005,0.7546972632408142,0.753125011920929,0.7552083134651184,1450.0,1446.0,0.5,0.5,0.5,240.0,240.0,6.952183723449707,0.0,0.5,0.5,0.5,0.5,240.0,240.0
