epoch,accuracy,auc,f1_score,fn,fp,loss,lr,mcc,npv,precision,recall,specificity,tn,tp,val_accuracy,val_auc,val_f1_score,val_fn,val_fp,val_loss,val_mcc,val_npv,val_precision,val_recall,val_specificity,val_tn,val_tp
0,0.5244791507720947,0.516150712966919,0.512520432472229,1175.0,1168.0,0.7567179203033447,0.01,0.029782462865114212,0.5142738819122314,0.5119097232818604,0.5104166865348816,0.5166666507720947,1232.0,1225.0,0.5,0.4789561629295349,0.0,480.0,0.0,1.2187535762786865,0.0,0.5,0.0,0.0,1.0,480.0,0.0
1,0.5848958492279053,0.5936525464057922,0.5640591382980347,838.0,821.0,0.6956482529640198,0.01,0.1362883597612381,0.5698471665382385,0.568575918674469,0.5635416507720947,0.5723958611488342,1099.0,1082.0,0.5,0.5,0.5,240.0,240.0,6.778562068939209,0.0,0.5,0.5,0.5,0.5,240.0,240.0
2,0.6390625238418579,0.6742769479751587,0.6211483478546143,736.0,707.0,0.6537065505981445,0.01,0.24879761040210724,0.6224152445793152,0.6261237263679504,0.6166666746139526,0.6317708492279053,1213.0,1184.0,0.5,0.5,0.5,240.0,240.0,12.854397773742676,0.0,0.5,0.5,0.5,0.5,240.0,240.0
3,0.6734374761581421,0.7158260941505432,0.6699830293655396,631.0,637.0,0.630749523639679,0.01,0.33969956636428833,0.6709842085838318,0.669262707233429,0.6713541746139526,0.6682291626930237,1283.0,1289.0,0.5,0.5333549976348877,0.5,240.0,240.0,3.0489532947540283,0.0,0.5,0.5,0.5,0.5,240.0,240.0
4,0.6713541746139526,0.7357603311538696,0.6649810075759888,646.0,638.0,0.6026199460029602,0.0009999999,0.331328421831131,0.6648228764533997,0.6663179993629456,0.6635416746139526,0.6677083373069763,1282.0,1274.0,0.5,0.5436892509460449,0.5,240.0,240.0,2.6240015029907227,0.0,0.5,0.5,0.5,0.5,240.0,240.0
5,0.698437511920929,0.7592122554779053,0.6991778016090393,578.0,577.0,0.5823110342025757,0.0009999999,0.39846116304397583,0.6990387439727783,0.6993225812911987,0.6989583373069763,0.6994791626930237,1343.0,1342.0,0.5,0.5,0.5,240.0,240.0,3.9711949825286865,0.0,0.5,0.5,0.5,0.5,240.0,240.0
