epoch,accuracy,auc,f1_score,fn,fp,loss,lr,mcc,npv,precision,recall,specificity,tn,tp,val_accuracy,val_auc,val_f1_score,val_fn,val_fp,val_loss,val_mcc,val_npv,val_precision,val_recall,val_specificity,val_tn,val_tp
0,0.5083333253860474,0.5093263983726501,0.5136409997940063,1160.0,1201.0,0.7381975054740906,0.01,0.020513126626610756,0.5115140080451965,0.5079885125160217,0.5166666507720947,0.49947917461395264,1199.0,1240.0,0.5,0.5123502612113953,0.5,240.0,240.0,4.915492057800293,0.0,0.5,0.5,0.5,0.5,240.0,240.0
1,0.5598958134651184,0.5763787031173706,0.5543874502182007,854.0,854.0,0.6955679655075073,0.01,0.11079340428113937,0.5557228326797485,0.5552083253860474,0.5552083253860474,0.5552083253860474,1066.0,1066.0,0.5,0.5,0.5,240.0,240.0,3.903167247772217,0.0,0.5,0.5,0.5,0.5,240.0,240.0
2,0.6343749761581421,0.669293224811554,0.6303098201751709,713.0,702.0,0.6582616567611694,0.01,0.26332762837409973,0.6309959888458252,0.6322681903839111,0.6286458373069763,0.6343749761581421,1218.0,1207.0,0.5,0.5133160352706909,0.5,240.0,240.0,3.891589879989624,0.0,0.5,0.5,0.5,0.5,240.0,240.0
3,0.651562511920929,0.6919621825218201,0.6454872488975525,683.0,676.0,0.6407188773155212,0.01,0.29232057929039,0.6453992128372192,0.6466283202171326,0.6442708373069763,0.6479166746139526,1244.0,1237.0,0.5,0.5,0.5,240.0,240.0,5.853679180145264,0.0,0.5,0.5,0.5,0.5,240.0,240.0
4,0.6630208492279053,0.7074652910232544,0.6642732620239258,643.0,648.0,0.6290892362594604,0.0009999999,0.32762476801872253,0.6641567349433899,0.6633766293525696,0.6651041507720947,0.6625000238418579,1272.0,1277.0,0.5,0.5,0.5,240.0,240.0,4.915408611297607,0.0,0.5,0.5,0.5,0.5,240.0,240.0
5,0.7020833492279053,0.7599427700042725,0.7017132043838501,571.0,575.0,0.5859804153442383,0.0009999999,0.4031580686569214,0.7023124098777771,0.7011434435844421,0.7026041746139526,0.7005208134651184,1345.0,1349.0,0.5,0.5,0.5,240.0,240.0,4.524031162261963,0.0,0.5,0.5,0.5,0.5,240.0,240.0
