epoch,accuracy,auc,f1_score,fn,fp,loss,lr,mcc,npv,precision,recall,specificity,tn,tp,val_accuracy,val_auc,val_f1_score,val_fn,val_fp,val_loss,val_mcc,val_npv,val_precision,val_recall,val_specificity,val_tn,val_tp
0,0.5182291865348816,0.5299802422523499,0.5332998037338257,1129.0,1145.0,0.7377744913101196,0.01,0.06588355451822281,0.5333536863327026,0.5260761380195618,0.5295833349227905,0.5286458134651184,1255.0,1271.0,0.5,0.5174956321716309,0.5,240.0,240.0,3.741590976715088,0.0,0.5,0.5,0.5,0.5,240.0,240.0
1,0.6166666746139526,0.6576070189476013,0.6126725673675537,742.0,748.0,0.6612164378166199,0.01,0.2243373990058899,0.6110880374908447,0.6116303205490112,0.6135416626930237,0.6104166507720947,1172.0,1178.0,0.5,0.5,0.5,240.0,240.0,5.622836112976074,0.0,0.5,0.5,0.5,0.5,240.0,240.0
2,0.6656249761581421,0.7063607573509216,0.6640892624855042,640.0,656.0,0.6362138986587524,0.01,0.32513394951820374,0.663435697555542,0.6611570119857788,0.6666666865348816,0.6583333611488342,1264.0,1280.0,0.5,0.5104166865348816,0.5,240.0,240.0,3.45861554145813,0.0,0.5,0.5,0.5,0.5,240.0,240.0
3,0.6812499761581421,0.7417132258415222,0.6808081269264221,610.0,618.0,0.603710412979126,0.01,0.3605181872844696,0.6810956597328186,0.6794605851173401,0.6822916865348816,0.6781250238418579,1302.0,1310.0,0.5,0.5,0.5,240.0,240.0,6.536077976226807,0.0,0.5,0.5,0.5,0.5,240.0,240.0
4,0.6588541865348816,0.7101179361343384,0.6566891074180603,662.0,652.0,0.6293624043464661,0.0009999999,0.3156580924987793,0.6574379205703735,0.6586387157440186,0.6552083492279053,0.6604166626930237,1268.0,1258.0,0.5,0.5227669477462769,0.5,240.0,240.0,2.990992546081543,0.0,0.5,0.5,0.5,0.5,240.0,240.0
5,0.7083333134651184,0.7789497375488281,0.7057968974113464,569.0,556.0,0.5686731338500977,0.0009999999,0.4140993654727936,0.7060986161231995,0.7084425687789917,0.7036458253860474,0.7104166746139526,1364.0,1351.0,0.5,0.5556771159172058,0.5,240.0,240.0,2.806941270828247,0.0,0.5,0.5,0.5,0.5,240.0,240.0
