epoch,accuracy,auc,f1_score,fn,fp,loss,lr,mcc,npv,precision,recall,specificity,tn,tp,val_accuracy,val_auc,val_f1_score,val_fn,val_fp,val_loss,val_mcc,val_npv,val_precision,val_recall,val_specificity,val_tn,val_tp
0,0.5442708134651184,0.5591106414794922,0.5362434387207031,1107.0,1146.0,0.7217327952384949,0.01,0.06520160287618637,0.53211909532547,0.5301352739334106,0.5387499928474426,0.5234375,1254.0,1293.0,0.5,0.5177712440490723,0.28582820296287537,384.0,82.0,6.214632987976074,0.030011864379048347,0.5073410272598267,0.5393258333206177,0.20000000298023224,0.8291666507720947,398.0,96.0
1,0.6067708134651184,0.644800066947937,0.6011015772819519,766.0,763.0,0.6640322804450989,0.01,0.2040669173002243,0.6021557450294495,0.6019822359085083,0.6010416746139526,0.6026041507720947,1157.0,1154.0,0.5020833611488342,0.5533311367034912,0.4957330822944641,244.0,224.0,1.1830220222473145,0.022948507219552994,0.5208560228347778,0.5130434632301331,0.49166667461395264,0.5333333611488342,256.0,236.0
2,0.651562511920929,0.7062450647354126,0.6496297717094421,676.0,665.0,0.6328019499778748,0.01,0.3017213046550751,0.650164008140564,0.651650071144104,0.6479166746139526,0.6536458134651184,1255.0,1244.0,0.5,0.5660568475723267,0.5,240.0,240.0,1.9476507902145386,0.0,0.5,0.5,0.5,0.5,240.0,240.0
3,0.6916666626930237,0.7500872015953064,0.6929585337638855,587.0,594.0,0.5977992415428162,0.01,0.3849760591983795,0.6932874917984009,0.691748857498169,0.6942708492279053,0.690625011920929,1326.0,1333.0,0.5,0.5812348127365112,0.5,240.0,240.0,2.0185279846191406,0.0,0.5,0.5,0.5,0.5,240.0,240.0
4,0.6875,0.7681886553764343,0.6879695653915405,598.0,601.0,0.57764732837677,0.01,0.37553533911705017,0.6881252527236938,0.6874675154685974,0.6885416507720947,0.6869791746139526,1319.0,1322.0,0.5,0.5005208253860474,0.5,240.0,240.0,3.533895254135132,0.0,0.5,0.5,0.5,0.5,240.0,240.0
5,0.7286458611488342,0.8085541725158691,0.7288787364959717,520.0,522.0,0.536875307559967,0.0009999999,0.4573110044002533,0.7286980748176575,0.7284079194068909,0.7291666865348816,0.7281249761581421,1398.0,1400.0,0.5,0.5,0.5,240.0,240.0,6.205339431762695,0.0,0.5,0.5,0.5,0.5,240.0,240.0
6,0.7473958134651184,0.8256759643554688,0.7463410496711731,487.0,487.0,0.5123417377471924,0.0009999999,0.4927210509777069,0.7463832497596741,0.7463541626930237,0.7463541626930237,0.7463541626930237,1433.0,1433.0,0.5,0.5,0.5,240.0,240.0,6.246027946472168,0.0,0.5,0.5,0.5,0.5,240.0,240.0
