epoch,accuracy,auc,f1_score,fn,fp,loss,lr,mcc,npv,precision,recall,specificity,tn,tp,val_accuracy,val_auc,val_f1_score,val_fn,val_fp,val_loss,val_mcc,val_npv,val_precision,val_recall,val_specificity,val_tn,val_tp
0,0.567187488079071,0.6433169841766357,0.5659748911857605,972.0,966.0,0.699101448059082,0.01,0.13566119968891144,0.5691935420036316,0.5964912176132202,0.5950000286102295,0.5687500238418579,1434.0,1428.0,0.5,0.5,0.5,240.0,240.0,848.2984619140625,0.0,0.5,0.5,0.5,0.5,240.0,240.0
1,0.6177083253860474,0.6541739106178284,0.6145477294921875,743.0,732.0,0.653283417224884,0.01,0.2319527119398117,0.6154404282569885,0.6165531873703003,0.6130208373069763,0.6187499761581421,1188.0,1177.0,0.5,0.5114583373069763,0.5,240.0,240.0,2.8632616996765137,0.0,0.5,0.5,0.5,0.5,240.0,240.0
2,0.6270833611488342,0.6724395751953125,0.6263949275016785,711.0,733.0,0.6404691338539124,0.01,0.2481275349855423,0.6246941089630127,0.6225540637969971,0.629687488079071,0.6182291507720947,1187.0,1209.0,0.5,0.5479166507720947,0.5,240.0,240.0,2.399414300918579,0.0,0.5,0.5,0.5,0.5,240.0,240.0
3,0.6276041865348816,0.6794987320899963,0.6248930096626282,724.0,711.0,0.6366305947303772,0.01,0.2528999149799347,0.6256416440010071,0.6271631121635437,0.6229166388511658,0.629687488079071,1209.0,1196.0,0.5,0.5433398485183716,0.5,240.0,240.0,2.980799913406372,0.0,0.5,0.5,0.5,0.5,240.0,240.0
4,0.6401041746139526,0.7008224725723267,0.640632688999176,691.0,687.0,0.6221605539321899,0.0009999999,0.28242263197898865,0.6411121487617493,0.6414405107498169,0.6401041746139526,0.6421874761581421,1233.0,1229.0,0.5,0.604943573474884,0.06781280785799026,460.0,0.0,0.8602420687675476,0.0737263485789299,0.511893630027771,1.0,0.0416666679084301,1.0,480.0,20.0
5,0.6567708253860474,0.7098293900489807,0.6535648703575134,664.0,667.0,0.614184558391571,0.0009999999,0.3069281578063965,0.6538134813308716,0.6531461477279663,0.6541666388511658,0.6526041626930237,1253.0,1256.0,0.5,0.6081879734992981,0.49294933676719666,247.0,230.0,0.805689811706543,0.0061286212876439095,0.5049316883087158,0.5032397508621216,0.4854166805744171,0.5208333134651184,250.0,233.0
