epoch,accuracy,auc,f1_score,fn,fp,loss,lr,mcc,npv,precision,recall,specificity,tn,tp,val_accuracy,val_auc,val_f1_score,val_fn,val_fp,val_loss,val_mcc,val_npv,val_precision,val_recall,val_specificity,val_tn,val_tp
0,0.5947916507720947,0.5833803415298462,0.5836495757102966,1045.0,1024.0,0.684299886226654,0.01,0.17274883389472961,0.5853397846221924,0.5695670247077942,0.5645833611488342,0.5916666388511658,1376.0,1355.0,0.5,0.5,0.0,480.0,0.0,51.84032440185547,0.0,0.5,0.0,0.0,1.0,480.0,0.0
1,0.6177083253860474,0.6665648221969604,0.6178881525993347,730.0,741.0,0.6412287950515747,0.01,0.2340659201145172,0.6175666451454163,0.6162610054016113,0.6197916865348816,0.614062488079071,1179.0,1190.0,0.5,0.5135894417762756,0.0,480.0,0.0,1.6733049154281616,0.0,0.5,0.0,0.0,1.0,480.0,0.0
2,0.6307291388511658,0.6770321726799011,0.629586398601532,715.0,702.0,0.6334064602851868,0.01,0.2621610462665558,0.6303277611732483,0.6318825483322144,0.6276041865348816,0.6343749761581421,1218.0,1205.0,0.5,0.5600324869155884,0.5,240.0,240.0,1.408638834953308,0.0,0.5,0.5,0.5,0.5,240.0,240.0
3,0.6432291865348816,0.6911033391952515,0.642738401889801,687.0,684.0,0.6274439096450806,0.01,0.28603094816207886,0.6425814032554626,0.6431924700737,0.6421874761581421,0.643750011920929,1236.0,1233.0,0.5,0.5930707454681396,0.5,240.0,240.0,1.5867570638656616,0.0,0.5,0.5,0.5,0.5,240.0,240.0
4,0.659375011920929,0.7166589498519897,0.6580106616020203,659.0,650.0,0.6105369329452515,0.0009999999,0.3183012306690216,0.6589494347572327,0.6598639488220215,0.6567708253860474,0.6614583134651184,1270.0,1261.0,0.5,0.598825991153717,0.5,240.0,240.0,1.291406273841858,0.0,0.5,0.5,0.5,0.5,240.0,240.0
5,0.6614583134651184,0.7251006960868835,0.6603367924690247,653.0,651.0,0.602389395236969,0.0009999999,0.32097139954566956,0.6600325107574463,0.6605839133262634,0.6598958373069763,0.660937488079071,1269.0,1267.0,0.5,0.5999109745025635,0.5,240.0,240.0,0.9554176330566406,0.0,0.5,0.5,0.5,0.5,240.0,240.0
