epoch,accuracy,auc,f1_score,fn,fp,loss,lr,mcc,npv,precision,recall,specificity,tn,tp,val_accuracy,val_auc,val_f1_score,val_fn,val_fp,val_loss,val_mcc,val_npv,val_precision,val_recall,val_specificity,val_tn,val_tp
0,0.5802083611488342,0.5670190453529358,0.5703680515289307,1060.0,1064.0,0.7073805928230286,0.01,0.1440928727388382,0.5743612051010132,0.5574043393135071,0.5583333373069763,0.5708333253860474,1336.0,1340.0,0.5,0.5,0.5,240.0,240.0,8168.89501953125,0.0,0.5,0.5,0.5,0.5,240.0,240.0
1,0.6010416746139526,0.645904004573822,0.5974529385566711,778.0,759.0,0.6582691669464111,0.01,0.1996632218360901,0.5991798639297485,0.6007364392280579,0.5947916507720947,0.604687511920929,1161.0,1142.0,0.5,0.5,0.5,240.0,240.0,24.161182403564453,0.0,0.5,0.5,0.5,0.5,240.0,240.0
2,0.6145833134651184,0.6557192802429199,0.612686276435852,737.0,756.0,0.6528415679931641,0.01,0.22283579409122467,0.6128342747688293,0.6101083159446716,0.6161458492279053,0.606249988079071,1164.0,1183.0,0.5,0.5,0.5,240.0,240.0,4.969483375549316,0.0,0.5,0.5,0.5,0.5,240.0,240.0
3,0.6171875,0.6604540348052979,0.6158902049064636,740.0,731.0,0.6484941840171814,0.01,0.2341323345899582,0.6164630055427551,0.6174777746200562,0.6145833134651184,0.6192708611488342,1189.0,1180.0,0.5,0.5832595825195312,0.5,240.0,240.0,0.9753652215003967,0.0,0.5,0.5,0.5,0.5,240.0,240.0
4,0.621874988079071,0.6751528382301331,0.6264247894287109,718.0,716.0,0.6371659636497498,0.0009999999,0.25331994891166687,0.6261815428733826,0.6266945004463196,0.6260416507720947,0.6270833611488342,1204.0,1202.0,0.5,0.5927842855453491,0.5,240.0,240.0,1.0229473114013672,0.0,0.5,0.5,0.5,0.5,240.0,240.0
5,0.629687488079071,0.6835244297981262,0.6295487880706787,709.0,716.0,0.6311720013618469,0.0009999999,0.25796568393707275,0.6293122172355652,0.6284379959106445,0.6307291388511658,0.6270833611488342,1204.0,1211.0,0.5,0.5966883301734924,0.5,240.0,240.0,0.7423641681671143,0.0,0.5,0.5,0.5,0.5,240.0,240.0
