epoch,accuracy,auc,f1_score,fn,fp,loss,lr,mcc,npv,precision,recall,specificity,tn,tp,val_accuracy,val_auc,val_f1_score,val_fn,val_fp,val_loss,val_mcc,val_npv,val_precision,val_recall,val_specificity,val_tn,val_tp
0,0.6072916388511658,0.5853398442268372,0.5987629294395447,1013.0,1001.0,0.689697265625,0.01,0.2014579027891159,0.6002824306488037,0.5808207988739014,0.57791668176651,0.6036458611488342,1399.0,1387.0,0.5,0.5,0.6666666269302368,0.0,480.0,40.4409294128418,0.0,0.0,0.5,1.0,0.0,0.0,480.0
1,0.6130208373069763,0.6643243432044983,0.6108807921409607,746.0,748.0,0.6448696255683899,0.01,0.222120001912117,0.6112872958183289,0.6108220815658569,0.6114583611488342,0.6104166507720947,1172.0,1174.0,0.5,0.5,0.6666666269302368,0.0,480.0,4.4745659828186035,0.0,0.0,0.5,1.0,0.0,0.0,480.0
2,0.637499988079071,0.6795281767845154,0.631948709487915,708.0,703.0,0.636527955532074,0.01,0.2653316855430603,0.6323443651199341,0.6328981518745422,0.6312500238418579,0.6338541507720947,1217.0,1212.0,0.5,0.5376953482627869,0.5,240.0,240.0,2.808763265609741,0.0,0.5,0.5,0.5,0.5,240.0,240.0
3,0.6312500238418579,0.6970513463020325,0.6317060589790344,715.0,690.0,0.6241257786750793,0.01,0.26850268244743347,0.6323615312576294,0.6358839273452759,0.6276041865348816,0.640625,1230.0,1205.0,0.5,0.5969900488853455,0.5,240.0,240.0,0.8331911563873291,0.0,0.5,0.5,0.5,0.5,240.0,240.0
4,0.6697916388511658,0.7247223854064941,0.6690589785575867,633.0,639.0,0.6068257689476013,0.0009999999,0.3376453220844269,0.6696299314498901,0.6682242751121521,0.6703125238418579,0.667187511920929,1281.0,1287.0,0.5,0.5963520407676697,0.4989418089389801,241.0,240.0,0.6969431638717651,-0.0020517746452242136,0.4979797899723053,0.4989561438560486,0.49791666865348816,0.5,240.0,239.0
5,0.6739583611488342,0.7312213778495789,0.6722899675369263,631.0,625.0,0.5998872518539429,0.0009999999,0.3459974527359009,0.672591507434845,0.6734586954116821,0.6713541746139526,0.6744791865348816,1295.0,1289.0,0.5,0.5978841185569763,0.5,240.0,240.0,0.7340677976608276,0.0,0.5,0.5,0.5,0.5,240.0,240.0
