epoch,accuracy,auc,f1_score,fn,fp,loss,lr,mcc,npv,precision,recall,specificity,tn,tp,val_accuracy,val_auc,val_f1_score,val_fn,val_fp,val_loss,val_mcc,val_npv,val_precision,val_recall,val_specificity,val_tn,val_tp
0,0.6031249761581421,0.6068443059921265,0.5976163148880005,1016.0,1005.0,0.6795703172683716,0.01,0.1978125125169754,0.5974686741828918,0.5793219208717346,0.5766666531562805,0.6015625,1395.0,1384.0,0.5,0.5,0.6666666269302368,0.0,480.0,230.01611328125,0.0,0.0,0.5,1.0,0.0,0.0,480.0
1,0.620312511920929,0.6530471444129944,0.6155983209609985,736.0,738.0,0.6487462520599365,0.01,0.2327573150396347,0.6169660091400146,0.6160249710083008,0.6166666746139526,0.6156250238418579,1182.0,1184.0,0.5,0.5266818404197693,0.5,240.0,240.0,1.437511682510376,0.0,0.5,0.5,0.5,0.5,240.0,240.0
2,0.6364583373069763,0.684225857257843,0.6371419429779053,691.0,706.0,0.6339937448501587,0.01,0.2726140320301056,0.6380763649940491,0.6351421475410461,0.6401041746139526,0.6322916746139526,1214.0,1229.0,0.5,0.5,0.5,240.0,240.0,3.8260583877563477,0.0,0.5,0.5,0.5,0.5,240.0,240.0
3,0.6380208134651184,0.6910258531570435,0.6378113031387329,698.0,689.0,0.6281121373176575,0.01,0.2777553200721741,0.6383892893791199,0.6394557952880859,0.6364583373069763,0.6411458253860474,1231.0,1222.0,0.5,0.5,0.5,240.0,240.0,4.284672737121582,0.0,0.5,0.5,0.5,0.5,240.0,240.0
4,0.640625,0.6892783641815186,0.6406214237213135,687.0,696.0,0.6325503587722778,0.0009999999,0.2799123227596283,0.6405230164527893,0.6391912698745728,0.6421874761581421,0.637499988079071,1224.0,1233.0,0.5,0.5483354926109314,0.4664624333381653,269.0,190.0,0.699921727180481,0.03870431333780289,0.5346537828445435,0.5261845588684082,0.43958333134651184,0.6041666865348816,290.0,211.0
5,0.6489583253860474,0.7043808102607727,0.6510439515113831,667.0,675.0,0.6197342276573181,0.0009999999,0.3012109398841858,0.6515411138534546,0.6498962640762329,0.6526041626930237,0.6484375,1245.0,1253.0,0.5,0.5481379628181458,0.5,240.0,240.0,1.0710293054580688,0.0,0.5,0.5,0.5,0.5,240.0,240.0
