epoch,accuracy,auc,f1_score,fn,fp,loss,lr,mcc,npv,precision,recall,specificity,tn,tp,val_accuracy,val_auc,val_f1_score,val_fn,val_fp,val_loss,val_mcc,val_npv,val_precision,val_recall,val_specificity,val_tn,val_tp
0,0.5645833611488342,0.5983246564865112,0.5681658983230591,1032.0,1077.0,0.6947656273841858,0.01,0.13379590213298798,0.5679231286048889,0.5595092177391052,0.5699999928474426,0.5614583492279053,1323.0,1368.0,0.5,0.5,0.5,240.0,240.0,10172.7607421875,0.0,0.5,0.5,0.5,0.5,240.0,240.0
1,0.6020833253860474,0.6464067101478577,0.6027935743331909,756.0,778.0,0.6569183468818665,0.01,0.2011641561985016,0.6010355353355408,0.5993821024894714,0.606249988079071,0.5947916507720947,1142.0,1164.0,0.5,0.5,0.5,240.0,240.0,6.228985786437988,0.0,0.5,0.5,0.5,0.5,240.0,240.0
2,0.625,0.6673532724380493,0.6252430081367493,720.0,717.0,0.6415330767631531,0.01,0.2517980635166168,0.626008927822113,0.6259781122207642,0.625,0.6265624761581421,1203.0,1200.0,0.5,0.5271050333976746,0.5,240.0,240.0,2.2341561317443848,0.0,0.5,0.5,0.5,0.5,240.0,240.0
3,0.6338541507720947,0.6831521391868591,0.6304978132247925,710.0,706.0,0.6294874548912048,0.01,0.2626050114631653,0.6316150426864624,0.6315240263938904,0.6302083134651184,0.6322916746139526,1214.0,1210.0,0.5,0.5895941853523254,0.5,240.0,240.0,1.4288966655731201,0.0,0.5,0.5,0.5,0.5,240.0,240.0
4,0.6489583253860474,0.7049967646598816,0.648352324962616,674.0,678.0,0.6173942685127258,0.0009999999,0.2959311306476593,0.6480798125267029,0.6476091742515564,0.6489583253860474,0.6468750238418579,1242.0,1246.0,0.5,0.6035524606704712,0.5,240.0,240.0,0.9169909358024597,0.0,0.5,0.5,0.5,0.5,240.0,240.0
5,0.667187511920929,0.7264919281005859,0.6663627624511719,644.0,633.0,0.6022099256515503,0.0009999999,0.33507874608039856,0.6667535901069641,0.6684128046035767,0.6645833253860474,0.6703125238418579,1287.0,1276.0,0.5,0.6098589301109314,0.6331130862236023,137.0,284.0,0.6768175363540649,0.10233109444379807,0.507692277431488,0.5470494627952576,0.7145833373069763,0.40833333134651184,196.0,343.0
