epoch,accuracy,auc,f1_score,fn,fp,loss,lr,mcc,npv,precision,recall,specificity,tn,tp,val_accuracy,val_auc,val_f1_score,val_fn,val_fp,val_loss,val_mcc,val_npv,val_precision,val_recall,val_specificity,val_tn,val_tp
0,0.6208333373069763,0.5993219017982483,0.6123988032341003,986.0,977.0,0.6753243207931519,0.01,0.2280571609735489,0.6138594150543213,0.5913843512535095,0.5891666412353516,0.6161458492279053,1423.0,1414.0,0.5,0.5,0.5,240.0,240.0,236.25486755371094,0.0,0.5,0.5,0.5,0.5,240.0,240.0
1,0.6432291865348816,0.6921749114990234,0.6410268545150757,681.0,704.0,0.6349993348121643,0.01,0.278924822807312,0.6418250203132629,0.6376736760139465,0.645312488079071,0.6333333253860474,1216.0,1239.0,0.5,0.4934917390346527,0.6666666269302368,0.0,480.0,1.6436406373977661,0.0,0.0,0.5,1.0,0.0,0.0,480.0
2,0.6541666388511658,0.717289924621582,0.6525344848632812,669.0,663.0,0.6112148761749268,0.01,0.3064354658126831,0.6527336835861206,0.653605043888092,0.651562511920929,0.6546875238418579,1257.0,1251.0,0.5,0.5283463597297668,0.5,240.0,240.0,1.0796927213668823,0.0,0.5,0.5,0.5,0.5,240.0,240.0
3,0.6598958373069763,0.7231199741363525,0.6590583920478821,659.0,646.0,0.6083916425704956,0.01,0.32045337557792664,0.6589705944061279,0.6612480282783508,0.6567708253860474,0.6635416746139526,1274.0,1261.0,0.5,0.5427473783493042,0.5,240.0,240.0,1.9440383911132812,0.0,0.5,0.5,0.5,0.5,240.0,240.0
4,0.6604166626930237,0.7193213701248169,0.6605740189552307,650.0,654.0,0.6121728420257568,0.0009999999,0.3210410475730896,0.6611154675483704,0.6600831747055054,0.6614583134651184,0.659375011920929,1266.0,1270.0,0.5,0.5496679544448853,0.5,240.0,240.0,1.5750575065612793,0.0,0.5,0.5,0.5,0.5,240.0,240.0
5,0.6744791865348816,0.7360607981681824,0.6769243478775024,619.0,621.0,0.5995146632194519,0.0009999999,0.3543313145637512,0.6779311895370483,0.6768990755081177,0.6776041388511658,0.676562488079071,1299.0,1301.0,0.5,0.5564084053039551,0.5,240.0,240.0,1.2368468046188354,0.0,0.5,0.5,0.5,0.5,240.0,240.0
