epoch,accuracy,auc,f1_score,fn,fp,loss,lr,mcc,npv,precision,recall,specificity,tn,tp,val_accuracy,val_auc,val_f1_score,val_fn,val_fp,val_loss,val_mcc,val_npv,val_precision,val_recall,val_specificity,val_tn,val_tp
0,0.5802083611488342,0.6134857535362244,0.583060622215271,991.0,1006.0,0.6830930709838867,0.01,0.1647622138261795,0.5825998187065125,0.5834368467330933,0.5870833396911621,0.5786458253860474,1394.0,1409.0,0.5,0.5,0.6666666269302368,0.0,480.0,3425.856689453125,0.0,0.0,0.5,1.0,0.0,0.0,480.0
1,0.6041666865348816,0.6497676372528076,0.6045551300048828,756.0,764.0,0.6543471813201904,0.01,0.2085849642753601,0.605110764503479,0.6037344336509705,0.606249988079071,0.6020833253860474,1156.0,1164.0,0.5,0.5,0.5,240.0,240.0,17.074979782104492,0.0,0.5,0.5,0.5,0.5,240.0,240.0
2,0.6213541626930237,0.665242075920105,0.6199018955230713,723.0,742.0,0.6431130170822144,0.01,0.23717501759529114,0.6205600500106812,0.6173285245895386,0.6234375238418579,0.6135416626930237,1178.0,1197.0,0.5,0.5041666626930237,0.5,240.0,240.0,2.4936368465423584,0.0,0.5,0.5,0.5,0.5,240.0,240.0
3,0.6234375238418579,0.676566481590271,0.6200448870658875,733.0,722.0,0.6331215500831604,0.01,0.24228404462337494,0.6202846169471741,0.6217915415763855,0.6182291507720947,0.6239583492279053,1198.0,1187.0,0.5,0.5964605212211609,0.5,240.0,240.0,0.7818282246589661,0.0,0.5,0.5,0.5,0.5,240.0,240.0
4,0.6364583373069763,0.6938462853431702,0.6387389302253723,691.0,700.0,0.6224872469902039,0.0009999999,0.27567169070243835,0.6380871534347534,0.6371176838874817,0.6401041746139526,0.6354166865348816,1220.0,1229.0,0.5,0.5145833492279053,0.5,240.0,240.0,2.6565237045288086,0.0,0.5,0.5,0.5,0.5,240.0,240.0
5,0.6520833373069763,0.7033824324607849,0.6499344110488892,670.0,675.0,0.6173595786094666,0.0009999999,0.2996021807193756,0.650587797164917,0.649350643157959,0.6510416865348816,0.6484375,1245.0,1250.0,0.5,0.5944053530693054,0.5,240.0,240.0,1.6116359233856201,0.0,0.5,0.5,0.5,0.5,240.0,240.0
