epoch,accuracy,auc,f1_score,fn,fp,loss,lr,mcc,npv,precision,recall,specificity,tn,tp,val_accuracy,val_auc,val_f1_score,val_fn,val_fp,val_loss,val_mcc,val_npv,val_precision,val_recall,val_specificity,val_tn,val_tp
0,0.5713541507720947,0.5717905759811401,0.5677871108055115,1072.0,1063.0,0.6976743340492249,0.01,0.13822601735591888,0.5682859420776367,0.5554161667823792,0.5533333420753479,0.5713541507720947,1337.0,1328.0,0.5,0.5,0.6666666269302368,0.0,480.0,403.95343017578125,0.0,0.0,0.5,1.0,0.0,0.0,480.0
1,0.6098958253860474,0.6498419642448425,0.5978166460990906,784.0,738.0,0.6567204594612122,0.01,0.20783963799476624,0.602717936038971,0.6061899662017822,0.5916666388511658,0.6156250238418579,1182.0,1136.0,0.5,0.5,0.5,240.0,240.0,11.155402183532715,0.0,0.5,0.5,0.5,0.5,240.0,240.0
2,0.6213541626930237,0.66785728931427,0.6187519431114197,737.0,717.0,0.640163779258728,0.01,0.24297523498535156,0.621076762676239,0.6226315498352051,0.6161458492279053,0.6265624761581421,1203.0,1183.0,0.5,0.5236002802848816,0.5,240.0,240.0,2.087529420852661,0.0,0.5,0.5,0.5,0.5,240.0,240.0
3,0.6270833611488342,0.679754376411438,0.6286841630935669,714.0,711.0,0.6371814608573914,0.01,0.25798624753952026,0.6284873485565186,0.6291079521179199,0.628125011920929,0.629687488079071,1209.0,1206.0,0.5,0.5,0.5,240.0,240.0,8.006734848022461,0.0,0.5,0.5,0.5,0.5,240.0,240.0
4,0.6166666746139526,0.6671732068061829,0.6114789247512817,750.0,734.0,0.6444756388664246,0.0009999999,0.22725924849510193,0.613340437412262,0.6144958138465881,0.609375,0.6177083253860474,1186.0,1170.0,0.5,0.5,0.5,240.0,240.0,4.8446221351623535,0.0,0.5,0.5,0.5,0.5,240.0,240.0
5,0.6322916746139526,0.695344090461731,0.6322965025901794,704.0,707.0,0.6266849040985107,0.0009999999,0.2652629315853119,0.6336809992790222,0.6323453187942505,0.6333333253860474,0.6317708492279053,1213.0,1216.0,0.5,0.5862065553665161,0.5,240.0,240.0,1.38160240650177,0.0,0.5,0.5,0.5,0.5,240.0,240.0
