epoch,accuracy,auc,f1_score,fn,fp,loss,lr,mcc,npv,precision,recall,specificity,tn,tp,val_accuracy,val_auc,val_f1_score,val_fn,val_fp,val_loss,val_mcc,val_npv,val_precision,val_recall,val_specificity,val_tn,val_tp
0,0.6010416746139526,0.6146968007087708,0.5989843010902405,1025.0,985.0,0.6777522563934326,0.01,0.19673357903957367,0.6008780002593994,0.5826271176338196,0.5729166865348816,0.5932291746139526,1415.0,1375.0,0.5,0.5,0.0,480.0,0.0,93.93701934814453,0.0,0.5,0.0,0.0,1.0,480.0,0.0
1,0.635937511920929,0.6717837452888489,0.6334686279296875,695.0,722.0,0.6422417759895325,0.01,0.2622658908367157,0.6328851580619812,0.6291730999946594,0.6380208134651184,0.6239583492279053,1198.0,1225.0,0.5,0.5,0.0,480.0,0.0,9.923168182373047,0.0,0.5,0.0,0.0,1.0,480.0,0.0
2,0.6385416388511658,0.6832656860351562,0.6391974091529846,691.0,697.0,0.637263834476471,0.01,0.27729612588882446,0.6387679576873779,0.6381101012229919,0.6401041746139526,0.6369791626930237,1223.0,1229.0,0.5,0.5349348783493042,0.0,480.0,0.0,3.148113250732422,0.0,0.5,0.0,0.0,1.0,480.0,0.0
3,0.6401041746139526,0.6948001384735107,0.6376113295555115,698.0,690.0,0.6251472234725952,0.01,0.27716124057769775,0.6382273435592651,0.6391213536262512,0.6364583373069763,0.640625,1230.0,1222.0,0.5,0.5563411712646484,0.0,480.0,0.0,1.7086503505706787,0.0,0.5,0.0,0.0,1.0,480.0,0.0
4,0.6677083373069763,0.715653657913208,0.6657740473747253,642.0,642.0,0.6144425868988037,0.0009999999,0.33133968710899353,0.6652916669845581,0.6656249761581421,0.6656249761581421,0.6656249761581421,1278.0,1278.0,0.5,0.5333420038223267,0.5,240.0,240.0,2.520123243331909,0.0,0.5,0.5,0.5,0.5,240.0,240.0
5,0.6572916507720947,0.7212259769439697,0.6565384268760681,658.0,662.0,0.6074947714805603,0.0009999999,0.31261274218559265,0.6567028164863586,0.6559251546859741,0.6572916507720947,0.6552083492279053,1258.0,1262.0,0.5,0.5693576335906982,0.5,240.0,240.0,1.6150853633880615,0.0,0.5,0.5,0.5,0.5,240.0,240.0
