epoch,accuracy,auc,f1_score,fn,fp,loss,lr,mcc,npv,precision,recall,specificity,tn,tp,val_accuracy,val_auc,val_f1_score,val_fn,val_fp,val_loss,val_mcc,val_npv,val_precision,val_recall,val_specificity,val_tn,val_tp
0,0.589062511920929,0.581663966178894,0.5903444290161133,1023.0,1033.0,0.6975744962692261,0.01,0.17961816489696503,0.5901840925216675,0.5713692903518677,0.5737500190734863,0.5869791507720947,1367.0,1377.0,0.5,0.5,0.5,240.0,240.0,665.3604125976562,0.0,0.5,0.5,0.5,0.5,240.0,240.0
1,0.625,0.6585572957992554,0.6181671023368835,738.0,722.0,0.6508853435516357,0.01,0.2397843450307846,0.6187475323677063,0.6207982897758484,0.6156250238418579,0.6239583492279053,1198.0,1182.0,0.5,0.5,0.5,240.0,240.0,26.12594223022461,0.0,0.5,0.5,0.5,0.5,240.0,240.0
2,0.6255208253860474,0.6797821521759033,0.6260423064231873,719.0,715.0,0.6340242624282837,0.01,0.2533373236656189,0.6264668107032776,0.6268267035484314,0.6255208253860474,0.6276041865348816,1205.0,1201.0,0.5,0.5,0.5,240.0,240.0,3.6041195392608643,0.0,0.5,0.5,0.5,0.5,240.0,240.0
3,0.6348958611488342,0.6881749629974365,0.6335499882698059,713.0,682.0,0.630471408367157,0.01,0.2736147940158844,0.6347799897193909,0.6389623880386353,0.6286458373069763,0.6447916626930237,1238.0,1207.0,0.5,0.560839831829071,0.5,240.0,240.0,1.5294513702392578,0.0,0.5,0.5,0.5,0.5,240.0,240.0
4,0.6447916626930237,0.7051571011543274,0.6454026699066162,681.0,681.0,0.6176422238349915,0.0009999999,0.2908286154270172,0.6450958251953125,0.645312488079071,0.645312488079071,0.645312488079071,1239.0,1239.0,0.5,0.5654101371765137,0.5,240.0,240.0,0.7629026174545288,0.0,0.5,0.5,0.5,0.5,240.0,240.0
5,0.6572916507720947,0.7231883406639099,0.6582508683204651,654.0,661.0,0.6041794419288635,0.0009999999,0.31530967354774475,0.6579517722129822,0.6569797396659851,0.659375011920929,0.6557291746139526,1259.0,1266.0,0.5,0.5628232955932617,0.5,240.0,240.0,0.718494713306427,0.0,0.5,0.5,0.5,0.5,240.0,240.0
