epoch,accuracy,auc,f1_score,fn,fp,loss,lr,mcc,npv,precision,recall,specificity,tn,tp,val_accuracy,val_auc,val_f1_score,val_fn,val_fp,val_loss,val_mcc,val_npv,val_precision,val_recall,val_specificity,val_tn,val_tp
0,0.5458333492279053,0.5953119993209839,0.5479544401168823,1044.0,1053.0,0.7452558875083923,0.01,0.09633343666791916,0.5456400513648987,0.5628891587257385,0.5649999976158142,0.5479166507720947,1347.0,1356.0,0.5,0.5,0.5,240.0,240.0,19.836063385009766,0.0,0.5,0.5,0.5,0.5,240.0,240.0
1,0.6208333373069763,0.675037145614624,0.6223010420799255,714.0,748.0,0.6432778835296631,0.01,0.23919129371643066,0.6213749647140503,0.6171954870223999,0.628125011920929,0.6104166507720947,1172.0,1206.0,0.5,0.5281076431274414,0.5,240.0,240.0,3.0029795169830322,0.0,0.5,0.5,0.5,0.5,240.0,240.0
2,0.6645833253860474,0.7249023914337158,0.6641044616699219,640.0,654.0,0.612421989440918,0.01,0.32638800144195557,0.6645108461380005,0.6618407368659973,0.6666666865348816,0.659375011920929,1266.0,1280.0,0.5,0.5903580784797668,0.5,240.0,240.0,0.9395226240158081,0.0,0.5,0.5,0.5,0.5,240.0,240.0
3,0.6885416507720947,0.7542595863342285,0.6889423131942749,601.0,590.0,0.5831719040870667,0.01,0.3798524737358093,0.6888086199760437,0.6909376382827759,0.6869791746139526,0.6927083134651184,1330.0,1319.0,0.5,0.5989843606948853,0.5,240.0,240.0,0.8864825963973999,0.0,0.5,0.5,0.5,0.5,240.0,240.0
4,0.7197916507720947,0.8014807105064392,0.7173275351524353,542.0,545.0,0.5379717946052551,0.0009999999,0.4341113269329071,0.7169816493988037,0.7165886759757996,0.7177083492279053,0.7161458134651184,1375.0,1378.0,0.5,0.604407548904419,0.5,240.0,240.0,0.9771766066551208,0.0,0.5,0.5,0.5,0.5,240.0,240.0
5,0.7458333373069763,0.826179563999176,0.7470303177833557,489.0,479.0,0.5114555954933167,0.0009999999,0.4960862994194031,0.7472031712532043,0.7492146492004395,0.745312511920929,0.7505208253860474,1441.0,1431.0,0.5,0.6042036414146423,0.5,240.0,240.0,0.7768177390098572,0.0,0.5,0.5,0.5,0.5,240.0,240.0
