epoch,accuracy,auc,f1_score,fn,fp,loss,lr,mcc,npv,precision,recall,specificity,tn,tp,val_accuracy,val_auc,val_f1_score,val_fn,val_fp,val_loss,val_mcc,val_npv,val_precision,val_recall,val_specificity,val_tn,val_tp
0,0.578125,0.5672171711921692,0.5688830018043518,1074.0,1052.0,0.7416925430297852,0.01,0.1431378275156021,0.5687437653541565,0.5576114654541016,0.5525000095367432,0.5770833492279053,1348.0,1326.0,0.5,0.5,0.5,240.0,240.0,21.899314880371094,0.0,0.5,0.5,0.5,0.5,240.0,240.0
1,0.653124988079071,0.7094348073005676,0.6509077548980713,666.0,680.0,0.619855523109436,0.01,0.2993085980415344,0.6502049565315247,0.6483970880508423,0.653124988079071,0.6458333134651184,1240.0,1254.0,0.5,0.5,0.5,240.0,240.0,3.535062551498413,0.0,0.5,0.5,0.5,0.5,240.0,240.0
2,0.698437511920929,0.753633975982666,0.6948654651641846,586.0,585.0,0.586532473564148,0.01,0.3903968632221222,0.6952036619186401,0.6951537132263184,0.6947916746139526,0.6953125,1335.0,1334.0,0.5,0.5,0.5,240.0,240.0,3.7502167224884033,0.0,0.5,0.5,0.5,0.5,240.0,240.0
3,0.7093750238418579,0.7776935696601868,0.7084058523178101,560.0,559.0,0.5616138577461243,0.01,0.4174392521381378,0.7087400555610657,0.7087024450302124,0.7083333134651184,0.7088541388511658,1361.0,1360.0,0.5,0.5145833492279053,0.5,240.0,240.0,2.834397554397583,0.0,0.5,0.5,0.5,0.5,240.0,240.0
4,0.7130208611488342,0.7960385680198669,0.7131475210189819,552.0,548.0,0.5451636910438538,0.0009999999,0.42733579874038696,0.7133772969245911,0.7139874696731567,0.7124999761581421,0.7145833373069763,1372.0,1368.0,0.5,0.6215603351593018,0.5,240.0,240.0,1.8180867433547974,0.0,0.5,0.5,0.5,0.5,240.0,240.0
5,0.7421875,0.8191335797309875,0.737157940864563,502.0,510.0,0.5187200307846069,0.0009999999,0.47315892577171326,0.7372356057167053,0.7354771494865417,0.7385416626930237,0.734375,1410.0,1418.0,0.5,0.6392881870269775,0.5,240.0,240.0,1.35536527633667,0.0,0.5,0.5,0.5,0.5,240.0,240.0
