epoch,accuracy,auc,f1_score,fn,fp,loss,lr,mcc,npv,precision,recall,specificity,tn,tp,val_accuracy,val_auc,val_f1_score,val_fn,val_fp,val_loss,val_mcc,val_npv,val_precision,val_recall,val_specificity,val_tn,val_tp
0,0.6421874761581421,0.65784752368927,0.6327108144760132,895.0,897.0,0.6931720972061157,0.01,0.26981106400489807,0.6375367045402527,0.6265612244606018,0.6270833611488342,0.6348958611488342,1503.0,1505.0,0.5,0.5,0.5,240.0,240.0,5.195061206817627,0.0,0.5,0.5,0.5,0.5,240.0,240.0
1,0.676562488079071,0.7434569597244263,0.6747412085533142,633.0,608.0,0.5931738615036011,0.01,0.3540014326572418,0.6744855642318726,0.6791556477546692,0.6703125238418579,0.6833333373069763,1312.0,1287.0,0.5,0.5271831750869751,0.5,240.0,240.0,2.603245258331299,0.0,0.5,0.5,0.5,0.5,240.0,240.0
2,0.6953125,0.7654059529304504,0.6917560696601868,589.0,598.0,0.5719521045684814,0.01,0.38197287917137146,0.6915187835693359,0.6899948120117188,0.6932291388511658,0.6885416507720947,1322.0,1331.0,0.5,0.5142577886581421,0.5,240.0,240.0,2.935960531234741,0.0,0.5,0.5,0.5,0.5,240.0,240.0
3,0.7098958492279053,0.7838597893714905,0.7108914852142334,558.0,549.0,0.5547690987586975,0.01,0.4235890209674835,0.7110633254051208,0.7127158641815186,0.7093750238418579,0.714062511920929,1371.0,1362.0,0.5,0.5310980677604675,0.5,240.0,240.0,2.6961898803710938,0.0,0.5,0.5,0.5,0.5,240.0,240.0
4,0.7473958134651184,0.8258852958679199,0.7453753352165222,489.0,489.0,0.5115035176277161,0.0009999999,0.49084487557411194,0.7452707886695862,0.745312511920929,0.745312511920929,0.745312511920929,1431.0,1431.0,0.5,0.5415256023406982,0.5,240.0,240.0,2.5602381229400635,0.0,0.5,0.5,0.5,0.5,240.0,240.0
5,0.754687488079071,0.8427512049674988,0.7507103085517883,483.0,470.0,0.48889169096946716,0.0009999999,0.5038610696792603,0.7507750988006592,0.7535395622253418,0.7484375238418579,0.7552083134651184,1450.0,1437.0,0.5,0.591501772403717,0.5,240.0,240.0,1.65687096118927,0.0,0.5,0.5,0.5,0.5,240.0,240.0
