epoch,accuracy,auc,f1_score,fn,fp,loss,lr,mcc,npv,precision,recall,specificity,tn,tp,val_accuracy,val_auc,val_f1_score,val_fn,val_fp,val_loss,val_mcc,val_npv,val_precision,val_recall,val_specificity,val_tn,val_tp
0,0.6223958134651184,0.6142842173576355,0.6124191284179688,979.0,973.0,0.672951877117157,0.01,0.22850094735622406,0.6134479641914368,0.5935672521591187,0.5920833349227905,0.6177083253860474,1427.0,1421.0,0.5,0.5,0.5,240.0,240.0,25.274389266967773,0.0,0.5,0.5,0.5,0.5,240.0,240.0
1,0.6598958373069763,0.7209154963493347,0.6564661264419556,663.0,652.0,0.6070292592048645,0.01,0.31534916162490845,0.6568549275398254,0.6584599018096924,0.6546875238418579,0.6604166626930237,1268.0,1257.0,0.5,0.5347656011581421,0.0,480.0,0.0,2.38984751701355,0.0,0.5,0.0,0.0,1.0,480.0,0.0
2,0.6916666626930237,0.7553914189338684,0.6925297379493713,586.0,598.0,0.5823805332183838,0.01,0.38364145159721375,0.6931344270706177,0.6904761791229248,0.6947916746139526,0.6885416507720947,1322.0,1334.0,0.5,0.503125011920929,0.5,240.0,240.0,3.19050931930542,0.0,0.5,0.5,0.5,0.5,240.0,240.0
3,0.6968749761581421,0.7727064490318298,0.6949166059494019,584.0,590.0,0.5673244595527649,0.01,0.38877785205841064,0.694592297077179,0.693665623664856,0.6958333253860474,0.6927083134651184,1330.0,1336.0,0.5,0.6205403208732605,0.5,240.0,240.0,1.2650738954544067,0.0,0.5,0.5,0.5,0.5,240.0,240.0
4,0.7255208492279053,0.8047720193862915,0.7254579067230225,528.0,525.0,0.5332136750221252,0.0009999999,0.45176106691360474,0.7257232666015625,0.7261345982551575,0.7250000238418579,0.7265625,1395.0,1392.0,0.5,0.623706579208374,0.5,240.0,240.0,1.4007974863052368,0.0,0.5,0.5,0.5,0.5,240.0,240.0
5,0.7598958611488342,0.8439554572105408,0.758341908454895,465.0,463.0,0.4871557950973511,0.0009999999,0.516813337802887,0.7578462958335876,0.7586027383804321,0.7578125,0.7588541507720947,1457.0,1455.0,0.5,0.6299110651016235,0.5,240.0,240.0,1.4058254957199097,0.0,0.5,0.5,0.5,0.5,240.0,240.0
