epoch,accuracy,auc,f1_score,fn,fp,loss,lr,mcc,npv,precision,recall,specificity,tn,tp,val_accuracy,val_auc,val_f1_score,val_fn,val_fp,val_loss,val_mcc,val_npv,val_precision,val_recall,val_specificity,val_tn,val_tp
0,0.598437488079071,0.6265241503715515,0.5936431288719177,842.0,1090.0,0.7264459729194641,0.01,0.18241721391677856,0.5937480330467224,0.5883685946464539,0.6491666436195374,0.5817708373069763,1310.0,1558.0,0.5,0.5,0.5,240.0,240.0,7.773684978485107,0.0,0.5,0.5,0.5,0.5,240.0,240.0
1,0.6645833253860474,0.7246222496032715,0.6635776162147522,644.0,650.0,0.6077978014945984,0.01,0.3264261484146118,0.6635578870773315,0.6625129580497742,0.6645833253860474,0.6614583134651184,1270.0,1276.0,0.5,0.5,0.5,240.0,240.0,5.712104797363281,0.0,0.5,0.5,0.5,0.5,240.0,240.0
2,0.692187488079071,0.7581541538238525,0.693943440914154,589.0,586.0,0.5795103907585144,0.01,0.38843706250190735,0.6934143304824829,0.6943140029907227,0.6932291388511658,0.6947916746139526,1334.0,1331.0,0.5,0.5,0.5,240.0,240.0,4.207940578460693,0.0,0.5,0.5,0.5,0.5,240.0,240.0
3,0.7052083611488342,0.7810832858085632,0.7052315473556519,569.0,561.0,0.5596272349357605,0.01,0.4116687774658203,0.7046812772750854,0.706589937210083,0.7036458253860474,0.707812488079071,1359.0,1351.0,0.5,0.5556119680404663,0.5,240.0,240.0,2.3543589115142822,0.0,0.5,0.5,0.5,0.5,240.0,240.0
4,0.7265625,0.8101598620414734,0.725225031375885,529.0,525.0,0.5314886569976807,0.0009999999,0.4512629210948944,0.7251500487327576,0.7259916663169861,0.7244791388511658,0.7265625,1395.0,1391.0,0.5,0.6028428673744202,0.5,240.0,240.0,2.075108528137207,0.0,0.5,0.5,0.5,0.5,240.0,240.0
5,0.7541666626930237,0.8328866958618164,0.7542070746421814,474.0,470.0,0.5035709738731384,0.0009999999,0.5085437893867493,0.7531553506851196,0.7546972632408142,0.753125011920929,0.7552083134651184,1450.0,1446.0,0.5,0.6259114742279053,0.5,240.0,240.0,1.4378501176834106,0.0,0.5,0.5,0.5,0.5,240.0,240.0
