epoch,accuracy,auc,f1_score,fn,fp,loss,lr,mcc,npv,precision,recall,specificity,tn,tp,val_accuracy,val_auc,val_f1_score,val_fn,val_fp,val_loss,val_mcc,val_npv,val_precision,val_recall,val_specificity,val_tn,val_tp
0,0.629687488079071,0.6600005626678467,0.6245864629745483,894.0,893.0,0.6869262456893921,0.01,0.2509547472000122,0.625960111618042,0.6277615427970886,0.6274999976158142,0.6255208253860474,1507.0,1506.0,0.5,0.5,0.5,240.0,240.0,7.867595195770264,0.0,0.5,0.5,0.5,0.5,240.0,240.0
1,0.6812499761581421,0.7476283311843872,0.6811837553977966,611.0,615.0,0.5890188813209534,0.01,0.36161792278289795,0.680854082107544,0.6803534030914307,0.6817708611488342,0.6796875,1305.0,1309.0,0.5,0.561378002166748,0.544868528842926,215.0,240.0,0.7513350248336792,0.048580899834632874,0.5061728358268738,0.5247524976730347,0.5520833134651184,0.5,240.0,265.0
2,0.6947916746139526,0.7661638855934143,0.6947323083877563,583.0,591.0,0.57316654920578,0.01,0.3886949419975281,0.6954654455184937,0.6934647560119629,0.6963541507720947,0.692187488079071,1329.0,1337.0,0.5,0.5130208730697632,0.5,240.0,240.0,2.8754196166992188,0.0,0.5,0.5,0.5,0.5,240.0,240.0
3,0.7317708134651184,0.8036746978759766,0.7310846447944641,517.0,515.0,0.5365740656852722,0.01,0.46262064576148987,0.7310933470726013,0.7314911484718323,0.7307291626930237,0.7317708134651184,1405.0,1403.0,0.5,0.5893576741218567,0.5,240.0,240.0,1.1980140209197998,0.0,0.5,0.5,0.5,0.5,240.0,240.0
4,0.7380208373069763,0.8168138861656189,0.7385450601577759,498.0,508.0,0.5216652750968933,0.0009999999,0.47626540064811707,0.7396977543830872,0.7367875576019287,0.7406250238418579,0.7354166507720947,1412.0,1422.0,0.5,0.6002344489097595,0.5,240.0,240.0,1.6955490112304688,0.0,0.5,0.5,0.5,0.5,240.0,240.0
5,0.7619791626930237,0.8465597629547119,0.7604510188102722,466.0,450.0,0.488074392080307,0.0009999999,0.5230888724327087,0.7593963146209717,0.7636554837226868,0.7572916746139526,0.765625,1470.0,1454.0,0.5,0.5948306918144226,0.5,240.0,240.0,1.851019263267517,0.0,0.5,0.5,0.5,0.5,240.0,240.0
