epoch,accuracy,auc,f1_score,fn,fp,loss,lr,mcc,npv,precision,recall,specificity,tn,tp,val_accuracy,val_auc,val_f1_score,val_fn,val_fp,val_loss,val_mcc,val_npv,val_precision,val_recall,val_specificity,val_tn,val_tp
0,0.6031249761581421,0.6531743407249451,0.6115434765815735,951.0,943.0,0.690678060054779,0.01,0.2257566601037979,0.6139585971832275,0.6057692170143127,0.6037499904632568,0.612500011920929,1457.0,1449.0,0.5,0.5,0.6666666269302368,0.0,480.0,30.820335388183594,0.0,0.0,0.5,1.0,0.0,0.0,480.0
1,0.6864583492279053,0.740020751953125,0.6774942278862,619.0,618.0,0.5991047024726868,0.01,0.3563908636569977,0.6784242987632751,0.67795729637146,0.6776041388511658,0.6781250238418579,1302.0,1301.0,0.5,0.5186328291893005,0.5,240.0,240.0,3.8369171619415283,0.0,0.5,0.5,0.5,0.5,240.0,240.0
2,0.690625011920929,0.7640079259872437,0.6937658786773682,584.0,593.0,0.575709879398346,0.01,0.38735923171043396,0.6953842639923096,0.6925868391990662,0.6958333253860474,0.6911458373069763,1327.0,1336.0,0.5,0.550279974937439,0.5,240.0,240.0,2.176111936569214,0.0,0.5,0.5,0.5,0.5,240.0,240.0
3,0.7114583253860474,0.7850452661514282,0.7106758952140808,553.0,558.0,0.5583633184432983,0.01,0.4217386543750763,0.7120283246040344,0.7101298570632935,0.7119791507720947,0.7093750238418579,1362.0,1367.0,0.5,0.6066492795944214,0.5,240.0,240.0,1.5531604290008545,0.0,0.5,0.5,0.5,0.5,240.0,240.0
4,0.7250000238418579,0.7961692810058594,0.7254418730735779,521.0,536.0,0.5485451221466064,0.0009999999,0.44980838894844055,0.7273313403129578,0.7229974269866943,0.7286458611488342,0.7208333611488342,1384.0,1399.0,0.5,0.6115776896476746,0.5,240.0,240.0,1.1654284000396729,0.0,0.5,0.5,0.5,0.5,240.0,240.0
5,0.768750011920929,0.8330395221710205,0.7683168649673462,445.0,446.0,0.5077550411224365,0.0009999999,0.5363119840621948,0.7677139639854431,0.7678292393684387,0.7682291865348816,0.7677083611488342,1474.0,1475.0,0.5,0.6132768988609314,0.5,240.0,240.0,1.0901436805725098,0.0,0.5,0.5,0.5,0.5,240.0,240.0
