epoch,accuracy,auc,f1_score,fn,fp,loss,lr,mcc,npv,precision,recall,specificity,tn,tp,val_accuracy,val_auc,val_f1_score,val_fn,val_fp,val_loss,val_mcc,val_npv,val_precision,val_recall,val_specificity,val_tn,val_tp
0,0.6119791865348816,0.6567862629890442,0.5954664945602417,936.0,916.0,0.6932077407836914,0.01,0.19873353838920593,0.599333643913269,0.6151260733604431,0.6100000143051147,0.604687511920929,1484.0,1464.0,0.5,0.5,0.6666666269302368,0.0,480.0,36.433837890625,0.0,0.0,0.5,1.0,0.0,0.0,480.0
1,0.6604166626930237,0.708889365196228,0.6585603952407837,649.0,664.0,0.6281968951225281,0.01,0.31681543588638306,0.6610758900642395,0.6568475365638733,0.6619791388511658,0.6541666388511658,1256.0,1271.0,0.5,0.5201388597488403,0.5,240.0,240.0,3.65910267829895,0.0,0.5,0.5,0.5,0.5,240.0,240.0
2,0.6880208253860474,0.7513995170593262,0.6848231554031372,601.0,612.0,0.5910650491714478,0.01,0.36866629123687744,0.6856755018234253,0.6830657720565796,0.6869791746139526,0.6812499761581421,1308.0,1319.0,0.5,0.5359375476837158,0.5,240.0,240.0,2.916733741760254,0.0,0.5,0.5,0.5,0.5,240.0,240.0
3,0.6848958134651184,0.7632991671562195,0.687644898891449,602.0,595.0,0.5794407725334167,0.01,0.3769054710865021,0.6877235174179077,0.6889702081680298,0.6864583492279053,0.6901041865348816,1325.0,1318.0,0.5,0.5932421684265137,0.5,240.0,240.0,2.2990806102752686,0.0,0.5,0.5,0.5,0.5,240.0,240.0
4,0.6864583492279053,0.7579084038734436,0.6849944591522217,608.0,597.0,0.5818010568618774,0.0009999999,0.37264034152030945,0.6857831478118896,0.6872708201408386,0.6833333373069763,0.6890624761581421,1323.0,1312.0,0.5,0.6100521087646484,0.5,240.0,240.0,1.9269555807113647,0.0,0.5,0.5,0.5,0.5,240.0,240.0
5,0.706250011920929,0.7826454043388367,0.7049209475517273,568.0,563.0,0.5580205321311951,0.0009999999,0.4111880660057068,0.7053095698356628,0.7060052156448364,0.7041666507720947,0.7067708373069763,1357.0,1352.0,0.5,0.6145593523979187,0.5,240.0,240.0,1.054050087928772,0.0,0.5,0.5,0.5,0.5,240.0,240.0
