epoch,accuracy,auc,f1_score,fn,fp,loss,lr,mcc,npv,precision,recall,specificity,tn,tp,val_accuracy,val_auc,val_f1_score,val_fn,val_fp,val_loss,val_mcc,val_npv,val_precision,val_recall,val_specificity,val_tn,val_tp
0,0.5328124761581421,0.5863522887229919,0.52811598777771,1047.0,1079.0,0.7573900818824768,0.01,0.057035088539123535,0.527223527431488,0.5563322305679321,0.5637500286102295,0.526562511920929,1321.0,1353.0,0.5,0.5,0.5,240.0,240.0,163.12925720214844,0.0,0.5,0.5,0.5,0.5,240.0,240.0
1,0.5947916507720947,0.6215206980705261,0.5857161283493042,800.0,778.0,0.678219735622406,0.01,0.1784840226173401,0.5892164707183838,0.5900948643684387,0.5833333134651184,0.5947916507720947,1142.0,1120.0,0.5,0.5,0.5,240.0,240.0,8.787721633911133,0.0,0.5,0.5,0.5,0.5,240.0,240.0
2,0.6265624761581421,0.671668291091919,0.6243215799331665,723.0,716.0,0.6489049792289734,0.01,0.25098881125450134,0.624882161617279,0.6257187724113464,0.6234375238418579,0.6270833611488342,1204.0,1197.0,0.5,0.5,0.5,240.0,240.0,3.897608995437622,0.0,0.5,0.5,0.5,0.5,240.0,240.0
3,0.6760416626930237,0.723307728767395,0.6698304414749146,637.0,625.0,0.6154114007949829,0.01,0.3433593809604645,0.6712411642074585,0.6724318861961365,0.6682291626930237,0.6744791865348816,1295.0,1283.0,0.5,0.5802517533302307,0.5,240.0,240.0,2.230921983718872,0.0,0.5,0.5,0.5,0.5,240.0,240.0
4,0.6937500238418579,0.7516191601753235,0.6914453506469727,587.0,602.0,0.5931214690208435,0.0009999999,0.38103342056274414,0.6921186447143555,0.6888889074325562,0.6942708492279053,0.6864583492279053,1318.0,1333.0,0.5,0.6095030307769775,0.5,240.0,238.0,0.8809030055999756,0.004044246859848499,0.5039215683937073,0.5020920634269714,0.5,0.5041666626930237,242.0,240.0
5,0.7052083611488342,0.7741120457649231,0.705066442489624,557.0,583.0,0.5683371424674988,0.0009999999,0.4066671133041382,0.7061626315116882,0.7004110813140869,0.7098958492279053,0.6963541507720947,1337.0,1363.0,0.5,0.6083180904388428,0.48974430561065674,251.0,215.0,0.677116334438324,0.027608120813965797,0.5223783254623413,0.5157657861709595,0.47708332538604736,0.5520833134651184,265.0,229.0
