epoch,accuracy,auc,f1_score,fn,fp,loss,lr,mcc,npv,precision,recall,specificity,tn,tp,val_accuracy,val_auc,val_f1_score,val_fn,val_fp,val_loss,val_mcc,val_npv,val_precision,val_recall,val_specificity,val_tn,val_tp
0,0.604687511920929,0.6426967978477478,0.598305344581604,964.0,930.0,0.7013325095176697,0.01,0.2039051204919815,0.6005257368087769,0.6069315075874329,0.5983333587646484,0.6083333492279053,1470.0,1436.0,0.5,0.5,0.5,240.0,240.0,3.742802381515503,0.0,0.5,0.5,0.5,0.5,240.0,240.0
1,0.6442708373069763,0.7072534561157227,0.6493598222732544,667.0,682.0,0.6293649077415466,0.01,0.2980784773826599,0.6512115597724915,0.6475452184677124,0.6526041626930237,0.6447916626930237,1238.0,1253.0,0.5,0.5,0.5,240.0,240.0,3.7345190048217773,0.0,0.5,0.5,0.5,0.5,240.0,240.0
2,0.676562488079071,0.751319408416748,0.6806548237800598,616.0,609.0,0.5899600386619568,0.01,0.3623254895210266,0.6798186898231506,0.6816518306732178,0.6791666746139526,0.682812511920929,1311.0,1304.0,0.5,0.5,0.5,240.0,240.0,3.5425217151641846,0.0,0.5,0.5,0.5,0.5,240.0,240.0
3,0.7088541388511658,0.769955575466156,0.7093788981437683,561.0,550.0,0.5744883418083191,0.01,0.42171305418014526,0.7105039954185486,0.7118910551071167,0.707812488079071,0.7135416865348816,1370.0,1359.0,0.5,0.608556866645813,0.5,240.0,240.0,1.6521085500717163,0.0,0.5,0.5,0.5,0.5,240.0,240.0
4,0.7338541746139526,0.8103853464126587,0.7345731854438782,511.0,505.0,0.5332224369049072,0.0009999999,0.4711197316646576,0.7356250882148743,0.7361546754837036,0.7338541746139526,0.7369791865348816,1415.0,1409.0,0.5,0.6192100048065186,0.5,240.0,240.0,1.3972699642181396,0.0,0.5,0.5,0.5,0.5,240.0,240.0
5,0.7598958611488342,0.8305550217628479,0.7597135901451111,462.0,460.0,0.509158730506897,0.0009999999,0.5199893116950989,0.7598170638084412,0.7601668238639832,0.7593749761581421,0.7604166865348816,1460.0,1458.0,0.5,0.6323654651641846,0.5,240.0,240.0,1.107973337173462,0.0,0.5,0.5,0.5,0.5,240.0,240.0
