epoch,accuracy,auc,f1_score,fn,fp,loss,lr,mcc,npv,precision,recall,specificity,tn,tp,val_accuracy,val_auc,val_f1_score,val_fn,val_fp,val_loss,val_mcc,val_npv,val_precision,val_recall,val_specificity,val_tn,val_tp
0,0.5432291626930237,0.5387585759162903,0.5334106683731079,1135.0,1127.0,0.7433182597160339,0.01,0.06851919740438461,0.5331164598464966,0.5288461446762085,0.5270833373069763,0.5348958373069763,1273.0,1265.0,0.5,0.5,0.5,240.0,240.0,12.16973876953125,0.0,0.5,0.5,0.5,0.5,240.0,240.0
1,0.620312511920929,0.662731409072876,0.6165170073509216,735.0,737.0,0.6535717248916626,0.01,0.23376376926898956,0.6172271966934204,0.6165452599525452,0.6171875,0.6161458492279053,1183.0,1185.0,0.5229166746139526,0.5364583730697632,0.45834511518478394,277.0,167.0,0.7010091543197632,0.06054728478193283,0.5414478778839111,0.5486486554145813,0.4229166805744171,0.6520833373069763,313.0,203.0
2,0.660937488079071,0.7014891505241394,0.6595898270606995,652.0,657.0,0.6309442520141602,0.01,0.3187512755393982,0.6594851613044739,0.6587013006210327,0.6604166626930237,0.6578124761581421,1263.0,1268.0,0.5,0.5969509482383728,0.5,240.0,240.0,0.7364678978919983,0.0,0.5,0.5,0.5,0.5,240.0,240.0
3,0.6895833611488342,0.7457915544509888,0.68611741065979,605.0,596.0,0.5965696573257446,0.01,0.3747048079967499,0.6871647238731384,0.6881213784217834,0.6848958134651184,0.6895833611488342,1324.0,1315.0,0.5,0.610998272895813,0.5,240.0,240.0,1.0244086980819702,0.0,0.5,0.5,0.5,0.5,240.0,240.0
4,0.7026041746139526,0.769550621509552,0.7009764909744263,573.0,577.0,0.5771826505661011,0.01,0.4012898802757263,0.7006996273994446,0.7001039385795593,0.7015625238418579,0.6994791626930237,1343.0,1347.0,0.5,0.6253276467323303,0.5,240.0,240.0,0.8007351160049438,0.0,0.5,0.5,0.5,0.5,240.0,240.0
5,0.7135416865348816,0.7830085158348083,0.7127065062522888,547.0,559.0,0.5593287348747253,0.0009999999,0.4241633117198944,0.7137190699577332,0.7106625437736511,0.7151041626930237,0.7088541388511658,1361.0,1373.0,0.5,0.6226519346237183,0.5,240.0,240.0,1.11980402469635,0.0,0.5,0.5,0.5,0.5,240.0,240.0
6,0.7427083253860474,0.8159134984016418,0.7415354251861572,493.0,501.0,0.5269119143486023,0.0009999999,0.48253121972084045,0.742578387260437,0.740145206451416,0.7432291507720947,0.739062488079071,1419.0,1427.0,0.5,0.6340407729148865,0.5,240.0,240.0,1.3504139184951782,0.0,0.5,0.5,0.5,0.5,240.0,240.0
