epoch,accuracy,auc,f1_score,fn,fp,loss,lr,mcc,npv,precision,recall,specificity,tn,tp,val_accuracy,val_auc,val_f1_score,val_fn,val_fp,val_loss,val_mcc,val_npv,val_precision,val_recall,val_specificity,val_tn,val_tp
0,0.574999988079071,0.5972208380699158,0.5619486570358276,1047.0,1015.0,0.7256888151168823,0.01,0.13119754195213318,0.5651189684867859,0.5713682174682617,0.5637500286102295,0.5708333253860474,1385.0,1353.0,0.5,0.5,0.5,240.0,240.0,12.32276725769043,0.0,0.5,0.5,0.5,0.5,240.0,240.0
1,0.6380208134651184,0.6824508309364319,0.6315485835075378,714.0,690.0,0.6395610570907593,0.01,0.26907551288604736,0.633617103099823,0.6360759735107422,0.628125011920929,0.640625,1230.0,1206.0,0.5,0.5962152481079102,0.5,240.0,240.0,0.8702669143676758,0.0,0.5,0.5,0.5,0.5,240.0,240.0
2,0.6541666388511658,0.7100656628608704,0.6520251631736755,668.0,667.0,0.6196414232254028,0.01,0.30508843064308167,0.6524795293807983,0.6524231433868408,0.6520833373069763,0.6526041626930237,1253.0,1252.0,0.5,0.6271549463272095,0.5,240.0,240.0,1.2054252624511719,0.0,0.5,0.5,0.5,0.5,240.0,240.0
3,0.6723958253860474,0.7317603230476379,0.669858992099762,636.0,629.0,0.605918824672699,0.01,0.34136971831321716,0.6701185703277588,0.6711970567703247,0.668749988079071,0.6723958253860474,1291.0,1284.0,0.5,0.6179426908493042,0.5,240.0,240.0,1.8933265209197998,0.0,0.5,0.5,0.5,0.5,240.0,240.0
4,0.6703125238418579,0.73148113489151,0.6660814881324768,647.0,628.0,0.6077647805213928,0.0009999999,0.3361561596393585,0.6667708158493042,0.6696475744247437,0.6630208492279053,0.6729166507720947,1292.0,1273.0,0.5,0.6357942819595337,0.5,240.0,240.0,1.1076630353927612,0.0,0.5,0.5,0.5,0.5,240.0,240.0
5,0.7041666507720947,0.766223669052124,0.705768346786499,560.0,574.0,0.5778796672821045,0.0009999999,0.40976622700691223,0.7063142657279968,0.7032057642936707,0.7083333134651184,0.7010416388511658,1346.0,1360.0,0.5,0.6500107645988464,0.5,240.0,240.0,0.8791484832763672,0.0,0.5,0.5,0.5,0.5,240.0,240.0
