epoch,accuracy,auc,f1_score,fn,fp,loss,lr,mcc,npv,precision,recall,specificity,tn,tp,val_accuracy,val_auc,val_f1_score,val_fn,val_fp,val_loss,val_mcc,val_npv,val_precision,val_recall,val_specificity,val_tn,val_tp
0,0.5718749761581421,0.6606276035308838,0.5663061141967773,949.0,951.0,0.7028781175613403,0.01,0.1326589584350586,0.565780520439148,0.6040799617767334,0.6045833230018616,0.5651041865348816,1449.0,1451.0,0.5,0.5,0.0,480.0,0.0,86.9573974609375,0.0,0.5,0.0,0.0,1.0,480.0,0.0
1,0.5958333611488342,0.6303618550300598,0.5882518887519836,788.0,794.0,0.6703978776931763,0.01,0.17622633278369904,0.5882863998413086,0.5877466201782227,0.5895833373069763,0.5864583253860474,1126.0,1132.0,0.5,0.5,0.5,240.0,240.0,4.650644302368164,0.0,0.5,0.5,0.5,0.5,240.0,240.0
2,0.6130208373069763,0.6569596529006958,0.6157320737838745,730.0,754.0,0.651194155216217,0.01,0.22750115394592285,0.6149657368659973,0.6121399402618408,0.6197916865348816,0.6072916388511658,1166.0,1190.0,0.5,0.5972917079925537,0.5,240.0,240.0,0.9644843935966492,0.0,0.5,0.5,0.5,0.5,240.0,240.0
3,0.6479166746139526,0.6993865966796875,0.6461050510406494,675.0,688.0,0.6245265603065491,0.01,0.29048094153404236,0.6462923884391785,0.6440765857696533,0.6484375,0.6416666507720947,1232.0,1245.0,0.5,0.6114648580551147,0.5,240.0,240.0,1.1195728778839111,0.0,0.5,0.5,0.5,0.5,240.0,240.0
4,0.668749988079071,0.7275977730751038,0.6677990555763245,635.0,640.0,0.6080333590507507,0.0009999999,0.33619949221611023,0.6696130037307739,0.6675324440002441,0.6692708134651184,0.6666666865348816,1280.0,1285.0,0.5,0.6185719966888428,0.5,240.0,240.0,1.341246485710144,0.0,0.5,0.5,0.5,0.5,240.0,240.0
5,0.675000011920929,0.7444204092025757,0.6749286651611328,618.0,635.0,0.5917463898658752,0.0009999999,0.34768179059028625,0.6757274270057678,0.6721734404563904,0.6781250238418579,0.6692708134651184,1285.0,1302.0,0.5,0.6211805939674377,0.5,240.0,240.0,0.8076664209365845,0.0,0.5,0.5,0.5,0.5,240.0,240.0
