epoch,accuracy,auc,f1_score,fn,fp,loss,lr,mcc,npv,precision,recall,specificity,tn,tp,val_accuracy,val_auc,val_f1_score,val_fn,val_fp,val_loss,val_mcc,val_npv,val_precision,val_recall,val_specificity,val_tn,val_tp
0,0.578125,0.5854248404502869,0.5779503583908081,1050.0,1042.0,0.7160078287124634,0.01,0.161141499876976,0.5810907483100891,0.5643812417984009,0.5625,0.5822916626930237,1358.0,1350.0,0.5,0.5,0.5,240.0,240.0,249.35153198242188,0.0,0.5,0.5,0.5,0.5,240.0,240.0
1,0.5973958373069763,0.6228867173194885,0.5899085402488708,801.0,750.0,0.6724339723587036,0.01,0.19277988374233246,0.5939109325408936,0.5987159013748169,0.582812488079071,0.609375,1170.0,1119.0,0.5,0.5,0.5,240.0,240.0,4.876733779907227,0.0,0.5,0.5,0.5,0.5,240.0,240.0
2,0.6187499761581421,0.6627906560897827,0.6185958385467529,726.0,746.0,0.6559792757034302,0.01,0.23369070887565613,0.6177230477333069,0.61546391248703,0.621874988079071,0.6114583611488342,1174.0,1194.0,0.5,0.5482985973358154,0.5,240.0,240.0,2.2950356006622314,0.0,0.5,0.5,0.5,0.5,240.0,240.0
3,0.6260416507720947,0.681151807308197,0.6303926110267639,710.0,708.0,0.6391920447349548,0.01,0.2618049383163452,0.630719006061554,0.6308655142784119,0.6302083134651184,0.6312500238418579,1212.0,1210.0,0.5,0.5297331213951111,0.24487482011318207,396.0,56.0,0.7157278656959534,0.04917245730757713,0.5235683917999268,0.6000000238418579,0.17499999701976776,0.8833333253860474,424.0,84.0
4,0.6588541865348816,0.712763786315918,0.6562280654907227,658.0,662.0,0.6203946471214294,0.0009999999,0.3127228319644928,0.657370924949646,0.6559251546859741,0.6572916507720947,0.6552083492279053,1258.0,1262.0,0.5,0.5612521767616272,0.5,240.0,240.0,0.8136463761329651,0.0,0.5,0.5,0.5,0.5,240.0,240.0
5,0.6770833134651184,0.7354820370674133,0.6759135723114014,622.0,622.0,0.6002886891365051,0.0009999999,0.3522505462169647,0.6762601137161255,0.6760416626930237,0.6760416626930237,0.6760416626930237,1298.0,1298.0,0.5,0.5608940720558167,0.5,240.0,240.0,0.9846136569976807,0.0,0.5,0.5,0.5,0.5,240.0,240.0
