epoch,accuracy,auc,f1_score,fn,fp,loss,lr,mcc,npv,precision,recall,specificity,tn,tp,val_accuracy,val_auc,val_f1_score,val_fn,val_fp,val_loss,val_mcc,val_npv,val_precision,val_recall,val_specificity,val_tn,val_tp
0,0.582812488079071,0.592361330986023,0.5827743411064148,1039.0,1045.0,0.7281910181045532,0.01,0.1639219969511032,0.5825717449188232,0.5656691789627075,0.5670833587646484,0.578125,1355.0,1361.0,0.5,0.49409937858581543,0.5,240.0,240.0,11.024423599243164,0.0,0.5,0.5,0.5,0.5,240.0,240.0
1,0.629687488079071,0.6794344186782837,0.6330868005752563,693.0,728.0,0.6353750228881836,0.01,0.2603010833263397,0.6324408650398254,0.6276214718818665,0.6390625238418579,0.6208333373069763,1192.0,1227.0,0.5,0.5,0.5,240.0,240.0,3.527726888656616,0.0,0.5,0.5,0.5,0.5,240.0,240.0
2,0.660937488079071,0.7085190415382385,0.658058762550354,661.0,646.0,0.6204321384429932,0.01,0.31973859667778015,0.6588823199272156,0.6608923673629761,0.6557291746139526,0.6635416746139526,1274.0,1259.0,0.5,0.5740863680839539,0.5,240.0,240.0,1.027133584022522,0.0,0.5,0.5,0.5,0.5,240.0,240.0
3,0.6708333492279053,0.7282232046127319,0.6700307726860046,624.0,651.0,0.604771614074707,0.01,0.33658209443092346,0.6709844470024109,0.6656394600868225,0.675000011920929,0.660937488079071,1269.0,1296.0,0.5,0.5739409923553467,0.5,240.0,240.0,1.3880417346954346,0.0,0.5,0.5,0.5,0.5,240.0,240.0
4,0.6802083253860474,0.7388256192207336,0.6778958439826965,621.0,613.0,0.593868613243103,0.0009999999,0.3575671911239624,0.6781027913093567,0.6793932914733887,0.676562488079071,0.6807291507720947,1307.0,1299.0,0.5,0.5779557228088379,0.5,240.0,240.0,1.185459852218628,0.0,0.5,0.5,0.5,0.5,240.0,240.0
5,0.6890624761581421,0.7588163614273071,0.6920948624610901,588.0,596.0,0.576724112033844,0.0009999999,0.3835841715335846,0.6929577589035034,0.6908713579177856,0.6937500238418579,0.6895833611488342,1324.0,1332.0,0.5,0.5768880248069763,0.5,240.0,239.0,1.0858230590820312,0.0020517667289823294,0.5020201802253723,0.5010438561439514,0.5,0.5020833611488342,241.0,240.0
