epoch,accuracy,auc,f1_score,fn,fp,loss,lr,mcc,npv,precision,recall,specificity,tn,tp,val_accuracy,val_auc,val_f1_score,val_fn,val_fp,val_loss,val_mcc,val_npv,val_precision,val_recall,val_specificity,val_tn,val_tp
0,0.5895833373069763,0.6115829348564148,0.5815805792808533,1008.0,1003.0,0.7099183201789856,0.01,0.16822025179862976,0.5834150314331055,0.5812108516693115,0.5799999833106995,0.5880208611488342,1397.0,1392.0,0.5,0.5,0.6666666269302368,0.0,480.0,8.300678253173828,0.0,0.0,0.5,1.0,0.0,0.0,480.0
1,0.6291666626930237,0.6750094294548035,0.6241080164909363,729.0,703.0,0.6470398306846619,0.01,0.25459665060043335,0.6259248852729797,0.6288278698921204,0.620312511920929,0.6338541507720947,1217.0,1191.0,0.5,0.504687488079071,0.5,240.0,240.0,4.4020843505859375,0.0,0.5,0.5,0.5,0.5,240.0,240.0
2,0.6625000238418579,0.7106031775474548,0.6593601703643799,652.0,658.0,0.6198773980140686,0.01,0.3179512619972229,0.6593808531761169,0.6583592891693115,0.6604166626930237,0.6572916507720947,1262.0,1268.0,0.5,0.5026063323020935,0.5,240.0,240.0,3.1553258895874023,0.0,0.5,0.5,0.5,0.5,240.0,240.0
3,0.6604166626930237,0.7236546874046326,0.6599437594413757,647.0,663.0,0.6079869866371155,0.01,0.3179311752319336,0.6608406901359558,0.6575413346290588,0.6630208492279053,0.6546875238418579,1257.0,1273.0,0.5,0.5005208253860474,0.5,240.0,240.0,3.2638585567474365,0.0,0.5,0.5,0.5,0.5,240.0,240.0
4,0.6760416626930237,0.7343029379844666,0.6729729175567627,623.0,638.0,0.5982441306114197,0.0009999999,0.3434569537639618,0.6728326082229614,0.6702842116355896,0.6755208373069763,0.6677083373069763,1282.0,1297.0,0.5,0.5602018237113953,0.5,240.0,240.0,2.027567148208618,0.0,0.5,0.5,0.5,0.5,240.0,240.0
5,0.6895833611488342,0.7563045620918274,0.6865878701210022,602.0,601.0,0.5792850255966187,0.0009999999,0.37364113330841064,0.6867342591285706,0.6868160367012024,0.6864583492279053,0.6869791746139526,1319.0,1318.0,0.5,0.5681337118148804,0.5,240.0,240.0,1.410098910331726,0.0,0.5,0.5,0.5,0.5,240.0,240.0
