epoch,accuracy,auc,f1_score,fn,fp,loss,lr,mcc,npv,precision,recall,specificity,tn,tp,val_accuracy,val_auc,val_f1_score,val_fn,val_fp,val_loss,val_mcc,val_npv,val_precision,val_recall,val_specificity,val_tn,val_tp
0,0.6057291626930237,0.6314132809638977,0.5865732431411743,960.0,988.0,0.7012830972671509,0.01,0.1782892346382141,0.589495837688446,0.5930806994438171,0.6000000238418579,0.5916666388511658,1412.0,1440.0,0.5,0.5,0.5,240.0,240.0,72.86787414550781,0.0,0.5,0.5,0.5,0.5,240.0,240.0
1,0.6427083611488342,0.6869847774505615,0.6412732005119324,682.0,699.0,0.6416229009628296,0.01,0.2813422381877899,0.6427967548370361,0.6391326785087585,0.6447916626930237,0.635937511920929,1221.0,1238.0,0.5,0.5111523270606995,0.5,240.0,240.0,3.6197705268859863,0.0,0.5,0.5,0.5,0.5,240.0,240.0
2,0.6697916388511658,0.7157886028289795,0.6657896041870117,642.0,640.0,0.6176917552947998,0.01,0.33257848024368286,0.6662997603416443,0.6663190722465515,0.6656249761581421,0.6666666865348816,1280.0,1278.0,0.5,0.49790143966674805,0.5,240.0,240.0,2.437919855117798,0.0,0.5,0.5,0.5,0.5,240.0,240.0
3,0.6656249761581421,0.7273109555244446,0.6695786118507385,626.0,651.0,0.608959972858429,0.01,0.335165798664093,0.6696881055831909,0.6652956008911133,0.6739583611488342,0.660937488079071,1269.0,1294.0,0.5,0.5,0.5,240.0,240.0,2.942781925201416,0.0,0.5,0.5,0.5,0.5,240.0,240.0
4,0.676562488079071,0.7404452562332153,0.6744729280471802,626.0,622.0,0.6005173921585083,0.0009999999,0.35025447607040405,0.6750402450561523,0.6753653287887573,0.6739583611488342,0.6760416626930237,1298.0,1294.0,0.5,0.5343489646911621,0.5,240.0,240.0,2.3788154125213623,0.0,0.5,0.5,0.5,0.5,240.0,240.0
5,0.699999988079071,0.7697985172271729,0.6990171670913696,585.0,565.0,0.5704213380813599,0.0009999999,0.4015340507030487,0.6984450817108154,0.7026315927505493,0.6953125,0.7057291865348816,1355.0,1335.0,0.5,0.5509961247444153,0.5,240.0,240.0,1.4901083707809448,0.0,0.5,0.5,0.5,0.5,240.0,240.0
