epoch,accuracy,auc,f1_score,fn,fp,loss,lr,mcc,npv,precision,recall,specificity,tn,tp,val_accuracy,val_auc,val_f1_score,val_fn,val_fp,val_loss,val_mcc,val_npv,val_precision,val_recall,val_specificity,val_tn,val_tp
0,0.5755208134651184,0.5594158172607422,0.5655829310417175,1072.0,1071.0,0.7124348282814026,0.01,0.13347578048706055,0.5660844445228577,0.5535640120506287,0.5533333420753479,0.5666666626930237,1329.0,1328.0,0.5,0.5,0.6666666269302368,0.0,480.0,67.83110046386719,0.0,0.0,0.5,1.0,0.0,0.0,480.0
1,0.5833333134651184,0.6159354448318481,0.5856764912605286,798.0,782.0,0.6814795136451721,0.01,0.1775767207145691,0.5894724130630493,0.5892857313156128,0.5843750238418579,0.5927083492279053,1138.0,1122.0,0.5,0.5380229949951172,0.6666666269302368,0.0,480.0,2.2863106727600098,0.0,0.0,0.5,1.0,0.0,0.0,480.0
2,0.6390625238418579,0.6689178943634033,0.6292146444320679,722.0,687.0,0.6515716314315796,0.01,0.26664549112319946,0.6314969658851624,0.6355437636375427,0.6239583492279053,0.6421874761581421,1233.0,1198.0,0.5,0.5723980069160461,0.5,240.0,240.0,1.0149778127670288,0.0,0.5,0.5,0.5,0.5,240.0,240.0
3,0.6328125,0.6741823554039001,0.6300463080406189,717.0,693.0,0.6413947343826294,0.01,0.2659713923931122,0.6319799423217773,0.6344936490058899,0.6265624761581421,0.6390625238418579,1227.0,1203.0,0.5,0.5133224725723267,0.5,240.0,240.0,1.2241098880767822,0.0,0.5,0.5,0.5,0.5,240.0,240.0
4,0.6395833492279053,0.6816751956939697,0.6296430230140686,717.0,697.0,0.6428658366203308,0.0009999999,0.26406413316726685,0.6305691003799438,0.6331579089164734,0.6265624761581421,0.6369791626930237,1223.0,1203.0,0.5,0.5065038800239563,0.5,240.0,240.0,0.987977921962738,0.0,0.5,0.5,0.5,0.5,240.0,240.0
5,0.6526041626930237,0.7038353085517883,0.6477963924407959,679.0,670.0,0.6249098181724548,0.0009999999,0.29776328802108765,0.6481518149375916,0.6493982076644897,0.6463541388511658,0.6510416865348816,1250.0,1241.0,0.5,0.5172677636146545,0.5,240.0,240.0,0.8311726450920105,0.0,0.5,0.5,0.5,0.5,240.0,240.0
