epoch,accuracy,auc,f1_score,fn,fp,loss,lr,mcc,npv,precision,recall,specificity,tn,tp,val_accuracy,val_auc,val_f1_score,val_fn,val_fp,val_loss,val_mcc,val_npv,val_precision,val_recall,val_specificity,val_tn,val_tp
0,0.5651041865348816,0.5557639002799988,0.5643330216407776,1072.0,1079.0,0.730817973613739,0.01,0.1300269514322281,0.5655714869499207,0.5517241358757019,0.5533333420753479,0.5630208253860474,1321.0,1328.0,0.5,0.5,0.5,240.0,240.0,93.95685577392578,0.0,0.5,0.5,0.5,0.5,240.0,240.0
1,0.6119791865348816,0.6448285579681396,0.6121755838394165,741.0,748.0,0.663216233253479,0.01,0.2254490703344345,0.6139392256736755,0.6118318438529968,0.614062488079071,0.6104166507720947,1172.0,1179.0,0.5,0.5026041865348816,0.5,240.0,240.0,4.14482307434082,0.0,0.5,0.5,0.5,0.5,240.0,240.0
2,0.6411458253860474,0.6853569746017456,0.639661967754364,691.0,694.0,0.6351603269577026,0.01,0.27936092019081116,0.6390699744224548,0.6391055583953857,0.6401041746139526,0.6385416388511658,1226.0,1229.0,0.5,0.6132530570030212,0.5,240.0,240.0,1.125460147857666,0.0,0.5,0.5,0.5,0.5,240.0,240.0
3,0.6505208611488342,0.7072958946228027,0.6487772464752197,673.0,676.0,0.619768500328064,0.01,0.2977059781551361,0.6492952704429626,0.6484659314155579,0.6494791507720947,0.6479166746139526,1244.0,1247.0,0.5,0.6141015887260437,0.5,240.0,240.0,1.8640731573104858,0.0,0.5,0.5,0.5,0.5,240.0,240.0
4,0.675000011920929,0.7268158197402954,0.6742923855781555,615.0,643.0,0.6108008623123169,0.0009999999,0.34520891308784485,0.6759904623031616,0.6699178814888,0.6796875,0.6651041507720947,1277.0,1305.0,0.5,0.6201801300048828,0.5,240.0,240.0,1.0964874029159546,0.0,0.5,0.5,0.5,0.5,240.0,240.0
5,0.6890624761581421,0.750548779964447,0.6884340047836304,595.0,605.0,0.5903990268707275,0.0009999999,0.37527748942375183,0.6882683634757996,0.6865285038948059,0.6901041865348816,0.6848958134651184,1315.0,1325.0,0.5,0.6217296123504639,0.5,240.0,240.0,0.8459802865982056,0.0,0.5,0.5,0.5,0.5,240.0,240.0
