epoch,accuracy,auc,f1_score,fn,fp,loss,lr,mcc,npv,precision,recall,specificity,tn,tp,val_accuracy,val_auc,val_f1_score,val_fn,val_fp,val_loss,val_mcc,val_npv,val_precision,val_recall,val_specificity,val_tn,val_tp
0,0.5729166865348816,0.5617964267730713,0.5600443482398987,1086.0,1066.0,0.7261630892753601,0.01,0.12978683412075043,0.5663271546363831,0.5521008372306824,0.5475000143051147,0.5697916746139526,1334.0,1314.0,0.5,0.48993706703186035,0.5,240.0,240.0,15.113313674926758,0.0,0.5,0.5,0.5,0.5,240.0,240.0
1,0.6114583611488342,0.6255412697792053,0.594862163066864,775.0,780.0,0.6794748306274414,0.01,0.19058099389076233,0.5959810614585876,0.5948051810264587,0.5963541865348816,0.59375,1140.0,1145.0,0.5,0.5,0.5,240.0,240.0,7.3162522315979,0.0,0.5,0.5,0.5,0.5,240.0,240.0
2,0.6322916746139526,0.6753371953964233,0.6258256435394287,718.0,717.0,0.646549642086029,0.01,0.25309914350509644,0.6266499757766724,0.6263679265975952,0.6260416507720947,0.6265624761581421,1203.0,1202.0,0.5,0.565722644329071,0.5,240.0,240.0,0.8307761549949646,0.0,0.5,0.5,0.5,0.5,240.0,240.0
3,0.6458333134651184,0.697758138179779,0.640698254108429,697.0,674.0,0.630539059638977,0.01,0.28627175092697144,0.6413975954055786,0.644702136516571,0.6369791626930237,0.6489583253860474,1246.0,1223.0,0.5,0.5747569799423218,0.5,240.0,239.0,0.6874344348907471,0.0020517667289823294,0.5020201802253723,0.5010438561439514,0.5,0.5020833611488342,241.0,240.0
4,0.6630208492279053,0.7234542369842529,0.6662523746490479,640.0,642.0,0.6133729219436646,0.0009999999,0.33270636200904846,0.666523814201355,0.6659729480743408,0.6666666865348816,0.6656249761581421,1278.0,1280.0,0.5,0.5840256214141846,0.5,240.0,240.0,1.1194709539413452,0.0,0.5,0.5,0.5,0.5,240.0,240.0
5,0.6869791746139526,0.7502683401107788,0.6858745217323303,600.0,608.0,0.5879057049751282,0.0009999999,0.37101924419403076,0.6866152882575989,0.6846473217010498,0.6875,0.6833333373069763,1312.0,1320.0,0.5,0.5843597650527954,0.5,240.0,240.0,0.9327887296676636,0.0,0.5,0.5,0.5,0.5,240.0,240.0
