epoch,accuracy,auc,f1_score,fn,fp,loss,lr,mcc,npv,precision,recall,specificity,tn,tp,val_accuracy,val_auc,val_f1_score,val_fn,val_fp,val_loss,val_mcc,val_npv,val_precision,val_recall,val_specificity,val_tn,val_tp
0,0.589062511920929,0.5770062804222107,0.574698269367218,1064.0,1028.0,0.707764744758606,0.01,0.1606888324022293,0.5802599191665649,0.5651438236236572,0.5566666722297668,0.5895833373069763,1372.0,1336.0,0.5,0.5,0.5,240.0,240.0,109.689697265625,0.0,0.5,0.5,0.5,0.5,240.0,240.0
1,0.6151041388511658,0.6575543284416199,0.6138575077056885,733.0,755.0,0.6591691374778748,0.01,0.2252911478281021,0.6152483820915222,0.6112255454063416,0.6182291507720947,0.6067708134651184,1165.0,1187.0,0.5,0.5,0.5,240.0,240.0,10.06231689453125,0.0,0.5,0.5,0.5,0.5,240.0,240.0
2,0.6328125,0.6690019965171814,0.6279715299606323,715.0,713.0,0.6440639495849609,0.01,0.2567508816719055,0.6278510689735413,0.6282585859298706,0.6276041865348816,0.6286458373069763,1207.0,1205.0,0.5,0.5,0.5,240.0,240.0,9.652249336242676,0.0,0.5,0.5,0.5,0.5,240.0,240.0
3,0.6343749761581421,0.6837230920791626,0.6326034069061279,707.0,702.0,0.6371458172798157,0.01,0.2663103938102722,0.632592499256134,0.6334203481674194,0.6317708492279053,0.6343749761581421,1218.0,1213.0,0.5,0.5,0.5,240.0,240.0,4.076256275177002,0.0,0.5,0.5,0.5,0.5,240.0,240.0
4,0.643750011920929,0.695574164390564,0.6440872550010681,679.0,692.0,0.6351446509361267,0.0009999999,0.2862492799758911,0.6441071629524231,0.6420072317123413,0.6463541388511658,0.6395833492279053,1228.0,1241.0,0.5,0.5738758444786072,0.5,240.0,240.0,1.8860737085342407,0.0,0.5,0.5,0.5,0.5,240.0,240.0
5,0.6703125238418579,0.7272569537162781,0.6700897216796875,636.0,628.0,0.6088742017745972,0.0009999999,0.34193870425224304,0.6702350974082947,0.6715481281280518,0.668749988079071,0.6729166507720947,1292.0,1284.0,0.5,0.5720681548118591,0.5,240.0,240.0,1.4480535984039307,0.0,0.5,0.5,0.5,0.5,240.0,240.0
