epoch,accuracy,auc,f1_score,fn,fp,loss,lr,mcc,npv,precision,recall,specificity,tn,tp,val_accuracy,val_auc,val_f1_score,val_fn,val_fp,val_loss,val_mcc,val_npv,val_precision,val_recall,val_specificity,val_tn,val_tp
0,0.567187488079071,0.5530802011489868,0.565491795539856,1072.0,1068.0,0.7329865097999573,0.01,0.13618293404579163,0.5695605874061584,0.5542570948600769,0.5533333420753479,0.5687500238418579,1332.0,1328.0,0.5,0.5,0.5,240.0,240.0,149.2375030517578,0.0,0.5,0.5,0.5,0.5,240.0,240.0
1,0.6333333253860474,0.6789950728416443,0.6332998275756836,700.0,708.0,0.644216001033783,0.01,0.26737356185913086,0.634937047958374,0.6327800750732422,0.6354166865348816,0.6312500238418579,1212.0,1220.0,0.5,0.5,0.5,240.0,240.0,3.817084789276123,0.0,0.5,0.5,0.5,0.5,240.0,240.0
2,0.6458333134651184,0.70052170753479,0.6407617330551147,691.0,685.0,0.6268185377120972,0.01,0.2837108075618744,0.6417478322982788,0.6421107649803162,0.6401041746139526,0.6432291865348816,1235.0,1229.0,0.5,0.5465494990348816,0.5,240.0,240.0,0.7287509441375732,0.0,0.5,0.5,0.5,0.5,240.0,240.0
3,0.660937488079071,0.711954653263092,0.6586872935295105,652.0,664.0,0.6182173490524292,0.01,0.3149298429489136,0.6576452851295471,0.6563146710395813,0.6604166626930237,0.6541666388511658,1256.0,1268.0,0.5,0.5458484888076782,0.5,240.0,240.0,0.7933655381202698,0.0,0.5,0.5,0.5,0.5,240.0,240.0
4,0.6885416507720947,0.752526581287384,0.6911299824714661,591.0,597.0,0.5865100026130676,0.0009999999,0.3815258741378784,0.6912641525268555,0.6900311708450317,0.692187488079071,0.6890624761581421,1323.0,1329.0,0.5,0.5555469393730164,0.5,240.0,240.0,1.019709587097168,0.0,0.5,0.5,0.5,0.5,240.0,240.0
5,0.6854166388511658,0.7593496441841125,0.6858964562416077,600.0,609.0,0.5781881809234619,0.0009999999,0.3704904317855835,0.686016321182251,0.6842923760414124,0.6875,0.682812511920929,1311.0,1320.0,0.5,0.5575520992279053,0.5,240.0,240.0,0.8816803693771362,0.0,0.5,0.5,0.5,0.5,240.0,240.0
