epoch,accuracy,auc,f1_score,fn,fp,loss,lr,mcc,npv,precision,recall,specificity,tn,tp,val_accuracy,val_auc,val_f1_score,val_fn,val_fp,val_loss,val_mcc,val_npv,val_precision,val_recall,val_specificity,val_tn,val_tp
0,0.6432291865348816,0.6914123892784119,0.6372275948524475,842.0,829.0,0.6855380535125732,0.01,0.2791450619697571,0.6412307620048523,0.6527021527290344,0.6491666436195374,0.6411458253860474,1571.0,1558.0,0.5,0.5240863561630249,0.6666666269302368,0.0,480.0,2.903454303741455,0.0,0.0,0.5,1.0,0.0,0.0,480.0
1,0.7088541388511658,0.7723079919815063,0.7052767276763916,563.0,568.0,0.5730603337287903,0.01,0.4113946557044983,0.7073385119438171,0.7049350738525391,0.7067708373069763,0.7041666507720947,1352.0,1357.0,0.5,0.5648676156997681,0.5,240.0,240.0,1.032479166984558,0.0,0.5,0.5,0.5,0.5,240.0,240.0
2,0.7411458492279053,0.8124747276306152,0.7355780005455017,510.0,503.0,0.5278452038764954,0.01,0.4726284146308899,0.7357041835784912,0.7370622158050537,0.734375,0.7380208373069763,1417.0,1410.0,0.5,0.5872829556465149,0.5,240.0,240.0,1.1443655490875244,0.0,0.5,0.5,0.5,0.5,240.0,240.0
3,0.7604166865348816,0.8375121355056763,0.7574586868286133,472.0,455.0,0.4951370656490326,0.01,0.5173777341842651,0.7565266489982605,0.7609038352966309,0.7541666626930237,0.7630208134651184,1465.0,1448.0,0.5,0.5843554735183716,0.5,240.0,240.0,1.2326964139938354,0.0,0.5,0.5,0.5,0.5,240.0,240.0
4,0.7567708492279053,0.8485254049301147,0.7551993727684021,468.0,473.0,0.48158490657806396,0.0009999999,0.5100962519645691,0.7558578848838806,0.7542856931686401,0.7562500238418579,0.7536458373069763,1447.0,1452.0,0.5,0.5969206094741821,0.5,240.0,240.0,0.7801569104194641,0.0,0.5,0.5,0.5,0.5,240.0,240.0
5,0.7984374761581421,0.8840444087982178,0.8011329770088196,380.0,385.0,0.43446874618530273,0.0009999999,0.6017559766769409,0.8015062808990479,0.800000011920929,0.8020833134651184,0.7994791865348816,1535.0,1540.0,0.5,0.6069791913032532,0.5,240.0,240.0,1.5576443672180176,0.0,0.5,0.5,0.5,0.5,240.0,240.0
