epoch,accuracy,auc,f1_score,fn,fp,loss,lr,mcc,npv,precision,recall,specificity,tn,tp,val_accuracy,val_auc,val_f1_score,val_fn,val_fp,val_loss,val_mcc,val_npv,val_precision,val_recall,val_specificity,val_tn,val_tp
0,0.6307291388511658,0.6110262274742126,0.6220535039901733,964.0,967.0,0.6959224939346313,0.01,0.2447800189256668,0.6224439740180969,0.5975863337516785,0.5983333587646484,0.6213541626930237,1433.0,1436.0,0.5,0.5,0.5,240.0,240.0,12.323514938354492,0.0,0.5,0.5,0.5,0.5,240.0,240.0
1,0.7088541388511658,0.7779922485351562,0.709254801273346,562.0,550.0,0.5651547312736511,0.01,0.4212750792503357,0.7097702026367188,0.7117400169372559,0.7072916626930237,0.7135416865348816,1370.0,1358.0,0.5,0.5,0.5,240.0,240.0,6.887345790863037,0.0,0.5,0.5,0.5,0.5,240.0,240.0
2,0.7421875,0.8173080682754517,0.74220871925354,494.0,496.0,0.5217841267585754,0.01,0.48463955521583557,0.7427785992622375,0.7419354915618896,0.7427083253860474,0.7416666746139526,1424.0,1426.0,0.5,0.5,0.5,240.0,240.0,5.649561405181885,0.0,0.5,0.5,0.5,0.5,240.0,240.0
3,0.7666666507720947,0.8476172685623169,0.7688540816307068,441.0,448.0,0.4841211438179016,0.01,0.5371760129928589,0.7697046995162964,0.7675142884254456,0.770312488079071,0.7666666507720947,1472.0,1479.0,0.5,0.5067708492279053,0.5,240.0,240.0,3.5932791233062744,0.0,0.5,0.5,0.5,0.5,240.0,240.0
4,0.793749988079071,0.8761472702026367,0.7935028076171875,397.0,395.0,0.4476977586746216,0.0009999999,0.5878316164016724,0.7939348816871643,0.7940562963485718,0.7932291626930237,0.7942708134651184,1525.0,1523.0,0.5,0.5,0.5,240.0,240.0,3.7878053188323975,0.0,0.5,0.5,0.5,0.5,240.0,240.0
5,0.8265625238418579,0.905428946018219,0.8281829357147217,329.0,331.0,0.3975139856338501,0.0009999999,0.65651535987854,0.8287315368652344,0.8277835845947266,0.8286458253860474,0.8276041746139526,1589.0,1591.0,0.5,0.5693337917327881,0.5,240.0,240.0,2.71378231048584,0.0,0.5,0.5,0.5,0.5,240.0,240.0
