epoch,accuracy,auc,f1_score,fn,fp,loss,lr,mcc,npv,precision,recall,specificity,tn,tp,val_accuracy,val_auc,val_f1_score,val_fn,val_fp,val_loss,val_mcc,val_npv,val_precision,val_recall,val_specificity,val_tn,val_tp
0,0.6104166507720947,0.6898974776268005,0.6041306257247925,882.0,855.0,0.7201715707778931,0.01,0.2150622457265854,0.605152428150177,0.6396965980529785,0.6324999928474426,0.614062488079071,1545.0,1518.0,0.5,0.5266297459602356,0.6666666269302368,0.0,480.0,5.249445915222168,0.0,0.0,0.5,1.0,0.0,0.0,480.0
1,0.6973958611488342,0.7635263800621033,0.6946609020233154,589.0,582.0,0.5817102789878845,0.01,0.3906552195549011,0.6942017674446106,0.6957657933235168,0.6932291388511658,0.6968749761581421,1338.0,1331.0,0.5,0.5643033981323242,0.5,240.0,240.0,2.0816473960876465,0.0,0.5,0.5,0.5,0.5,240.0,240.0
2,0.7203124761581421,0.80311518907547,0.7215309739112854,536.0,531.0,0.5383922457695007,0.01,0.4445045590400696,0.7220817804336548,0.7227153778076172,0.7208333611488342,0.723437488079071,1389.0,1384.0,0.5,0.5942534804344177,0.5,240.0,240.0,1.896156668663025,0.0,0.5,0.5,0.5,0.5,240.0,240.0
3,0.7604166865348816,0.8360779881477356,0.7612088918685913,460.0,456.0,0.5002332329750061,0.01,0.5232387781143188,0.7610957026481628,0.7620041966438293,0.7604166865348816,0.762499988079071,1464.0,1460.0,0.5,0.6533442139625549,0.5,240.0,240.0,1.1810492277145386,0.0,0.5,0.5,0.5,0.5,240.0,240.0
4,0.7822916507720947,0.8745681047439575,0.7799913287162781,422.0,422.0,0.4432799220085144,0.0009999999,0.5606239438056946,0.7807760238647461,0.7802083492279053,0.7802083492279053,0.7802083492279053,1498.0,1498.0,0.5,0.5756402015686035,0.5,240.0,240.0,2.699728488922119,0.0,0.5,0.5,0.5,0.5,240.0,240.0
5,0.8187500238418579,0.9010128378868103,0.8197889924049377,346.0,346.0,0.40285393595695496,0.0009999999,0.6398340463638306,0.8199599981307983,0.8197916746139526,0.8197916746139526,0.8197916746139526,1574.0,1574.0,0.5,0.6493185758590698,0.5,240.0,240.0,1.8135007619857788,0.0,0.5,0.5,0.5,0.5,240.0,240.0
