epoch,accuracy,auc,f1_score,fn,fp,loss,lr,mcc,npv,precision,recall,specificity,tn,tp,val_accuracy,val_auc,val_f1_score,val_fn,val_fp,val_loss,val_mcc,val_npv,val_precision,val_recall,val_specificity,val_tn,val_tp
0,0.6182291507720947,0.605051577091217,0.6132729649543762,971.0,998.0,0.7067602276802063,0.01,0.22515958547592163,0.6166373491287231,0.5887927412986755,0.5954166650772095,0.6052083373069763,1402.0,1429.0,0.5,0.5,0.5,240.0,240.0,17.24364471435547,0.0,0.5,0.5,0.5,0.5,240.0,240.0
1,0.707812488079071,0.7853440046310425,0.7110835313796997,552.0,558.0,0.5558974742889404,0.01,0.4227760434150696,0.7125945687294006,0.7102803587913513,0.7124999761581421,0.7093750238418579,1362.0,1368.0,0.5,0.5,0.5,240.0,240.0,6.242467880249023,0.0,0.5,0.5,0.5,0.5,240.0,240.0
2,0.7276041507720947,0.80975341796875,0.7245977520942688,528.0,531.0,0.5316226482391357,0.01,0.4487713575363159,0.7244025468826294,0.7238689661026001,0.7250000238418579,0.723437488079071,1389.0,1392.0,0.5,0.5,0.5,240.0,240.0,3.6988632678985596,0.0,0.5,0.5,0.5,0.5,240.0,240.0
3,0.7562500238418579,0.8377119302749634,0.7519668936729431,475.0,477.0,0.495871901512146,0.01,0.5044813752174377,0.7529711127281189,0.7518210411071777,0.7526041865348816,0.7515624761581421,1443.0,1445.0,0.5,0.5947981476783752,0.5,240.0,240.0,2.3059439659118652,0.0,0.5,0.5,0.5,0.5,240.0,240.0
4,0.770312488079071,0.8491020202636719,0.7643909454345703,455.0,447.0,0.48188430070877075,0.0009999999,0.5306981801986694,0.7646995186805725,0.7662134170532227,0.7630208134651184,0.7671874761581421,1473.0,1465.0,0.5,0.6264084577560425,0.5,240.0,240.0,2.0355851650238037,0.0,0.5,0.5,0.5,0.5,240.0,240.0
5,0.8020833134651184,0.8873229622840881,0.8016232848167419,382.0,379.0,0.430530846118927,0.0009999999,0.6039466261863708,0.801658570766449,0.8022952675819397,0.8010416626930237,0.8026041388511658,1541.0,1538.0,0.5,0.6285394430160522,0.5,240.0,240.0,1.8635516166687012,0.0,0.5,0.5,0.5,0.5,240.0,240.0
