epoch,accuracy,auc,f1_score,fn,fp,loss,lr,mcc,npv,precision,recall,specificity,tn,tp,val_accuracy,val_auc,val_f1_score,val_fn,val_fp,val_loss,val_mcc,val_npv,val_precision,val_recall,val_specificity,val_tn,val_tp
0,0.6343749761581421,0.6848373413085938,0.6252504587173462,854.0,865.0,0.677163302898407,0.01,0.25034359097480774,0.6261717677116394,0.6412277221679688,0.6441666483879089,0.6223958134651184,1535.0,1546.0,0.5,0.5594531297683716,0.0,480.0,0.0,1.4826089143753052,0.0,0.5,0.0,0.0,1.0,480.0,0.0
1,0.6927083134651184,0.7536113262176514,0.6891486644744873,594.0,602.0,0.5858244299888611,0.01,0.37740686535835266,0.6894388198852539,0.6877593398094177,0.690625011920929,0.6864583492279053,1318.0,1326.0,0.5,0.5,0.5,240.0,240.0,3.866879940032959,0.0,0.5,0.5,0.5,0.5,240.0,240.0
2,0.7265625,0.7908458709716797,0.7261921763420105,527.0,523.0,0.5519827008247375,0.01,0.4533376395702362,0.7263205051422119,0.7270354628562927,0.7255208492279053,0.7276041507720947,1397.0,1393.0,0.5,0.5036458373069763,0.5,240.0,240.0,2.6727209091186523,0.0,0.5,0.5,0.5,0.5,240.0,240.0
3,0.753125011920929,0.8267862796783447,0.7508106827735901,475.0,483.0,0.5118677616119385,0.01,0.5012731552124023,0.7521593570709229,0.7494813203811646,0.7526041865348816,0.7484375238418579,1437.0,1445.0,0.5,0.6204687356948853,0.5,240.0,240.0,0.7570521831512451,0.0,0.5,0.5,0.5,0.5,240.0,240.0
4,0.7666666507720947,0.847784698009491,0.766991376876831,448.0,446.0,0.4888356029987335,0.0009999999,0.5346497297286987,0.7672183513641357,0.767466127872467,0.7666666507720947,0.7677083611488342,1474.0,1472.0,0.5,0.6390885710716248,0.5,240.0,240.0,0.8103712201118469,0.0,0.5,0.5,0.5,0.5,240.0,240.0
5,0.7973958253860474,0.8850213885307312,0.7972580194473267,394.0,382.0,0.4356423616409302,0.0009999999,0.5960661768913269,0.7962554097175598,0.7997903823852539,0.7947916388511658,0.8010416626930237,1538.0,1526.0,0.5,0.6368337273597717,0.5,240.0,240.0,1.093367099761963,0.0,0.5,0.5,0.5,0.5,240.0,240.0
