epoch,accuracy,auc,f1_score,fn,fp,loss,lr,mcc,npv,precision,recall,specificity,tn,tp,val_accuracy,val_auc,val_f1_score,val_fn,val_fp,val_loss,val_mcc,val_npv,val_precision,val_recall,val_specificity,val_tn,val_tp
0,0.6156250238418579,0.613560140132904,0.6091158390045166,993.0,980.0,0.6910989880561829,0.01,0.2228899449110031,0.611613929271698,0.589442789554596,0.5862500071525574,0.6145833134651184,1420.0,1407.0,0.5,0.5,0.5,240.0,240.0,11.532172203063965,0.0,0.5,0.5,0.5,0.5,240.0,240.0
1,0.715624988079071,0.7856760025024414,0.7165242433547974,546.0,541.0,0.5545702576637268,0.01,0.4342871308326721,0.7165689468383789,0.71749347448349,0.715624988079071,0.7182291746139526,1379.0,1374.0,0.5,0.5889626741409302,0.5,240.0,240.0,1.7564280033111572,0.0,0.5,0.5,0.5,0.5,240.0,240.0
2,0.737500011920929,0.8153733611106873,0.7374120354652405,504.0,503.0,0.5228243470191956,0.01,0.47586363554000854,0.7383220791816711,0.7378843426704407,0.737500011920929,0.7380208373069763,1417.0,1416.0,0.5,0.5936263203620911,0.5,240.0,240.0,2.214362144470215,0.0,0.5,0.5,0.5,0.5,240.0,240.0
3,0.770312488079071,0.845479428768158,0.7726407647132874,435.0,438.0,0.4854695200920105,0.01,0.5455996990203857,0.7736573815345764,0.772230863571167,0.7734375,0.7718750238418579,1482.0,1485.0,0.5,0.6330881118774414,0.5,240.0,240.0,0.9028189182281494,0.0,0.5,0.5,0.5,0.5,240.0,240.0
4,0.784375011920929,0.8665697574615479,0.7850668430328369,408.0,420.0,0.46547946333885193,0.0009999999,0.5690411329269409,0.7862868905067444,0.782608687877655,0.7875000238418579,0.78125,1500.0,1512.0,0.5,0.6263476610183716,0.5,240.0,240.0,1.8089033365249634,0.0,0.5,0.5,0.5,0.5,240.0,240.0
5,0.8135416507720947,0.899394690990448,0.8111690878868103,359.0,368.0,0.41025716066360474,0.0009999999,0.6216049194335938,0.8122074007987976,0.8092275857925415,0.8130208253860474,0.8083333373069763,1552.0,1561.0,0.5,0.6302648186683655,0.5,240.0,240.0,1.4647892713546753,0.0,0.5,0.5,0.5,0.5,240.0,240.0
