epoch,accuracy,auc,f1_score,fn,fp,loss,lr,mcc,npv,precision,recall,specificity,tn,tp,val_accuracy,val_auc,val_f1_score,val_fn,val_fp,val_loss,val_mcc,val_npv,val_precision,val_recall,val_specificity,val_tn,val_tp
0,0.6338541507720947,0.6640090346336365,0.6239919662475586,899.0,891.0,0.7163711190223694,0.01,0.25088372826576233,0.62697434425354,0.6275083422660828,0.6254166960716248,0.6244791746139526,1509.0,1501.0,0.5,0.5,0.5,240.0,240.0,4.326532363891602,0.0,0.5,0.5,0.5,0.5,240.0,240.0
1,0.6927083134651184,0.7511113286018372,0.6843118071556091,605.0,604.0,0.5893686413764954,0.01,0.37099844217300415,0.6866493225097656,0.6852527260780334,0.6848958134651184,0.6854166388511658,1316.0,1315.0,0.5,0.5383507013320923,0.5,240.0,240.0,2.817631483078003,0.0,0.5,0.5,0.5,0.5,240.0,240.0
2,0.7177083492279053,0.7905462384223938,0.7182317972183228,542.0,537.0,0.5526257157325745,0.01,0.4384012818336487,0.7193415760993958,0.7195822596549988,0.7177083492279053,0.7203124761581421,1383.0,1378.0,0.5,0.5,0.5,240.0,240.0,3.8562474250793457,0.0,0.5,0.5,0.5,0.5,240.0,240.0
3,0.7447916865348816,0.8207719922065735,0.7427937984466553,497.0,488.0,0.5179561972618103,0.01,0.4873169958591461,0.742692232131958,0.7446362972259521,0.7411458492279053,0.7458333373069763,1432.0,1423.0,0.5,0.6462500095367432,0.5020512938499451,239.0,240.0,0.827410101890564,0.0020517667289823294,0.5,0.5010395050048828,0.5020833611488342,0.5,240.0,241.0
4,0.7593749761581421,0.8425979614257812,0.7562819123268127,470.0,464.0,0.4917820990085602,0.0009999999,0.5139641761779785,0.7564185857772827,0.7575757503509521,0.7552083134651184,0.7583333253860474,1456.0,1450.0,0.5,0.6581727266311646,0.5,240.0,240.0,1.527010440826416,0.0,0.5,0.5,0.5,0.5,240.0,240.0
5,0.7989583611488342,0.8841426372528076,0.8022018074989319,383.0,374.0,0.43271636962890625,0.0009999999,0.606170117855072,0.8021140694618225,0.8042909502983093,0.8005208373069763,0.8052083253860474,1546.0,1537.0,0.5,0.6557335257530212,0.5,240.0,240.0,1.9408814907073975,0.0,0.5,0.5,0.5,0.5,240.0,240.0
