epoch,accuracy,auc,f1_score,fn,fp,loss,lr,mcc,npv,precision,recall,specificity,tn,tp,val_accuracy,val_auc,val_f1_score,val_fn,val_fp,val_loss,val_mcc,val_npv,val_precision,val_recall,val_specificity,val_tn,val_tp
0,0.6302083134651184,0.6183624863624573,0.628652036190033,948.0,961.0,0.6906365156173706,0.01,0.25614291429519653,0.629166841506958,0.6017405986785889,0.6050000190734863,0.6244791746139526,1439.0,1452.0,0.5,0.5,0.5,240.0,240.0,13.602322578430176,0.0,0.5,0.5,0.5,0.5,240.0,240.0
1,0.7213541865348816,0.7794122099876404,0.7182966470718384,545.0,532.0,0.5660381317138672,0.01,0.43933066725730896,0.7186802625656128,0.7210277915000916,0.7161458134651184,0.7229166626930237,1388.0,1375.0,0.5,0.5,0.5,240.0,240.0,6.720469951629639,0.0,0.5,0.5,0.5,0.5,240.0,240.0
2,0.7421875,0.8148996829986572,0.7383736968040466,507.0,494.0,0.5254469513893127,0.01,0.47884833812713623,0.7379341125488281,0.7409543991088867,0.7359374761581421,0.7427083253860474,1426.0,1413.0,0.5,0.5,0.5,240.0,240.0,4.16741418838501,0.0,0.5,0.5,0.5,0.5,240.0,240.0
3,0.7682291865348816,0.8438412547111511,0.7664232850074768,450.0,446.0,0.48529720306396484,0.01,0.5334824919700623,0.7661808729171753,0.7672233581542969,0.765625,0.7677083611488342,1474.0,1470.0,0.5,0.5847851634025574,0.5,240.0,240.0,1.9764455556869507,0.0,0.5,0.5,0.5,0.5,240.0,240.0
4,0.796875,0.8760742545127869,0.7975999712944031,394.0,381.0,0.444694846868515,0.0009999999,0.5965965390205383,0.7960907220840454,0.8002097606658936,0.7947916388511658,0.801562488079071,1539.0,1526.0,0.5,0.5977148413658142,0.5,240.0,240.0,1.5006444454193115,0.0,0.5,0.5,0.5,0.5,240.0,240.0
5,0.8286458253860474,0.8996332287788391,0.8260171413421631,335.0,333.0,0.4076045751571655,0.0009999999,0.6522620320320129,0.8257004618644714,0.8263816237449646,0.8255208134651184,0.8265625238418579,1587.0,1585.0,0.5,0.6070573329925537,0.5,240.0,240.0,1.4148668050765991,0.0,0.5,0.5,0.5,0.5,240.0,240.0
