epoch,accuracy,auc,f1_score,fn,fp,loss,lr,mcc,npv,precision,recall,specificity,tn,tp,val_accuracy,val_auc,val_f1_score,val_fn,val_fp,val_loss,val_mcc,val_npv,val_precision,val_recall,val_specificity,val_tn,val_tp
0,0.6338541507720947,0.6528568863868713,0.6284378170967102,896.0,904.0,0.7076905965805054,0.01,0.2561872601509094,0.6279488801956177,0.6245847344398499,0.6266666650772095,0.6255208253860474,1496.0,1504.0,0.5,0.5,0.5,240.0,240.0,18.58734893798828,0.0,0.5,0.5,0.5,0.5,240.0,240.0
1,0.7255208492279053,0.7935380935668945,0.7208747863769531,541.0,526.0,0.5484147667884827,0.01,0.44459983706474304,0.7208659052848816,0.7238845229148865,0.7182291746139526,0.7260416746139526,1394.0,1379.0,0.5,0.5,0.5,240.0,240.0,12.80979061126709,0.0,0.5,0.5,0.5,0.5,240.0,240.0
2,0.7536458373069763,0.8315064311027527,0.7525925040245056,476.0,473.0,0.502901554107666,0.01,0.5060058236122131,0.7527843713760376,0.7532603144645691,0.7520833611488342,0.7536458373069763,1447.0,1444.0,0.5,0.5,0.5,240.0,240.0,8.109602928161621,0.0,0.5,0.5,0.5,0.5,240.0,240.0
3,0.7729166746139526,0.8542734980583191,0.7732067108154297,436.0,434.0,0.4725843071937561,0.01,0.5471733212471008,0.7735591530799866,0.7737226486206055,0.7729166746139526,0.7739583253860474,1486.0,1484.0,0.5,0.5,0.5,240.0,240.0,4.487688064575195,0.0,0.5,0.5,0.5,0.5,240.0,240.0
4,0.8177083134651184,0.8902445435523987,0.8165459036827087,354.0,350.0,0.43279072642326355,0.0009999999,0.6335187554359436,0.8159863948822021,0.8173277378082275,0.815625011920929,0.8177083134651184,1570.0,1566.0,0.5,0.5,0.5,240.0,240.0,3.5164458751678467,0.0,0.5,0.5,0.5,0.5,240.0,240.0
5,0.8302083611488342,0.9093007445335388,0.8302453756332397,320.0,334.0,0.3887684643268585,0.0009999999,0.6595720648765564,0.8323621153831482,0.8273009061813354,0.8333333134651184,0.8260416388511658,1586.0,1600.0,0.5,0.5062500238418579,0.5,240.0,240.0,3.5137155055999756,0.0,0.5,0.5,0.5,0.5,240.0,240.0
