epoch,accuracy,auc,f1_score,fn,fp,loss,lr,mcc,npv,precision,recall,specificity,tn,tp,val_accuracy,val_auc,val_f1_score,val_fn,val_fp,val_loss,val_mcc,val_npv,val_precision,val_recall,val_specificity,val_tn,val_tp
0,0.5901041626930237,0.5758695602416992,0.5746566653251648,1054.0,1060.0,0.6915560364723206,0.01,0.14941196143627167,0.5742331147193909,0.5594347715377808,0.5608333349227905,0.5729166865348816,1340.0,1346.0,0.5,0.5511523485183716,0.6666666269302368,0.0,480.0,3.5215611457824707,0.0,0.0,0.5,1.0,0.0,0.0,480.0
1,0.6213541626930237,0.6608582735061646,0.6106423139572144,741.0,760.0,0.6537277698516846,0.01,0.2185036540031433,0.6106789112091064,0.6080453991889954,0.614062488079071,0.6041666865348816,1160.0,1179.0,0.6020833253860474,0.6506792902946472,0.20877742767333984,420.0,20.0,0.9217601418495178,0.13742901384830475,0.5231249928474426,0.75,0.125,0.9583333134651184,460.0,60.0
2,0.6572916507720947,0.712492823600769,0.658480703830719,657.0,655.0,0.6230375170707703,0.01,0.31688210368156433,0.6574215292930603,0.6584984064102173,0.6578124761581421,0.6588541865348816,1265.0,1263.0,0.5,0.5911436676979065,0.5,240.0,240.0,2.0173261165618896,0.0,0.5,0.5,0.5,0.5,240.0,240.0
3,0.6755208373069763,0.7324550151824951,0.6719436049461365,631.0,627.0,0.6122270822525024,0.01,0.3449450731277466,0.6722831130027771,0.6727557182312012,0.6713541746139526,0.6734374761581421,1293.0,1289.0,0.5,0.5,0.5,240.0,240.0,5.342819690704346,0.0,0.5,0.5,0.5,0.5,240.0,240.0
4,0.6916666626930237,0.7401726841926575,0.6892948746681213,598.0,594.0,0.6026681661605835,0.01,0.37926816940307617,0.689145028591156,0.6899791359901428,0.6885416507720947,0.690625011920929,1326.0,1322.0,0.5,0.5,0.5,240.0,240.0,15.030393600463867,0.0,0.5,0.5,0.5,0.5,240.0,240.0
5,0.6854166388511658,0.7453833818435669,0.6841704249382019,610.0,599.0,0.5958821773529053,0.0009999999,0.3703998625278473,0.6842722296714783,0.6862231492996216,0.6822916865348816,0.6880208253860474,1321.0,1310.0,0.5,0.5,0.5,240.0,240.0,5.724984169006348,0.0,0.5,0.5,0.5,0.5,240.0,240.0
6,0.7130208611488342,0.7801332473754883,0.713581919670105,550.0,550.0,0.5649576187133789,0.0009999999,0.4270980954170227,0.713458776473999,0.7135416865348816,0.7135416865348816,0.7135416865348816,1370.0,1370.0,0.5,0.5,0.5,240.0,240.0,7.399152755737305,0.0,0.5,0.5,0.5,0.5,240.0,240.0
