epoch,accuracy,auc,f1_score,fn,fp,loss,lr,mcc,npv,precision,recall,specificity,tn,tp,val_accuracy,val_auc,val_f1_score,val_fn,val_fp,val_loss,val_mcc,val_npv,val_precision,val_recall,val_specificity,val_tn,val_tp
0,0.5989583134651184,0.597705602645874,0.5858750939369202,1022.0,1034.0,0.6886082887649536,0.01,0.17266306281089783,0.5875833630561829,0.5713101029396057,0.5741666555404663,0.5833333134651184,1366.0,1378.0,0.5,0.5,0.5,240.0,240.0,119.5956039428711,0.0,0.5,0.5,0.5,0.5,240.0,240.0
1,0.6239583492279053,0.6674094200134277,0.6169217228889465,731.0,744.0,0.6572454571723938,0.01,0.23210731148719788,0.6168405413627625,0.6151060461997986,0.6192708611488342,0.612500011920929,1176.0,1189.0,0.5,0.5,0.5,240.0,240.0,8.135714530944824,0.0,0.5,0.5,0.5,0.5,240.0,240.0
2,0.6380208134651184,0.6773856282234192,0.6317729949951172,710.0,700.0,0.6474820971488953,0.01,0.2659514844417572,0.6321555376052856,0.6335078477859497,0.6302083134651184,0.6354166865348816,1220.0,1210.0,0.5,0.5174630880355835,0.5,240.0,240.0,3.146394968032837,0.0,0.5,0.5,0.5,0.5,240.0,240.0
3,0.6499999761581421,0.7035626769065857,0.6470219492912292,682.0,668.0,0.6292189359664917,0.01,0.2969893515110016,0.6475048661231995,0.6495277881622314,0.6447916626930237,0.6520833373069763,1252.0,1238.0,0.5,0.5005208253860474,0.5,240.0,240.0,6.522495746612549,0.0,0.5,0.5,0.5,0.5,240.0,240.0
4,0.6369791626930237,0.6865649819374084,0.6308809518814087,716.0,691.0,0.6320011019706726,0.0009999999,0.26737916469573975,0.6324179172515869,0.6353561878204346,0.6270833611488342,0.6401041746139526,1229.0,1204.0,0.5,0.5046982765197754,0.5,240.0,240.0,4.3270487785339355,0.0,0.5,0.5,0.5,0.5,240.0,240.0
5,0.6526041626930237,0.6947574615478516,0.6446443796157837,689.0,667.0,0.6301116943359375,0.0009999999,0.2938689589500427,0.6454795002937317,0.6485774517059326,0.6411458253860474,0.6526041626930237,1253.0,1231.0,0.5,0.5784310102462769,0.5,240.0,240.0,1.6776554584503174,0.0,0.5,0.5,0.5,0.5,240.0,240.0
