epoch,accuracy,auc,f1_score,fn,fp,loss,lr,mcc,npv,precision,recall,specificity,tn,tp,val_accuracy,val_auc,val_f1_score,val_fn,val_fp,val_loss,val_mcc,val_npv,val_precision,val_recall,val_specificity,val_tn,val_tp
0,0.6114583611488342,0.5802603363990784,0.5936497449874878,1024.0,1006.0,0.6892728805541992,0.01,0.1932990849018097,0.5963732004165649,0.5776658058166504,0.5733333230018616,0.6010416746139526,1394.0,1376.0,0.5,0.5,0.5,240.0,240.0,18.934797286987305,0.0,0.5,0.5,0.5,0.5,240.0,240.0
1,0.628125011920929,0.665262758731842,0.6211348176002502,726.0,730.0,0.6537656784057617,0.01,0.24226245284080505,0.6207830905914307,0.620582103729248,0.621874988079071,0.6197916865348816,1190.0,1194.0,0.5,0.5466362237930298,0.5,240.0,240.0,2.9744696617126465,0.0,0.5,0.5,0.5,0.5,240.0,240.0
2,0.6432291865348816,0.692101240158081,0.6393607258796692,700.0,674.0,0.6398487687110901,0.01,0.284542977809906,0.6409309506416321,0.6441394090652466,0.6354166865348816,0.6489583253860474,1246.0,1220.0,0.5,0.5234375,0.5,240.0,240.0,2.988121747970581,0.0,0.5,0.5,0.5,0.5,240.0,240.0
3,0.6369791626930237,0.6839791536331177,0.6369759440422058,696.0,699.0,0.640862762928009,0.01,0.27364808320999146,0.6367679238319397,0.6365054845809937,0.637499988079071,0.635937511920929,1221.0,1224.0,0.5,0.5,0.5,240.0,240.0,5.4751691818237305,0.0,0.5,0.5,0.5,0.5,240.0,240.0
4,0.675000011920929,0.7301145792007446,0.674816906452179,628.0,618.0,0.6083155870437622,0.0009999999,0.35119301080703735,0.6743170619010925,0.6764397621154785,0.6729166507720947,0.6781250238418579,1302.0,1292.0,0.5,0.585119366645813,0.5,240.0,240.0,0.9154341220855713,0.0,0.5,0.5,0.5,0.5,240.0,240.0
5,0.698437511920929,0.7530731558799744,0.6970546245574951,581.0,582.0,0.5882145762443542,0.0009999999,0.39436277747154236,0.6975782513618469,0.6970328092575073,0.6973958611488342,0.6968749761581421,1338.0,1339.0,0.5,0.5783572196960449,0.5,240.0,240.0,1.4234354496002197,0.0,0.5,0.5,0.5,0.5,240.0,240.0
