epoch,accuracy,auc,f1_score,fn,fp,loss,lr,mcc,npv,precision,recall,specificity,tn,tp,val_accuracy,val_auc,val_f1_score,val_fn,val_fp,val_loss,val_mcc,val_npv,val_precision,val_recall,val_specificity,val_tn,val_tp
0,0.5776041746139526,0.5880938172340393,0.5713337659835815,1062.0,1058.0,0.6939330697059631,0.01,0.14583104848861694,0.5724269151687622,0.5584307312965393,0.5575000047683716,0.5739583373069763,1342.0,1338.0,0.5,0.5,0.5,240.0,240.0,122.91618347167969,0.0,0.5,0.5,0.5,0.5,240.0,240.0
1,0.6286458373069763,0.6626173257827759,0.6116612553596497,757.0,713.0,0.6581851840019226,0.01,0.2349351942539215,0.6161275506019592,0.6199360489845276,0.6057291626930237,0.6286458373069763,1207.0,1163.0,0.5,0.5,0.5,240.0,240.0,11.042177200317383,0.0,0.5,0.5,0.5,0.5,240.0,240.0
2,0.6307291388511658,0.67595374584198,0.6247747540473938,722.0,719.0,0.6511468291282654,0.01,0.2496919482946396,0.623670220375061,0.6249347925186157,0.6239583492279053,0.6255208253860474,1201.0,1198.0,0.5,0.5979948043823242,0.5,240.0,240.0,1.963281273841858,0.0,0.5,0.5,0.5,0.5,240.0,240.0
3,0.6494791507720947,0.7000580430030823,0.6459032893180847,676.0,686.0,0.6309061646461487,0.01,0.29086199402809143,0.6466877460479736,0.6445595622062683,0.6479166746139526,0.6427083611488342,1234.0,1244.0,0.5,0.5798416137695312,0.5173987150192261,231.0,240.0,1.9339522123336792,0.01750469207763672,0.5,0.5092024803161621,0.518750011920929,0.5,240.0,249.0
4,0.667187511920929,0.7290399670600891,0.6665565967559814,637.0,646.0,0.610869288444519,0.0009999999,0.331917405128479,0.6668260097503662,0.6651114821434021,0.6682291626930237,0.6635416746139526,1274.0,1283.0,0.5,0.597009539604187,0.5,240.0,240.0,1.9552732706069946,0.0,0.5,0.5,0.5,0.5,240.0,240.0
5,0.6817708611488342,0.7404914498329163,0.6785227656364441,620.0,611.0,0.5993408560752869,0.0009999999,0.3589262366294861,0.6788868308067322,0.680272102355957,0.6770833134651184,0.6817708611488342,1309.0,1300.0,0.5,0.5020833015441895,0.5,240.0,240.0,3.791120767593384,0.0,0.5,0.5,0.5,0.5,240.0,240.0
