epoch,accuracy,auc,f1_score,fn,fp,loss,lr,mcc,npv,precision,recall,specificity,tn,tp,val_accuracy,val_auc,val_f1_score,val_fn,val_fp,val_loss,val_mcc,val_npv,val_precision,val_recall,val_specificity,val_tn,val_tp
0,0.5802083611488342,0.5506194233894348,0.5584756135940552,1088.0,1088.0,0.703461229801178,0.01,0.11728178709745407,0.5566393136978149,0.54666668176651,0.54666668176651,0.5583333373069763,1312.0,1312.0,0.5,0.5,0.5,240.0,240.0,51.21554946899414,0.0,0.5,0.5,0.5,0.5,240.0,240.0
1,0.6015625,0.6408447623252869,0.5922291278839111,786.0,767.0,0.6731506586074829,0.01,0.19163325428962708,0.5967029333114624,0.596528172492981,0.590624988079071,0.6005208492279053,1153.0,1134.0,0.5,0.5,0.5,240.0,240.0,7.72045373916626,0.0,0.5,0.5,0.5,0.5,240.0,240.0
2,0.635937511920929,0.6761292219161987,0.6246047616004944,715.0,732.0,0.6413977146148682,0.01,0.2466045767068863,0.6244392395019531,0.6220960021018982,0.6276041865348816,0.6187499761581421,1188.0,1205.0,0.5,0.5907639265060425,0.5,240.0,240.0,1.4562609195709229,0.0,0.5,0.5,0.5,0.5,240.0,240.0
3,0.6395833492279053,0.6903070211410522,0.6371975541114807,699.0,690.0,0.6359708309173584,0.01,0.2767271399497986,0.6379770636558533,0.638932466506958,0.635937511920929,0.640625,1230.0,1221.0,0.5,0.552233099937439,0.5,240.0,240.0,2.61460018157959,0.0,0.5,0.5,0.5,0.5,240.0,240.0
4,0.6776041388511658,0.7277800440788269,0.675459086894989,624.0,621.0,0.6072614192962646,0.0009999999,0.35163453221321106,0.6756486892700195,0.6760563254356384,0.675000011920929,0.676562488079071,1299.0,1296.0,0.5,0.6063302755355835,0.5,240.0,240.0,2.042360305786133,0.0,0.5,0.5,0.5,0.5,240.0,240.0
5,0.6807291507720947,0.7380045652389526,0.6811538338661194,612.0,612.0,0.5964949727058411,0.0009999999,0.3625386655330658,0.6814516186714172,0.6812499761581421,0.6812499761581421,0.6812499761581421,1308.0,1308.0,0.5,0.6169900298118591,0.6046194434165955,171.0,260.0,0.8408365249633789,0.09133119881153107,0.5072463750839233,0.5430579781532288,0.643750011920929,0.4583333432674408,220.0,309.0
