epoch,accuracy,auc,f1_score,fn,fp,loss,lr,mcc,npv,precision,recall,specificity,tn,tp,val_accuracy,val_auc,val_f1_score,val_fn,val_fp,val_loss,val_mcc,val_npv,val_precision,val_recall,val_specificity,val_tn,val_tp
0,0.5703125,0.5551589727401733,0.5519325733184814,1110.0,1073.0,0.6946181058883667,0.01,0.11294697225093842,0.5535013675689697,0.5459161996841431,0.5375000238418579,0.5661458373069763,1327.0,1290.0,0.5,0.5243576169013977,0.5,240.0,240.0,4.18113899230957,0.0,0.5,0.5,0.5,0.5,240.0,240.0
1,0.6369791626930237,0.6761001348495483,0.6310967803001404,691.0,746.0,0.6472101807594299,0.01,0.2518557608127594,0.6291903853416443,0.6222784519195557,0.6401041746139526,0.6114583611488342,1174.0,1229.0,0.5,0.5631705522537231,0.5,240.0,240.0,1.4318338632583618,0.0,0.5,0.5,0.5,0.5,240.0,240.0
2,0.6567708253860474,0.7056114077568054,0.6504624485969543,670.0,673.0,0.6279181838035583,0.01,0.30070608854293823,0.6506441235542297,0.6500260233879089,0.6510416865348816,0.6494791507720947,1247.0,1250.0,0.5,0.5571419596672058,0.5,240.0,240.0,1.8307223320007324,0.0,0.5,0.5,0.5,0.5,240.0,240.0
3,0.6661458611488342,0.7164775729179382,0.6587639451026917,657.0,652.0,0.6164548397064209,0.01,0.31856611371040344,0.6583949327468872,0.6595300436019897,0.6578124761581421,0.6604166626930237,1268.0,1263.0,0.5,0.5,0.5,240.0,240.0,24.245807647705078,0.0,0.5,0.5,0.5,0.5,240.0,240.0
4,0.6692708134651184,0.7275454998016357,0.6671773791313171,643.0,630.0,0.61053866147995,0.0009999999,0.33704522252082825,0.6677016615867615,0.6696381568908691,0.6651041507720947,0.671875,1290.0,1277.0,0.5,0.5,0.5,240.0,240.0,17.7791690826416,0.0,0.5,0.5,0.5,0.5,240.0,240.0
5,0.6781250238418579,0.7427947521209717,0.6762897968292236,625.0,614.0,0.5938113331794739,0.0009999999,0.35476309061050415,0.6765797138214111,0.6783656477928162,0.6744791865348816,0.6802083253860474,1306.0,1295.0,0.5,0.5,0.5,240.0,240.0,3.476660966873169,0.0,0.5,0.5,0.5,0.5,240.0,240.0
