epoch,accuracy,auc,f1_score,fn,fp,loss,lr,mcc,npv,precision,recall,specificity,tn,tp,val_accuracy,val_auc,val_f1_score,val_fn,val_fp,val_loss,val_mcc,val_npv,val_precision,val_recall,val_specificity,val_tn,val_tp
0,0.6067708134651184,0.6095943450927734,0.5910876393318176,988.0,1023.0,0.6885713338851929,0.01,0.17725858092308044,0.591098427772522,0.5798767805099487,0.5883333086967468,0.5791666507720947,1377.0,1412.0,0.5,0.5,0.5,240.0,240.0,22.269641876220703,0.0,0.5,0.5,0.5,0.5,240.0,240.0
1,0.6276041865348816,0.6657114028930664,0.6125372648239136,752.0,728.0,0.6583099961280823,0.01,0.22976741194725037,0.6120685935020447,0.6160337328910828,0.6083333492279053,0.6208333373069763,1192.0,1168.0,0.5,0.5,0.5,240.0,240.0,23.473777770996094,0.0,0.5,0.5,0.5,0.5,240.0,240.0
2,0.6619791388511658,0.6958457827568054,0.6484754681587219,673.0,678.0,0.6386732459068298,0.01,0.29675719141960144,0.6488416194915771,0.6477922201156616,0.6494791507720947,0.6468750238418579,1242.0,1247.0,0.5,0.5,0.5,240.0,240.0,7.7325944900512695,0.0,0.5,0.5,0.5,0.5,240.0,240.0
3,0.6755208373069763,0.7211562991142273,0.674312949180603,624.0,628.0,0.6211581826210022,0.01,0.34810516238212585,0.6742685437202454,0.6735966801643372,0.675000011920929,0.6729166507720947,1292.0,1296.0,0.5,0.5666601061820984,0.5,240.0,240.0,1.6606000661849976,0.0,0.5,0.5,0.5,0.5,240.0,240.0
4,0.6989583373069763,0.7579393982887268,0.6955593228340149,590.0,574.0,0.5905684232711792,0.0009999999,0.3938610255718231,0.6953709721565247,0.6985294222831726,0.6927083134651184,0.7010416388511658,1346.0,1330.0,0.5,0.5,0.5,240.0,240.0,8.883081436157227,0.0,0.5,0.5,0.5,0.5,240.0,240.0
5,0.6937500238418579,0.7642989158630371,0.693559467792511,592.0,581.0,0.5813419222831726,0.0009999999,0.38914012908935547,0.6936224699020386,0.695652186870575,0.6916666626930237,0.6973958611488342,1339.0,1328.0,0.5,0.5,0.5,240.0,240.0,5.742806911468506,0.0,0.5,0.5,0.5,0.5,240.0,240.0
