epoch,accuracy,auc,f1_score,fn,fp,loss,lr,mcc,npv,precision,recall,specificity,tn,tp,val_accuracy,val_auc,val_f1_score,val_fn,val_fp,val_loss,val_mcc,val_npv,val_precision,val_recall,val_specificity,val_tn,val_tp
0,0.5854166746139526,0.5702248811721802,0.5676543116569519,1068.0,1070.0,0.6907760500907898,0.01,0.13672049343585968,0.569118320941925,0.5545378923416138,0.5550000071525574,0.5677083134651184,1330.0,1332.0,0.5,0.5,0.5,240.0,240.0,13.295198440551758,0.0,0.5,0.5,0.5,0.5,240.0,240.0
1,0.6333333253860474,0.6825404167175293,0.6271633505821228,712.0,720.0,0.6427456736564636,0.01,0.25471973419189453,0.6289954781532288,0.6265560388565063,0.6291666626930237,0.625,1200.0,1208.0,0.5,0.5517231225967407,0.5,240.0,240.0,1.8366527557373047,0.0,0.5,0.5,0.5,0.5,240.0,240.0
2,0.6239583492279053,0.6824183464050293,0.6242853999137878,711.0,739.0,0.6323863863945007,0.01,0.24530071020126343,0.6257886290550232,0.620636522769928,0.629687488079071,0.6151041388511658,1181.0,1209.0,0.5,0.5,0.5,240.0,240.0,8.308894157409668,0.0,0.5,0.5,0.5,0.5,240.0,240.0
3,0.660937488079071,0.7068092226982117,0.6528945565223694,670.0,660.0,0.6273382306098938,0.01,0.307531476020813,0.6525068283081055,0.6544502377510071,0.6510416865348816,0.65625,1260.0,1250.0,0.5,0.5,0.5,240.0,240.0,4.738417148590088,0.0,0.5,0.5,0.5,0.5,240.0,240.0
4,0.6520833373069763,0.6973857283592224,0.6505975127220154,676.0,660.0,0.6296931505203247,0.0009999999,0.30433350801467896,0.6508775353431702,0.6533613204956055,0.6479166746139526,0.65625,1260.0,1244.0,0.5,0.5,0.5,240.0,240.0,5.957527160644531,0.0,0.5,0.5,0.5,0.5,240.0,240.0
5,0.6625000238418579,0.7250900268554688,0.6639240384101868,644.0,647.0,0.6082077026367188,0.0009999999,0.32772621512413025,0.664371132850647,0.6635465621948242,0.6645833253860474,0.6630208492279053,1273.0,1276.0,0.5,0.5,0.5,240.0,240.0,4.763266086578369,0.0,0.5,0.5,0.5,0.5,240.0,240.0
