epoch,accuracy,auc,f1_score,fn,fp,loss,lr,mcc,npv,precision,recall,specificity,tn,tp,val_accuracy,val_auc,val_f1_score,val_fn,val_fp,val_loss,val_mcc,val_npv,val_precision,val_recall,val_specificity,val_tn,val_tp
0,0.5541666746139526,0.5499340891838074,0.5388131737709045,1128.0,1110.0,0.7105996012687683,0.01,0.08361867070198059,0.5405460596084595,0.5340050458908081,0.5299999713897705,0.5458333492279053,1290.0,1272.0,0.5,0.5507161617279053,0.6837867498397827,63.0,341.0,8.241434097290039,0.1310427337884903,0.5111111402511597,0.5501319169998169,0.8687499761581421,0.28958332538604736,139.0,417.0
1,0.6182291507720947,0.6478247046470642,0.6019960045814514,760.0,767.0,0.6646896004676819,0.01,0.20518766343593597,0.6041683554649353,0.6019719839096069,0.6041666865348816,0.6005208492279053,1153.0,1160.0,0.5,0.5,0.5,240.0,240.0,5.061599254608154,0.0,0.5,0.5,0.5,0.5,240.0,240.0
2,0.6223958134651184,0.655304491519928,0.5997467637062073,781.0,736.0,0.6622045636177063,0.01,0.21035705506801605,0.602932333946228,0.6074666380882263,0.5932291746139526,0.6166666746139526,1184.0,1139.0,0.5,0.5826758146286011,0.5,240.0,240.0,1.1134029626846313,0.0,0.5,0.5,0.5,0.5,240.0,240.0
3,0.643750011920929,0.694629430770874,0.6412523984909058,687.0,691.0,0.6300109624862671,0.01,0.28247225284576416,0.6419225335121155,0.6408523917198181,0.6421874761581421,0.6401041746139526,1229.0,1233.0,0.5,0.5072916746139526,0.5,240.0,240.0,4.256790637969971,0.0,0.5,0.5,0.5,0.5,240.0,240.0
4,0.6432291865348816,0.6954357028007507,0.6422790288925171,688.0,684.0,0.6353800892829895,0.0009999999,0.28545793890953064,0.6425055265426636,0.6430062651634216,0.6416666507720947,0.643750011920929,1236.0,1232.0,0.5,0.5,0.5,240.0,240.0,5.311233043670654,0.0,0.5,0.5,0.5,0.5,240.0,240.0
5,0.6708333492279053,0.7228693962097168,0.6703976392745972,635.0,628.0,0.6105126738548279,0.0009999999,0.34226104617118835,0.670669674873352,0.6717197895050049,0.6692708134651184,0.6729166507720947,1292.0,1285.0,0.5,0.5377234816551208,0.5,240.0,240.0,3.0197298526763916,0.0,0.5,0.5,0.5,0.5,240.0,240.0
