epoch,accuracy,auc,f1_score,fn,fp,loss,lr,mcc,npv,precision,recall,specificity,tn,tp,val_accuracy,val_auc,val_f1_score,val_fn,val_fp,val_loss,val_mcc,val_npv,val_precision,val_recall,val_specificity,val_tn,val_tp
0,0.5729166865348816,0.5583919882774353,0.5674996972084045,1072.0,1063.0,0.7117970585823059,0.01,0.13841789960861206,0.5686491131782532,0.5554161667823792,0.5533333420753479,0.5713541507720947,1337.0,1328.0,0.5,0.5,0.5,240.0,240.0,12.49169921875,0.0,0.5,0.5,0.5,0.5,240.0,240.0
1,0.6338541507720947,0.6784423589706421,0.6286491751670837,713.0,711.0,0.6501107811927795,0.01,0.25874075293540955,0.6295640468597412,0.6293013691902161,0.6286458373069763,0.629687488079071,1209.0,1207.0,0.512499988079071,0.5118077397346497,0.0,480.0,0.0,2.4065539836883545,0.0,0.5,0.0,0.0,1.0,480.0,0.0
2,0.667187511920929,0.7212774157524109,0.6630982160568237,651.0,637.0,0.6199263334274292,0.01,0.3293900787830353,0.6638394594192505,0.6657922267913818,0.660937488079071,0.6682291626930237,1283.0,1269.0,0.5,0.5191774964332581,0.5,240.0,238.0,4.246858596801758,0.004044246859848499,0.5039215683937073,0.5020920634269714,0.5,0.5041666626930237,242.0,240.0
3,0.676562488079071,0.7350798845291138,0.6789410710334778,619.0,611.0,0.6061794757843018,0.01,0.35948455333709717,0.6791111826896667,0.6804393529891968,0.6776041388511658,0.6817708611488342,1309.0,1301.0,0.5,0.5161154270172119,0.5,240.0,239.0,3.1465840339660645,0.0020517667289823294,0.5020201802253723,0.5010438561439514,0.5,0.5020833611488342,241.0,240.0
4,0.6875,0.7469508051872253,0.6889694929122925,594.0,604.0,0.592530369758606,0.01,0.37616804242134094,0.6887400150299072,0.6870466470718384,0.690625011920929,0.6854166388511658,1316.0,1326.0,0.5,0.5231119394302368,0.5,240.0,240.0,3.614091396331787,0.0,0.5,0.5,0.5,0.5,240.0,240.0
5,0.6432291865348816,0.7006642818450928,0.6439046263694763,678.0,696.0,0.6274000406265259,0.0009999999,0.28447017073631287,0.6434241533279419,0.6408668756484985,0.6468750238418579,0.637499988079071,1224.0,1242.0,0.5,0.5321441292762756,0.5,240.0,240.0,2.0097758769989014,0.0,0.5,0.5,0.5,0.5,240.0,240.0
6,0.6723958253860474,0.7340635657310486,0.6718655228614807,629.0,632.0,0.600147008895874,0.0009999999,0.3432976305484772,0.6718699336051941,0.6713468432426453,0.6723958253860474,0.6708333492279053,1288.0,1291.0,0.4895833432674408,0.5461046099662781,0.27144259214401245,389.0,43.0,0.9553357362747192,0.09117238968610764,0.5347573161125183,0.6791045069694519,0.18958333134651184,0.9104166626930237,437.0,91.0
