epoch,accuracy,auc,f1_score,fn,fp,loss,lr,mcc,npv,precision,recall,specificity,tn,tp,val_accuracy,val_auc,val_f1_score,val_fn,val_fp,val_loss,val_mcc,val_npv,val_precision,val_recall,val_specificity,val_tn,val_tp
0,0.589062511920929,0.6483850479125977,0.5787755250930786,968.0,923.0,0.7641841173171997,0.01,0.16929732263088226,0.5842825770378113,0.6080679297447205,0.596666693687439,0.5947916507720947,1477.0,1432.0,0.5,0.5187217593193054,0.6404029130935669,60.0,411.0,1.3244242668151855,0.023013798519968987,0.5185185074806213,0.505415141582489,0.875,0.14374999701976776,69.0,420.0
1,0.6291666626930237,0.6818753480911255,0.6273486614227295,707.0,730.0,0.6417296528816223,0.01,0.2521139085292816,0.6281699538230896,0.6242923140525818,0.6317708492279053,0.6197916865348816,1190.0,1213.0,0.5,0.5278016328811646,0.5,240.0,240.0,0.9991052150726318,0.0,0.5,0.5,0.5,0.5,240.0,240.0
2,0.6541666388511658,0.7139785885810852,0.6531484127044678,659.0,680.0,0.6109813451766968,0.01,0.30330541729927063,0.6529199481010437,0.649665117263794,0.6567708253860474,0.6458333134651184,1240.0,1261.0,0.5,0.5795572996139526,0.5,240.0,240.0,0.8535000681877136,0.0,0.5,0.5,0.5,0.5,240.0,240.0
3,0.671875,0.7418285012245178,0.67125403881073,629.0,634.0,0.5904614329338074,0.01,0.3426593542098999,0.6719879508018494,0.6706493496894836,0.6723958253860474,0.6697916388511658,1286.0,1291.0,0.5,0.5821354389190674,0.67902010679245,8.0,440.0,0.7195471525192261,0.09195634722709656,0.5333333611488342,0.5175438523292542,0.9833333492279053,0.0833333358168602,40.0,472.0
4,0.6885416507720947,0.7618901133537292,0.6909617185592651,599.0,581.0,0.5755975246429443,0.0009999999,0.3860354721546173,0.6916417479515076,0.6945320963859558,0.6880208253860474,0.6973958611488342,1339.0,1321.0,0.5,0.5552734136581421,0.6532434225082397,83.0,349.0,0.7241709232330322,0.08197833597660065,0.5083333253860474,0.5321716070175171,0.8270833492279053,0.27291667461395264,131.0,397.0
5,0.7192708253860474,0.7890779376029968,0.716289222240448,541.0,551.0,0.5499776005744934,0.0009999999,0.4317815899848938,0.7170379757881165,0.7145077586174011,0.7182291746139526,0.7130208611488342,1369.0,1379.0,0.5,0.5480382442474365,0.5945685505867004,157.0,294.0,0.7075983285903931,0.0525585412979126,0.5093333125114441,0.5235008001327515,0.6729166507720947,0.38749998807907104,186.0,323.0
