epoch,accuracy,auc,f1_score,fn,fp,loss,lr,mcc,npv,precision,recall,specificity,tn,tp,val_accuracy,val_auc,val_f1_score,val_fn,val_fp,val_loss,val_mcc,val_npv,val_precision,val_recall,val_specificity,val_tn,val_tp
0,0.6354166865348816,0.6340439319610596,0.6198374629020691,969.0,971.0,0.7382677793502808,0.01,0.24084852635860443,0.6196940541267395,0.59575355052948,0.5962499976158142,0.6192708611488342,1429.0,1431.0,0.5,0.5233702063560486,0.5,240.0,240.0,2.20100474357605,0.0,0.5,0.5,0.5,0.5,240.0,240.0
1,0.6723958253860474,0.7236335873603821,0.6596632599830627,657.0,642.0,0.6205779314041138,0.01,0.32453638315200806,0.6619332432746887,0.6629921197891235,0.6578124761581421,0.6656249761581421,1278.0,1263.0,0.5,0.5497677326202393,0.5790669322013855,171.0,289.0,1.1537117958068848,0.03742358833551407,0.5047618746757507,0.5167223811149597,0.643750011920929,0.39791667461395264,191.0,309.0
2,0.6723958253860474,0.7430229783058167,0.6675758361816406,644.0,621.0,0.5953338742256165,0.01,0.3418135643005371,0.6705065965652466,0.6726410388946533,0.6645833253860474,0.676562488079071,1299.0,1276.0,0.5,0.5039366483688354,0.5,240.0,240.0,1.0425395965576172,0.0,0.5,0.5,0.5,0.5,240.0,240.0
3,0.7145833373069763,0.7846326231956482,0.7172096967697144,544.0,540.0,0.5582932233810425,0.01,0.4359237253665924,0.7178340554237366,0.7181628346443176,0.7166666388511658,0.71875,1380.0,1376.0,0.5,0.4936631917953491,0.5,240.0,240.0,0.986800491809845,0.0,0.5,0.5,0.5,0.5,240.0,240.0
4,0.7067708373069763,0.7867535948753357,0.7111688256263733,547.0,567.0,0.5520505309104919,0.0009999999,0.4201459288597107,0.7126794457435608,0.7077319622039795,0.7151041626930237,0.7046874761581421,1353.0,1373.0,0.5,0.5214974284172058,0.49897435307502747,240.0,241.0,0.8008747100830078,-0.0020517667289823294,0.5,0.4989604949951172,0.5,0.49791666865348816,239.0,240.0
5,0.7536458373069763,0.8348243832588196,0.7500713467597961,478.0,482.0,0.4984569549560547,0.0009999999,0.5004175305366516,0.7511201500892639,0.7494802474975586,0.7510416507720947,0.7489583492279053,1438.0,1442.0,0.5,0.5127625465393066,0.5,240.0,240.0,0.7762158513069153,0.0,0.5,0.5,0.5,0.5,240.0,240.0
