epoch,accuracy,auc,f1_score,fn,fp,loss,lr,mcc,npv,precision,recall,specificity,tn,tp,val_accuracy,val_auc,val_f1_score,val_fn,val_fp,val_loss,val_mcc,val_npv,val_precision,val_recall,val_specificity,val_tn,val_tp
0,0.6161458492279053,0.5954464673995972,0.6041004061698914,994.0,1007.0,0.7486041188240051,0.01,0.20867618918418884,0.6061855554580688,0.5826771855354309,0.5858333110809326,0.6005208492279053,1393.0,1406.0,0.5,0.4969553053379059,0.5,240.0,240.0,1.3312547206878662,0.0,0.5,0.5,0.5,0.5,240.0,240.0
1,0.676562488079071,0.7315236926078796,0.6678131222724915,644.0,620.0,0.6093251705169678,0.01,0.342504620552063,0.6706030964851379,0.6729958057403564,0.6645833253860474,0.6770833134651184,1300.0,1276.0,0.5,0.5434895753860474,0.5040093064308167,236.0,244.0,0.839655876159668,-5.9286754549248144e-05,0.5,0.5,0.5083333253860474,0.49166667461395264,236.0,244.0
2,0.6942708492279053,0.7637969255447388,0.694244921207428,592.0,579.0,0.5729395151138306,0.01,0.3906829059123993,0.6934062838554382,0.6963817477226257,0.6916666626930237,0.698437511920929,1341.0,1328.0,0.5,0.521104633808136,0.5000311136245728,239.0,242.0,0.9706024527549744,-0.001992471981793642,0.5,0.4989648163318634,0.5020833611488342,0.4958333373069763,238.0,241.0
3,0.7265625,0.7978785037994385,0.7231765389442444,532.0,528.0,0.5387696027755737,0.01,0.44851982593536377,0.7247335910797119,0.7244259119033813,0.7229166626930237,0.7250000238418579,1392.0,1388.0,0.5,0.562621533870697,0.5,240.0,240.0,1.1276793479919434,0.0,0.5,0.5,0.5,0.5,240.0,240.0
4,0.7109375,0.7845526933670044,0.7137080430984497,542.0,562.0,0.5704345107078552,0.0009999999,0.42559894919395447,0.7155640721321106,0.7103092670440674,0.7177083492279053,0.7072916626930237,1358.0,1378.0,0.4958333373069763,0.5197634100914001,0.50545734167099,231.0,252.0,0.9935503005981445,-0.005656790919601917,0.5016224980354309,0.49700599908828735,0.518750011920929,0.4749999940395355,228.0,249.0
5,0.7593749761581421,0.8358119130134583,0.7596441507339478,462.0,460.0,0.49723729491233826,0.0009999999,0.5203032493591309,0.760124146938324,0.7601668238639832,0.7593749761581421,0.7604166865348816,1460.0,1458.0,0.4958333373069763,0.511085033416748,0.5050340294837952,233.0,252.0,1.0767256021499634,-0.010410618968307972,0.49347174167633057,0.4949899911880493,0.5145833492279053,0.4749999940395355,228.0,247.0
