epoch,accuracy,auc,f1_score,fn,fp,loss,lr,mcc,npv,precision,recall,specificity,tn,tp,val_accuracy,val_auc,val_f1_score,val_fn,val_fp,val_loss,val_mcc,val_npv,val_precision,val_recall,val_specificity,val_tn,val_tp
0,0.6005208492279053,0.6280670762062073,0.5892115831375122,1041.0,945.0,0.7637249231338501,0.01,0.18485027551651,0.5909951329231262,0.58984375,0.5662500262260437,0.5973958373069763,1455.0,1359.0,0.5,0.4874717891216278,0.5,240.0,240.0,0.8664210438728333,0.0,0.5,0.5,0.5,0.5,240.0,240.0
1,0.6666666865348816,0.7272873520851135,0.6618614792823792,648.0,651.0,0.6171156167984009,0.01,0.32424795627593994,0.6621388792991638,0.6614664793014526,0.6625000238418579,0.660937488079071,1269.0,1272.0,0.5,0.49778860807418823,0.5,240.0,240.0,0.9362625479698181,0.0,0.5,0.5,0.5,0.5,240.0,240.0
2,0.7026041746139526,0.7649645805358887,0.6972304582595825,589.0,568.0,0.5752939581871033,0.01,0.39823758602142334,0.6963972449302673,0.7008951902389526,0.6932291388511658,0.7041666507720947,1352.0,1331.0,0.5,0.5225998759269714,0.49791616201400757,241.0,241.0,0.8191365599632263,-0.004103541374206543,0.4979797899723053,0.49791666865348816,0.49791666865348816,0.49791666865348816,239.0,239.0
3,0.7124999761581421,0.784875214099884,0.7109214663505554,554.0,558.0,0.5566307902336121,0.01,0.42124101519584656,0.7105638980865479,0.709979236125946,0.7114583253860474,0.7093750238418579,1362.0,1366.0,0.4833333194255829,0.5019791722297668,0.520408034324646,214.0,273.0,0.7423484325408936,-0.012991905212402344,0.4966999590396881,0.4935064911842346,0.5541666746139526,0.4312500059604645,207.0,266.0
4,0.7380208373069763,0.8145774602890015,0.7343319654464722,505.0,518.0,0.5208439230918884,0.0009999999,0.467648446559906,0.7356761693954468,0.732022762298584,0.7369791865348816,0.7302083373069763,1402.0,1415.0,0.4958333373069763,0.5053233504295349,0.5380728840827942,197.0,292.0,0.7378330826759338,-0.01921020820736885,0.4837988615036011,0.4921739101409912,0.5895833373069763,0.3916666805744171,188.0,283.0
5,0.7786458134651184,0.8535793423652649,0.7737154364585876,434.0,434.0,0.4776903986930847,0.0009999999,0.5483539700508118,0.7746635675430298,0.7739583253860474,0.7739583253860474,0.7739583253860474,1486.0,1486.0,0.4958333373069763,0.5128536820411682,0.5821170210838318,158.0,309.0,0.7223917245864868,0.021471114829182625,0.498123437166214,0.5103011131286621,0.6708333492279053,0.35624998807907104,171.0,322.0
