epoch,accuracy,auc,f1_score,fn,fp,loss,lr,mcc,npv,precision,recall,specificity,tn,tp,val_accuracy,val_auc,val_f1_score,val_fn,val_fp,val_loss,val_mcc,val_npv,val_precision,val_recall,val_specificity,val_tn,val_tp
0,0.612500011920929,0.610942006111145,0.5983153581619263,1020.0,991.0,0.7612184286117554,0.01,0.20315051078796387,0.6004598140716553,0.5820329189300537,0.574999988079071,0.606249988079071,1409.0,1380.0,0.5,0.5715625286102295,0.5,240.0,240.0,1.7356114387512207,0.0,0.5,0.5,0.5,0.5,240.0,240.0
1,0.651562511920929,0.7170180082321167,0.6455605626106262,686.0,669.0,0.6162099242210388,0.01,0.29529961943626404,0.6457225680351257,0.6484498381614685,0.6427083611488342,0.651562511920929,1251.0,1234.0,0.5,0.5551909804344177,0.5,240.0,240.0,0.9865787625312805,0.0,0.5,0.5,0.5,0.5,240.0,240.0
2,0.6937500238418579,0.7739638686180115,0.6953209042549133,592.0,569.0,0.5642953515052795,0.01,0.3962768614292145,0.6965673565864563,0.7000527381896973,0.6916666626930237,0.7036458253860474,1351.0,1328.0,0.5,0.5843923687934875,0.5,240.0,240.0,0.9621598720550537,0.0,0.5,0.5,0.5,0.5,240.0,240.0
3,0.71875,0.8004785180091858,0.7178032398223877,555.0,518.0,0.5376959443092346,0.01,0.4417780339717865,0.7166641354560852,0.7249070405960083,0.7109375,0.7302083373069763,1402.0,1365.0,0.5,0.5680534243583679,0.5,240.0,240.0,0.9344289302825928,0.0,0.5,0.5,0.5,0.5,240.0,240.0
4,0.7494791746139526,0.8356579542160034,0.744139552116394,498.0,479.0,0.4980718791484833,0.0009999999,0.49162402749061584,0.7436744570732117,0.7480273246765137,0.7406250238418579,0.7505208253860474,1441.0,1422.0,0.5,0.5997439026832581,0.5,240.0,240.0,1.0078861713409424,0.0,0.5,0.5,0.5,0.5,240.0,240.0
5,0.7692708373069763,0.8582515120506287,0.7660428285598755,458.0,436.0,0.46512648463249207,0.0009999999,0.5348666906356812,0.7640296220779419,0.7702845335006714,0.7614583373069763,0.7729166746139526,1484.0,1462.0,0.5,0.5960394740104675,0.5,240.0,240.0,1.0774480104446411,0.0,0.5,0.5,0.5,0.5,240.0,240.0
