epoch,accuracy,auc,f1_score,fn,fp,loss,lr,mcc,npv,precision,recall,specificity,tn,tp,val_accuracy,val_auc,val_f1_score,val_fn,val_fp,val_loss,val_mcc,val_npv,val_precision,val_recall,val_specificity,val_tn,val_tp
0,0.6057291626930237,0.6245035529136658,0.5904448628425598,784.0,790.0,0.751532793045044,0.01,0.18097074329853058,0.5899562239646912,0.5898234844207764,0.5916666388511658,0.5885416865348816,1130.0,1136.0,0.5,0.4969618022441864,0.0,480.0,0.0,0.9243952631950378,0.0,0.5,0.0,0.0,1.0,480.0,0.0
1,0.6208333373069763,0.6790308952331543,0.6212666034698486,730.0,718.0,0.6449827551841736,0.01,0.24685493111610413,0.6225206851959229,0.6236897110939026,0.6197916865348816,0.6260416507720947,1202.0,1190.0,0.5,0.5259873867034912,0.5,240.0,240.0,0.9682623744010925,0.0,0.5,0.5,0.5,0.5,240.0,240.0
2,0.6468750238418579,0.7160112857818604,0.6491049528121948,671.0,678.0,0.6137538552284241,0.01,0.2980833053588867,0.6497673392295837,0.6481577754020691,0.6505208611488342,0.6468750238418579,1242.0,1249.0,0.5,0.5302712917327881,0.5,240.0,240.0,1.1988499164581299,0.0,0.5,0.5,0.5,0.5,240.0,240.0
3,0.6786458492279053,0.7468549013137817,0.680040717124939,612.0,617.0,0.5863558053970337,0.01,0.3604860305786133,0.6812074780464172,0.6794804930686951,0.6812499761581421,0.6786458492279053,1303.0,1308.0,0.5,0.5182508230209351,0.5,240.0,240.0,1.1413776874542236,0.0,0.5,0.5,0.5,0.5,240.0,240.0
4,0.6994791626930237,0.7706867456436157,0.6953663229942322,582.0,590.0,0.5686461925506592,0.0009999999,0.3900652229785919,0.6957539916038513,0.6939833760261536,0.6968749761581421,0.6927083134651184,1330.0,1338.0,0.5,0.5202192068099976,0.5,240.0,240.0,1.2599328756332397,0.0,0.5,0.5,0.5,0.5,240.0,240.0
5,0.7359374761581421,0.8114169836044312,0.7280080914497375,526.0,516.0,0.5269030332565308,0.0009999999,0.4578084945678711,0.7275734543800354,0.7298429608345032,0.7260416746139526,0.731249988079071,1404.0,1394.0,0.5,0.5240863561630249,0.5,240.0,240.0,1.4285005331039429,0.0,0.5,0.5,0.5,0.5,240.0,240.0
