epoch,accuracy,auc,f1_score,fn,fp,loss,lr,mcc,npv,precision,recall,specificity,tn,tp,val_accuracy,val_auc,val_f1_score,val_fn,val_fp,val_loss,val_mcc,val_npv,val_precision,val_recall,val_specificity,val_tn,val_tp
0,0.6104166507720947,0.5951163172721863,0.6038539409637451,992.0,1017.0,0.7556494474411011,0.01,0.20424500107765198,0.6037457585334778,0.5806185603141785,0.5866666436195374,0.5953124761581421,1383.0,1408.0,0.5,0.5138455033302307,0.5,240.0,240.0,0.9124946594238281,0.0,0.5,0.5,0.5,0.5,240.0,240.0
1,0.6567708253860474,0.7100454568862915,0.6512163281440735,660.0,687.0,0.6219951510429382,0.01,0.2994854152202606,0.652273416519165,0.6471494436264038,0.65625,0.6421874761581421,1233.0,1260.0,0.5,0.4919639825820923,0.5,240.0,240.0,0.7704225778579712,0.0,0.5,0.5,0.5,0.5,240.0,240.0
2,0.6833333373069763,0.7404271960258484,0.6695331335067749,645.0,612.0,0.5962867140769958,0.01,0.3461146652698517,0.6702336668968201,0.6756756901741028,0.6640625,0.6812499761581421,1308.0,1275.0,0.5,0.4912261366844177,0.5,240.0,240.0,0.8198047876358032,0.0,0.5,0.5,0.5,0.5,240.0,240.0
3,0.6963541507720947,0.7604084014892578,0.6853836178779602,598.0,615.0,0.5774955749511719,0.01,0.368766725063324,0.6861295104026794,0.6824986934661865,0.6885416507720947,0.6796875,1305.0,1322.0,0.5,0.4656553864479065,0.5,240.0,240.0,1.0771310329437256,0.0,0.5,0.5,0.5,0.5,240.0,240.0
4,0.7250000238418579,0.7996541857719421,0.7205250263214111,536.0,537.0,0.5430169701576233,0.0009999999,0.4415517747402191,0.7210484743118286,0.7204580903053284,0.7208333611488342,0.7203124761581421,1383.0,1384.0,0.5,0.47171443700790405,0.5,240.0,240.0,1.044677495956421,0.0,0.5,0.5,0.5,0.5,240.0,240.0
5,0.746874988079071,0.8236179947853088,0.7449255585670471,479.0,508.0,0.509701132774353,0.0009999999,0.4862782061100006,0.7467714548110962,0.7393535375595093,0.7505208253860474,0.7354166507720947,1412.0,1441.0,0.5,0.4833333492279053,0.5,240.0,240.0,1.238832950592041,0.0,0.5,0.5,0.5,0.5,240.0,240.0
