epoch,accuracy,auc,f1_score,fn,fp,loss,lr,mcc,npv,precision,recall,specificity,tn,tp,val_accuracy,val_auc,val_f1_score,val_fn,val_fp,val_loss,val_mcc,val_npv,val_precision,val_recall,val_specificity,val_tn,val_tp
0,0.6130208373069763,0.5956234335899353,0.5982138514518738,1019.0,991.0,0.756075918674469,0.01,0.20364050567150116,0.6003982424736023,0.5822091102600098,0.5754166841506958,0.6088541746139526,1409.0,1381.0,0.5,0.5182074308395386,0.5,240.0,240.0,2.0120151042938232,0.0,0.5,0.5,0.5,0.5,240.0,240.0
1,0.6812499761581421,0.7217161655426025,0.6638476848602295,655.0,625.0,0.6250134110450745,0.01,0.33403193950653076,0.6643334031105042,0.6693121790885925,0.6588541865348816,0.6744791865348816,1295.0,1265.0,0.5,0.5134873986244202,0.5,240.0,240.0,1.4188951253890991,0.0,0.5,0.5,0.5,0.5,240.0,240.0
2,0.6947916746139526,0.7663666009902954,0.6995586156845093,567.0,594.0,0.5753173232078552,0.01,0.3960631489753723,0.701112687587738,0.694915235042572,0.7046874761581421,0.690625011920929,1326.0,1353.0,0.5,0.514173150062561,0.5,240.0,240.0,1.189041256904602,0.0,0.5,0.5,0.5,0.5,240.0,240.0
3,0.7010416388511658,0.7716991901397705,0.6989842653274536,573.0,584.0,0.5737615823745728,0.01,0.39786919951438904,0.7011205554008484,0.697566032409668,0.7015625238418579,0.6958333253860474,1336.0,1347.0,0.5,0.5444314479827881,0.5,240.0,240.0,1.1831231117248535,0.0,0.5,0.5,0.5,0.5,240.0,240.0
4,0.745312511920929,0.8205749988555908,0.7391868233680725,508.0,488.0,0.5165704488754272,0.0009999999,0.48162218928337097,0.7384660243988037,0.7431579232215881,0.7354166507720947,0.7458333373069763,1432.0,1412.0,0.5,0.5576757788658142,0.5,240.0,240.0,1.1581339836120605,0.0,0.5,0.5,0.5,0.5,240.0,240.0
5,0.7677083611488342,0.852637767791748,0.7671934366226196,442.0,454.0,0.4778831899166107,0.0009999999,0.5339094996452332,0.7690789103507996,0.7650103569030762,0.7697916626930237,0.7635416388511658,1466.0,1478.0,0.5,0.5497048497200012,0.5,240.0,240.0,1.1123859882354736,0.0,0.5,0.5,0.5,0.5,240.0,240.0
