epoch,accuracy,auc,f1_score,fn,fp,loss,lr,mcc,npv,precision,recall,specificity,tn,tp,val_accuracy,val_auc,val_f1_score,val_fn,val_fp,val_loss,val_mcc,val_npv,val_precision,val_recall,val_specificity,val_tn,val_tp
0,0.596875011920929,0.5954525470733643,0.5936128497123718,1008.0,1049.0,0.7428843379020691,0.01,0.17925457656383514,0.5903612971305847,0.5702580809593201,0.5799999833106995,0.5786458253860474,1351.0,1392.0,0.5,0.49134334921836853,0.5,240.0,240.0,1.3544857501983643,0.0,0.5,0.5,0.5,0.5,240.0,240.0
1,0.651562511920929,0.7054022550582886,0.6419779658317566,692.0,672.0,0.6270018815994263,0.01,0.29019296169281006,0.644882082939148,0.6463158130645752,0.6395833492279053,0.6499999761581421,1248.0,1228.0,0.5,0.5482747554779053,0.5,240.0,229.0,0.8459359407424927,0.021721545606851578,0.5205084681510925,0.5117270946502686,0.5,0.5229166746139526,251.0,240.0
2,0.6708333492279053,0.7328777313232422,0.6705524325370789,624.0,647.0,0.6083820462226868,0.01,0.3387030363082886,0.6718480587005615,0.6670097708702087,0.675000011920929,0.6630208492279053,1273.0,1296.0,0.5,0.5857964158058167,0.5,240.0,240.0,1.2217991352081299,0.0,0.5,0.5,0.5,0.5,240.0,240.0
3,0.6822916865348816,0.7572050094604492,0.6805865168571472,612.0,616.0,0.5818111300468445,0.01,0.3609279692173004,0.6805350184440613,0.6798336505889893,0.6812499761581421,0.6791666746139526,1304.0,1308.0,0.5,0.5717729926109314,0.5,240.0,240.0,1.094929814338684,0.0,0.5,0.5,0.5,0.5,240.0,240.0
4,0.706250011920929,0.7813367247581482,0.7119289636611938,542.0,571.0,0.5576131343841553,0.0009999999,0.42111650109291077,0.7145896553993225,0.7070292234420776,0.7177083492279053,0.7026041746139526,1349.0,1378.0,0.5,0.5862846970558167,0.5,240.0,240.0,1.0274373292922974,0.0,0.5,0.5,0.5,0.5,240.0,240.0
5,0.7437499761581421,0.8173882961273193,0.7433439493179321,493.0,491.0,0.5256887674331665,0.0009999999,0.487896591424942,0.7442125678062439,0.7440041899681091,0.7432291507720947,0.7442708611488342,1429.0,1427.0,0.5,0.5793120861053467,0.5,240.0,240.0,1.1541465520858765,0.0,0.5,0.5,0.5,0.5,240.0,240.0
