epoch,accuracy,auc,f1_score,fn,fp,loss,lr,mcc,npv,precision,recall,specificity,tn,tp,val_accuracy,val_auc,val_f1_score,val_fn,val_fp,val_loss,val_mcc,val_npv,val_precision,val_recall,val_specificity,val_tn,val_tp
0,0.6135416626930237,0.6143795251846313,0.6035290360450745,987.0,1000.0,0.7438246607780457,0.01,0.20736554265022278,0.6054878830909729,0.5855781435966492,0.5887500047683716,0.6000000238418579,1400.0,1413.0,0.5,0.4914626479148865,0.5,240.0,240.0,1.4260444641113281,0.0,0.5,0.5,0.5,0.5,240.0,240.0
1,0.660937488079071,0.7069793939590454,0.6572093963623047,647.0,681.0,0.6278846263885498,0.01,0.3089373707771301,0.656721293926239,0.6514841318130493,0.6630208492279053,0.645312488079071,1239.0,1273.0,0.5,0.5082921385765076,0.5,240.0,240.0,2.336362361907959,0.0,0.5,0.5,0.5,0.5,240.0,240.0
2,0.692187488079071,0.7543192505836487,0.6879364848136902,598.0,599.0,0.5872558355331421,0.01,0.3771264851093292,0.6892707347869873,0.6881832480430603,0.6885416507720947,0.6880208253860474,1321.0,1322.0,0.5,0.5521289110183716,0.5,240.0,240.0,1.5025389194488525,0.0,0.5,0.5,0.5,0.5,240.0,240.0
3,0.715624988079071,0.7830733060836792,0.7153945565223694,541.0,555.0,0.5601913332939148,0.01,0.4295426309108734,0.7167309522628784,0.7130299806594849,0.7182291746139526,0.7109375,1365.0,1379.0,0.5,0.5746440887451172,0.5,240.0,240.0,1.5571001768112183,0.0,0.5,0.5,0.5,0.5,240.0,240.0
4,0.746874988079071,0.8227013349533081,0.7473235726356506,494.0,468.0,0.5153102278709412,0.0009999999,0.4995061457157135,0.7471907734870911,0.7529038786888123,0.7427083253860474,0.7562500238418579,1452.0,1426.0,0.5,0.5508506298065186,0.5,240.0,240.0,1.3158679008483887,0.0,0.5,0.5,0.5,0.5,240.0,240.0
5,0.778124988079071,0.8534095883369446,0.7706162929534912,443.0,434.0,0.47696903347969055,0.0009999999,0.5435646772384644,0.7714017033576965,0.7728937864303589,0.7692708373069763,0.7739583253860474,1486.0,1477.0,0.5,0.5310004353523254,0.5,240.0,240.0,1.347109317779541,0.0,0.5,0.5,0.5,0.5,240.0,240.0
