epoch,accuracy,auc,f1_score,fn,fp,loss,lr,mcc,npv,precision,recall,specificity,tn,tp,val_accuracy,val_auc,val_f1_score,val_fn,val_fp,val_loss,val_mcc,val_npv,val_precision,val_recall,val_specificity,val_tn,val_tp
0,0.6239583492279053,0.6106725931167603,0.6114148497581482,983.0,986.0,0.7320583462715149,0.01,0.2257309854030609,0.6139125227928162,0.5896795392036438,0.590416669845581,0.6114583611488342,1414.0,1417.0,0.5,0.5367013812065125,0.5,240.0,240.0,1.4600424766540527,0.0,0.5,0.5,0.5,0.5,240.0,240.0
1,0.671875,0.7279266119003296,0.6601763367652893,660.0,631.0,0.6113418936729431,0.01,0.32844820618629456,0.6634235382080078,0.6663141250610352,0.65625,0.6713541746139526,1289.0,1260.0,0.5,0.5210025906562805,0.5,240.0,240.0,2.8975329399108887,0.0,0.5,0.5,0.5,0.5,240.0,240.0
2,0.6953125,0.7546452879905701,0.6846131682395935,609.0,596.0,0.5879423022270203,0.01,0.3730543851852417,0.6860439777374268,0.6874672174453735,0.682812511920929,0.6895833611488342,1324.0,1311.0,0.5,0.5527104735374451,0.5,240.0,240.0,2.2301673889160156,0.0,0.5,0.5,0.5,0.5,240.0,240.0
3,0.7072916626930237,0.7743808627128601,0.7057177424430847,569.0,556.0,0.5691777467727661,0.01,0.4145953357219696,0.7063577175140381,0.7084425687789917,0.7036458253860474,0.7104166746139526,1364.0,1351.0,0.5,0.552404522895813,0.5,240.0,240.0,2.2937889099121094,0.0,0.5,0.5,0.5,0.5,240.0,240.0
4,0.7192708253860474,0.7934678792953491,0.7208350896835327,540.0,529.0,0.5466223359107971,0.0009999999,0.44381648302078247,0.7205641865730286,0.7228915691375732,0.71875,0.7244791388511658,1391.0,1380.0,0.5,0.5614995956420898,0.5,240.0,240.0,2.07403302192688,0.0,0.5,0.5,0.5,0.5,240.0,240.0
5,0.7489583492279053,0.8230913281440735,0.74355548620224,487.0,501.0,0.5153405070304871,0.0009999999,0.48604539036750793,0.7448927164077759,0.740951418876648,0.7463541626930237,0.739062488079071,1419.0,1433.0,0.5,0.5712131261825562,0.5,240.0,240.0,1.6340596675872803,0.0,0.5,0.5,0.5,0.5,240.0,240.0
