epoch,accuracy,auc,f1_score,fn,fp,loss,lr,mcc,npv,precision,recall,specificity,tn,tp,val_accuracy,val_auc,val_f1_score,val_fn,val_fp,val_loss,val_mcc,val_npv,val_precision,val_recall,val_specificity,val_tn,val_tp
0,0.6307291388511658,0.6272410750389099,0.6011103391647339,1003.0,1002.0,0.7383424639701843,0.01,0.20633085072040558,0.6050922870635986,0.5823259949684143,0.5820833444595337,0.6031249761581421,1398.0,1397.0,0.5,0.48407548666000366,0.4934391677379608,246.0,236.0,0.9763056039810181,-0.0038872400764375925,0.4963953197002411,0.49787235260009766,0.48750001192092896,0.5083333253860474,244.0,234.0
1,0.6760416626930237,0.7207583785057068,0.6645317673683167,639.0,651.0,0.6159237027168274,0.01,0.32902440428733826,0.6661747694015503,0.6630434989929199,0.667187511920929,0.660937488079071,1269.0,1281.0,0.5,0.49872180819511414,0.5,240.0,239.0,0.8482944369316101,0.0020517667289823294,0.5020201802253723,0.5010438561439514,0.5,0.5020833611488342,241.0,240.0
2,0.7083333134651184,0.7647919654846191,0.7062005996704102,569.0,555.0,0.57743239402771,0.01,0.41502565145492554,0.705797553062439,0.708814263343811,0.7036458253860474,0.7109375,1365.0,1351.0,0.5,0.5310112237930298,0.49682536721229553,243.0,238.0,0.867606520652771,-0.0020517746452242136,0.4979797899723053,0.4989473819732666,0.4937500059604645,0.5041666626930237,242.0,237.0
3,0.7260416746139526,0.7889300584793091,0.7242801189422607,526.0,535.0,0.5563716888427734,0.01,0.4478670656681061,0.7250703573226929,0.7226542234420776,0.7260416746139526,0.7213541865348816,1385.0,1394.0,0.5,0.5603277087211609,0.5,240.0,239.0,1.0025854110717773,0.0020517667289823294,0.5020201802253723,0.5010438561439514,0.5,0.5020833611488342,241.0,240.0
4,0.7380208373069763,0.8181964159011841,0.7353736162185669,516.0,494.0,0.5189666152000427,0.0009999999,0.4745016396045685,0.7346668243408203,0.7397260069847107,0.731249988079071,0.7427083253860474,1426.0,1404.0,0.5,0.5652929544448853,0.5,240.0,240.0,1.0945059061050415,0.0,0.5,0.5,0.5,0.5,240.0,240.0
5,0.7692708373069763,0.8514686822891235,0.7616262435913086,465.0,446.0,0.4749554991722107,0.0009999999,0.525983989238739,0.7602816820144653,0.7653866410255432,0.7578125,0.7677083611488342,1474.0,1455.0,0.5,0.5598676204681396,0.4989418089389801,241.0,240.0,1.1121660470962524,-0.0020517667289823294,0.4979797899723053,0.4989561438560486,0.49791666865348816,0.5,240.0,239.0
