epoch,accuracy,auc,f1_score,fn,fp,loss,lr,mcc,npv,precision,recall,specificity,tn,tp,val_accuracy,val_auc,val_f1_score,val_fn,val_fp,val_loss,val_mcc,val_npv,val_precision,val_recall,val_specificity,val_tn,val_tp
0,0.6239583492279053,0.6418142318725586,0.61115562915802,948.0,1007.0,0.7498994469642639,0.01,0.22206784784793854,0.6130872368812561,0.5904839634895325,0.6050000190734863,0.6067708134651184,1393.0,1452.0,0.5,0.5704014301300049,0.5,240.0,240.0,1.0320475101470947,0.0,0.5,0.5,0.5,0.5,240.0,240.0
1,0.6791666746139526,0.7417373657226562,0.6719343662261963,631.0,622.0,0.6010134816169739,0.01,0.348031222820282,0.6747381091117859,0.674515962600708,0.6713541746139526,0.6760416626930237,1298.0,1289.0,0.5,0.5546962022781372,0.5,240.0,240.0,1.5512291193008423,0.0,0.5,0.5,0.5,0.5,240.0,240.0
2,0.721875011920929,0.7987478971481323,0.722680389881134,534.0,530.0,0.5435699224472046,0.01,0.4462646543979645,0.7224885821342468,0.7233820557594299,0.721875011920929,0.7239583134651184,1390.0,1386.0,0.5,0.5702604651451111,0.5,240.0,240.0,1.573336124420166,0.0,0.5,0.5,0.5,0.5,240.0,240.0
3,0.739062488079071,0.8077100515365601,0.7342760562896729,511.0,509.0,0.5307555794715881,0.01,0.46942055225372314,0.734308660030365,0.7346193790435791,0.7338541746139526,0.7348958253860474,1411.0,1409.0,0.5,0.5804535746574402,0.5,240.0,240.0,1.8438282012939453,0.0,0.5,0.5,0.5,0.5,240.0,240.0
4,0.7713541388511658,0.8517003059387207,0.7715555429458618,447.0,426.0,0.4817916750907898,0.0009999999,0.5458129048347473,0.7696388959884644,0.7756714224815369,0.7671874761581421,0.778124988079071,1494.0,1473.0,0.5,0.5730599164962769,0.5,240.0,240.0,2.1150104999542236,0.0,0.5,0.5,0.5,0.5,240.0,240.0
5,0.7979166507720947,0.8759920001029968,0.7963243126869202,393.0,386.0,0.4424697160720825,0.0009999999,0.594637930393219,0.7971314191818237,0.7982226610183716,0.7953125238418579,0.7989583611488342,1534.0,1527.0,0.5,0.5628732442855835,0.5,240.0,240.0,2.2667033672332764,0.0,0.5,0.5,0.5,0.5,240.0,240.0
