epoch,accuracy,auc,f1_score,fn,fp,loss,lr,mcc,npv,precision,recall,specificity,tn,tp,val_accuracy,val_auc,val_f1_score,val_fn,val_fp,val_loss,val_mcc,val_npv,val_precision,val_recall,val_specificity,val_tn,val_tp
0,0.604687511920929,0.5964922904968262,0.5878199338912964,1041.0,1003.0,0.7705006003379822,0.01,0.18612059950828552,0.5912662744522095,0.5753598809242249,0.5662500262260437,0.6026041507720947,1397.0,1359.0,0.5,0.5016341209411621,0.5,240.0,240.0,3.2081491947174072,0.0,0.5,0.5,0.5,0.5,240.0,240.0
1,0.653124988079071,0.7008571028709412,0.6442800164222717,679.0,690.0,0.6367016434669495,0.01,0.2878999412059784,0.6446825265884399,0.6426721811294556,0.6463541388511658,0.640625,1230.0,1241.0,0.5,0.5319596529006958,0.5,240.0,240.0,2.3601443767547607,0.0,0.5,0.5,0.5,0.5,240.0,240.0
2,0.6796875,0.7411192655563354,0.6713305115699768,631.0,625.0,0.6001154780387878,0.01,0.3470038175582886,0.6746317148208618,0.6734586954116821,0.6713541746139526,0.6744791865348816,1295.0,1289.0,0.5,0.508739173412323,0.5,240.0,240.0,2.2842674255371094,0.0,0.5,0.5,0.5,0.5,240.0,240.0
3,0.7171875238418579,0.7835027575492859,0.7160231471061707,544.0,548.0,0.5551019906997681,0.01,0.43165576457977295,0.716007649898529,0.7151767015457153,0.7166666388511658,0.7145833373069763,1372.0,1376.0,0.5,0.537024736404419,0.5,240.0,240.0,1.9749510288238525,0.0,0.5,0.5,0.5,0.5,240.0,240.0
4,0.7260416746139526,0.7988082766532898,0.7274690270423889,512.0,540.0,0.5388266444206238,0.0009999999,0.45288294553756714,0.7309552431106567,0.7227926254272461,0.7333333492279053,0.71875,1380.0,1408.0,0.5,0.5516992211341858,0.5,240.0,240.0,1.628597617149353,0.0,0.5,0.5,0.5,0.5,240.0,240.0
5,0.7697916626930237,0.8462316989898682,0.7682640552520752,436.0,461.0,0.4858767092227936,0.0009999999,0.5332308411598206,0.7694129943847656,0.7629820108413696,0.7729166746139526,0.7598958611488342,1459.0,1484.0,0.5,0.5634744167327881,0.5,240.0,240.0,1.3412541151046753,0.0,0.5,0.5,0.5,0.5,240.0,240.0
