epoch,accuracy,auc,f1_score,fn,fp,loss,lr,mcc,npv,precision,recall,specificity,tn,tp,val_accuracy,val_auc,val_f1_score,val_fn,val_fp,val_loss,val_mcc,val_npv,val_precision,val_recall,val_specificity,val_tn,val_tp
0,0.6041666865348816,0.5879067778587341,0.5852978825569153,1037.0,1029.0,0.7718154191970825,0.01,0.17479299008846283,0.5874478220939636,0.5698160529136658,0.5679166913032532,0.589062511920929,1371.0,1363.0,0.5,0.5432552099227905,0.5,240.0,240.0,1.4433159828186035,0.0,0.5,0.5,0.5,0.5,240.0,240.0
1,0.6354166865348816,0.6793697476387024,0.6227495074272156,727.0,714.0,0.6504715085029602,0.01,0.2504747807979584,0.624748170375824,0.625589907169342,0.6213541626930237,0.628125011920929,1206.0,1193.0,0.5,0.5521180629730225,0.5,240.0,240.0,1.6269571781158447,0.0,0.5,0.5,0.5,0.5,240.0,240.0
2,0.6791666746139526,0.7395493388175964,0.6678510904312134,643.0,626.0,0.593614935874939,0.01,0.33983728289604187,0.6683752536773682,0.67104572057724,0.6651041507720947,0.6739583611488342,1294.0,1277.0,0.5,0.5425499677658081,0.5,240.0,240.0,2.120676279067993,0.0,0.5,0.5,0.5,0.5,240.0,240.0
3,0.6864583492279053,0.7566386461257935,0.6882820129394531,601.0,592.0,0.583651602268219,0.01,0.3792291581630707,0.6892502307891846,0.6902145743370056,0.6869791746139526,0.6916666626930237,1328.0,1319.0,0.5,0.5367729663848877,0.5,240.0,240.0,2.116485834121704,0.0,0.5,0.5,0.5,0.5,240.0,240.0
4,0.6927083134651184,0.764991283416748,0.6953784823417664,572.0,608.0,0.5745912194252014,0.0009999999,0.3858735263347626,0.696853756904602,0.6891615390777588,0.7020833492279053,0.6833333373069763,1312.0,1348.0,0.5,0.5517426133155823,0.5,240.0,240.0,1.7962745428085327,0.0,0.5,0.5,0.5,0.5,240.0,240.0
5,0.7322916388511658,0.80852872133255,0.7290435433387756,515.0,529.0,0.5295180082321167,0.0009999999,0.4565849006175995,0.7300437092781067,0.7264736294746399,0.7317708134651184,0.7244791388511658,1391.0,1405.0,0.5,0.5475976467132568,0.5,240.0,240.0,1.8505321741104126,0.0,0.5,0.5,0.5,0.5,240.0,240.0
