epoch,accuracy,auc,f1_score,fn,fp,loss,lr,mcc,npv,precision,recall,specificity,tn,tp,val_accuracy,val_auc,val_f1_score,val_fn,val_fp,val_loss,val_mcc,val_npv,val_precision,val_recall,val_specificity,val_tn,val_tp
0,0.6151041388511658,0.6744469404220581,0.6074408292770386,881.0,881.0,0.7034212946891785,0.01,0.21787166595458984,0.6090375185012817,0.6329166889190674,0.6329166889190674,0.6098958253860474,1519.0,1519.0,0.5,0.5,0.5,240.0,240.0,15.956330299377441,0.0,0.5,0.5,0.5,0.5,240.0,240.0
1,0.6729166507720947,0.7278264760971069,0.6663176417350769,640.0,634.0,0.6129468083381653,0.01,0.337137371301651,0.6704959273338318,0.6687565445899963,0.6666666865348816,0.6697916388511658,1286.0,1280.0,0.5,0.5,0.5,240.0,240.0,7.554069995880127,0.0,0.5,0.5,0.5,0.5,240.0,240.0
2,0.7026041746139526,0.7628002762794495,0.6994036436080933,584.0,563.0,0.5822069048881531,0.01,0.4031068980693817,0.6997036337852478,0.7035281658172607,0.6958333253860474,0.7067708373069763,1357.0,1336.0,0.5,0.5020833611488342,0.5,240.0,240.0,3.0266926288604736,0.0,0.5,0.5,0.5,0.5,240.0,240.0
3,0.7166666388511658,0.7856753468513489,0.7139409780502319,547.0,551.0,0.5602425932884216,0.01,0.42850521206855774,0.7155110836029053,0.7136174440383911,0.7151041626930237,0.7130208611488342,1369.0,1373.0,0.5,0.5,0.5,240.0,240.0,3.7801096439361572,0.0,0.5,0.5,0.5,0.5,240.0,240.0
4,0.7088541388511658,0.7732561826705933,0.7077911496162415,562.0,558.0,0.5710475444793701,0.0009999999,0.4168781340122223,0.7084296941757202,0.7087682485580444,0.7072916626930237,0.7093750238418579,1362.0,1358.0,0.5,0.5899891257286072,0.5,240.0,240.0,1.1232130527496338,0.0,0.5,0.5,0.5,0.5,240.0,240.0
5,0.7562500238418579,0.8342477083206177,0.7585079669952393,457.0,475.0,0.506276547908783,0.0009999999,0.5148556232452393,0.7597045302391052,0.7549019455909729,0.7619791626930237,0.7526041865348816,1445.0,1463.0,0.5,0.5987803339958191,0.5,240.0,240.0,1.3095860481262207,0.0,0.5,0.5,0.5,0.5,240.0,240.0
