epoch,accuracy,auc,f1_score,fn,fp,loss,lr,mcc,npv,precision,recall,specificity,tn,tp,val_accuracy,val_auc,val_f1_score,val_fn,val_fp,val_loss,val_mcc,val_npv,val_precision,val_recall,val_specificity,val_tn,val_tp
0,0.5770833492279053,0.5526105165481567,0.5622831583023071,1080.0,1073.0,0.737646222114563,0.01,0.1293407529592514,0.5655829906463623,0.5516088604927063,0.550000011920929,0.5661458373069763,1327.0,1320.0,0.5,0.5,0.6666666269302368,0.0,480.0,18.79123306274414,0.0,0.0,0.5,1.0,0.0,0.0,480.0
1,0.6651041507720947,0.7115303874015808,0.6638270020484924,640.0,655.0,0.6287935972213745,0.01,0.3262030780315399,0.6645594835281372,0.6614987254142761,0.6666666865348816,0.6588541865348816,1265.0,1280.0,0.5,0.5,0.5,240.0,240.0,5.590247631072998,0.0,0.5,0.5,0.5,0.5,240.0,240.0
2,0.7005208134651184,0.7548442482948303,0.6981005072593689,571.0,594.0,0.5925977826118469,0.01,0.39373070001602173,0.6996437907218933,0.6942871809005737,0.7026041746139526,0.690625011920929,1326.0,1349.0,0.5,0.5603125095367432,0.5,240.0,240.0,0.9772950410842896,0.0,0.5,0.5,0.5,0.5,240.0,240.0
3,0.7338541746139526,0.8003032803535461,0.7323612570762634,513.0,516.0,0.5458272099494934,0.01,0.4643372595310211,0.7322067618370056,0.7316692471504211,0.7328125238418579,0.731249988079071,1404.0,1407.0,0.49791666865348816,0.5822200179100037,0.40760818123817444,315.0,112.0,0.7146782279014587,0.09062458574771881,0.5526371002197266,0.5956678986549377,0.34375,0.7666666507720947,368.0,165.0
4,0.745312511920929,0.8138450384140015,0.7435736060142517,492.0,493.0,0.5311822295188904,0.0009999999,0.4872243106365204,0.743681788444519,0.7433628439903259,0.7437499761581421,0.7432291507720947,1427.0,1428.0,0.5,0.5828320384025574,0.5,240.0,240.0,0.9078105092048645,0.0,0.5,0.5,0.5,0.5,240.0,240.0
5,0.7635416388511658,0.85121089220047,0.7670565843582153,446.0,448.0,0.4833110570907593,0.0009999999,0.5345690250396729,0.7680820822715759,0.7669094800949097,0.7677083611488342,0.7666666507720947,1472.0,1474.0,0.5,0.590490460395813,0.4978835880756378,242.0,236.0,0.8343753814697266,0.004103565122932196,0.5040404200553894,0.502109706401825,0.4958333373069763,0.5083333253860474,244.0,238.0
