epoch,accuracy,auc,f1_score,fn,fp,loss,lr,mcc,npv,precision,recall,specificity,tn,tp,val_accuracy,val_auc,val_f1_score,val_fn,val_fp,val_loss,val_mcc,val_npv,val_precision,val_recall,val_specificity,val_tn,val_tp
0,0.6083333492279053,0.6224669218063354,0.600442111492157,983.0,964.0,0.7151591777801514,0.01,0.20549315214157104,0.6018564701080322,0.5951281189918518,0.590416669845581,0.6057291626930237,1436.0,1417.0,0.5,0.5,0.5,240.0,240.0,10.88577651977539,0.0,0.5,0.5,0.5,0.5,240.0,240.0
1,0.6713541746139526,0.7150692939758301,0.6646493673324585,649.0,633.0,0.6267339587211609,0.01,0.33287304639816284,0.6650134921073914,0.667542040348053,0.6619791388511658,0.6703125238418579,1287.0,1271.0,0.5,0.4973958134651184,0.5,240.0,240.0,2.9640390872955322,0.0,0.5,0.5,0.5,0.5,240.0,240.0
2,0.7057291865348816,0.7685233354568481,0.710030734539032,549.0,569.0,0.5791480541229248,0.01,0.4182237982749939,0.711920976638794,0.7067010402679443,0.714062511920929,0.7036458253860474,1351.0,1371.0,0.5,0.604270875453949,0.5,240.0,240.0,0.7845585346221924,0.0,0.5,0.5,0.5,0.5,240.0,240.0
3,0.7265625,0.7993289232254028,0.7280343770980835,525.0,518.0,0.5502526164054871,0.01,0.4571457505226135,0.7273759841918945,0.7292211055755615,0.7265625,0.7302083373069763,1402.0,1395.0,0.5,0.6127864718437195,0.5,240.0,240.0,0.9206996560096741,0.0,0.5,0.5,0.5,0.5,240.0,240.0
4,0.734375,0.8029879927635193,0.7281656265258789,528.0,511.0,0.5406544208526611,0.0009999999,0.45914342999458313,0.7276198863983154,0.7314766049385071,0.7250000238418579,0.7338541746139526,1409.0,1392.0,0.5,0.6353710889816284,0.5,240.0,240.0,1.304917573928833,0.0,0.5,0.5,0.5,0.5,240.0,240.0
5,0.7739583253860474,0.8484773635864258,0.7725645899772644,443.0,426.0,0.49152517318725586,0.0009999999,0.5476605892181396,0.7716673016548157,0.776142954826355,0.7692708373069763,0.778124988079071,1494.0,1477.0,0.5,0.6355403661727905,0.5,240.0,240.0,1.0186089277267456,0.0,0.5,0.5,0.5,0.5,240.0,240.0
