epoch,accuracy,auc,f1_score,fn,fp,loss,lr,mcc,npv,precision,recall,specificity,tn,tp,val_accuracy,val_auc,val_f1_score,val_fn,val_fp,val_loss,val_mcc,val_npv,val_precision,val_recall,val_specificity,val_tn,val_tp
0,0.6130208373069763,0.5994088649749756,0.5998117923736572,1004.0,1006.0,0.7109354734420776,0.01,0.20061089098453522,0.600710928440094,0.5811823606491089,0.5816666483879089,0.5989583134651184,1394.0,1396.0,0.5,0.5,0.0,480.0,0.0,14.269723892211914,0.0,0.5,0.0,0.0,1.0,480.0,0.0
1,0.6755208373069763,0.7322047352790833,0.6723350882530212,630.0,626.0,0.6087977886199951,0.01,0.34682223200798035,0.6732569932937622,0.6732776761054993,0.671875,0.6739583611488342,1294.0,1290.0,0.5,0.49433594942092896,0.4191295802593231,304.0,202.0,0.8525464534759521,-0.04608243331313133,0.46753203868865967,0.46560847759246826,0.36666667461395264,0.5791666507720947,278.0,176.0
2,0.7057291865348816,0.7766284942626953,0.7050105333328247,567.0,565.0,0.5697529315948486,0.01,0.4108216166496277,0.7052487134933472,0.7054223418235779,0.7046874761581421,0.7057291865348816,1355.0,1353.0,0.5,0.5937760472297668,0.5,240.0,240.0,0.9094917178153992,0.0,0.5,0.5,0.5,0.5,240.0,240.0
3,0.7281249761581421,0.7952118515968323,0.7299891114234924,516.0,522.0,0.5493072867393494,0.01,0.4597703516483307,0.730841875076294,0.7289719581604004,0.731249988079071,0.7281249761581421,1398.0,1404.0,0.5,0.6016601920127869,0.5,240.0,240.0,1.6610058546066284,0.0,0.5,0.5,0.5,0.5,240.0,240.0
4,0.7046874761581421,0.7859671115875244,0.7072734236717224,562.0,562.0,0.5563578009605408,0.0009999999,0.41478267312049866,0.7073302865028381,0.7072916626930237,0.7072916626930237,0.7072916626930237,1358.0,1358.0,0.5,0.6026345491409302,0.5,240.0,240.0,0.9015581607818604,0.0,0.5,0.5,0.5,0.5,240.0,240.0
5,0.7562500238418579,0.842400848865509,0.7590631246566772,464.0,460.0,0.4982728660106659,0.0009999999,0.5190866589546204,0.7591490149497986,0.7599164843559265,0.7583333253860474,0.7604166865348816,1460.0,1456.0,0.5,0.6084656715393066,0.5,240.0,240.0,0.902965784072876,0.0,0.5,0.5,0.5,0.5,240.0,240.0
