epoch,accuracy,auc,f1_score,fn,fp,loss,lr,mcc,npv,precision,recall,specificity,tn,tp,val_accuracy,val_auc,val_f1_score,val_fn,val_fp,val_loss,val_mcc,val_npv,val_precision,val_recall,val_specificity,val_tn,val_tp
0,0.503125011920929,0.5114138126373291,0.5261071920394897,1139.0,1176.0,0.753999650478363,0.01,0.04456283152103424,0.5207247734069824,0.5174394845962524,0.5254166722297668,0.512499988079071,1224.0,1261.0,0.5,0.5344639420509338,0.5,240.0,240.0,1.115644097328186,0.0,0.5,0.5,0.5,0.5,240.0,240.0
1,0.5338541865348816,0.5488090515136719,0.5366877317428589,871.0,932.0,0.7153244018554688,0.01,0.061160169541835785,0.5318226218223572,0.5295305252075195,0.5463541746139526,0.5145833492279053,988.0,1049.0,0.5,0.5720182061195374,0.5,240.0,240.0,1.4817641973495483,0.0,0.5,0.5,0.5,0.5,240.0,240.0
2,0.6098958253860474,0.6236522197723389,0.6003274917602539,749.0,805.0,0.6815338730812073,0.01,0.19107979536056519,0.5986164212226868,0.5926113128662109,0.6098958253860474,0.5807291865348816,1115.0,1171.0,0.5,0.5,0.5,240.0,240.0,768.3479614257812,0.0,0.5,0.5,0.5,0.5,240.0,240.0
3,0.6213541626930237,0.6653349995613098,0.6171963214874268,739.0,724.0,0.6568648815155029,0.01,0.23849181830883026,0.6185072064399719,0.6199474930763245,0.6151041388511658,0.6229166388511658,1196.0,1181.0,0.5,0.5,0.6666666269302368,0.0,480.0,39.66482925415039,0.0,0.0,0.5,1.0,0.0,0.0,480.0
4,0.6421874761581421,0.6898696422576904,0.6411358118057251,693.0,681.0,0.6461708545684814,0.0009999999,0.284450888633728,0.6411216855049133,0.643081784248352,0.6390625238418579,0.645312488079071,1239.0,1227.0,0.5,0.5506097674369812,0.6676121950149536,0.0,478.0,2.7920897006988525,0.011973687447607517,0.06666667014360428,0.5010438561439514,1.0,0.004166666883975267,2.0,480.0
5,0.65625,0.7167990207672119,0.6588200330734253,656.0,653.0,0.6196213960647583,0.0009999999,0.3182971179485321,0.6589130759239197,0.6593635678291321,0.6583333611488342,0.6598958373069763,1267.0,1264.0,0.5,0.5979145169258118,0.6496230959892273,125.0,284.0,1.5288656949996948,0.12623338401317596,0.517460286617279,0.5555555820465088,0.7395833134651184,0.40833333134651184,196.0,355.0
