epoch,accuracy,auc,f1_score,fn,fp,loss,lr,mcc,npv,precision,recall,specificity,tn,tp,val_accuracy,val_auc,val_f1_score,val_fn,val_fp,val_loss,val_mcc,val_npv,val_precision,val_recall,val_specificity,val_tn,val_tp
0,0.535937488079071,0.5331087708473206,0.5329358577728271,1131.0,1139.0,0.7319859266281128,0.01,0.06814932078123093,0.5356817841529846,0.5269933342933655,0.5287500023841858,0.5317708253860474,1261.0,1269.0,0.5,0.5,0.5,240.0,240.0,10.86647891998291,0.0,0.5,0.5,0.5,0.5,240.0,240.0
1,0.5979166626930237,0.617597758769989,0.5768781304359436,829.0,769.0,0.6832001209259033,0.01,0.1683179885149002,0.5813636183738708,0.5865591168403625,0.5682291388511658,0.5994791388511658,1151.0,1091.0,0.5,0.5367686748504639,0.5,240.0,240.0,3.475151777267456,0.0,0.5,0.5,0.5,0.5,240.0,240.0
2,0.6395833492279053,0.6824406385421753,0.6343200206756592,702.0,701.0,0.6481227874755859,0.01,0.2695682644844055,0.634889543056488,0.6347056031227112,0.6343749761581421,0.6348958611488342,1219.0,1218.0,0.5,0.5,0.5,240.0,240.0,4.826505184173584,0.0,0.5,0.5,0.5,0.5,240.0,240.0
3,0.6812499761581421,0.7391956448554993,0.6829350590705872,608.0,611.0,0.6038895845413208,0.01,0.36524733901023865,0.6826010346412659,0.6822673082351685,0.6833333373069763,0.6817708611488342,1309.0,1312.0,0.5,0.5,0.5,240.0,240.0,21.521228790283203,0.0,0.5,0.5,0.5,0.5,240.0,240.0
4,0.6369791626930237,0.6736790537834167,0.6331848502159119,700.0,713.0,0.6678150296211243,0.0009999999,0.26420465111732483,0.6330825686454773,0.6311432719230652,0.6354166865348816,0.6286458373069763,1207.0,1220.0,0.5,0.5,0.5,240.0,240.0,8.329997062683105,0.0,0.5,0.5,0.5,0.5,240.0,240.0
5,0.7114583253860474,0.7730728983879089,0.7116220593452454,551.0,559.0,0.5741536617279053,0.0009999999,0.42194220423698425,0.7116571664810181,0.7100622653961182,0.7130208611488342,0.7088541388511658,1361.0,1369.0,0.5,0.5819987058639526,0.5,240.0,240.0,2.5674099922180176,0.0,0.5,0.5,0.5,0.5,240.0,240.0
