epoch,accuracy,auc,f1_score,fn,fp,loss,lr,mcc,npv,precision,recall,specificity,tn,tp,val_accuracy,val_auc,val_f1_score,val_fn,val_fp,val_loss,val_mcc,val_npv,val_precision,val_recall,val_specificity,val_tn,val_tp
0,0.5145833492279053,0.5119244456291199,0.5084088444709778,1179.0,1189.0,0.7455535531044006,0.01,0.016705723479390144,0.5087683200836182,0.5066390037536621,0.5087500214576721,0.5057291388511658,1211.0,1221.0,0.5,0.5,0.5,240.0,240.0,5.595569133758545,0.0,0.5,0.5,0.5,0.5,240.0,240.0
1,0.4973958432674408,0.500670313835144,0.4901585876941681,971.0,983.0,0.7283666729927063,0.01,-0.017896302044391632,0.49248620867729187,0.49120083451271057,0.49427083134651184,0.4880208373069763,937.0,949.0,0.5,0.4907378852367401,0.5,240.0,240.0,1.8246666193008423,0.0,0.5,0.5,0.5,0.5,240.0,240.0
2,0.5583333373069763,0.5903459787368774,0.5526226758956909,867.0,837.0,0.683121919631958,0.01,0.11282369494438171,0.5544143915176392,0.5571428537368774,0.5484374761581421,0.5640624761581421,1083.0,1053.0,0.5,0.5378775596618652,0.5,240.0,240.0,1.2532035112380981,0.0,0.5,0.5,0.5,0.5,240.0,240.0
3,0.6135416626930237,0.6636842489242554,0.6169723272323608,730.0,747.0,0.6555085778236389,0.01,0.23086337745189667,0.6165062785148621,0.6143521070480347,0.6197916865348816,0.6109374761581421,1173.0,1190.0,0.49791666865348816,0.5520963668823242,0.5086557865142822,233.0,245.0,0.9578842520713806,0.004136109258979559,0.501075267791748,0.5020325183868408,0.5145833492279053,0.4895833432674408,235.0,247.0
4,0.6421874761581421,0.6776967644691467,0.6432477235794067,681.0,693.0,0.6488836407661438,0.0009999999,0.2844794690608978,0.643173336982727,0.6413043737411499,0.645312488079071,0.6390625238418579,1227.0,1239.0,0.5,0.559787392616272,0.5,240.0,240.0,2.062126398086548,0.0,0.5,0.5,0.5,0.5,240.0,240.0
5,0.6578124761581421,0.7096908688545227,0.6600623726844788,649.0,660.0,0.627995491027832,0.0009999999,0.31830015778541565,0.6600902080535889,0.6582081913948059,0.6619791388511658,0.65625,1260.0,1271.0,0.5,0.5647938251495361,0.5015384554862976,239.0,240.0,0.9884327054023743,0.0020843506790697575,0.501075267791748,0.5010395050048828,0.5020833611488342,0.5,240.0,241.0
