epoch,accuracy,auc,f1_score,fn,fp,loss,lr,mcc,npv,precision,recall,specificity,tn,tp,val_accuracy,val_auc,val_f1_score,val_fn,val_fp,val_loss,val_mcc,val_npv,val_precision,val_recall,val_specificity,val_tn,val_tp
0,0.526562511920929,0.5140718221664429,0.5096312761306763,1179.0,1181.0,0.7484505772590637,0.01,0.021270373836159706,0.5096244215965271,0.5083264112472534,0.5087500214576721,0.5098958611488342,1219.0,1221.0,0.5,0.5,0.5,240.0,240.0,12.755979537963867,0.0,0.5,0.5,0.5,0.5,240.0,240.0
1,0.5682291388511658,0.6029298305511475,0.5694642663002014,822.0,830.0,0.68878173828125,0.01,0.1400950849056244,0.5710998773574829,0.569502055644989,0.5718749761581421,0.5677083134651184,1090.0,1098.0,0.5,0.5270963907241821,0.5,240.0,240.0,3.8873648643493652,0.0,0.5,0.5,0.5,0.5,240.0,240.0
2,0.6390625238418579,0.6733714938163757,0.630290687084198,707.0,712.0,0.6508350968360901,0.01,0.2612954080104828,0.6319697499275208,0.630129873752594,0.6317708492279053,0.6291666626930237,1208.0,1213.0,0.5,0.5392469167709351,0.5,240.0,240.0,2.809208393096924,0.0,0.5,0.5,0.5,0.5,240.0,240.0
3,0.6651041507720947,0.710491418838501,0.6559717059135437,667.0,647.0,0.6248328685760498,0.01,0.3157893121242523,0.656259298324585,0.6594736576080322,0.6526041626930237,0.6630208492279053,1273.0,1253.0,0.5,0.5,0.5,240.0,240.0,4.392158031463623,0.0,0.5,0.5,0.5,0.5,240.0,240.0
4,0.7067708373069763,0.7636241912841797,0.7071511745452881,565.0,557.0,0.5971267819404602,0.0009999999,0.4156494140625,0.7070549130439758,0.7086820006370544,0.7057291865348816,0.7098958492279053,1363.0,1355.0,0.5,0.5,0.5,240.0,240.0,5.856377124786377,0.0,0.5,0.5,0.5,0.5,240.0,240.0
5,0.7026041746139526,0.7741461396217346,0.6998791098594666,579.0,571.0,0.5713194012641907,0.0009999999,0.40107980370521545,0.6997280716896057,0.7013598084449768,0.698437511920929,0.7026041746139526,1349.0,1341.0,0.5,0.5,0.5,240.0,240.0,4.243838787078857,0.0,0.5,0.5,0.5,0.5,240.0,240.0
