epoch,accuracy,auc,f1_score,fn,fp,loss,lr,mcc,npv,precision,recall,specificity,tn,tp,val_accuracy,val_auc,val_f1_score,val_fn,val_fp,val_loss,val_mcc,val_npv,val_precision,val_recall,val_specificity,val_tn,val_tp
0,0.5776041746139526,0.5526701807975769,0.5544335246086121,1097.0,1081.0,0.7081849575042725,0.01,0.11634396761655807,0.5577294230461121,0.5465604066848755,0.5429166555404663,0.5619791746139526,1319.0,1303.0,0.5,0.5,0.5,240.0,240.0,16.733379364013672,0.0,0.5,0.5,0.5,0.5,240.0,240.0
1,0.6380208134651184,0.6691725254058838,0.6290442943572998,716.0,704.0,0.6565830707550049,0.01,0.26065099239349365,0.6292840838432312,0.6310272812843323,0.6270833611488342,0.6333333253860474,1216.0,1204.0,0.5,0.5,0.5,240.0,240.0,14.915610313415527,0.0,0.5,0.5,0.5,0.5,240.0,240.0
2,0.651562511920929,0.6990637183189392,0.6471059918403625,677.0,677.0,0.632458508014679,0.01,0.2949886620044708,0.6479517221450806,0.6473958492279053,0.6473958492279053,0.6473958492279053,1243.0,1243.0,0.5,0.5,0.5,240.0,240.0,4.475857257843018,0.0,0.5,0.5,0.5,0.5,240.0,240.0
3,0.6697916388511658,0.7228394746780396,0.6697587966918945,632.0,638.0,0.6182408928871155,0.01,0.33858850598335266,0.6698554754257202,0.6687434911727905,0.6708333492279053,0.6677083373069763,1282.0,1288.0,0.5,0.5,0.5,240.0,240.0,8.414093971252441,0.0,0.5,0.5,0.5,0.5,240.0,240.0
4,0.6697916388511658,0.7133182883262634,0.6609219312667847,653.0,647.0,0.6291268467903137,0.0009999999,0.323081374168396,0.6608530879020691,0.661964476108551,0.6598958373069763,0.6630208492279053,1273.0,1267.0,0.5,0.5,0.5,240.0,240.0,9.25739860534668,0.0,0.5,0.5,0.5,0.5,240.0,240.0
5,0.7229166626930237,0.7810487151145935,0.7213955521583557,533.0,538.0,0.5668975710868835,0.0009999999,0.442214697599411,0.7217971086502075,0.720519483089447,0.7223958373069763,0.7197916507720947,1382.0,1387.0,0.5,0.5,0.5,240.0,240.0,9.355587005615234,0.0,0.5,0.5,0.5,0.5,240.0,240.0
