epoch,accuracy,auc,f1_score,fn,fp,loss,lr,mcc,npv,precision,recall,specificity,tn,tp,val_accuracy,val_auc,val_f1_score,val_fn,val_fp,val_loss,val_mcc,val_npv,val_precision,val_recall,val_specificity,val_tn,val_tp
0,0.5453125238418579,0.5441771745681763,0.5483067035675049,1091.0,1145.0,0.7317230701446533,0.01,0.08581870049238205,0.5446588397026062,0.5334148406982422,0.5454166531562805,0.5286458134651184,1255.0,1309.0,0.5,0.48939236998558044,0.5,240.0,240.0,6.01861572265625,0.0,0.5,0.5,0.5,0.5,240.0,240.0
1,0.5911458134651184,0.6322634816169739,0.585647702217102,803.0,774.0,0.6774030327796936,0.01,0.17914502322673798,0.5886585116386414,0.5906927585601807,0.5817708373069763,0.596875011920929,1146.0,1117.0,0.5,0.5,0.5,240.0,240.0,13.644761085510254,0.0,0.5,0.5,0.5,0.5,240.0,240.0
2,0.6338541507720947,0.6751611232757568,0.6276193261146545,714.0,717.0,0.6511917114257812,0.01,0.2550423741340637,0.6273353695869446,0.6271451115608215,0.628125011920929,0.6265624761581421,1203.0,1206.0,0.5,0.5,0.5,240.0,240.0,6.789589881896973,0.0,0.5,0.5,0.5,0.5,240.0,240.0
3,0.645312488079071,0.6878967881202698,0.6409248113632202,693.0,681.0,0.6426620483398438,0.01,0.284471333026886,0.6415006518363953,0.643081784248352,0.6390625238418579,0.645312488079071,1239.0,1227.0,0.5,0.5568945407867432,0.6666666269302368,0.0,480.0,1.9991737604141235,0.0,0.0,0.5,1.0,0.0,0.0,480.0
4,0.6354166865348816,0.6827542781829834,0.6307611465454102,715.0,693.0,0.6418765783309937,0.0009999999,0.2668614089488983,0.6326496005058289,0.6348788142204285,0.6276041865348816,0.6390625238418579,1227.0,1205.0,0.5,0.5324804782867432,0.5,240.0,240.0,2.2053396701812744,0.0,0.5,0.5,0.5,0.5,240.0,240.0
5,0.667187511920929,0.7145277261734009,0.6673284769058228,641.0,634.0,0.6228703856468201,0.0009999999,0.3359896242618561,0.6674262881278992,0.6685833930969238,0.6661458611488342,0.6697916388511658,1286.0,1279.0,0.5,0.5385611653327942,0.5,240.0,240.0,2.2408509254455566,0.0,0.5,0.5,0.5,0.5,240.0,240.0
