epoch,accuracy,auc,f1_score,fn,fp,loss,lr,mcc,npv,precision,recall,specificity,tn,tp,val_accuracy,val_auc,val_f1_score,val_fn,val_fp,val_loss,val_mcc,val_npv,val_precision,val_recall,val_specificity,val_tn,val_tp
0,0.5598958134651184,0.5551818013191223,0.5502545833587646,1104.0,1093.0,0.7212873697280884,0.01,0.10549867153167725,0.5524778366088867,0.5424863696098328,0.5400000214576721,0.5552083253860474,1307.0,1296.0,0.5,0.5,0.5,240.0,240.0,19.576610565185547,0.0,0.5,0.5,0.5,0.5,240.0,240.0
1,0.6171875,0.648666262626648,0.6122734546661377,743.0,745.0,0.6710295081138611,0.01,0.22529026865959167,0.6132276058197021,0.6123829483985901,0.6130208373069763,0.6119791865348816,1175.0,1177.0,0.5062500238418579,0.5761284232139587,0.29064205288887024,381.0,61.0,1.0385297536849976,0.06679181754589081,0.5282216668128967,0.6187499761581421,0.20624999701976776,0.8729166388511658,419.0,99.0
2,0.6338541507720947,0.6745095252990723,0.630017876625061,706.0,720.0,0.6472758054733276,0.01,0.2575201094150543,0.6293497085571289,0.6277145743370056,0.6322916746139526,0.625,1200.0,1214.0,0.5,0.5446896553039551,0.5,240.0,240.0,2.4397997856140137,0.0,0.5,0.5,0.5,0.5,240.0,240.0
3,0.6651041507720947,0.711519718170166,0.6589487195014954,660.0,644.0,0.6238610148429871,0.01,0.3209051191806793,0.6591842174530029,0.6617646813392639,0.65625,0.6645833253860474,1276.0,1260.0,0.5,0.5,0.5,240.0,240.0,7.552788257598877,0.0,0.5,0.5,0.5,0.5,240.0,240.0
4,0.6776041388511658,0.7434546947479248,0.677365243434906,619.0,620.0,0.5991647243499756,0.01,0.35473257303237915,0.677577018737793,0.6772514581680298,0.6776041388511658,0.6770833134651184,1300.0,1301.0,0.5,0.5803884863853455,0.5,240.0,240.0,2.4467530250549316,0.0,0.5,0.5,0.5,0.5,240.0,240.0
5,0.7026041746139526,0.7691577076911926,0.7030287981033325,567.0,576.0,0.5781109929084778,0.0009999999,0.40471726655960083,0.7033266425132751,0.7013996839523315,0.7046874761581421,0.699999988079071,1344.0,1353.0,0.5,0.5,0.5,240.0,240.0,5.462699890136719,0.0,0.5,0.5,0.5,0.5,240.0,240.0
6,0.754687488079071,0.8198029398918152,0.75495845079422,469.0,473.0,0.5229236483573914,0.0009999999,0.5094009637832642,0.7552022933959961,0.7541580200195312,0.7557291388511658,0.7536458373069763,1447.0,1451.0,0.5,0.5,0.5,240.0,240.0,6.198741436004639,0.0,0.5,0.5,0.5,0.5,240.0,240.0
