epoch,accuracy,auc,f1_score,fn,fp,loss,lr,mcc,npv,precision,recall,specificity,tn,tp,val_accuracy,val_auc,val_f1_score,val_fn,val_fp,val_loss,val_mcc,val_npv,val_precision,val_recall,val_specificity,val_tn,val_tp
0,0.53125,0.5298967361450195,0.535197913646698,1129.0,1139.0,0.7297641038894653,0.01,0.06878049671649933,0.5336877107620239,0.5273858904838562,0.5295833349227905,0.5317708253860474,1261.0,1271.0,0.5,0.5,0.5,240.0,240.0,9.265645027160645,0.0,0.5,0.5,0.5,0.5,240.0,240.0
1,0.6208333373069763,0.6393717527389526,0.60575270652771,759.0,749.0,0.6677286028862,0.01,0.21506428718566895,0.6071995496749878,0.6078534126281738,0.604687511920929,0.6098958253860474,1171.0,1161.0,0.5,0.5,0.6666666269302368,0.0,480.0,2942.73583984375,0.0,0.0,0.5,1.0,0.0,0.0,480.0
2,0.6291666626930237,0.6605786085128784,0.6177278757095337,733.0,737.0,0.655886709690094,0.01,0.23463644087314606,0.6167247295379639,0.616943895816803,0.6182291507720947,0.6161458492279053,1183.0,1187.0,0.5,0.5133485198020935,0.6342443823814392,68.0,406.0,2.932462215423584,0.013795842416584492,0.5037037134170532,0.5036674737930298,0.8583333492279053,0.15416666865348816,74.0,412.0
3,0.6604166626930237,0.7038580179214478,0.6540422439575195,666.0,662.0,0.6332682967185974,0.01,0.3084219694137573,0.6533416509628296,0.6544885039329529,0.653124988079071,0.6552083492279053,1258.0,1254.0,0.5,0.5,0.5,240.0,240.0,9.912793159484863,0.0,0.5,0.5,0.5,0.5,240.0,240.0
4,0.6651041507720947,0.7251092791557312,0.6647189855575562,647.0,637.0,0.6120380759239197,0.0009999999,0.331307053565979,0.6648333668708801,0.6664921641349792,0.6630208492279053,0.6682291626930237,1283.0,1273.0,0.5,0.5,0.5,240.0,240.0,7.53689432144165,0.0,0.5,0.5,0.5,0.5,240.0,240.0
5,0.7093750238418579,0.7723953723907471,0.7103822827339172,557.0,555.0,0.5745372176170349,0.0009999999,0.420858770608902,0.7099696397781372,0.7106360793113708,0.7098958492279053,0.7109375,1365.0,1363.0,0.5,0.5,0.5,240.0,240.0,7.4552202224731445,0.0,0.5,0.5,0.5,0.5,240.0,240.0
