epoch,accuracy,auc,f1_score,fn,fp,loss,lr,mcc,npv,precision,recall,specificity,tn,tp,val_accuracy,val_auc,val_f1_score,val_fn,val_fp,val_loss,val_mcc,val_npv,val_precision,val_recall,val_specificity,val_tn,val_tp
0,0.5270833373069763,0.5202333927154541,0.5233267545700073,1146.0,1177.0,0.7316192388534546,0.01,0.040274541825056076,0.5200942754745483,0.5158371329307556,0.5224999785423279,0.5119791626930237,1223.0,1254.0,0.5,0.5131987929344177,0.6666666269302368,0.0,480.0,2.51408314704895,0.0,0.0,0.5,1.0,0.0,0.0,480.0
1,0.5947916507720947,0.6245781779289246,0.5880011916160583,786.0,799.0,0.6753552556037903,0.01,0.17468546330928802,0.5881340503692627,0.5866528749465942,0.590624988079071,0.5838541388511658,1121.0,1134.0,0.5,0.5,0.5,240.0,240.0,4.958619594573975,0.0,0.5,0.5,0.5,0.5,240.0,240.0
2,0.6328125,0.6649778485298157,0.6145890355110168,759.0,693.0,0.6541777849197388,0.01,0.24439142644405365,0.6186183094978333,0.6262136101722717,0.604687511920929,0.6390625238418579,1227.0,1161.0,0.5,0.5,0.5,240.0,240.0,4.235105514526367,0.0,0.5,0.5,0.5,0.5,240.0,240.0
3,0.6729166507720947,0.7305317521095276,0.6737911701202393,630.0,619.0,0.6099074482917786,0.01,0.3495364785194397,0.673761785030365,0.6757464408874512,0.671875,0.6776041388511658,1301.0,1290.0,0.5,0.5,0.5,240.0,240.0,4.11810827255249,0.0,0.5,0.5,0.5,0.5,240.0,240.0
4,0.6932291388511658,0.7539474368095398,0.6926517486572266,590.0,590.0,0.5879799723625183,0.0009999999,0.3854512870311737,0.6928240656852722,0.6927083134651184,0.6927083134651184,0.6927083134651184,1330.0,1330.0,0.5,0.5723589658737183,0.5,240.0,240.0,2.7340152263641357,0.0,0.5,0.5,0.5,0.5,240.0,240.0
5,0.7416666746139526,0.8070893287658691,0.7416315078735352,498.0,493.0,0.5376512408256531,0.0009999999,0.48388442397117615,0.7412323355674744,0.7425587177276611,0.7406250238418579,0.7432291507720947,1427.0,1422.0,0.5,0.5041666626930237,0.5,240.0,240.0,3.597944736480713,0.0,0.5,0.5,0.5,0.5,240.0,240.0
