epoch,accuracy,auc,f1_score,fn,fp,loss,lr,mcc,npv,precision,recall,specificity,tn,tp,val_accuracy,val_auc,val_f1_score,val_fn,val_fp,val_loss,val_mcc,val_npv,val_precision,val_recall,val_specificity,val_tn,val_tp
0,0.5161458253860474,0.5103996396064758,0.5069615840911865,1187.0,1173.0,0.7462244629859924,0.01,0.021094510331749916,0.5103347897529602,0.5083822011947632,0.5054166913032532,0.5140625238418579,1227.0,1213.0,0.5,0.5744292736053467,0.24721521139144897,402.0,35.0,0.9990832209587097,0.1207600086927414,0.5266432166099548,0.6902654767036438,0.16249999403953552,0.9270833134651184,445.0,78.0
1,0.5239583253860474,0.5289191603660583,0.517253577709198,926.0,922.0,0.7064509987831116,0.01,0.03744680806994438,0.5182039141654968,0.5187891721725464,0.5177083611488342,0.5197916626930237,998.0,994.0,0.5,0.5636696815490723,0.5,240.0,240.0,2.2140209674835205,0.0,0.5,0.5,0.5,0.5,240.0,240.0
2,0.5682291388511658,0.5952833294868469,0.562162458896637,836.0,848.0,0.6826517581939697,0.01,0.12324576079845428,0.5624341368675232,0.5610765814781189,0.5645833611488342,0.5583333373069763,1072.0,1084.0,0.5,0.5549218654632568,0.5,240.0,240.0,5.877683162689209,0.0,0.5,0.5,0.5,0.5,240.0,240.0
3,0.6171875,0.6535893082618713,0.6112744212150574,749.0,741.0,0.6598564386367798,0.01,0.22408835589885712,0.6112596988677979,0.6124476790428162,0.6098958253860474,0.614062488079071,1179.0,1171.0,0.5,0.613878071308136,0.5,240.0,240.0,1.5475380420684814,0.0,0.5,0.5,0.5,0.5,240.0,240.0
4,0.5838541388511658,0.6182028651237488,0.5862430334091187,781.0,823.0,0.6755071878433228,0.0009999999,0.16494427621364594,0.5849602818489075,0.580530047416687,0.5932291746139526,0.5713541507720947,1097.0,1139.0,0.5,0.6058311462402344,0.5,240.0,240.0,1.807428002357483,0.0,0.5,0.5,0.5,0.5,240.0,240.0
5,0.6182291507720947,0.6543897986412048,0.6145552396774292,738.0,746.0,0.6579470038414001,0.0009999999,0.22716078162193298,0.613490641117096,0.613070547580719,0.6156250238418579,0.6114583611488342,1174.0,1182.0,0.5,0.5674761533737183,0.5,240.0,240.0,2.5389976501464844,0.0,0.5,0.5,0.5,0.5,240.0,240.0
