epoch,accuracy,auc,f1_score,fn,fp,loss,lr,mcc,npv,precision,recall,specificity,tn,tp,val_accuracy,val_auc,val_f1_score,val_fn,val_fp,val_loss,val_mcc,val_npv,val_precision,val_recall,val_specificity,val_tn,val_tp
0,0.5026041865348816,0.50420743227005,0.5040730834007263,1185.0,1203.0,0.7471861243247986,0.01,0.006210386753082275,0.502068042755127,0.5024814009666443,0.5062500238418579,0.4984374940395355,1197.0,1215.0,0.5,0.5,0.5,240.0,240.0,10.864482879638672,0.0,0.5,0.5,0.5,0.5,240.0,240.0
1,0.5661458373069763,0.5809071660041809,0.5558072328567505,857.0,835.0,0.6947973966598511,0.01,0.11921308934688568,0.5592437386512756,0.5600632429122925,0.5536458492279053,0.5651041865348816,1085.0,1063.0,0.5,0.5541102290153503,0.4235224425792694,304.0,101.0,2.8492894172668457,0.12633885443210602,0.5784256458282471,0.6353790760040283,0.36666667461395264,0.7895833253860474,379.0,176.0
2,0.6031249761581421,0.630717933177948,0.5882281064987183,797.0,772.0,0.6740730404853821,0.01,0.1833111196756363,0.5908533930778503,0.5926121473312378,0.5848958492279053,0.5979166626930237,1148.0,1123.0,0.5,0.5401041507720947,0.5,240.0,240.0,3.2934157848358154,0.0,0.5,0.5,0.5,0.5,240.0,240.0
3,0.6010416746139526,0.6410432457923889,0.6017615795135498,771.0,749.0,0.6682109832763672,0.01,0.20871324837207794,0.602698564529419,0.6053740978240967,0.598437488079071,0.6098958253860474,1171.0,1149.0,0.5,0.5602973103523254,0.5,240.0,240.0,2.389775037765503,0.0,0.5,0.5,0.5,0.5,240.0,240.0
4,0.6432291865348816,0.6935136318206787,0.6402660608291626,694.0,684.0,0.6348503232002258,0.0009999999,0.2823701798915863,0.6402626037597656,0.6418848037719727,0.6385416388511658,0.643750011920929,1236.0,1226.0,0.5,0.5010416507720947,0.5,240.0,240.0,4.155109882354736,0.0,0.5,0.5,0.5,0.5,240.0,240.0
5,0.6651041507720947,0.7209306359291077,0.6642171144485474,647.0,640.0,0.6165533065795898,0.0009999999,0.3297126889228821,0.664274275302887,0.665446937084198,0.6630208492279053,0.6666666865348816,1280.0,1273.0,0.5,0.5246701240539551,0.5,240.0,240.0,3.2676193714141846,0.0,0.5,0.5,0.5,0.5,240.0,240.0
