epoch,accuracy,auc,f1_score,fn,fp,loss,lr,mcc,npv,precision,recall,specificity,tn,tp,val_accuracy,val_auc,val_f1_score,val_fn,val_fp,val_loss,val_mcc,val_npv,val_precision,val_recall,val_specificity,val_tn,val_tp
0,0.5062500238418579,0.5518959760665894,0.49548912048339844,1141.0,1148.0,0.7465824484825134,0.01,-0.005043326877057552,0.49903327226638794,0.523057758808136,0.5245833396911621,0.4963541626930237,1252.0,1259.0,0.5,0.5,0.6666666269302368,0.0,480.0,9.128275871276855,0.0,0.0,0.5,1.0,0.0,0.0,480.0
1,0.5411458611488342,0.5278531908988953,0.531883716583252,871.0,959.0,0.7146522998809814,0.01,0.04744692146778107,0.5270713567733765,0.5224103331565857,0.5463541746139526,0.5005208253860474,961.0,1049.0,0.5,0.5,0.5,240.0,240.0,6.02507209777832,0.0,0.5,0.5,0.5,0.5,240.0,240.0
2,0.5369791388511658,0.5495234727859497,0.5408841371536255,882.0,876.0,0.7041289210319519,0.01,0.08458737283945084,0.5419180393218994,0.5423197746276855,0.5406249761581421,0.543749988079071,1044.0,1038.0,0.5,0.5248827934265137,0.5,240.0,240.0,3.015169382095337,0.0,0.5,0.5,0.5,0.5,240.0,240.0
3,0.5708333253860474,0.5946191549301147,0.5662574768066406,833.0,823.0,0.6883719563484192,0.01,0.13763771951198578,0.5691842436790466,0.5691099762916565,0.5661458373069763,0.5713541507720947,1097.0,1087.0,0.5,0.5418771505355835,0.6666666269302368,0.0,480.0,1.9827467203140259,0.0,0.0,0.5,1.0,0.0,0.0,480.0
4,0.6114583611488342,0.651362955570221,0.6094691753387451,748.0,754.0,0.6599843502044678,0.0009999999,0.2178577482700348,0.6091017127037048,0.6085150837898254,0.6104166507720947,0.6072916388511658,1166.0,1172.0,0.5,0.5358138084411621,0.6534470319747925,76.0,357.0,1.916174054145813,0.08857254683971405,0.5288888812065125,0.5308803915977478,0.8416666388511658,0.2562499940395355,123.0,404.0
5,0.621874988079071,0.6547995805740356,0.6193657517433167,733.0,726.0,0.6605714559555054,0.0009999999,0.2401675581932068,0.6195535659790039,0.6204913854598999,0.6182291507720947,0.621874988079071,1194.0,1187.0,0.5,0.5636501908302307,0.6707448363304138,30.0,412.0,1.6268951892852783,0.09960746020078659,0.5333333611488342,0.5220417380332947,0.9375,0.14166666567325592,68.0,450.0
