epoch,accuracy,auc,f1_score,fn,fp,loss,lr,mcc,npv,precision,recall,specificity,tn,tp,val_accuracy,val_auc,val_f1_score,val_fn,val_fp,val_loss,val_mcc,val_npv,val_precision,val_recall,val_specificity,val_tn,val_tp
0,0.515625,0.5119740962982178,0.5167695879936218,1164.0,1161.0,0.740254819393158,0.01,0.03954295068979263,0.5211547017097473,0.5156445503234863,0.5149999856948853,0.520312488079071,1239.0,1236.0,0.5,0.5,0.5,240.0,240.0,30.105478286743164,0.0,0.5,0.5,0.5,0.5,240.0,240.0
1,0.6052083373069763,0.6294183135032654,0.5849621295928955,810.0,757.0,0.678920328617096,0.01,0.18435007333755493,0.5909424424171448,0.5945366621017456,0.578125,0.6057291626930237,1163.0,1110.0,0.5,0.5,0.6666666269302368,0.0,480.0,28.54244041442871,0.0,0.0,0.5,1.0,0.0,0.0,480.0
2,0.6026041507720947,0.6413674354553223,0.5990007519721985,763.0,788.0,0.6704219579696655,0.01,0.19244085252285004,0.5960108041763306,0.5948585867881775,0.6026041507720947,0.5895833373069763,1132.0,1157.0,0.5,0.5,0.5,240.0,240.0,6.895119667053223,0.0,0.5,0.5,0.5,0.5,240.0,240.0
3,0.6536458134651184,0.701144814491272,0.6525322794914246,659.0,684.0,0.6346938610076904,0.01,0.3006572723388672,0.6522008180618286,0.6483290195465088,0.6567708253860474,0.643750011920929,1236.0,1261.0,0.5,0.5,0.5,240.0,240.0,5.0242815017700195,0.0,0.5,0.5,0.5,0.5,240.0,240.0
4,0.6723958253860474,0.7354876399040222,0.6713495254516602,632.0,629.0,0.6157246828079224,0.0009999999,0.3432517945766449,0.671368420124054,0.6718831658363342,0.6708333492279053,0.6723958253860474,1291.0,1288.0,0.5,0.5528320074081421,0.5,240.0,240.0,2.677307605743408,0.0,0.5,0.5,0.5,0.5,240.0,240.0
5,0.6973958611488342,0.7647058367729187,0.6971115469932556,583.0,579.0,0.5819826722145081,0.0009999999,0.3948104977607727,0.696925938129425,0.6978079080581665,0.6963541507720947,0.698437511920929,1341.0,1337.0,0.5,0.5,0.5,240.0,240.0,5.651899337768555,0.0,0.5,0.5,0.5,0.5,240.0,240.0
