epoch,accuracy,auc,f1_score,fn,fp,loss,lr,mcc,npv,precision,recall,specificity,tn,tp,val_accuracy,val_auc,val_f1_score,val_fn,val_fp,val_loss,val_mcc,val_npv,val_precision,val_recall,val_specificity,val_tn,val_tp
0,0.512499988079071,0.5024062991142273,0.5042741894721985,1201.0,1153.0,0.7520564794540405,0.01,0.02413438819348812,0.5114108324050903,0.5097789168357849,0.49958333373069763,0.5244791507720947,1247.0,1199.0,0.5,0.5,0.5,240.0,240.0,7.868562698364258,0.0,0.5,0.5,0.5,0.5,240.0,240.0
1,0.526562511920929,0.5312424898147583,0.5275752544403076,895.0,929.0,0.7121719717979431,0.01,0.04992486163973808,0.524940550327301,0.5245649814605713,0.5338541865348816,0.5161458253860474,991.0,1025.0,0.5,0.5,0.5,240.0,240.0,8.264483451843262,0.0,0.5,0.5,0.5,0.5,240.0,240.0
2,0.5541666746139526,0.5669327974319458,0.5454973578453064,866.0,884.0,0.6940216422080994,0.01,0.08893724530935287,0.5452144145965576,0.5438596606254578,0.5489583611488342,0.5395833253860474,1036.0,1054.0,0.5,0.5,0.5,240.0,240.0,4.516356468200684,0.0,0.5,0.5,0.5,0.5,240.0,240.0
3,0.6036458611488342,0.6260694861412048,0.5906898379325867,784.0,787.0,0.6767581105232239,0.01,0.1820923238992691,0.5913628935813904,0.5907436013221741,0.5916666388511658,0.5901041626930237,1133.0,1136.0,0.5,0.5,0.5,240.0,240.0,15.983089447021484,0.0,0.5,0.5,0.5,0.5,240.0,240.0
4,0.6213541626930237,0.6450762748718262,0.6120184063911438,738.0,759.0,0.6605228781700134,0.0009999999,0.22055363655090332,0.6117068529129028,0.6089644432067871,0.6156250238418579,0.604687511920929,1161.0,1182.0,0.5,0.595301628112793,0.5,240.0,240.0,1.953226089477539,0.0,0.5,0.5,0.5,0.5,240.0,240.0
5,0.625,0.6812429428100586,0.6260098814964294,712.0,732.0,0.6402444839477539,0.0009999999,0.24806006252765656,0.6250190138816833,0.6226804256439209,0.6291666626930237,0.6187499761581421,1188.0,1208.0,0.5,0.6117122173309326,0.5,240.0,240.0,1.296724557876587,0.0,0.5,0.5,0.5,0.5,240.0,240.0
