epoch,accuracy,auc,f1_score,fn,fp,loss,lr,mcc,npv,precision,recall,specificity,tn,tp,val_accuracy,val_auc,val_f1_score,val_fn,val_fp,val_loss,val_mcc,val_npv,val_precision,val_recall,val_specificity,val_tn,val_tp
0,0.5947916507720947,0.5774309635162354,0.57635498046875,1050.0,1043.0,0.7028893232345581,0.01,0.15820400416851044,0.5789650678634644,0.5641454458236694,0.5625,0.5817708373069763,1357.0,1350.0,0.5,0.5,0.5,240.0,240.0,8.289409637451172,0.0,0.5,0.5,0.5,0.5,240.0,240.0
1,0.6401041746139526,0.6792674660682678,0.6304625868797302,702.0,726.0,0.6511276960372925,0.01,0.25649741291999817,0.6294451355934143,0.6265432238578796,0.6343749761581421,0.621874988079071,1194.0,1218.0,0.5,0.5,0.5,240.0,240.0,5.966155529022217,0.0,0.5,0.5,0.5,0.5,240.0,240.0
2,0.6776041388511658,0.7274878025054932,0.6725046038627625,627.0,631.0,0.616682231426239,0.01,0.3451596200466156,0.6732460856437683,0.6720374226570129,0.6734374761581421,0.6713541746139526,1289.0,1293.0,0.5,0.5,0.0,480.0,0.0,9.659564018249512,0.0,0.5,0.0,0.0,1.0,480.0,0.0
3,0.692187488079071,0.7467693090438843,0.6877678632736206,597.0,605.0,0.5968421697616577,0.01,0.3741183280944824,0.6874979138374329,0.6862033009529114,0.6890624761581421,0.6848958134651184,1315.0,1323.0,0.5,0.5528493523597717,0.5,240.0,240.0,4.598433017730713,0.0,0.5,0.5,0.5,0.5,240.0,240.0
4,0.7317708134651184,0.799144983291626,0.7319913506507874,512.0,519.0,0.5423609614372253,0.0009999999,0.46309560537338257,0.7324113845825195,0.7306694388389587,0.7333333492279053,0.729687511920929,1401.0,1408.0,0.5,0.5509114265441895,0.5,240.0,240.0,3.4264230728149414,0.0,0.5,0.5,0.5,0.5,240.0,240.0
5,0.7562500238418579,0.8349730372428894,0.7554079294204712,469.0,471.0,0.5007877349853516,0.0009999999,0.5104818344116211,0.7553555369377136,0.754942774772644,0.7557291388511658,0.754687488079071,1449.0,1451.0,0.5,0.5758029222488403,0.5,240.0,237.0,2.4719042778015137,0.006096021272242069,0.5059417486190796,0.5031446814537048,0.5,0.5062500238418579,243.0,240.0
