epoch,accuracy,auc,f1_score,fn,fp,loss,lr,mcc,npv,precision,recall,specificity,tn,tp,val_accuracy,val_auc,val_f1_score,val_fn,val_fp,val_loss,val_mcc,val_npv,val_precision,val_recall,val_specificity,val_tn,val_tp
0,0.5598958134651184,0.5378090739250183,0.529961347579956,1153.0,1105.0,0.7130520939826965,0.01,0.07432521134614944,0.5360612273216248,0.5301870703697205,0.5195833444595337,0.5494791865348816,1295.0,1247.0,0.5,0.5,0.6666666269302368,0.0,480.0,4.979078769683838,0.0,0.0,0.5,1.0,0.0,0.0,480.0
1,0.6020833253860474,0.6267154216766357,0.5881697535514832,791.0,785.0,0.6755314469337463,0.01,0.1798410266637802,0.5894744396209717,0.5898641347885132,0.5880208611488342,0.5911458134651184,1135.0,1129.0,0.5,0.536154568195343,0.5999842286109924,165.0,271.0,2.5934605598449707,0.07997433841228485,0.5121212005615234,0.5375426411628723,0.65625,0.43541666865348816,209.0,315.0
2,0.651562511920929,0.7069908380508423,0.6504810452461243,673.0,666.0,0.6245812177658081,0.01,0.3027164340019226,0.651095449924469,0.6518557071685791,0.6494791507720947,0.653124988079071,1254.0,1247.0,0.5,0.5404492616653442,0.5020512938499451,239.0,240.0,2.225020408630371,0.0020517667289823294,0.5,0.5010395050048828,0.5020833611488342,0.5,240.0,241.0
3,0.6697916388511658,0.7415449023246765,0.6695734262466431,634.0,635.0,0.5980995297431946,0.01,0.33914175629615784,0.6697006225585938,0.6694430112838745,0.6697916388511658,0.6692708134651184,1285.0,1286.0,0.5,0.5,0.5,240.0,240.0,6.666391372680664,0.0,0.5,0.5,0.5,0.5,240.0,240.0
4,0.6947916746139526,0.7430198192596436,0.6899594664573669,596.0,593.0,0.5993659496307373,0.0009999999,0.38089117407798767,0.6903745532035828,0.6906625032424927,0.6895833611488342,0.6911458373069763,1327.0,1324.0,0.5,0.5597547888755798,0.5,240.0,240.0,2.1081085205078125,0.0,0.5,0.5,0.5,0.5,240.0,240.0
5,0.7442708611488342,0.8138850927352905,0.7451706528663635,487.0,493.0,0.531344473361969,0.0009999999,0.48968303203582764,0.745640754699707,0.7440291047096252,0.7463541626930237,0.7432291507720947,1427.0,1433.0,0.5,0.503125011920929,0.5,240.0,240.0,3.8129873275756836,0.0,0.5,0.5,0.5,0.5,240.0,240.0
