epoch,accuracy,auc,f1_score,fn,fp,loss,lr,mcc,npv,precision,recall,specificity,tn,tp,val_accuracy,val_auc,val_f1_score,val_fn,val_fp,val_loss,val_mcc,val_npv,val_precision,val_recall,val_specificity,val_tn,val_tp
0,0.5223958492279053,0.5061020255088806,0.5151994228363037,1156.0,1201.0,0.7433481812477112,0.01,0.02267918922007084,0.5121802091598511,0.5087934732437134,0.5183333158493042,0.49947917461395264,1199.0,1244.0,0.5,0.5,0.5,240.0,240.0,9.878599166870117,0.0,0.5,0.5,0.5,0.5,240.0,240.0
1,0.5375000238418579,0.541748583316803,0.5328274369239807,876.0,949.0,0.7138068675994873,0.01,0.04955993592739105,0.5242169499397278,0.5238333940505981,0.543749988079071,0.5057291388511658,971.0,1044.0,0.5,0.5136219263076782,0.5,240.0,240.0,5.5864176750183105,0.0,0.5,0.5,0.5,0.5,240.0,240.0
2,0.5833333134651184,0.5948691368103027,0.5668131709098816,833.0,818.0,0.6869857907295227,0.01,0.14043042063713074,0.5710843205451965,0.5706036686897278,0.5661458373069763,0.5739583373069763,1102.0,1087.0,0.5,0.5377973318099976,0.5,240.0,240.0,2.8144586086273193,0.0,0.5,0.5,0.5,0.5,240.0,240.0
3,0.614062488079071,0.6487718820571899,0.6101012825965881,760.0,721.0,0.6643112301826477,0.01,0.2288399636745453,0.6123794913291931,0.6166932582855225,0.6041666865348816,0.6244791746139526,1199.0,1160.0,0.5,0.5702842473983765,0.5,240.0,240.0,1.6439778804779053,0.0,0.5,0.5,0.5,0.5,240.0,240.0
4,0.5927083492279053,0.6390351057052612,0.5940585732460022,783.0,770.0,0.6620044112205505,0.0009999999,0.19162718951702118,0.5944198966026306,0.5962244272232056,0.5921875238418579,0.5989583134651184,1150.0,1137.0,0.5,0.5824869871139526,0.5,240.0,240.0,1.757635474205017,0.0,0.5,0.5,0.5,0.5,240.0,240.0
5,0.6109374761581421,0.6678972840309143,0.6081632375717163,755.0,746.0,0.6505014896392822,0.0009999999,0.21825891733169556,0.6086310744285583,0.609628438949585,0.6067708134651184,0.6114583611488342,1174.0,1165.0,0.5,0.5885047316551208,0.5,240.0,240.0,1.68205988407135,0.0,0.5,0.5,0.5,0.5,240.0,240.0
