epoch,accuracy,auc,f1_score,fn,fp,loss,lr,mcc,npv,precision,recall,specificity,tn,tp,val_accuracy,val_auc,val_f1_score,val_fn,val_fp,val_loss,val_mcc,val_npv,val_precision,val_recall,val_specificity,val_tn,val_tp
0,0.5447916388511658,0.53993821144104,0.5279951691627502,1137.0,1145.0,0.7312681078910828,0.01,0.056520793586969376,0.5277775526046753,0.5245016813278198,0.5262500047683716,0.5270833373069763,1255.0,1263.0,0.5,0.5,0.5,240.0,240.0,11.592061042785645,0.0,0.5,0.5,0.5,0.5,240.0,240.0
1,0.6083333492279053,0.6305091977119446,0.5978250503540039,777.0,753.0,0.6740794777870178,0.01,0.2037917822599411,0.6017456650733948,0.6028481125831604,0.5953124761581421,0.6078125238418579,1167.0,1143.0,0.5,0.5666341185569763,0.5,240.0,240.0,1.7364588975906372,0.0,0.5,0.5,0.5,0.5,240.0,240.0
2,0.6270833611488342,0.6629445552825928,0.6161121726036072,752.0,700.0,0.6595818400382996,0.01,0.2444785088300705,0.6193215250968933,0.6252676844596863,0.6083333492279053,0.6354166865348816,1220.0,1168.0,0.5,0.5010438561439514,0.5,240.0,240.0,4.215546131134033,0.0,0.5,0.5,0.5,0.5,240.0,240.0
3,0.6260416507720947,0.6844054460525513,0.6244512796401978,721.0,719.0,0.6426438689231873,0.01,0.2503739595413208,0.6254323720932007,0.6251303553581238,0.6244791746139526,0.6255208253860474,1201.0,1199.0,0.5,0.5411458015441895,0.5,240.0,240.0,2.6928627490997314,0.0,0.5,0.5,0.5,0.5,240.0,240.0
4,0.6421874761581421,0.6971685886383057,0.6398858428001404,691.0,693.0,0.6317052245140076,0.0009999999,0.2792358994483948,0.6394420266151428,0.6394380927085876,0.6401041746139526,0.6390625238418579,1227.0,1229.0,0.5,0.5078190565109253,0.5,240.0,240.0,4.196501731872559,0.0,0.5,0.5,0.5,0.5,240.0,240.0
5,0.6604166626930237,0.7255919575691223,0.6648752093315125,642.0,647.0,0.6115886569023132,0.0009999999,0.32873010635375977,0.6645134091377258,0.6638960838317871,0.6656249761581421,0.6630208492279053,1273.0,1278.0,0.5,0.5,0.5,240.0,240.0,5.7769999504089355,0.0,0.5,0.5,0.5,0.5,240.0,240.0
