epoch,accuracy,auc,f1_score,fn,fp,loss,lr,mcc,npv,precision,recall,specificity,tn,tp,val_accuracy,val_auc,val_f1_score,val_fn,val_fp,val_loss,val_mcc,val_npv,val_precision,val_recall,val_specificity,val_tn,val_tp
0,0.5322916507720947,0.5266932249069214,0.5175539255142212,1169.0,1148.0,0.7249630093574524,0.01,0.04369264468550682,0.5221230983734131,0.5174443125724792,0.5129166841506958,0.5270833373069763,1252.0,1231.0,0.5,0.5,0.5,240.0,240.0,13.325495719909668,0.0,0.5,0.5,0.5,0.5,240.0,240.0
1,0.6145833134651184,0.638667643070221,0.6076115965843201,749.0,755.0,0.6788662672042847,0.01,0.21737851202487946,0.6105669140815735,0.607995867729187,0.6098958253860474,0.6067708134651184,1165.0,1171.0,0.5,0.5,0.5,240.0,240.0,13.229482650756836,0.0,0.5,0.5,0.5,0.5,240.0,240.0
2,0.6135416626930237,0.6595892906188965,0.60423344373703,769.0,736.0,0.657977819442749,0.01,0.21650023758411407,0.606913149356842,0.6099628806114197,0.5994791388511658,0.6166666746139526,1184.0,1151.0,0.5,0.5664518475532532,0.5,240.0,240.0,1.2000105381011963,0.0,0.5,0.5,0.5,0.5,240.0,240.0
3,0.6322916746139526,0.683670699596405,0.6302938461303711,713.0,701.0,0.6430495977401733,0.01,0.263691782951355,0.6315792798995972,0.6325995922088623,0.6286458373069763,0.6348958611488342,1219.0,1207.0,0.5,0.5927082896232605,0.5,240.0,240.0,1.3833006620407104,0.0,0.5,0.5,0.5,0.5,240.0,240.0
4,0.6770833134651184,0.7448042035102844,0.6780700087547302,621.0,612.0,0.5971601605415344,0.0009999999,0.3578631579875946,0.6782308220863342,0.6797488331794739,0.676562488079071,0.6812499761581421,1308.0,1299.0,0.5,0.5,0.5,240.0,240.0,5.248033046722412,0.0,0.5,0.5,0.5,0.5,240.0,240.0
5,0.6947916746139526,0.7676299810409546,0.6937777400016785,590.0,584.0,0.5737118124961853,0.0009999999,0.38857167959213257,0.6936981081962585,0.6948798298835754,0.6927083134651184,0.6958333253860474,1336.0,1330.0,0.5,0.5,0.5,240.0,240.0,6.4996442794799805,0.0,0.5,0.5,0.5,0.5,240.0,240.0
