epoch,accuracy,auc,f1_score,fn,fp,loss,lr,mcc,npv,precision,recall,specificity,tn,tp,val_accuracy,val_auc,val_f1_score,val_fn,val_fp,val_loss,val_mcc,val_npv,val_precision,val_recall,val_specificity,val_tn,val_tp
0,0.6348958611488342,0.6154943704605103,0.6206516027450562,953.0,962.0,0.7320098876953125,0.01,0.24100233614444733,0.6201915144920349,0.6006641983985901,0.6029166579246521,0.6182291507720947,1438.0,1447.0,0.5020833611488342,0.5015581846237183,0.5015789866447449,242.0,225.0,0.7261852622032166,0.026927415281534195,0.5187557339668274,0.5140388607978821,0.4958333373069763,0.53125,255.0,238.0
1,0.714062511920929,0.782345175743103,0.7079096436500549,557.0,563.0,0.5685053467750549,0.01,0.4180331826210022,0.7113447785377502,0.707684338092804,0.7098958492279053,0.7067708373069763,1357.0,1363.0,0.49166667461395264,0.4903428852558136,0.4897391200065613,245.0,245.0,0.7894169092178345,-0.02066614292562008,0.4893646240234375,0.4895833432674408,0.4895833432674408,0.4895833432674408,235.0,235.0
2,0.8151041865348816,0.8901026844978333,0.8101279735565186,364.0,365.0,0.4173932671546936,0.01,0.6210386157035828,0.8109766244888306,0.8099948167800903,0.8104166388511658,0.8098958134651184,1555.0,1556.0,0.5,0.53425133228302,0.5,240.0,240.0,1.41562020778656,0.0,0.5,0.5,0.5,0.5,240.0,240.0
3,0.8463541865348816,0.923460066318512,0.8456248641014099,296.0,297.0,0.35261625051498413,0.01,0.6914101839065552,0.8459111452102661,0.8453930020332336,0.8458333611488342,0.8453124761581421,1623.0,1624.0,0.5,0.49573570489883423,0.5,240.0,240.0,1.424967885017395,0.0,0.5,0.5,0.5,0.5,240.0,240.0
4,0.8880208134651184,0.9541925191879272,0.8896219730377197,211.0,213.0,0.27824097871780396,0.0009999999,0.7794355154037476,0.8902456760406494,0.8891779184341431,0.8901041746139526,0.8890625238418579,1707.0,1709.0,0.5,0.5268250703811646,0.5,240.0,240.0,1.5521458387374878,0.0,0.5,0.5,0.5,0.5,240.0,240.0
5,0.9380208253860474,0.9841271042823792,0.9390174746513367,118.0,116.0,0.18379421532154083,0.0009999999,0.8784336447715759,0.9389163255691528,0.9395203590393066,0.9385416507720947,0.9395833611488342,1804.0,1802.0,0.5020833611488342,0.5578580498695374,0.5040404200553894,238.0,240.0,1.6293998956680298,0.004044246859848499,0.5,0.5020747184753418,0.5041666626930237,0.5,240.0,242.0
