epoch,accuracy,auc,f1_score,fn,fp,loss,lr,mcc,npv,precision,recall,specificity,tn,tp,val_accuracy,val_auc,val_f1_score,val_fn,val_fp,val_loss,val_mcc,val_npv,val_precision,val_recall,val_specificity,val_tn,val_tp
0,0.637499988079071,0.6433506608009338,0.623759925365448,963.0,960.0,0.7263657450675964,0.01,0.2491593211889267,0.624159038066864,0.5994993448257446,0.5987499952316284,0.625,1440.0,1437.0,0.5,0.5254752039909363,0.4956631064414978,244.0,240.0,0.7966181635856628,-0.008034499362111092,0.492265522480011,0.4957983195781708,0.49166667461395264,0.5,240.0,236.0
1,0.7807291746139526,0.8395625948905945,0.7562146782875061,457.0,483.0,0.4977036714553833,0.01,0.5115751624107361,0.7606304883956909,0.7517985701560974,0.7619791626930237,0.7484375238418579,1437.0,1463.0,0.5,0.5751996636390686,0.5,240.0,240.0,1.159318208694458,0.0,0.5,0.5,0.5,0.5,240.0,240.0
2,0.8567708134651184,0.9275820255279541,0.8548241257667542,286.0,268.0,0.34378957748413086,0.01,0.7119592428207397,0.8532280325889587,0.8590956926345825,0.8510416746139526,0.8604166507720947,1652.0,1634.0,0.5,0.5667795538902283,0.4989418089389801,241.0,239.0,0.8177057504653931,0.0,0.5,0.5,0.49791666865348816,0.5020833611488342,241.0,239.0
3,0.8921874761581421,0.9580308794975281,0.8896669745445251,208.0,217.0,0.261847585439682,0.01,0.7789716124534607,0.8912591934204102,0.8875064849853516,0.8916666507720947,0.8869791626930237,1703.0,1712.0,0.5,0.5805555582046509,0.5,240.0,240.0,1.5322943925857544,0.0,0.5,0.5,0.5,0.5,240.0,240.0
4,0.9156249761581421,0.9699785709381104,0.9128713011741638,164.0,171.0,0.22303147614002228,0.0009999999,0.8258264660835266,0.9146465063095093,0.9112610220909119,0.9145833253860474,0.910937488079071,1749.0,1756.0,0.5,0.5878428220748901,0.5,240.0,240.0,1.02497136592865,0.0,0.5,0.5,0.5,0.5,240.0,240.0
5,0.965624988079071,0.9946478009223938,0.9653699398040771,65.0,68.0,0.11508581787347794,0.0009999999,0.9309055805206299,0.9662975072860718,0.9646385908126831,0.9661458134651184,0.9645833373069763,1852.0,1855.0,0.5,0.6230663657188416,0.5,240.0,240.0,0.9860166311264038,0.0,0.5,0.5,0.5,0.5,240.0,240.0
