epoch,accuracy,auc,f1_score,fn,fp,loss,lr,mcc,npv,precision,recall,specificity,tn,tp,val_accuracy,val_auc,val_f1_score,val_fn,val_fp,val_loss,val_mcc,val_npv,val_precision,val_recall,val_specificity,val_tn,val_tp
0,0.6546875238418579,0.7331632375717163,0.6318562030792236,781.0,821.0,0.7227174639701843,0.01,0.25900301337242126,0.6339295506477356,0.6635245680809021,0.6745833158493042,0.6177083253860474,1579.0,1619.0,0.53125,0.5714257955551147,0.5194036364555359,234.0,216.0,0.8496429324150085,0.06212785094976425,0.5350205898284912,0.5324675440788269,0.512499988079071,0.550000011920929,264.0,246.0
1,0.7520833611488342,0.8253520727157593,0.7421767115592957,487.0,507.0,0.5142967104911804,0.01,0.48320484161376953,0.7447197437286377,0.7386597990989685,0.7463541626930237,0.7359374761581421,1413.0,1433.0,0.5020833611488342,0.6096680164337158,0.5040714740753174,238.0,240.0,1.7228740453720093,0.004044501110911369,0.4999409317970276,0.5020747184753418,0.5041666626930237,0.5,240.0,242.0
2,0.8505208492279053,0.9150146245956421,0.8452489376068115,297.0,297.0,0.37247979640960693,0.01,0.6911863088607788,0.8458468317985535,0.8453124761581421,0.8453124761581421,0.8453124761581421,1623.0,1623.0,0.5041666626930237,0.6074283719062805,0.5041345953941345,238.0,239.0,1.9643760919570923,0.006218433380126953,0.5020833611488342,0.5031185150146484,0.5041666626930237,0.5020833611488342,241.0,242.0
3,0.8848958611488342,0.9523207545280457,0.8835141062736511,222.0,225.0,0.27919065952301025,0.01,0.7675453424453735,0.8848239779472351,0.8829953074455261,0.8843749761581421,0.8828125,1695.0,1698.0,0.5,0.5643380880355835,0.5,240.0,240.0,3.1155333518981934,0.0,0.5,0.5,0.5,0.5,240.0,240.0
4,0.9125000238418579,0.9689745903015137,0.9104483127593994,175.0,168.0,0.23089614510536194,0.0009999999,0.821750283241272,0.9096607565879822,0.9121798276901245,0.9088541865348816,0.9125000238418579,1752.0,1745.0,0.5083333253860474,0.6128038167953491,0.5083333253860474,236.0,236.0,2.389573097229004,0.01666666753590107,0.5083333253860474,0.5083333253860474,0.5083333253860474,0.5083333253860474,244.0,244.0
5,0.9614583253860474,0.9918609261512756,0.9594449400901794,75.0,81.0,0.1357601135969162,0.0009999999,0.9188833832740784,0.9609271883964539,0.9579439163208008,0.9609375,0.957812488079071,1839.0,1845.0,0.5229166746139526,0.6482400298118591,0.5259294509887695,227.0,230.0,1.8824220895767212,0.047889191657304764,0.5230510830879211,0.523809552192688,0.5270833373069763,0.5208333134651184,250.0,253.0
