epoch,accuracy,auc,f1_score,fn,fp,loss,lr,mcc,npv,precision,recall,specificity,tn,tp,val_accuracy,val_auc,val_f1_score,val_fn,val_fp,val_loss,val_mcc,val_npv,val_precision,val_recall,val_specificity,val_tn,val_tp
0,0.6526041626930237,0.7380332946777344,0.6461905837059021,751.0,793.0,0.7364546656608582,0.01,0.2868715524673462,0.646784782409668,0.6752661466598511,0.6870833039283752,0.6322916746139526,1607.0,1649.0,0.5,0.5088628530502319,0.5,240.0,240.0,1.8515506982803345,0.0,0.5,0.5,0.5,0.5,240.0,240.0
1,0.7458333373069763,0.8182572722434998,0.7379583120346069,500.0,508.0,0.5229493975639343,0.01,0.475908100605011,0.7390480637550354,0.7365145087242126,0.7395833134651184,0.7354166507720947,1412.0,1420.0,0.5,0.5309028029441833,0.5,240.0,240.0,1.9325844049453735,0.0,0.5,0.5,0.5,0.5,240.0,240.0
2,0.8197916746139526,0.9015858769416809,0.8172506093978882,343.0,362.0,0.39556699991226196,0.01,0.6337681412696838,0.820416271686554,0.8133058547973633,0.8213541507720947,0.8114583492279053,1558.0,1577.0,0.5,0.5358506441116333,0.5,240.0,240.0,2.6180741786956787,0.0,0.5,0.5,0.5,0.5,240.0,240.0
3,0.8598958253860474,0.9329995512962341,0.8560143709182739,276.0,276.0,0.3305791914463043,0.01,0.7127964496612549,0.8569515347480774,0.856249988079071,0.856249988079071,0.856249988079071,1644.0,1644.0,0.5,0.5010416507720947,0.5,240.0,240.0,3.5812606811523438,0.0,0.5,0.5,0.5,0.5,240.0,240.0
4,0.8734375238418579,0.948411226272583,0.8739151358604431,241.0,243.0,0.295105904340744,0.0009999999,0.7482820153236389,0.8748795986175537,0.8735691905021667,0.8744791746139526,0.8734375238418579,1677.0,1679.0,0.5,0.5346962213516235,0.5,240.0,240.0,2.7374961376190186,0.0,0.5,0.5,0.5,0.5,240.0,240.0
5,0.9312499761581421,0.9818326234817505,0.9263139367103577,140.0,143.0,0.19306914508342743,0.0009999999,0.8529531955718994,0.9273751974105835,0.9256370067596436,0.9270833134651184,0.9255208373069763,1777.0,1780.0,0.5,0.539233922958374,0.5,240.0,240.0,2.72471022605896,0.0,0.5,0.5,0.5,0.5,240.0,240.0
