epoch,accuracy,auc,f1_score,fn,fp,loss,lr,mcc,npv,precision,recall,specificity,tn,tp,val_accuracy,val_auc,val_f1_score,val_fn,val_fp,val_loss,val_mcc,val_npv,val_precision,val_recall,val_specificity,val_tn,val_tp
0,0.6468750238418579,0.688980221748352,0.6373664736747742,856.0,869.0,0.706514298915863,0.01,0.2762855291366577,0.6408302187919617,0.63986736536026,0.6433333158493042,0.6348958611488342,1531.0,1544.0,0.5,0.538587212562561,0.5,240.0,240.0,2.6109566688537598,0.0,0.5,0.5,0.5,0.5,240.0,240.0
1,0.765625,0.8469029664993286,0.7653437256813049,450.0,451.0,0.4884914755821228,0.01,0.5315635800361633,0.7660397887229919,0.765226423740387,0.765625,0.7651041746139526,1469.0,1470.0,0.5,0.5174978375434875,0.5,240.0,240.0,3.76290225982666,0.0,0.5,0.5,0.5,0.5,240.0,240.0
2,0.8260416388511658,0.9028404951095581,0.8219190239906311,342.0,341.0,0.3940097689628601,0.01,0.6448171138763428,0.8226873874664307,0.822303295135498,0.8218749761581421,0.8223958611488342,1579.0,1578.0,0.5,0.5041666626930237,0.5,240.0,240.0,4.758354187011719,0.0,0.5,0.5,0.5,0.5,240.0,240.0
3,0.8786458373069763,0.9485923051834106,0.8749905824661255,240.0,240.0,0.2897126078605652,0.01,0.750353217124939,0.8753064274787903,0.875,0.875,0.875,1680.0,1680.0,0.5,0.5223914384841919,0.5,240.0,240.0,3.482215642929077,0.0,0.5,0.5,0.5,0.5,240.0,240.0
4,0.8895833492279053,0.956487238407135,0.8893505334854126,216.0,208.0,0.26894304156303406,0.0009999999,0.7796363234519958,0.8883623480796814,0.8912134170532227,0.887499988079071,0.8916666507720947,1712.0,1704.0,0.5,0.5395963191986084,0.5,240.0,240.0,3.307892084121704,0.0,0.5,0.5,0.5,0.5,240.0,240.0
5,0.9489583373069763,0.9881021976470947,0.9458522200584412,108.0,99.0,0.16117452085018158,0.0009999999,0.8924183249473572,0.9444403052330017,0.948194682598114,0.9437500238418579,0.948437511920929,1821.0,1812.0,0.5,0.5264322757720947,0.5,240.0,240.0,3.7561020851135254,0.0,0.5,0.5,0.5,0.5,240.0,240.0
