epoch,accuracy,auc,f1_score,fn,fp,loss,lr,mcc,npv,precision,recall,specificity,tn,tp,val_accuracy,val_auc,val_f1_score,val_fn,val_fp,val_loss,val_mcc,val_npv,val_precision,val_recall,val_specificity,val_tn,val_tp
0,0.621874988079071,0.6719865798950195,0.6147496700286865,899.0,884.0,0.6888061165809631,0.01,0.23222723603248596,0.6151145696640015,0.6293501257896423,0.6254166960716248,0.6187499761581421,1516.0,1501.0,0.5,0.5151866674423218,0.5,240.0,240.0,5.258897304534912,0.0,0.5,0.5,0.5,0.5,240.0,240.0
1,0.7057291865348816,0.7765035033226013,0.7004144191741943,573.0,576.0,0.5681630373001099,0.01,0.4019278883934021,0.7024021148681641,0.7004680037498474,0.7015625238418579,0.699999988079071,1344.0,1347.0,0.5,0.5,0.5,240.0,240.0,4.515783309936523,0.0,0.5,0.5,0.5,0.5,240.0,240.0
2,0.7541666626930237,0.8271795511245728,0.7556866407394409,466.0,475.0,0.5111721754074097,0.01,0.5101402997970581,0.7559147477149963,0.753758430480957,0.7572916746139526,0.7526041865348816,1445.0,1454.0,0.5,0.5,0.5,240.0,240.0,3.8021974563598633,0.0,0.5,0.5,0.5,0.5,240.0,240.0
3,0.7671874761581421,0.8476712107658386,0.7663837671279907,451.0,444.0,0.48450466990470886,0.01,0.5341190099716187,0.7663435339927673,0.7679038047790527,0.7651041746139526,0.768750011920929,1476.0,1469.0,0.5,0.5,0.5,240.0,240.0,4.694489479064941,0.0,0.5,0.5,0.5,0.5,240.0,240.0
4,0.8005208373069763,0.8772274255752563,0.7968541979789734,393.0,386.0,0.43934717774391174,0.0009999999,0.5944896936416626,0.7960088849067688,0.7982226610183716,0.7953125238418579,0.7989583611488342,1534.0,1527.0,0.5,0.5382139682769775,0.5,240.0,240.0,2.722121000289917,0.0,0.5,0.5,0.5,0.5,240.0,240.0
5,0.8359375,0.90965336561203,0.836322546005249,313.0,315.0,0.38825035095214844,0.0009999999,0.6730899810791016,0.837367832660675,0.8361082077026367,0.8369791507720947,0.8359375,1605.0,1607.0,0.5,0.6175954937934875,0.5,240.0,240.0,1.2874629497528076,0.0,0.5,0.5,0.5,0.5,240.0,240.0
