epoch,accuracy,auc,f1_score,fn,fp,loss,lr,mcc,npv,precision,recall,specificity,tn,tp,val_accuracy,val_auc,val_f1_score,val_fn,val_fp,val_loss,val_mcc,val_npv,val_precision,val_recall,val_specificity,val_tn,val_tp
0,0.6239583492279053,0.6677518486976624,0.6215988993644714,891.0,892.0,0.7072497010231018,0.01,0.24305778741836548,0.6214569211006165,0.6284881234169006,0.6287500262260437,0.620312511920929,1508.0,1509.0,0.5,0.5,0.5,240.0,240.0,43.91004943847656,0.0,0.5,0.5,0.5,0.5,240.0,240.0
1,0.699999988079071,0.7657554745674133,0.7008787393569946,568.0,586.0,0.5767824649810791,0.01,0.39929285645484924,0.701436460018158,0.6976264119148254,0.7041666507720947,0.6947916746139526,1334.0,1352.0,0.5,0.5,0.5,240.0,240.0,8.381328582763672,0.0,0.5,0.5,0.5,0.5,240.0,240.0
2,0.729687511920929,0.8077589273452759,0.7304118275642395,522.0,510.0,0.5310966968536377,0.01,0.4626666307449341,0.7298644185066223,0.7327044010162354,0.7281249761581421,0.734375,1410.0,1398.0,0.5,0.5,0.5,240.0,240.0,6.7112040519714355,0.0,0.5,0.5,0.5,0.5,240.0,240.0
3,0.7432291507720947,0.8321102857589722,0.7439822554588318,497.0,482.0,0.5029135346412659,0.01,0.49031388759613037,0.7433587908744812,0.7469816207885742,0.7411458492279053,0.7489583492279053,1438.0,1423.0,0.5,0.5,0.5,240.0,240.0,5.280610084533691,0.0,0.5,0.5,0.5,0.5,240.0,240.0
4,0.7661458253860474,0.845569908618927,0.7683756351470947,439.0,454.0,0.48736873269081116,0.0009999999,0.5350657105445862,0.7695833444595337,0.7653746604919434,0.7713541388511658,0.7635416388511658,1466.0,1481.0,0.5,0.5072981715202332,0.5,240.0,240.0,3.1651313304901123,0.0,0.5,0.5,0.5,0.5,240.0,240.0
5,0.7984374761581421,0.8874961137771606,0.7983992099761963,385.0,391.0,0.4251013994216919,0.0009999999,0.5961024761199951,0.7986913919448853,0.7969886064529419,0.7994791865348816,0.7963541746139526,1529.0,1535.0,0.5,0.5062564611434937,0.5,240.0,240.0,3.2337417602539062,0.0,0.5,0.5,0.5,0.5,240.0,240.0
