epoch,accuracy,auc,f1_score,fn,fp,loss,lr,mcc,npv,precision,recall,specificity,tn,tp,val_accuracy,val_auc,val_f1_score,val_fn,val_fp,val_loss,val_mcc,val_npv,val_precision,val_recall,val_specificity,val_tn,val_tp
0,0.6145833134651184,0.6471174955368042,0.6045768857002258,922.0,958.0,0.7188686728477478,0.01,0.20932602882385254,0.6047797799110413,0.6067323684692383,0.6158333420753479,0.6031249761581421,1442.0,1478.0,0.5,0.5,0.5,240.0,240.0,6.71424674987793,0.0,0.5,0.5,0.5,0.5,240.0,240.0
1,0.7041666507720947,0.766573429107666,0.6978541612625122,589.0,563.0,0.5764362215995789,0.01,0.4005559980869293,0.6976286172866821,0.7027454972267151,0.6932291388511658,0.7067708373069763,1357.0,1331.0,0.5,0.5,0.5,240.0,240.0,6.633277416229248,0.0,0.5,0.5,0.5,0.5,240.0,240.0
2,0.731249988079071,0.8059934973716736,0.7321537137031555,512.0,517.0,0.5375528335571289,0.01,0.4644152820110321,0.7332586050033569,0.7314285635948181,0.7333333492279053,0.7307291626930237,1403.0,1408.0,0.5,0.5,0.5,240.0,240.0,3.9556586742401123,0.0,0.5,0.5,0.5,0.5,240.0,240.0
3,0.75,0.8226945400238037,0.7494440674781799,481.0,481.0,0.5184265375137329,0.01,0.4993228316307068,0.7497099041938782,0.7494791746139526,0.7494791746139526,0.7494791746139526,1439.0,1439.0,0.5,0.5,0.5,240.0,240.0,3.5717270374298096,0.0,0.5,0.5,0.5,0.5,240.0,240.0
4,0.776562511920929,0.8534378409385681,0.7753051519393921,433.0,428.0,0.47727838158607483,0.0009999999,0.5518003702163696,0.7755556702613831,0.7765012979507446,0.7744791507720947,0.7770833373069763,1492.0,1487.0,0.5,0.6067643165588379,0.5,240.0,240.0,2.618887424468994,0.0,0.5,0.5,0.5,0.5,240.0,240.0
5,0.8057291507720947,0.8866679072380066,0.8077898025512695,370.0,368.0,0.4287252724170685,0.0009999999,0.6158751845359802,0.8075105547904968,0.8081334829330444,0.8072916865348816,0.8083333373069763,1552.0,1550.0,0.5,0.623778223991394,0.5,240.0,240.0,1.9733097553253174,0.0,0.5,0.5,0.5,0.5,240.0,240.0
