epoch,accuracy,auc,f1_score,fn,fp,loss,lr,mcc,npv,precision,recall,specificity,tn,tp,val_accuracy,val_auc,val_f1_score,val_fn,val_fp,val_loss,val_mcc,val_npv,val_precision,val_recall,val_specificity,val_tn,val_tp
0,0.5911458134651184,0.5760756134986877,0.5948827862739563,1015.0,1026.0,0.707611083984375,0.01,0.18726274371147156,0.5932905673980713,0.5744504332542419,0.5770833492279053,0.590624988079071,1374.0,1385.0,0.5,0.5,0.5,240.0,240.0,47.788455963134766,0.0,0.5,0.5,0.5,0.5,240.0,240.0
1,0.635937511920929,0.689860999584198,0.6393791437149048,691.0,697.0,0.6292175650596619,0.01,0.2772051692008972,0.6383718252182007,0.6381101012229919,0.6401041746139526,0.6369791626930237,1223.0,1229.0,0.5,0.5,0.5,240.0,240.0,21.5507869720459,0.0,0.5,0.5,0.5,0.5,240.0,240.0
2,0.645312488079071,0.7015332579612732,0.6431745886802673,685.0,686.0,0.6212018132209778,0.01,0.286106675863266,0.6427999138832092,0.6428943276405334,0.6432291865348816,0.6427083611488342,1234.0,1235.0,0.5,0.5,0.5,240.0,240.0,8.115877151489258,0.0,0.5,0.5,0.5,0.5,240.0,240.0
3,0.6463541388511658,0.7138500213623047,0.6474018096923828,674.0,685.0,0.6116894483566284,0.01,0.29226619005203247,0.6462951302528381,0.6452615261077881,0.6489583253860474,0.6432291865348816,1235.0,1246.0,0.5,0.5,0.5,240.0,240.0,5.90883207321167,0.0,0.5,0.5,0.5,0.5,240.0,240.0
4,0.6713541746139526,0.7344048619270325,0.6675872802734375,639.0,637.0,0.6024801731109619,0.0009999999,0.3355526626110077,0.6674190759658813,0.6678832173347473,0.667187511920929,0.6682291626930237,1283.0,1281.0,0.5,0.5385416746139526,0.5,240.0,240.0,2.738588809967041,0.0,0.5,0.5,0.5,0.5,240.0,240.0
5,0.6786458492279053,0.7456294298171997,0.6790140271186829,613.0,621.0,0.586328387260437,0.0009999999,0.35742881894111633,0.6800405383110046,0.6779045462608337,0.6807291507720947,0.676562488079071,1299.0,1307.0,0.5,0.5712522268295288,0.5,240.0,240.0,2.4451851844787598,0.0,0.5,0.5,0.5,0.5,240.0,240.0
