epoch,accuracy,auc,f1_score,fn,fp,loss,lr,mcc,npv,precision,recall,specificity,tn,tp,val_accuracy,val_auc,val_f1_score,val_fn,val_fp,val_loss,val_mcc,val_npv,val_precision,val_recall,val_specificity,val_tn,val_tp
0,0.5859375,0.6081856489181519,0.5869914293289185,1006.0,1031.0,0.6979171633720398,0.01,0.17326025664806366,0.5878322720527649,0.5748453736305237,0.5808333158493042,0.5833333134651184,1369.0,1394.0,0.5,0.5322569608688354,0.5,240.0,240.0,4.425017833709717,0.0,0.5,0.5,0.5,0.5,240.0,240.0
1,0.6411458253860474,0.6910357475280762,0.6398751735687256,690.0,695.0,0.6292343139648438,0.01,0.27873021364212036,0.6394632458686829,0.6389610171318054,0.640625,0.6380208134651184,1225.0,1230.0,0.5,0.5348089933395386,0.5,240.0,240.0,2.806964159011841,0.0,0.5,0.5,0.5,0.5,240.0,240.0
2,0.6468750238418579,0.7035509347915649,0.6420207619667053,692.0,676.0,0.6201978325843811,0.01,0.2876514494419098,0.6429702043533325,0.644957959651947,0.6395833492279053,0.6479166746139526,1244.0,1228.0,0.5,0.5617599487304688,0.5,240.0,240.0,1.451270341873169,0.0,0.5,0.5,0.5,0.5,240.0,240.0
3,0.653124988079071,0.7142959237098694,0.6496734023094177,676.0,665.0,0.6106693744659424,0.01,0.30173584818840027,0.6500619649887085,0.651650071144104,0.6479166746139526,0.6536458134651184,1255.0,1244.0,0.5,0.6135828495025635,0.5,240.0,240.0,0.9842045307159424,0.0,0.5,0.5,0.5,0.5,240.0,240.0
4,0.6588541865348816,0.7300220727920532,0.6572709679603577,654.0,666.0,0.5996952652931213,0.0009999999,0.3126126527786255,0.6572773456573486,0.6552795171737671,0.659375011920929,0.653124988079071,1254.0,1266.0,0.5,0.6140690445899963,0.5,240.0,240.0,0.9817440509796143,0.0,0.5,0.5,0.5,0.5,240.0,240.0
5,0.6817708611488342,0.7532162666320801,0.6808270215988159,613.0,613.0,0.5817019939422607,0.0009999999,0.3615407943725586,0.6805341839790344,0.6807291507720947,0.6807291507720947,0.6807291507720947,1307.0,1307.0,0.5,0.6175520420074463,0.5,240.0,240.0,1.0850822925567627,0.0,0.5,0.5,0.5,0.5,240.0,240.0
