epoch,accuracy,auc,f1_score,fn,fp,loss,lr,mcc,npv,precision,recall,specificity,tn,tp,val_accuracy,val_auc,val_f1_score,val_fn,val_fp,val_loss,val_mcc,val_npv,val_precision,val_recall,val_specificity,val_tn,val_tp
0,0.6234375238418579,0.6352653503417969,0.6151746511459351,976.0,947.0,0.6838083863258362,0.01,0.23217859864234924,0.6163508296012878,0.6005904674530029,0.5933333039283752,0.6161458492279053,1453.0,1424.0,0.5,0.5,0.5,240.0,240.0,13.628999710083008,0.0,0.5,0.5,0.5,0.5,240.0,240.0
1,0.6458333134651184,0.7034903168678284,0.6454519033432007,682.0,675.0,0.6202400326728821,0.01,0.29334959387779236,0.6470072865486145,0.6471510529518127,0.6447916626930237,0.6484375,1245.0,1238.0,0.5,0.5,0.5,240.0,240.0,9.784897804260254,0.0,0.5,0.5,0.5,0.5,240.0,240.0
2,0.6651041507720947,0.724406361579895,0.6651232838630676,642.0,644.0,0.6020868420600891,0.01,0.3303826153278351,0.6656043529510498,0.664932370185852,0.6656249761581421,0.6645833253860474,1276.0,1278.0,0.5,0.5,0.5,240.0,240.0,7.773653030395508,0.0,0.5,0.5,0.5,0.5,240.0,240.0
3,0.6692708134651184,0.7430846095085144,0.6705524325370789,627.0,645.0,0.5870950222015381,0.01,0.33761274814605713,0.6696412563323975,0.6671826839447021,0.6734374761581421,0.6640625,1275.0,1293.0,0.5,0.5,0.5,240.0,240.0,4.439787864685059,0.0,0.5,0.5,0.5,0.5,240.0,240.0
4,0.6598958373069763,0.7267240285873413,0.656708300113678,659.0,658.0,0.5994224548339844,0.0009999999,0.31418195366859436,0.6573857069015503,0.6571130752563477,0.6567708253860474,0.6572916507720947,1262.0,1261.0,0.5,0.5349674224853516,0.5,240.0,240.0,2.736976146697998,0.0,0.5,0.5,0.5,0.5,240.0,240.0
5,0.6776041388511658,0.7503861784934998,0.6754616498947144,621.0,627.0,0.5810287594795227,0.0009999999,0.35012274980545044,0.6756112575531006,0.6744548082351685,0.676562488079071,0.6734374761581421,1293.0,1299.0,0.5,0.5586523413658142,0.5,240.0,240.0,1.5764997005462646,0.0,0.5,0.5,0.5,0.5,240.0,240.0
