epoch,accuracy,auc,f1_score,fn,fp,loss,lr,mcc,npv,precision,recall,specificity,tn,tp,val_accuracy,val_auc,val_f1_score,val_fn,val_fp,val_loss,val_mcc,val_npv,val_precision,val_recall,val_specificity,val_tn,val_tp
0,0.6000000238418579,0.5847214460372925,0.597727358341217,1009.0,1019.0,0.6926628947257996,0.01,0.19401594996452332,0.5974271297454834,0.577178418636322,0.5795833468437195,0.5942708253860474,1381.0,1391.0,0.5,0.5,0.5,240.0,240.0,36.95985794067383,0.0,0.5,0.5,0.5,0.5,240.0,240.0
1,0.6520833373069763,0.7039363980293274,0.6494864821434021,672.0,674.0,0.6245604157447815,0.01,0.29911595582962036,0.6499475240707397,0.6493236422538757,0.6499999761581421,0.6489583253860474,1246.0,1248.0,0.5,0.5461480021476746,0.0,480.0,0.0,1.3749847412109375,0.0,0.5,0.0,0.0,1.0,480.0,0.0
2,0.6494791507720947,0.712457001209259,0.6475274562835693,682.0,665.0,0.6113914251327515,0.01,0.298595130443573,0.6481224894523621,0.6505517363548279,0.6447916626930237,0.6536458134651184,1255.0,1238.0,0.5,0.5,0.5,240.0,240.0,5.17337703704834,0.0,0.5,0.5,0.5,0.5,240.0,240.0
3,0.6479166746139526,0.7194845080375671,0.6472632884979248,679.0,673.0,0.6044943332672119,0.01,0.29593977332115173,0.6476323008537292,0.6483803391456604,0.6463541388511658,0.6494791507720947,1247.0,1241.0,0.5,0.523632824420929,0.5,240.0,240.0,2.600351095199585,0.0,0.5,0.5,0.5,0.5,240.0,240.0
4,0.6630208492279053,0.740289032459259,0.6626895666122437,648.0,645.0,0.5866525173187256,0.0009999999,0.32667845487594604,0.6636831164360046,0.663536787033081,0.6625000238418579,0.6640625,1275.0,1272.0,0.5,0.5583398938179016,0.5,240.0,240.0,2.059051036834717,0.0,0.5,0.5,0.5,0.5,240.0,240.0
5,0.690625011920929,0.7577396035194397,0.6880558133125305,600.0,597.0,0.5772897601127625,0.0009999999,0.3767285645008087,0.6879967451095581,0.6885759234428406,0.6875,0.6890624761581421,1323.0,1320.0,0.5,0.5886892080307007,0.5,240.0,240.0,1.648330569267273,0.0,0.5,0.5,0.5,0.5,240.0,240.0
