epoch,accuracy,auc,f1_score,fn,fp,loss,lr,mcc,npv,precision,recall,specificity,tn,tp,val_accuracy,val_auc,val_f1_score,val_fn,val_fp,val_loss,val_mcc,val_npv,val_precision,val_recall,val_specificity,val_tn,val_tp
0,0.5729166865348816,0.5975010991096497,0.5725800395011902,1077.0,992.0,0.709723174571991,0.01,0.14504285156726837,0.5725937485694885,0.5714902877807617,0.5512499809265137,0.5708333253860474,1408.0,1323.0,0.5,0.5,0.5,240.0,240.0,37.71780776977539,0.0,0.5,0.5,0.5,0.5,240.0,240.0
1,0.6416666507720947,0.685357928276062,0.6400935053825378,691.0,691.0,0.6296549439430237,0.01,0.2803290784358978,0.6400614380836487,0.6401041746139526,0.6401041746139526,0.6401041746139526,1229.0,1229.0,0.5,0.5,0.5,240.0,240.0,11.024882316589355,0.0,0.5,0.5,0.5,0.5,240.0,240.0
2,0.6510416865348816,0.7138093113899231,0.6515472531318665,668.0,671.0,0.608791172504425,0.01,0.30269861221313477,0.6515834927558899,0.6510660648345947,0.6520833373069763,0.6505208611488342,1249.0,1252.0,0.5,0.5,0.5,240.0,240.0,6.319497108459473,0.0,0.5,0.5,0.5,0.5,240.0,240.0
3,0.6625000238418579,0.725991427898407,0.6630125641822815,641.0,659.0,0.6032803058624268,0.01,0.3230113387107849,0.6630365252494812,0.6599587202072144,0.6661458611488342,0.6567708253860474,1261.0,1279.0,0.5,0.5,0.5,240.0,240.0,4.293173313140869,0.0,0.5,0.5,0.5,0.5,240.0,240.0
4,0.6786458492279053,0.7360478639602661,0.6784325838088989,621.0,610.0,0.5924875140190125,0.0009999999,0.3589220643043518,0.6785582900047302,0.6804609894752502,0.676562488079071,0.6822916865348816,1310.0,1299.0,0.5,0.5229166746139526,0.5,240.0,240.0,2.7636618614196777,0.0,0.5,0.5,0.5,0.5,240.0,240.0
5,0.684374988079071,0.747723400592804,0.6810597777366638,617.0,603.0,0.5842546820640564,0.0009999999,0.36473986506462097,0.6811081171035767,0.683630645275116,0.6786458492279053,0.6859375238418579,1317.0,1303.0,0.5,0.5811610221862793,0.5,240.0,240.0,2.102027654647827,0.0,0.5,0.5,0.5,0.5,240.0,240.0
