epoch,accuracy,auc,f1_score,fn,fp,loss,lr,mcc,npv,precision,recall,specificity,tn,tp,val_accuracy,val_auc,val_f1_score,val_fn,val_fp,val_loss,val_mcc,val_npv,val_precision,val_recall,val_specificity,val_tn,val_tp
0,0.5807291865348816,0.592509925365448,0.5801053643226624,1023.0,1034.0,0.6981186270713806,0.01,0.16267864406108856,0.5822674036026001,0.5711323022842407,0.5737500190734863,0.5817708373069763,1366.0,1377.0,0.5,0.5,0.5,240.0,240.0,14.724568367004395,0.0,0.5,0.5,0.5,0.5,240.0,240.0
1,0.645312488079071,0.689670979976654,0.6431273818016052,681.0,693.0,0.6321801543235779,0.01,0.28446972370147705,0.6433756351470947,0.6413043737411499,0.645312488079071,0.6390625238418579,1227.0,1239.0,0.5,0.5,0.5,240.0,240.0,14.223592758178711,0.0,0.5,0.5,0.5,0.5,240.0,240.0
2,0.6567708253860474,0.7148746848106384,0.6576523184776306,660.0,651.0,0.61363685131073,0.01,0.3172885775566101,0.6581000685691833,0.6593406796455383,0.65625,0.660937488079071,1269.0,1260.0,0.5,0.5,0.5,240.0,240.0,8.580260276794434,0.0,0.5,0.5,0.5,0.5,240.0,240.0
3,0.6557291746139526,0.7166312336921692,0.6573165655136108,655.0,664.0,0.6112980246543884,0.01,0.3131103217601776,0.657245934009552,0.6557801961898804,0.6588541865348816,0.6541666388511658,1256.0,1265.0,0.5,0.5,0.5,240.0,240.0,5.390050411224365,0.0,0.5,0.5,0.5,0.5,240.0,240.0
4,0.6734374761581421,0.7409533262252808,0.6762685775756836,621.0,621.0,0.5974578261375427,0.0009999999,0.35329169034957886,0.6771343350410461,0.676562488079071,0.676562488079071,0.676562488079071,1299.0,1299.0,0.5,0.5,0.5,240.0,240.0,3.3837568759918213,0.0,0.5,0.5,0.5,0.5,240.0,240.0
5,0.6958333253860474,0.7699896693229675,0.6974167227745056,580.0,583.0,0.571435272693634,0.0009999999,0.39432960748672485,0.6973657011985779,0.6968278884887695,0.6979166865348816,0.6963541507720947,1337.0,1340.0,0.5,0.5,0.5,240.0,240.0,3.8906030654907227,0.0,0.5,0.5,0.5,0.5,240.0,240.0
