epoch,accuracy,auc,f1_score,fn,fp,loss,lr,mcc,npv,precision,recall,specificity,tn,tp,val_accuracy,val_auc,val_f1_score,val_fn,val_fp,val_loss,val_mcc,val_npv,val_precision,val_recall,val_specificity,val_tn,val_tp
0,0.59375,0.5992450714111328,0.601310133934021,993.0,1018.0,0.6999261975288391,0.01,0.19865325093269348,0.5981358885765076,0.5802061557769775,0.5862500071525574,0.5953124761581421,1382.0,1407.0,0.5,0.5,0.5,240.0,240.0,10.820180892944336,0.0,0.5,0.5,0.5,0.5,240.0,240.0
1,0.6343749761581421,0.6881887316703796,0.6369413733482361,694.0,705.0,0.6258934736251831,0.01,0.27152812480926514,0.6359018087387085,0.6349042057991028,0.6385416388511658,0.6328125,1215.0,1226.0,0.5,0.5,0.5,240.0,240.0,5.084192752838135,0.0,0.5,0.5,0.5,0.5,240.0,240.0
2,0.6416666507720947,0.7040609121322632,0.6407163143157959,690.0,689.0,0.6162359118461609,0.01,0.28188323974609375,0.6409266591072083,0.640958845615387,0.640625,0.6411458253860474,1231.0,1230.0,0.5,0.5,0.5,240.0,240.0,3.153498649597168,0.0,0.5,0.5,0.5,0.5,240.0,240.0
3,0.6567708253860474,0.7186619639396667,0.6587950587272644,656.0,653.0,0.6040253043174744,0.01,0.31834763288497925,0.6589468121528625,0.6593635678291321,0.6583333611488342,0.6598958373069763,1267.0,1264.0,0.5,0.5761979222297668,0.5,240.0,240.0,1.9215279817581177,0.0,0.5,0.5,0.5,0.5,240.0,240.0
4,0.6567708253860474,0.7304325103759766,0.6576348543167114,653.0,665.0,0.5953359603881836,0.0009999999,0.3136771619319916,0.6581452488899231,0.6557971239089966,0.6598958373069763,0.6536458134651184,1255.0,1267.0,0.5,0.5891492962837219,0.5,240.0,240.0,1.626436710357666,0.0,0.5,0.5,0.5,0.5,240.0,240.0
5,0.676562488079071,0.752906084060669,0.6779168844223022,618.0,619.0,0.5771225094795227,0.0009999999,0.3558174967765808,0.678009569644928,0.6777719855308533,0.6781250238418579,0.6776041388511658,1301.0,1302.0,0.5,0.6040472984313965,0.5,240.0,240.0,1.054299235343933,0.0,0.5,0.5,0.5,0.5,240.0,240.0
