epoch,accuracy,auc,f1_score,fn,fp,loss,lr,mcc,npv,precision,recall,specificity,tn,tp,val_accuracy,val_auc,val_f1_score,val_fn,val_fp,val_loss,val_mcc,val_npv,val_precision,val_recall,val_specificity,val_tn,val_tp
0,0.5963541865348816,0.5791811347007751,0.5941322445869446,1013.0,1029.0,0.6917566657066345,0.01,0.1867651790380478,0.5947438478469849,0.5740894079208374,0.57791668176651,0.589062511920929,1371.0,1387.0,0.5,0.5,0.5,240.0,240.0,32.798641204833984,0.0,0.5,0.5,0.5,0.5,240.0,240.0
1,0.6463541388511658,0.6928238272666931,0.6447207927703857,680.0,687.0,0.6265949606895447,0.01,0.28842124342918396,0.6444593071937561,0.643487274646759,0.6458333134651184,0.6421874761581421,1233.0,1240.0,0.5,0.5,0.5,240.0,240.0,7.204079627990723,0.0,0.5,0.5,0.5,0.5,240.0,240.0
2,0.6463541388511658,0.7069475650787354,0.6451170444488525,683.0,677.0,0.6125958561897278,0.01,0.29187172651290894,0.6455962657928467,0.6462904810905457,0.6442708373069763,0.6473958492279053,1243.0,1237.0,0.5,0.5,0.5,240.0,240.0,3.4675803184509277,0.0,0.5,0.5,0.5,0.5,240.0,240.0
3,0.6645833253860474,0.7246997952461243,0.6605104207992554,651.0,653.0,0.601249635219574,0.01,0.32096433639526367,0.6607282161712646,0.6602497100830078,0.660937488079071,0.6598958373069763,1267.0,1269.0,0.5,0.6065885424613953,0.5,240.0,240.0,0.6988815069198608,0.0,0.5,0.5,0.5,0.5,240.0,240.0
4,0.6781250238418579,0.7469273209571838,0.6770349740982056,620.0,619.0,0.5833685398101807,0.0009999999,0.3548283576965332,0.6776908040046692,0.6774361729621887,0.6770833134651184,0.6776041388511658,1301.0,1300.0,0.5,0.6091210842132568,0.5,240.0,240.0,1.0008939504623413,0.0,0.5,0.5,0.5,0.5,240.0,240.0
5,0.6901041865348816,0.7613648772239685,0.6923086643218994,587.0,598.0,0.569749653339386,0.0009999999,0.3829125761985779,0.6924773454666138,0.6903159022331238,0.6942708492279053,0.6885416507720947,1322.0,1333.0,0.5,0.5998155474662781,0.5,240.0,240.0,1.8404656648635864,0.0,0.5,0.5,0.5,0.5,240.0,240.0
