epoch,accuracy,auc,f1_score,fn,fp,loss,lr,mcc,npv,precision,recall,specificity,tn,tp,val_accuracy,val_auc,val_f1_score,val_fn,val_fp,val_loss,val_mcc,val_npv,val_precision,val_recall,val_specificity,val_tn,val_tp
0,0.6005208492279053,0.5866326093673706,0.5986796617507935,993.0,1046.0,0.709921658039093,0.01,0.18864837288856506,0.5972724556922913,0.5735833644866943,0.5862500071525574,0.5802083611488342,1354.0,1407.0,0.5,0.49947917461395264,0.0,480.0,0.0,3.2700393199920654,0.0,0.5,0.0,0.0,1.0,480.0,0.0
1,0.6338541507720947,0.6882918477058411,0.6335104703903198,710.0,689.0,0.6288463473320007,0.01,0.27171313762664795,0.634377658367157,0.6371774673461914,0.6302083134651184,0.6411458253860474,1231.0,1210.0,0.5,0.5469053983688354,0.0,480.0,0.0,1.1883670091629028,0.0,0.5,0.0,0.0,1.0,480.0,0.0
2,0.6510416865348816,0.7162901163101196,0.6483110785484314,673.0,678.0,0.6082624793052673,0.01,0.2965986430644989,0.6491377949714661,0.6477922201156616,0.6494791507720947,0.6468750238418579,1242.0,1247.0,0.5,0.5619335770606995,0.0,480.0,0.0,1.0294052362442017,0.0,0.5,0.0,0.0,1.0,480.0,0.0
3,0.6630208492279053,0.7286680340766907,0.664753794670105,641.0,649.0,0.6009718775749207,0.01,0.32835355401039124,0.6647300720214844,0.6633817553520203,0.6661458611488342,0.6619791388511658,1271.0,1279.0,0.5,0.5539214611053467,0.5,240.0,240.0,1.0496617555618286,0.0,0.5,0.5,0.5,0.5,240.0,240.0
4,0.6729166507720947,0.7450442314147949,0.6716136932373047,633.0,624.0,0.586675763130188,0.0009999999,0.3456345200538635,0.6724090576171875,0.6734693646430969,0.6703125238418579,0.675000011920929,1296.0,1287.0,0.5,0.5774587392807007,0.48054125905036926,257.0,228.0,0.7471088171005249,-0.009616073220968246,0.49227651953697205,0.49445676803588867,0.4645833373069763,0.5249999761581421,252.0,223.0
5,0.6848958134651184,0.7594838738441467,0.6844795346260071,604.0,610.0,0.5719674229621887,0.0009999999,0.3678628206253052,0.6841745376586914,0.683281421661377,0.6854166388511658,0.6822916865348816,1310.0,1316.0,0.5,0.5781922340393066,0.5,240.0,239.0,0.7505444884300232,0.0020517667289823294,0.5020201802253723,0.5010438561439514,0.5,0.5020833611488342,241.0,240.0
