epoch,accuracy,auc,f1_score,fn,fp,loss,lr,mcc,npv,precision,recall,specificity,tn,tp,val_accuracy,val_auc,val_f1_score,val_fn,val_fp,val_loss,val_mcc,val_npv,val_precision,val_recall,val_specificity,val_tn,val_tp
0,0.6005208492279053,0.5871145725250244,0.5957280993461609,1012.0,1025.0,0.7039720416069031,0.01,0.18934011459350586,0.5943779349327087,0.5752175450325012,0.57833331823349,0.5911458134651184,1375.0,1388.0,0.5,0.5,0.5,240.0,240.0,9.031311988830566,0.0,0.5,0.5,0.5,0.5,240.0,240.0
1,0.6416666507720947,0.7010102272033691,0.6396067142486572,692.0,689.0,0.6198022961616516,0.01,0.2809891998767853,0.6410643458366394,0.6405842304229736,0.6395833492279053,0.6411458253860474,1231.0,1228.0,0.5,0.5,0.5,240.0,240.0,3.6842916011810303,0.0,0.5,0.5,0.5,0.5,240.0,240.0
2,0.653124988079071,0.7138305306434631,0.6544691324234009,666.0,658.0,0.6108524799346924,0.01,0.3105705976486206,0.6545954942703247,0.6558577418327332,0.653124988079071,0.6572916507720947,1262.0,1254.0,0.5,0.504687488079071,0.5,240.0,240.0,2.6333398818969727,0.0,0.5,0.5,0.5,0.5,240.0,240.0
3,0.6625000238418579,0.7276421785354614,0.6587389707565308,657.0,650.0,0.5981734991073608,0.01,0.31937500834465027,0.6595523953437805,0.6602195501327515,0.6578124761581421,0.6614583134651184,1270.0,1263.0,0.5,0.5678406953811646,0.5,240.0,240.0,1.772498607635498,0.0,0.5,0.5,0.5,0.5,240.0,240.0
4,0.6854166388511658,0.755065381526947,0.6838938593864441,608.0,605.0,0.5797353386878967,0.0009999999,0.3683643639087677,0.6837852001190186,0.6844027042388916,0.6833333373069763,0.6848958134651184,1315.0,1312.0,0.5,0.5864279270172119,0.5,240.0,240.0,1.5120636224746704,0.0,0.5,0.5,0.5,0.5,240.0,240.0
5,0.6994791626930237,0.7620410323143005,0.6975467801094055,582.0,577.0,0.5748790502548218,0.0009999999,0.3965810537338257,0.6981668472290039,0.6986945271492004,0.6968749761581421,0.6994791626930237,1343.0,1338.0,0.5,0.5796375870704651,0.5,240.0,240.0,1.1245461702346802,0.0,0.5,0.5,0.5,0.5,240.0,240.0
