epoch,accuracy,auc,f1_score,fn,fp,loss,lr,mcc,npv,precision,recall,specificity,tn,tp,val_accuracy,val_auc,val_f1_score,val_fn,val_fp,val_loss,val_mcc,val_npv,val_precision,val_recall,val_specificity,val_tn,val_tp
0,0.6135416626930237,0.5885064601898193,0.6096802949905396,983.0,1004.0,0.6910093426704407,0.01,0.21534594893455505,0.608359694480896,0.5852953195571899,0.590416669845581,0.6020833253860474,1396.0,1417.0,0.5,0.5,0.5,240.0,240.0,17.143312454223633,0.0,0.5,0.5,0.5,0.5,240.0,240.0
1,0.6369791626930237,0.6908515095710754,0.6362479329109192,693.0,711.0,0.6260765790939331,0.01,0.26893922686576843,0.6352196335792542,0.6331269145011902,0.6390625238418579,0.629687488079071,1209.0,1227.0,0.5,0.5,0.5,240.0,240.0,4.622434139251709,0.0,0.5,0.5,0.5,0.5,240.0,240.0
2,0.6598958373069763,0.716521143913269,0.6553884148597717,663.0,657.0,0.6086107492446899,0.01,0.3126201629638672,0.656354546546936,0.6567398309707642,0.6546875238418579,0.6578124761581421,1263.0,1257.0,0.5,0.5,0.5,240.0,240.0,4.302642345428467,0.0,0.5,0.5,0.5,0.5,240.0,240.0
3,0.6499999761581421,0.7201868295669556,0.6510116457939148,671.0,668.0,0.6071746945381165,0.01,0.3027386963367462,0.6511022448539734,0.6515388488769531,0.6505208611488342,0.6520833373069763,1252.0,1249.0,0.5,0.5,0.5,240.0,240.0,6.447484016418457,0.0,0.5,0.5,0.5,0.5,240.0,240.0
4,0.676562488079071,0.7379069328308105,0.673332154750824,629.0,622.0,0.5934404730796814,0.0009999999,0.34854820370674133,0.6741421818733215,0.6748562455177307,0.6723958253860474,0.6760416626930237,1298.0,1291.0,0.5,0.503125011920929,0.5,240.0,240.0,3.3958895206451416,0.0,0.5,0.5,0.5,0.5,240.0,240.0
5,0.6880208253860474,0.7590537071228027,0.6860411167144775,607.0,593.0,0.5770191550254822,0.0009999999,0.37514057755470276,0.686777651309967,0.6888772249221802,0.6838541626930237,0.6911458373069763,1327.0,1313.0,0.5,0.5786067247390747,0.5,240.0,240.0,2.0449202060699463,0.0,0.5,0.5,0.5,0.5,240.0,240.0
