epoch,accuracy,auc,f1_score,fn,fp,loss,lr,mcc,npv,precision,recall,specificity,tn,tp,val_accuracy,val_auc,val_f1_score,val_fn,val_fp,val_loss,val_mcc,val_npv,val_precision,val_recall,val_specificity,val_tn,val_tp
0,0.5604166388511658,0.6116628050804138,0.5460920333862305,1019.0,980.0,0.8169345259666443,0.01,0.10459177941083908,0.5522871613502502,0.584921658039093,0.5754166841506958,0.5625,1420.0,1381.0,0.5,0.4911458194255829,0.6666666269302368,0.0,480.0,0.6961681842803955,0.0,0.0,0.5,1.0,0.0,0.0,480.0
1,0.574999988079071,0.5880171060562134,0.5614016056060791,841.0,843.0,0.7101953625679016,0.01,0.12319270521402359,0.5608474612236023,0.5613943934440613,0.5619791746139526,0.5609375238418579,1077.0,1079.0,0.5,0.4891536831855774,0.5,240.0,240.0,0.6948245167732239,0.0,0.5,0.5,0.5,0.5,240.0,240.0
2,0.5932291746139526,0.6428379416465759,0.5857014060020447,798.0,783.0,0.6586950421333313,0.01,0.17706610262393951,0.5887326598167419,0.5889763832092285,0.5843750238418579,0.5921875238418579,1137.0,1122.0,0.5,0.5214778780937195,0.5,240.0,240.0,0.6944754123687744,0.0,0.5,0.5,0.5,0.5,240.0,240.0
3,0.6260416507720947,0.6798574924468994,0.6284092664718628,712.0,713.0,0.6383740901947021,0.01,0.2582451403141022,0.6299225091934204,0.6288391351699829,0.6291666626930237,0.6286458373069763,1207.0,1208.0,0.4937500059604645,0.46942490339279175,0.49069544672966003,248.0,240.0,0.6989634037017822,-0.01617906056344509,0.4855850338935852,0.49152541160583496,0.4833333194255829,0.5,240.0,232.0
4,0.6338541507720947,0.6929978728294373,0.6342206597328186,696.0,711.0,0.6280981302261353,0.0009999999,0.2676389515399933,0.6361210942268372,0.6325581669807434,0.637499988079071,0.629687488079071,1209.0,1224.0,0.4937500059604645,0.4883398115634918,0.5391313433647156,184.0,313.0,0.6958738565444946,-0.031195707619190216,0.49311593174934387,0.48604267835617065,0.6166666746139526,0.3479166626930237,167.0,296.0
5,0.6348958611488342,0.6976287364959717,0.6344375014305115,696.0,713.0,0.6192373633384705,0.0009999999,0.26651352643966675,0.6346375942230225,0.6319050192832947,0.637499988079071,0.6286458373069763,1207.0,1224.0,0.5,0.5082399845123291,0.5255645513534546,216.0,268.0,0.6926193237304688,-0.010080840438604355,0.4832492470741272,0.49624061584472656,0.550000011920929,0.4416666626930237,212.0,264.0
