epoch,accuracy,auc,f1_score,fn,fp,loss,lr,mcc,npv,precision,recall,specificity,tn,tp,val_accuracy,val_auc,val_f1_score,val_fn,val_fp,val_loss,val_mcc,val_npv,val_precision,val_recall,val_specificity,val_tn,val_tp
0,0.59375,0.5867774486541748,0.5901359915733337,1028.0,1018.0,0.7238779664039612,0.01,0.18491636216640472,0.5924888849258423,0.5740585923194885,0.5716666579246521,0.5947916507720947,1382.0,1372.0,0.5,0.5175672769546509,0.6666666269302368,0.0,480.0,6.690964698791504,0.0,0.0,0.5,1.0,0.0,0.0,480.0
1,0.6510416865348816,0.7127119898796082,0.6514150500297546,670.0,668.0,0.6186690926551819,0.01,0.3034938871860504,0.6513478755950928,0.6517205238342285,0.6510416865348816,0.6520833373069763,1252.0,1250.0,0.5,0.5,0.5,240.0,240.0,5.409173011779785,0.0,0.5,0.5,0.5,0.5,240.0,240.0
2,0.6880208253860474,0.7577647566795349,0.6890031695365906,594.0,603.0,0.5784054398536682,0.01,0.37698689103126526,0.6892861723899841,0.6874027848243713,0.690625011920929,0.6859375238418579,1317.0,1326.0,0.5,0.5,0.5,240.0,240.0,4.376467227935791,0.0,0.5,0.5,0.5,0.5,240.0,240.0
3,0.699999988079071,0.7753643989562988,0.6974871754646301,584.0,574.0,0.562763512134552,0.01,0.39708513021469116,0.6977629065513611,0.699476420879364,0.6958333253860474,0.7010416388511658,1346.0,1336.0,0.5,0.554600715637207,0.5,240.0,240.0,1.9482377767562866,0.0,0.5,0.5,0.5,0.5,240.0,240.0
4,0.7302083373069763,0.8059787154197693,0.7283933162689209,524.0,517.0,0.5386940240859985,0.0009999999,0.4580340087413788,0.7281902432441711,0.7297438383102417,0.7270833253860474,0.7307291626930237,1403.0,1396.0,0.5,0.567139744758606,0.5,240.0,240.0,1.5225071907043457,0.0,0.5,0.5,0.5,0.5,240.0,240.0
5,0.7567708492279053,0.8303785920143127,0.7565110325813293,465.0,471.0,0.511161744594574,0.0009999999,0.5127466917037964,0.7573959827423096,0.7554517388343811,0.7578125,0.754687488079071,1449.0,1455.0,0.5,0.5740711688995361,0.5,240.0,240.0,1.340072751045227,0.0,0.5,0.5,0.5,0.5,240.0,240.0
