epoch,accuracy,auc,f1_score,fn,fp,loss,lr,mcc,npv,precision,recall,specificity,tn,tp,val_accuracy,val_auc,val_f1_score,val_fn,val_fp,val_loss,val_mcc,val_npv,val_precision,val_recall,val_specificity,val_tn,val_tp
0,0.5635416507720947,0.5687251091003418,0.5586468577384949,1078.0,1056.0,0.7584128975868225,0.01,0.1230914294719696,0.5617684125900269,0.5559293627738953,0.5508333444595337,0.5635416507720947,1344.0,1322.0,0.5,0.5,0.5,240.0,240.0,46.044898986816406,0.0,0.5,0.5,0.5,0.5,240.0,240.0
1,0.6489583253860474,0.7126662731170654,0.6490118503570557,678.0,665.0,0.61874920129776,0.01,0.30085358023643494,0.6492478847503662,0.6512847542762756,0.6468750238418579,0.6536458134651184,1255.0,1242.0,0.5,0.5,0.5,240.0,240.0,8.115666389465332,0.0,0.5,0.5,0.5,0.5,240.0,240.0
2,0.6822916865348816,0.7456104159355164,0.6824708580970764,610.0,610.0,0.5922857522964478,0.01,0.3647812008857727,0.6819644570350647,0.6822916865348816,0.6822916865348816,0.6822916865348816,1310.0,1310.0,0.5,0.5041666626930237,0.5,240.0,240.0,3.1073944568634033,0.0,0.5,0.5,0.5,0.5,240.0,240.0
3,0.7093750238418579,0.7796950936317444,0.7060225009918213,567.0,559.0,0.5607897639274597,0.01,0.4136762022972107,0.7061707973480225,0.7076359987258911,0.7046874761581421,0.7088541388511658,1361.0,1353.0,0.5,0.5,0.5,240.0,240.0,3.8051276206970215,0.0,0.5,0.5,0.5,0.5,240.0,240.0
4,0.7067708373069763,0.787497878074646,0.7101596593856812,555.0,559.0,0.552493691444397,0.0009999999,0.41994911432266235,0.7104147672653198,0.7094594836235046,0.7109375,0.7088541388511658,1361.0,1365.0,0.5,0.5299739837646484,0.5,240.0,240.0,2.540792226791382,0.0,0.5,0.5,0.5,0.5,240.0,240.0
5,0.7302083373069763,0.8129892945289612,0.7301037311553955,519.0,517.0,0.5259504318237305,0.0009999999,0.4605194926261902,0.7299362421035767,0.7304483652114868,0.729687511920929,0.7307291626930237,1403.0,1401.0,0.5,0.5591363310813904,0.5,240.0,240.0,1.5481230020523071,0.0,0.5,0.5,0.5,0.5,240.0,240.0
