epoch,accuracy,auc,f1_score,fn,fp,loss,lr,mcc,npv,precision,recall,specificity,tn,tp,val_accuracy,val_auc,val_f1_score,val_fn,val_fp,val_loss,val_mcc,val_npv,val_precision,val_recall,val_specificity,val_tn,val_tp
0,0.6223958134651184,0.596898078918457,0.6158732175827026,971.0,988.0,0.6975004076957703,0.01,0.23023822903633118,0.6164553761482239,0.5912287831306458,0.5954166650772095,0.6104166507720947,1412.0,1429.0,0.5,0.5211263298988342,0.5,240.0,240.0,3.5004141330718994,0.0,0.5,0.5,0.5,0.5,240.0,240.0
1,0.6489583253860474,0.7058385610580444,0.6490471959114075,679.0,664.0,0.6221764087677002,0.01,0.30076462030410767,0.6486146450042725,0.6514435410499573,0.6463541388511658,0.6541666388511658,1256.0,1241.0,0.5,0.5,0.5,240.0,240.0,10.147342681884766,0.0,0.5,0.5,0.5,0.5,240.0,240.0
2,0.6838541626930237,0.7388994693756104,0.6802904009819031,607.0,624.0,0.593907356262207,0.01,0.3591362535953522,0.6821413636207581,0.6778523325920105,0.6838541626930237,0.675000011920929,1296.0,1313.0,0.5,0.5,0.5,240.0,240.0,6.911252021789551,0.0,0.5,0.5,0.5,0.5,240.0,240.0
3,0.6885416507720947,0.7567553520202637,0.6864343881607056,600.0,605.0,0.5794315338134766,0.01,0.37268030643463135,0.6871540546417236,0.6857143044471741,0.6875,0.6848958134651184,1315.0,1320.0,0.5,0.5922960042953491,0.5,240.0,240.0,1.5811800956726074,0.0,0.5,0.5,0.5,0.5,240.0,240.0
4,0.7166666388511658,0.7908128499984741,0.7155593037605286,554.0,531.0,0.5515778064727783,0.0009999999,0.43523815274238586,0.7153293490409851,0.7200843691825867,0.7114583253860474,0.723437488079071,1389.0,1366.0,0.5,0.6203038692474365,0.5,240.0,240.0,1.165905237197876,0.0,0.5,0.5,0.5,0.5,240.0,240.0
5,0.7333333492279053,0.8072345852851868,0.7332741022109985,511.0,514.0,0.5351522564888,0.0009999999,0.4663229286670685,0.7334858179092407,0.7327092885971069,0.7338541746139526,0.7322916388511658,1406.0,1409.0,0.5,0.623656690120697,0.5,240.0,240.0,0.9266932606697083,0.0,0.5,0.5,0.5,0.5,240.0,240.0
