epoch,accuracy,auc,f1_score,fn,fp,loss,lr,mcc,npv,precision,recall,specificity,tn,tp,val_accuracy,val_auc,val_f1_score,val_fn,val_fp,val_loss,val_mcc,val_npv,val_precision,val_recall,val_specificity,val_tn,val_tp
0,0.6145833134651184,0.6162582039833069,0.6170875430107117,972.0,975.0,0.6857825517654419,0.01,0.2364731729030609,0.6197342276573181,0.5942571759223938,0.5950000286102295,0.6171875,1425.0,1428.0,0.5,0.5,0.5,240.0,240.0,5.991179466247559,0.0,0.5,0.5,0.5,0.5,240.0,240.0
1,0.660937488079071,0.7180100083351135,0.660237193107605,654.0,650.0,0.6123546361923218,0.01,0.32096272706985474,0.6597292423248291,0.6607515811920166,0.659375011920929,0.6614583134651184,1270.0,1266.0,0.5,0.5,0.5,240.0,240.0,4.222888469696045,0.0,0.5,0.5,0.5,0.5,240.0,240.0
2,0.6588541865348816,0.7337773442268372,0.6611854434013367,647.0,657.0,0.5965593457221985,0.01,0.32099291682243347,0.6614592671394348,0.6595854759216309,0.6630208492279053,0.6578124761581421,1263.0,1273.0,0.5,0.5161458253860474,0.5,240.0,240.0,2.898577928543091,0.0,0.5,0.5,0.5,0.5,240.0,240.0
3,0.6895833611488342,0.7604540586471558,0.6874814629554749,597.0,605.0,0.5768570303916931,0.01,0.37411218881607056,0.6880460381507874,0.6862033009529114,0.6890624761581421,0.6848958134651184,1315.0,1323.0,0.5,0.5994336009025574,0.5,240.0,240.0,1.9183933734893799,0.0,0.5,0.5,0.5,0.5,240.0,240.0
4,0.7093750238418579,0.7722659111022949,0.7084624171257019,557.0,564.0,0.5647777915000916,0.0009999999,0.4162973463535309,0.7091301679611206,0.707317054271698,0.7098958492279053,0.706250011920929,1356.0,1363.0,0.5,0.5994943380355835,0.5,240.0,240.0,1.7360464334487915,0.0,0.5,0.5,0.5,0.5,240.0,240.0
5,0.7223958373069763,0.7851502299308777,0.7217199802398682,531.0,540.0,0.5538672804832458,0.0009999999,0.44235533475875854,0.7222503423690796,0.7200621962547302,0.723437488079071,0.71875,1380.0,1389.0,0.5,0.6180946230888367,0.5,240.0,240.0,1.1929420232772827,0.0,0.5,0.5,0.5,0.5,240.0,240.0
