epoch,accuracy,auc,f1_score,fn,fp,loss,lr,mcc,npv,precision,recall,specificity,tn,tp,val_accuracy,val_auc,val_f1_score,val_fn,val_fp,val_loss,val_mcc,val_npv,val_precision,val_recall,val_specificity,val_tn,val_tp
0,0.620312511920929,0.615338146686554,0.6146263480186462,971.0,958.0,0.6772947311401367,0.01,0.2350722998380661,0.6168273091316223,0.5986593961715698,0.5954166650772095,0.6234375238418579,1442.0,1429.0,0.5,0.5,0.5,240.0,240.0,11.544520378112793,0.0,0.5,0.5,0.5,0.5,240.0,240.0
1,0.6630208492279053,0.7295450568199158,0.6656716465950012,642.0,640.0,0.605941653251648,0.01,0.3324681222438812,0.6665323972702026,0.6663190722465515,0.6656249761581421,0.6666666865348816,1280.0,1278.0,0.5,0.5511393547058105,0.5,240.0,240.0,1.745856761932373,0.0,0.5,0.5,0.5,0.5,240.0,240.0
2,0.6802083253860474,0.7438758015632629,0.6781832575798035,618.0,617.0,0.5901965498924255,0.01,0.35689690709114075,0.6785377264022827,0.6784783601760864,0.6781250238418579,0.6786458492279053,1303.0,1302.0,0.5,0.5015624761581421,0.5,240.0,240.0,3.1303346157073975,0.0,0.5,0.5,0.5,0.5,240.0,240.0
3,0.692187488079071,0.7668253183364868,0.6929976344108582,590.0,589.0,0.5707885026931763,0.01,0.3860800564289093,0.6926763653755188,0.6930692791938782,0.6927083134651184,0.6932291388511658,1331.0,1330.0,0.5,0.5005208253860474,0.5,240.0,240.0,3.1990721225738525,0.0,0.5,0.5,0.5,0.5,240.0,240.0
4,0.7093750238418579,0.7936986684799194,0.7103909850120544,554.0,559.0,0.5441354513168335,0.0009999999,0.42046058177948,0.7109992504119873,0.7096104025840759,0.7114583253860474,0.7088541388511658,1361.0,1366.0,0.5,0.5867078900337219,0.5,240.0,240.0,2.1342084407806396,0.0,0.5,0.5,0.5,0.5,240.0,240.0
5,0.7291666865348816,0.8119582533836365,0.731128454208374,515.0,519.0,0.5232502222061157,0.0009999999,0.4615571200847626,0.7309921383857727,0.7302494645118713,0.7317708134651184,0.729687511920929,1401.0,1405.0,0.5,0.6103211641311646,0.5,240.0,240.0,1.2443488836288452,0.0,0.5,0.5,0.5,0.5,240.0,240.0
