epoch,accuracy,auc,f1_score,fn,fp,loss,lr,mcc,npv,precision,recall,specificity,tn,tp,val_accuracy,val_auc,val_f1_score,val_fn,val_fp,val_loss,val_mcc,val_npv,val_precision,val_recall,val_specificity,val_tn,val_tp
0,0.6041666865348816,0.5888062119483948,0.6013718247413635,998.0,1019.0,0.6973741054534912,0.01,0.1999722570180893,0.6010815501213074,0.5790995359420776,0.5841666460037231,0.5942708253860474,1381.0,1402.0,0.5,0.5207204818725586,0.5,240.0,240.0,3.669879198074341,0.0,0.5,0.5,0.5,0.5,240.0,240.0
1,0.6510416865348816,0.7051733136177063,0.6468413472175598,683.0,666.0,0.6187820434570312,0.01,0.2975902557373047,0.6479471325874329,0.650026261806488,0.6442708373069763,0.653124988079071,1254.0,1237.0,0.5,0.6030967831611633,0.5,240.0,240.0,0.7680688500404358,0.0,0.5,0.5,0.5,0.5,240.0,240.0
2,0.6776041388511658,0.7397372722625732,0.6802651882171631,615.0,611.0,0.5957316160202026,0.01,0.361623078584671,0.6805981397628784,0.681106448173523,0.6796875,0.6817708611488342,1309.0,1305.0,0.5,0.5005208253860474,0.5,240.0,240.0,2.9176950454711914,0.0,0.5,0.5,0.5,0.5,240.0,240.0
3,0.6854166388511658,0.7656281590461731,0.6881210803985596,595.0,604.0,0.5722062587738037,0.01,0.3756534457206726,0.6894003748893738,0.6868844032287598,0.6901041865348816,0.6854166388511658,1316.0,1325.0,0.5,0.5935373306274414,0.5,240.0,240.0,1.7109342813491821,0.0,0.5,0.5,0.5,0.5,240.0,240.0
4,0.7046874761581421,0.7774512767791748,0.7035300731658936,575.0,559.0,0.5614811182022095,0.0009999999,0.4096023440361023,0.7029018998146057,0.7064075469970703,0.7005208134651184,0.7088541388511658,1361.0,1345.0,0.5,0.600598931312561,0.5,240.0,240.0,1.5568904876708984,0.0,0.5,0.5,0.5,0.5,240.0,240.0
5,0.7213541865348816,0.7999330759048462,0.721584677696228,539.0,526.0,0.5376560688018799,0.0009999999,0.4454961121082306,0.7214959263801575,0.7241740822792053,0.7192708253860474,0.7260416746139526,1394.0,1381.0,0.5,0.6104318499565125,0.5,240.0,240.0,1.0298126935958862,0.0,0.5,0.5,0.5,0.5,240.0,240.0
