epoch,accuracy,auc,f1_score,fn,fp,loss,lr,mcc,npv,precision,recall,specificity,tn,tp,val_accuracy,val_auc,val_f1_score,val_fn,val_fp,val_loss,val_mcc,val_npv,val_precision,val_recall,val_specificity,val_tn,val_tp
0,0.612500011920929,0.6401388049125671,0.602553129196167,965.0,933.0,0.6874216198921204,0.01,0.21014992892742157,0.6053131818771362,0.6059966087341309,0.5979166626930237,0.6078125238418579,1467.0,1435.0,0.5,0.5,0.5,240.0,240.0,9.3017578125,0.0,0.5,0.5,0.5,0.5,240.0,240.0
1,0.6588541865348816,0.720568835735321,0.6592129468917847,659.0,645.0,0.6110462546348572,0.01,0.3210887014865875,0.6591477990150452,0.6615949869155884,0.6567708253860474,0.6640625,1275.0,1261.0,0.5,0.5235069394111633,0.5,240.0,240.0,3.066580057144165,0.0,0.5,0.5,0.5,0.5,240.0,240.0
2,0.6833333373069763,0.7466592192649841,0.6806209087371826,616.0,609.0,0.5890121459960938,0.01,0.3621092140674591,0.6799210906028748,0.6816518306732178,0.6791666746139526,0.682812511920929,1311.0,1304.0,0.5,0.5,0.5,240.0,240.0,5.312170505523682,0.0,0.5,0.5,0.5,0.5,240.0,240.0
3,0.7005208134651184,0.7765768766403198,0.6990276575088501,574.0,585.0,0.5579051971435547,0.01,0.39649105072021484,0.6993855237960815,0.6970481872558594,0.7010416388511658,0.6953125,1335.0,1346.0,0.5,0.5,0.5,240.0,240.0,3.4603915214538574,0.0,0.5,0.5,0.5,0.5,240.0,240.0
4,0.723437488079071,0.7995860576629639,0.7224636673927307,531.0,535.0,0.5434821248054504,0.0009999999,0.44495004415512085,0.7233523726463318,0.7219334840774536,0.723437488079071,0.7213541865348816,1385.0,1389.0,0.5,0.5302083492279053,0.5,240.0,240.0,2.7320597171783447,0.0,0.5,0.5,0.5,0.5,240.0,240.0
5,0.7572916746139526,0.8296401500701904,0.7566394805908203,464.0,473.0,0.5101787447929382,0.0009999999,0.5121603608131409,0.7571258544921875,0.754795253276825,0.7583333253860474,0.7536458373069763,1447.0,1456.0,0.5,0.5171874761581421,0.5,240.0,240.0,2.8489739894866943,0.0,0.5,0.5,0.5,0.5,240.0,240.0
