epoch,accuracy,auc,f1_score,fn,fp,loss,lr,mcc,npv,precision,recall,specificity,tn,tp,val_accuracy,val_auc,val_f1_score,val_fn,val_fp,val_loss,val_mcc,val_npv,val_precision,val_recall,val_specificity,val_tn,val_tp
0,0.6343749761581421,0.601780354976654,0.6175362467765808,968.0,985.0,0.6901891827583313,0.01,0.23319895565509796,0.6177663207054138,0.5924699902534485,0.596666693687439,0.6119791865348816,1415.0,1432.0,0.5,0.5244314074516296,0.5,240.0,240.0,0.909864068031311,0.0,0.5,0.5,0.5,0.5,240.0,240.0
1,0.721875011920929,0.7800797820091248,0.7177612781524658,544.0,536.0,0.5669559836387634,0.01,0.4379788935184479,0.718720555305481,0.7196652889251709,0.7166666388511658,0.7208333611488342,1384.0,1376.0,0.5,0.5,0.5,240.0,240.0,4.1753249168396,0.0,0.5,0.5,0.5,0.5,240.0,240.0
2,0.753125011920929,0.8319775462150574,0.7528254389762878,474.0,475.0,0.5066173672676086,0.01,0.5060415267944336,0.7533449530601501,0.7527329325675964,0.753125011920929,0.7526041865348816,1445.0,1446.0,0.5,0.5,0.5,240.0,240.0,3.5783145427703857,0.0,0.5,0.5,0.5,0.5,240.0,240.0
3,0.7828124761581421,0.8548857569694519,0.7811464071273804,424.0,414.0,0.47511613368988037,0.01,0.5637660622596741,0.7805393934249878,0.7832460999488831,0.7791666388511658,0.784375011920929,1506.0,1496.0,0.5,0.5,0.5,240.0,240.0,3.528061866760254,0.0,0.5,0.5,0.5,0.5,240.0,240.0
4,0.8166666626930237,0.8926211595535278,0.8153510689735413,357.0,351.0,0.42175111174583435,0.0009999999,0.6314414739608765,0.8147395253181458,0.8166144490242004,0.8140624761581421,0.817187488079071,1569.0,1563.0,0.5,0.5015624761581421,0.5,240.0,240.0,3.35583233833313,0.0,0.5,0.5,0.5,0.5,240.0,240.0
5,0.8515625,0.9217939972877502,0.8497899174690247,289.0,288.0,0.37049010396003723,0.0009999999,0.6996234655380249,0.849484384059906,0.8499218225479126,0.8494791388511658,0.8500000238418579,1632.0,1631.0,0.5,0.6641861796379089,0.5,240.0,240.0,1.8019875288009644,0.0,0.5,0.5,0.5,0.5,240.0,240.0
