epoch,accuracy,auc,f1_score,fn,fp,loss,lr,mcc,npv,precision,recall,specificity,tn,tp,val_accuracy,val_auc,val_f1_score,val_fn,val_fp,val_loss,val_mcc,val_npv,val_precision,val_recall,val_specificity,val_tn,val_tp
0,0.6333333253860474,0.5933750867843628,0.6218931078910828,964.0,966.0,0.6953490376472473,0.01,0.24552704393863678,0.6234079003334045,0.597835123538971,0.5983333587646484,0.621874988079071,1434.0,1436.0,0.5,0.5,0.5,240.0,240.0,13.3897066116333,0.0,0.5,0.5,0.5,0.5,240.0,240.0
1,0.7010416388511658,0.7599925398826599,0.7009541392326355,577.0,568.0,0.5841153860092163,0.01,0.40407794713974,0.7013440728187561,0.70277339220047,0.6994791626930237,0.7041666507720947,1352.0,1343.0,0.5,0.5,0.5,240.0,240.0,5.991326808929443,0.0,0.5,0.5,0.5,0.5,240.0,240.0
2,0.7333333492279053,0.812910258769989,0.7320520877838135,518.0,509.0,0.5254254341125488,0.01,0.4653960168361664,0.7313299775123596,0.7336472868919373,0.7302083373069763,0.7348958253860474,1411.0,1402.0,0.5,0.5,0.5,240.0,240.0,5.312519550323486,0.0,0.5,0.5,0.5,0.5,240.0,240.0
3,0.7723958492279053,0.8448693752288818,0.7738598585128784,433.0,436.0,0.48883056640625,0.01,0.5475636720657349,0.774248480796814,0.7732709050178528,0.7744791507720947,0.7729166746139526,1484.0,1487.0,0.5,0.5,0.5,240.0,240.0,6.104380130767822,0.0,0.5,0.5,0.5,0.5,240.0,240.0
4,0.7817708253860474,0.8624725341796875,0.7803967595100403,428.0,411.0,0.464901864528656,0.0009999999,0.5633180141448975,0.7794594168663025,0.784025251865387,0.7770833373069763,0.785937488079071,1509.0,1492.0,0.5,0.5,0.5,240.0,240.0,3.7041990756988525,0.0,0.5,0.5,0.5,0.5,240.0,240.0
5,0.8229166865348816,0.9088107943534851,0.823119044303894,344.0,334.0,0.39390528202056885,0.0009999999,0.6471806764602661,0.8216899633407593,0.8251308798789978,0.8208333253860474,0.8260416388511658,1586.0,1576.0,0.5,0.5935091376304626,0.5,240.0,240.0,2.683436632156372,0.0,0.5,0.5,0.5,0.5,240.0,240.0
