epoch,accuracy,auc,f1_score,fn,fp,loss,lr,mcc,npv,precision,recall,specificity,tn,tp,val_accuracy,val_auc,val_f1_score,val_fn,val_fp,val_loss,val_mcc,val_npv,val_precision,val_recall,val_specificity,val_tn,val_tp
0,0.6536458134651184,0.7177150249481201,0.6499327421188354,793.0,798.0,0.6670335531234741,0.01,0.2999003827571869,0.6498903036117554,0.6681912541389465,0.6695833206176758,0.6489583253860474,1602.0,1607.0,0.5,0.5,0.6666666269302368,0.0,480.0,5.6143574714660645,0.0,0.0,0.5,1.0,0.0,0.0,480.0
1,0.7359374761581421,0.8075569868087769,0.7368646860122681,507.0,503.0,0.5357927083969116,0.01,0.4742160737514496,0.7362754940986633,0.7374739050865173,0.7359374761581421,0.7380208373069763,1417.0,1413.0,0.5,0.5,0.5,240.0,240.0,6.124365329742432,0.0,0.5,0.5,0.5,0.5,240.0,240.0
2,0.768750011920929,0.8407962322235107,0.7683246731758118,446.0,442.0,0.49339818954467773,0.01,0.5377541184425354,0.7686946988105774,0.7693110704421997,0.7677083611488342,0.7697916626930237,1478.0,1474.0,0.5,0.5,0.5,240.0,240.0,6.992970943450928,0.0,0.5,0.5,0.5,0.5,240.0,240.0
3,0.7734375,0.8620354533195496,0.7729628086090088,438.0,434.0,0.46024906635284424,0.01,0.545968770980835,0.7718620896339417,0.7734864354133606,0.7718750238418579,0.7739583253860474,1486.0,1482.0,0.5,0.5,0.5,240.0,240.0,3.3100924491882324,0.0,0.5,0.5,0.5,0.5,240.0,240.0
4,0.8182291388511658,0.8971483707427979,0.8175258636474609,348.0,354.0,0.41493526101112366,0.0009999999,0.6345558762550354,0.8182018995285034,0.8161993622779846,0.8187500238418579,0.815625011920929,1566.0,1572.0,0.5,0.5187760591506958,0.5,240.0,240.0,2.824120044708252,0.0,0.5,0.5,0.5,0.5,240.0,240.0
5,0.8588541746139526,0.9326448440551758,0.8567566275596619,275.0,275.0,0.347432017326355,0.0009999999,0.7136642336845398,0.8568934798240662,0.8567708134651184,0.8567708134651184,0.8567708134651184,1645.0,1645.0,0.5,0.5984483361244202,0.5,240.0,240.0,2.525118827819824,0.0,0.5,0.5,0.5,0.5,240.0,240.0
