epoch,accuracy,auc,f1_score,fn,fp,loss,lr,mcc,npv,precision,recall,specificity,tn,tp,val_accuracy,val_auc,val_f1_score,val_fn,val_fp,val_loss,val_mcc,val_npv,val_precision,val_recall,val_specificity,val_tn,val_tp
0,0.6130208373069763,0.5868186354637146,0.5959491729736328,1013.0,1018.0,0.7258830666542053,0.01,0.19252626597881317,0.5970562100410461,0.5767151713371277,0.57791668176651,0.5947916507720947,1382.0,1387.0,0.5,0.5,0.5,240.0,240.0,5.405380725860596,0.0,0.5,0.5,0.5,0.5,240.0,240.0
1,0.7145833373069763,0.783918559551239,0.7129097580909729,558.0,539.0,0.5635794401168823,0.01,0.42906197905540466,0.7123199105262756,0.7164649963378906,0.7093750238418579,0.7192708253860474,1381.0,1362.0,0.5,0.60770183801651,0.5,240.0,240.0,1.486781358718872,0.0,0.5,0.5,0.5,0.5,240.0,240.0
2,0.7447916865348816,0.8167808651924133,0.7415945529937744,497.0,495.0,0.5206250548362732,0.01,0.48361530900001526,0.7414276003837585,0.741918683052063,0.7411458492279053,0.7421875,1425.0,1423.0,0.5,0.6120160818099976,0.5,240.0,240.0,1.7998908758163452,0.0,0.5,0.5,0.5,0.5,240.0,240.0
3,0.7723958492279053,0.854474663734436,0.773695707321167,429.0,442.0,0.4740969240665436,0.01,0.546596884727478,0.775678277015686,0.7713398933410645,0.776562511920929,0.7697916626930237,1478.0,1491.0,0.5,0.6436740756034851,0.5,240.0,240.0,1.453649878501892,0.0,0.5,0.5,0.5,0.5,240.0,240.0
4,0.8031250238418579,0.8746622204780579,0.7994469404220581,386.0,384.0,0.4468773901462555,0.0009999999,0.5992070436477661,0.7991839647293091,0.7997914552688599,0.7989583611488342,0.800000011920929,1536.0,1534.0,0.5,0.6412326097488403,0.5,240.0,240.0,1.0165218114852905,0.0,0.5,0.5,0.5,0.5,240.0,240.0
5,0.831250011920929,0.9110851287841797,0.8324302434921265,317.0,328.0,0.38935786485671997,0.0009999999,0.6643635034561157,0.8343167901039124,0.8301398158073425,0.8348958492279053,0.8291666507720947,1592.0,1603.0,0.5,0.6593836545944214,0.5,240.0,240.0,1.4849492311477661,0.0,0.5,0.5,0.5,0.5,240.0,240.0
