epoch,accuracy,auc,f1_score,fn,fp,loss,lr,mcc,npv,precision,recall,specificity,tn,tp,val_accuracy,val_auc,val_f1_score,val_fn,val_fp,val_loss,val_mcc,val_npv,val_precision,val_recall,val_specificity,val_tn,val_tp
0,0.6328125,0.6171771883964539,0.6206907629966736,975.0,945.0,0.6790949106216431,0.01,0.25051695108413696,0.6251099705696106,0.6012658476829529,0.59375,0.6328125,1455.0,1425.0,0.5,0.5,0.6666666269302368,0.0,480.0,3.2540476322174072,0.0,0.0,0.5,1.0,0.0,0.0,480.0
1,0.7119791507720947,0.7780225872993469,0.7096989154815674,562.0,550.0,0.5661522746086121,0.01,0.42110997438430786,0.7087953686714172,0.7117400169372559,0.7072916626930237,0.7135416865348816,1370.0,1358.0,0.5,0.5,0.5,240.0,240.0,3.6978044509887695,0.0,0.5,0.5,0.5,0.5,240.0,240.0
2,0.7541666626930237,0.8223721385002136,0.7528742551803589,472.0,477.0,0.516936719417572,0.01,0.5059229135513306,0.7542567849159241,0.7522078156471252,0.7541666626930237,0.7515624761581421,1443.0,1448.0,0.5,0.6265168786048889,0.5,240.0,240.0,1.3202135562896729,0.0,0.5,0.5,0.5,0.5,240.0,240.0
3,0.7604166865348816,0.8391038179397583,0.760729193687439,459.0,460.0,0.495050311088562,0.01,0.5215240716934204,0.7609034776687622,0.7605413794517517,0.760937511920929,0.7604166865348816,1460.0,1461.0,0.5,0.5996831655502319,0.5,240.0,240.0,2.4411141872406006,0.0,0.5,0.5,0.5,0.5,240.0,240.0
4,0.8026041388511658,0.8805953860282898,0.7995724081993103,383.0,387.0,0.43449562788009644,0.0009999999,0.5992337465286255,0.8005260229110718,0.7988565564155579,0.8005208373069763,0.7984374761581421,1533.0,1537.0,0.5,0.6431944966316223,0.5,240.0,240.0,1.6230751276016235,0.0,0.5,0.5,0.5,0.5,240.0,240.0
5,0.8265625238418579,0.9123685956001282,0.8259750604629517,332.0,337.0,0.38091668486595154,0.0009999999,0.651791512966156,0.8268698453903198,0.8249350786209106,0.8270833492279053,0.8244791626930237,1583.0,1588.0,0.5,0.6606119871139526,0.5,240.0,240.0,1.4139676094055176,0.0,0.5,0.5,0.5,0.5,240.0,240.0
