epoch,accuracy,auc,f1_score,fn,fp,loss,lr,mcc,npv,precision,recall,specificity,tn,tp,val_accuracy,val_auc,val_f1_score,val_fn,val_fp,val_loss,val_mcc,val_npv,val_precision,val_recall,val_specificity,val_tn,val_tp
0,0.6171875,0.6512058973312378,0.6156390309333801,916.0,912.0,0.6871767640113831,0.01,0.23302988708019257,0.616898238658905,0.6193656325340271,0.6183333396911621,0.6166666746139526,1488.0,1484.0,0.5,0.5,0.5,240.0,240.0,4.234889507293701,0.0,0.5,0.5,0.5,0.5,240.0,240.0
1,0.7083333134651184,0.7745914459228516,0.7056174874305725,561.0,573.0,0.5688806176185608,0.01,0.4097052812576294,0.7059780955314636,0.7034161686897278,0.707812488079071,0.7015625238418579,1347.0,1359.0,0.5020833611488342,0.5983355045318604,0.5,240.0,233.0,0.6994436383247375,0.013573774136602879,0.5125464797019958,0.5073995590209961,0.5,0.5145833492279053,247.0,240.0
2,0.7447916865348816,0.8284590244293213,0.7475393414497375,482.0,489.0,0.5088686347007751,0.01,0.4944131672382355,0.7482152581214905,0.7462376952171326,0.7489583492279053,0.745312511920929,1431.0,1438.0,0.5,0.617358922958374,0.5,240.0,240.0,1.4528412818908691,0.0,0.5,0.5,0.5,0.5,240.0,240.0
3,0.7932291626930237,0.8680065870285034,0.7953103184700012,397.0,387.0,0.45694705843925476,0.01,0.5918546319007874,0.7943904399871826,0.7973821759223938,0.7932291626930237,0.7984374761581421,1533.0,1523.0,0.5,0.6363281607627869,0.49947088956832886,241.0,238.0,0.7547301054000854,0.0020843506790697575,0.5010101199150085,0.50104820728302,0.49791666865348816,0.5041666626930237,242.0,239.0
4,0.7973958253860474,0.8758363127708435,0.7952468395233154,394.0,391.0,0.4431919455528259,0.01,0.5912498235702515,0.7955058217048645,0.7960354685783386,0.7947916388511658,0.7963541746139526,1529.0,1526.0,0.5,0.5,0.5,240.0,240.0,4.7524638175964355,0.0,0.5,0.5,0.5,0.5,240.0,240.0
5,0.8322916626930237,0.914349377155304,0.8309438824653625,323.0,327.0,0.3764075040817261,0.0009999999,0.6616660952568054,0.8314927816390991,0.8300415873527527,0.8317708373069763,0.8296874761581421,1593.0,1597.0,0.5,0.6060676574707031,0.5,240.0,240.0,2.358983039855957,0.0,0.5,0.5,0.5,0.5,240.0,240.0
6,0.871874988079071,0.9412038922309875,0.8713405728340149,243.0,252.0,0.3222205936908722,0.0009999999,0.7423038482666016,0.873043954372406,0.8693623542785645,0.8734375238418579,0.8687499761581421,1668.0,1677.0,0.5,0.636460542678833,0.5035897493362427,238.0,240.0,1.2911900281906128,0.004136117175221443,0.501075267791748,0.5020747184753418,0.5041666626930237,0.5,240.0,242.0
