epoch,accuracy,auc,f1_score,fn,fp,loss,lr,mcc,npv,precision,recall,specificity,tn,tp,val_accuracy,val_auc,val_f1_score,val_fn,val_fp,val_loss,val_mcc,val_npv,val_precision,val_recall,val_specificity,val_tn,val_tp
0,0.6598958373069763,0.6938663721084595,0.6486347317695618,831.0,831.0,0.6690126061439514,0.01,0.3010092079639435,0.6519277095794678,0.6537500023841858,0.6537500023841858,0.651562511920929,1569.0,1569.0,0.5,0.5052300691604614,0.5,240.0,240.0,2.4222946166992188,0.0,0.5,0.5,0.5,0.5,240.0,240.0
1,0.7385416626930237,0.8141047358512878,0.7373790144920349,500.0,510.0,0.5289885997772217,0.01,0.47423920035362244,0.7389248013496399,0.7357512712478638,0.7395833134651184,0.734375,1410.0,1420.0,0.5,0.5140212774276733,0.5,240.0,240.0,2.4842827320098877,0.0,0.5,0.5,0.5,0.5,240.0,240.0
2,0.7828124761581421,0.8648009896278381,0.7826330065727234,420.0,413.0,0.45960602164268494,0.01,0.5663642883300781,0.7822584509849548,0.7841087579727173,0.78125,0.7848958373069763,1507.0,1500.0,0.5,0.5290169715881348,0.5,240.0,240.0,2.431358575820923,0.0,0.5,0.5,0.5,0.5,240.0,240.0
3,0.7848958373069763,0.8620930910110474,0.7819773554801941,419.0,418.0,0.46153274178504944,0.01,0.564328134059906,0.7820423245429993,0.7821782231330872,0.7817708253860474,0.7822916507720947,1502.0,1501.0,0.5,0.5083354711532593,0.5,240.0,240.0,2.9937937259674072,0.0,0.5,0.5,0.5,0.5,240.0,240.0
4,0.7885416746139526,0.8663294911384583,0.7899405360221863,402.0,406.0,0.45708954334259033,0.0009999999,0.5793092250823975,0.7900046706199646,0.7889813184738159,0.7906249761581421,0.7885416746139526,1514.0,1518.0,0.5,0.6014496684074402,0.5,240.0,240.0,1.4467201232910156,0.0,0.5,0.5,0.5,0.5,240.0,240.0
5,0.8307291865348816,0.9185899496078491,0.8329750895500183,321.0,320.0,0.3734810948371887,0.0009999999,0.6663994193077087,0.8331828713417053,0.8332464694976807,0.832812488079071,0.8333333134651184,1600.0,1599.0,0.5,0.6054795980453491,0.5030769109725952,238.0,241.0,0.8819229006767273,0.002051758812740445,0.5,0.501035213470459,0.5041666626930237,0.49791666865348816,239.0,242.0
