epoch,accuracy,auc,f1_score,fn,fp,loss,lr,mcc,npv,precision,recall,specificity,tn,tp,val_accuracy,val_auc,val_f1_score,val_fn,val_fp,val_loss,val_mcc,val_npv,val_precision,val_recall,val_specificity,val_tn,val_tp
0,0.625,0.6131716370582581,0.6114632487297058,986.0,980.0,0.7136105298995972,0.01,0.2261306494474411,0.6121546626091003,0.5906432867050171,0.5891666412353516,0.6151041388511658,1420.0,1414.0,0.5,0.5,0.5,240.0,240.0,20.661945343017578,0.0,0.5,0.5,0.5,0.5,240.0,240.0
1,0.7052083611488342,0.7678301334381104,0.7030450105667114,567.0,575.0,0.5741174221038818,0.01,0.4055941700935364,0.7038792967796326,0.7017635107040405,0.7046874761581421,0.7005208134651184,1345.0,1353.0,0.5,0.5,0.5,240.0,240.0,11.110671997070312,0.0,0.5,0.5,0.5,0.5,240.0,240.0
2,0.7416666746139526,0.818577766418457,0.7447017431259155,495.0,481.0,0.5223612189292908,0.01,0.4920320510864258,0.7446078658103943,0.7476390600204468,0.7421875,0.7494791746139526,1439.0,1425.0,0.5,0.5,0.5,240.0,240.0,9.17755126953125,0.0,0.5,0.5,0.5,0.5,240.0,240.0
3,0.7645833492279053,0.8402089476585388,0.766967236995697,446.0,450.0,0.4951642155647278,0.01,0.533510148525238,0.7672032117843628,0.7661122679710388,0.7677083611488342,0.765625,1470.0,1474.0,0.5,0.5,0.5,240.0,240.0,4.521555423736572,0.0,0.5,0.5,0.5,0.5,240.0,240.0
4,0.8229166865348816,0.8999149203300476,0.8222942352294922,339.0,344.0,0.41827327013015747,0.0009999999,0.6444408297538757,0.8232295513153076,0.8212987184524536,0.823437511920929,0.8208333253860474,1576.0,1581.0,0.5,0.5036458373069763,0.5,240.0,240.0,3.1381876468658447,0.0,0.5,0.5,0.5,0.5,240.0,240.0
5,0.8380208611488342,0.919744074344635,0.8391265273094177,306.0,313.0,0.37248852849006653,0.0009999999,0.6777536273002625,0.8400866985321045,0.837571382522583,0.840624988079071,0.8369791507720947,1607.0,1614.0,0.5,0.6629709005355835,0.5020512938499451,239.0,240.0,1.5473889112472534,0.0020517667289823294,0.5,0.5010395050048828,0.5020833611488342,0.5,240.0,241.0
