epoch,accuracy,auc,f1_score,fn,fp,loss,lr,mcc,npv,precision,recall,specificity,tn,tp,val_accuracy,val_auc,val_f1_score,val_fn,val_fp,val_loss,val_mcc,val_npv,val_precision,val_recall,val_specificity,val_tn,val_tp
0,0.5796874761581421,0.5703853368759155,0.5633359551429749,1079.0,1052.0,0.7246014475822449,0.01,0.13807955384254456,0.5697457194328308,0.5566793084144592,0.5504166483879089,0.5765625238418579,1348.0,1321.0,0.5,0.5,0.5,240.0,240.0,19.142414093017578,0.0,0.5,0.5,0.5,0.5,240.0,240.0
1,0.6411458253860474,0.6810367703437805,0.6314226984977722,701.0,721.0,0.6549813747406006,0.01,0.2596813440322876,0.631233274936676,0.6283504962921143,0.6348958611488342,0.6244791746139526,1199.0,1219.0,0.5,0.5,0.5,240.0,240.0,3.9947152137756348,0.0,0.5,0.5,0.5,0.5,240.0,240.0
2,0.6802083253860474,0.7204851508140564,0.6760978698730469,627.0,613.0,0.6238947510719299,0.01,0.3543621003627777,0.6754177212715149,0.6783840656280518,0.6734374761581421,0.6807291507720947,1307.0,1293.0,0.5,0.5261197686195374,0.5020512938499451,239.0,240.0,4.349629878997803,0.0020517746452242136,0.5,0.5010395050048828,0.5020833611488342,0.5,240.0,241.0
3,0.6859375238418579,0.7386098504066467,0.6849463582038879,600.0,615.0,0.6110369563102722,0.01,0.3672962188720703,0.6847880482673645,0.682170569896698,0.6875,0.6796875,1305.0,1320.0,0.5,0.5349739789962769,0.5,240.0,240.0,4.51116418838501,0.0,0.5,0.5,0.5,0.5,240.0,240.0
4,0.7208333611488342,0.7899570465087891,0.72060626745224,536.0,537.0,0.5565445423126221,0.0009999999,0.4411572813987732,0.7207717299461365,0.7204580903053284,0.7208333611488342,0.7203124761581421,1383.0,1384.0,0.5,0.5015624761581421,0.5,240.0,240.0,5.636651515960693,0.0,0.5,0.5,0.5,0.5,240.0,240.0
5,0.7447916865348816,0.812109112739563,0.7446445822715759,490.0,491.0,0.5307115912437439,0.0009999999,0.4890846312046051,0.7445777654647827,0.7444039583206177,0.7447916865348816,0.7442708611488342,1429.0,1430.0,0.5,0.5,0.5,240.0,240.0,6.033196926116943,0.0,0.5,0.5,0.5,0.5,240.0,240.0
