epoch,accuracy,auc,f1_score,fn,fp,loss,lr,mcc,npv,precision,recall,specificity,tn,tp,val_accuracy,val_auc,val_f1_score,val_fn,val_fp,val_loss,val_mcc,val_npv,val_precision,val_recall,val_specificity,val_tn,val_tp
0,0.5463541746139526,0.5355145335197449,0.535563588142395,1124.0,1138.0,0.7305410504341125,0.01,0.07234020531177521,0.5385636687278748,0.528583288192749,0.5316666960716248,0.5322916507720947,1262.0,1276.0,0.5,0.5,0.5,240.0,240.0,8.226759910583496,0.0,0.5,0.5,0.5,0.5,240.0,240.0
1,0.6390625238418579,0.6674726605415344,0.6255113482475281,719.0,716.0,0.6588322520256042,0.01,0.2529972493648529,0.6268059015274048,0.6264997124671936,0.6255208253860474,0.6270833611488342,1204.0,1201.0,0.5,0.5005208253860474,0.5,240.0,240.0,7.600432872772217,0.0,0.5,0.5,0.5,0.5,240.0,240.0
2,0.6723958253860474,0.7275594472885132,0.6705160737037659,626.0,646.0,0.6134254932403564,0.01,0.3378531038761139,0.6703672409057617,0.6670103073120117,0.6739583611488342,0.6635416746139526,1274.0,1294.0,0.5,0.5822851657867432,0.5,240.0,240.0,2.7460520267486572,0.0,0.5,0.5,0.5,0.5,240.0,240.0
3,0.692187488079071,0.7446681261062622,0.6905769109725952,592.0,599.0,0.6092788577079773,0.01,0.3798120319843292,0.6902376413345337,0.6891541481018066,0.6916666626930237,0.6880208253860474,1321.0,1328.0,0.5,0.5,0.5,240.0,240.0,7.203710556030273,0.0,0.5,0.5,0.5,0.5,240.0,240.0
4,0.7416666746139526,0.8070486783981323,0.7405046224594116,501.0,494.0,0.537344217300415,0.0009999999,0.48181888461112976,0.7398500442504883,0.7417668700218201,0.739062488079071,0.7427083253860474,1426.0,1419.0,0.5,0.5861263275146484,0.5,240.0,240.0,2.591789484024048,0.0,0.5,0.5,0.5,0.5,240.0,240.0
5,0.7526041865348816,0.8272226452827454,0.7507349252700806,480.0,475.0,0.5137587189674377,0.0009999999,0.5026727318763733,0.7511510252952576,0.7519582509994507,0.75,0.7526041865348816,1445.0,1440.0,0.5,0.5660568475723267,0.5,240.0,240.0,2.9361414909362793,0.0,0.5,0.5,0.5,0.5,240.0,240.0
