epoch,accuracy,auc,f1_score,fn,fp,loss,lr,mcc,npv,precision,recall,specificity,tn,tp,val_accuracy,val_auc,val_f1_score,val_fn,val_fp,val_loss,val_mcc,val_npv,val_precision,val_recall,val_specificity,val_tn,val_tp
0,0.49791666865348816,0.5058844089508057,0.5039084553718567,1194.0,1182.0,0.7582244277000427,0.01,0.01256601419299841,0.505415678024292,0.5050251483917236,0.5024999976158142,0.5093749761581421,1218.0,1206.0,0.5,0.510987401008606,0.5,240.0,240.0,4.837266445159912,0.0,0.5,0.5,0.5,0.5,240.0,240.0
1,0.5473958253860474,0.5503454208374023,0.5329149961471558,885.0,916.0,0.7039855718612671,0.01,0.06233128532767296,0.5329187512397766,0.5304971933364868,0.5390625,0.5229166746139526,1004.0,1035.0,0.5,0.5,0.5,240.0,240.0,6.287600517272949,0.0,0.5,0.5,0.5,0.5,240.0,240.0
2,0.6010416746139526,0.6266674995422363,0.5916084051132202,779.0,795.0,0.6802499890327454,0.01,0.18076714873313904,0.5906806588172913,0.5893595218658447,0.5942708253860474,0.5859375,1125.0,1141.0,0.5,0.5026041269302368,0.5,240.0,240.0,3.3200466632843018,0.0,0.5,0.5,0.5,0.5,240.0,240.0
3,0.643750011920929,0.6883350610733032,0.6412143707275391,696.0,673.0,0.6398500800132751,0.01,0.2871339023113251,0.6419351696968079,0.6452292799949646,0.637499988079071,0.6494791507720947,1247.0,1224.0,0.5,0.5,0.5,240.0,240.0,5.457579135894775,0.0,0.5,0.5,0.5,0.5,240.0,240.0
4,0.6885416507720947,0.7588377594947815,0.6880245208740234,603.0,591.0,0.582754909992218,0.0009999999,0.3781738579273224,0.6880194544792175,0.6902515888214111,0.6859375238418579,0.692187488079071,1329.0,1317.0,0.5,0.5,0.5,240.0,240.0,5.3770222663879395,0.0,0.5,0.5,0.5,0.5,240.0,240.0
5,0.7192708253860474,0.7871823310852051,0.7188273072242737,542.0,536.0,0.5568698048591614,0.0009999999,0.43857529759407043,0.7186034321784973,0.7199581861495972,0.7177083492279053,0.7208333611488342,1384.0,1378.0,0.5,0.5,0.5,240.0,240.0,4.625884532928467,0.0,0.5,0.5,0.5,0.5,240.0,240.0
