epoch,accuracy,auc,f1_score,fn,fp,loss,lr,mcc,npv,precision,recall,specificity,tn,tp,val_accuracy,val_auc,val_f1_score,val_fn,val_fp,val_loss,val_mcc,val_npv,val_precision,val_recall,val_specificity,val_tn,val_tp
0,0.5463541746139526,0.5399214029312134,0.5456703901290894,1108.0,1120.0,0.7274543642997742,0.01,0.09001931548118591,0.5445797443389893,0.5356550812721252,0.5383333563804626,0.5416666865348816,1280.0,1292.0,0.5,0.5,0.6666666269302368,0.0,480.0,23.466758728027344,0.0,0.0,0.5,1.0,0.0,0.0,480.0
1,0.6177083253860474,0.6416974067687988,0.6065880060195923,760.0,741.0,0.6744213104248047,0.01,0.21853885054588318,0.6089208126068115,0.6102051734924316,0.6041666865348816,0.614062488079071,1179.0,1160.0,0.5,0.5565928220748901,0.5892147421836853,162.0,294.0,1.211234450340271,0.044552531093358994,0.5051282048225403,0.5196078419685364,0.6625000238418579,0.38749998807907104,186.0,318.0
2,0.6520833373069763,0.7051618099212646,0.6513398289680481,662.0,686.0,0.6326035857200623,0.01,0.29805392026901245,0.6503549218177795,0.6471193432807922,0.6552083492279053,0.6427083611488342,1234.0,1258.0,0.5,0.579188346862793,0.13637837767601013,441.0,13.0,1.5402311086654663,0.0747571811079979,0.5155630111694336,0.75,0.08124999701976776,0.9729166626930237,467.0,39.0
3,0.675000011920929,0.7155708074569702,0.6715223789215088,632.0,628.0,0.6228203177452087,0.01,0.34396249055862427,0.6715532541275024,0.6722338199615479,0.6708333492279053,0.6729166507720947,1292.0,1288.0,0.5,0.5321636199951172,0.5,240.0,240.0,3.0116899013519287,0.0,0.5,0.5,0.5,0.5,240.0,240.0
4,0.6802083253860474,0.7438297867774963,0.6762034893035889,623.0,617.0,0.5984147787094116,0.0009999999,0.35428157448768616,0.6771992444992065,0.6776384711265564,0.6755208373069763,0.6786458492279053,1303.0,1297.0,0.5,0.5235612392425537,0.5,240.0,240.0,3.2629554271698,0.0,0.5,0.5,0.5,0.5,240.0,240.0
5,0.7208333611488342,0.7853914499282837,0.7204272747039795,535.0,540.0,0.559106171131134,0.0009999999,0.44013139605522156,0.7206094861030579,0.7194805145263672,0.7213541865348816,0.71875,1380.0,1385.0,0.5,0.5,0.5,240.0,240.0,5.607748985290527,0.0,0.5,0.5,0.5,0.5,240.0,240.0
