epoch,accuracy,auc,f1_score,fn,fp,loss,lr,mcc,npv,precision,recall,specificity,tn,tp,val_accuracy,val_auc,val_f1_score,val_fn,val_fp,val_loss,val_mcc,val_npv,val_precision,val_recall,val_specificity,val_tn,val_tp
0,0.6182291507720947,0.5902020931243896,0.5996233820915222,1005.0,1009.0,0.6926729083061218,0.01,0.20170852541923523,0.6026474833488464,0.5802828669548035,0.581250011920929,0.5994791388511658,1391.0,1395.0,0.5,0.5,0.5,240.0,240.0,12.082319259643555,0.0,0.5,0.5,0.5,0.5,240.0,240.0
1,0.6661458611488342,0.7091244459152222,0.6565137505531311,649.0,680.0,0.6337941884994507,0.01,0.308240681886673,0.6568596959114075,0.6514607667922974,0.6619791388511658,0.6458333134651184,1240.0,1271.0,0.5,0.5177127122879028,0.5,240.0,240.0,3.513481378555298,0.0,0.5,0.5,0.5,0.5,240.0,240.0
2,0.690625011920929,0.7500923275947571,0.6846192479133606,611.0,595.0,0.595606803894043,0.01,0.37209978699684143,0.6844701170921326,0.6875,0.6817708611488342,0.6901041865348816,1325.0,1309.0,0.5,0.5891080498695374,0.507692277431488,236.0,240.0,1.6207247972488403,0.00823965109884739,0.501075267791748,0.5041322112083435,0.5083333253860474,0.5,240.0,244.0
3,0.7166666388511658,0.7768439054489136,0.7143267393112183,548.0,549.0,0.5760573148727417,0.01,0.42870157957077026,0.7145994305610657,0.7142113447189331,0.7145833373069763,0.714062511920929,1371.0,1372.0,0.5,0.5182812213897705,0.5,240.0,240.0,3.7850000858306885,0.0,0.5,0.5,0.5,0.5,240.0,240.0
4,0.7380208373069763,0.7990821599960327,0.7362963557243347,510.0,500.0,0.5508556962013245,0.0009999999,0.47404441237449646,0.7357766032218933,0.7382199168205261,0.734375,0.7395833134651184,1420.0,1410.0,0.5,0.5614843368530273,0.5,240.0,240.0,2.757084846496582,0.0,0.5,0.5,0.5,0.5,240.0,240.0
5,0.7567708492279053,0.8278964757919312,0.7572641968727112,468.0,463.0,0.5142037272453308,0.0009999999,0.5151329040527344,0.7568395733833313,0.7582245469093323,0.7562500238418579,0.7588541507720947,1457.0,1452.0,0.5,0.5672721862792969,0.5,240.0,240.0,2.8378565311431885,0.0,0.5,0.5,0.5,0.5,240.0,240.0
