epoch,accuracy,auc,f1_score,fn,fp,loss,lr,mcc,npv,precision,recall,specificity,tn,tp,val_accuracy,val_auc,val_f1_score,val_fn,val_fp,val_loss,val_mcc,val_npv,val_precision,val_recall,val_specificity,val_tn,val_tp
0,0.5645833611488342,0.549518883228302,0.5522872805595398,1092.0,1111.0,0.7220450043678284,0.01,0.1029837355017662,0.5526429414749146,0.5407193303108215,0.5450000166893005,0.5463541746139526,1289.0,1308.0,0.5,0.5,0.5,240.0,240.0,9811.796875,0.0,0.5,0.5,0.5,0.5,240.0,240.0
1,0.6265624761581421,0.6596091389656067,0.6060702800750732,760.0,746.0,0.6699270606040955,0.01,0.21593718230724335,0.6071469783782959,0.6086044311523438,0.6041666865348816,0.6114583611488342,1174.0,1160.0,0.5,0.5280859470367432,0.40857377648353577,313.0,143.0,2.5866780281066895,0.04292287304997444,0.5294083952903748,0.5387097001075745,0.3479166626930237,0.7020833492279053,337.0,167.0
2,0.6505208611488342,0.6946810483932495,0.6444680690765381,682.0,683.0,0.638411819934845,0.01,0.28921112418174744,0.6448342204093933,0.6444560289382935,0.6447916626930237,0.6442708373069763,1237.0,1238.0,0.5,0.5644292235374451,0.5,240.0,240.0,2.1066370010375977,0.0,0.5,0.5,0.5,0.5,240.0,240.0
3,0.6739583611488342,0.7222274541854858,0.6699485182762146,635.0,630.0,0.6215144395828247,0.01,0.34128066897392273,0.670535147190094,0.6710183024406433,0.6692708134651184,0.671875,1290.0,1285.0,0.5,0.5,0.5,240.0,240.0,5.207869529724121,0.0,0.5,0.5,0.5,0.5,240.0,240.0
4,0.6895833611488342,0.745989978313446,0.6875450611114502,600.0,599.0,0.5988110899925232,0.0009999999,0.37566086649894714,0.6879260540008545,0.6878582835197449,0.6875,0.6880208253860474,1321.0,1320.0,0.5,0.5,0.5,240.0,240.0,6.1175217628479,0.0,0.5,0.5,0.5,0.5,240.0,240.0
5,0.7041666507720947,0.7778050303459167,0.705927312374115,562.0,569.0,0.5688828825950623,0.0009999999,0.4109891355037689,0.7063919901847839,0.7047223448753357,0.7072916626930237,0.7036458253860474,1351.0,1358.0,0.5,0.5,0.5,240.0,240.0,5.603418827056885,0.0,0.5,0.5,0.5,0.5,240.0,240.0
