epoch,accuracy,auc,f1_score,fn,fp,loss,lr,mcc,npv,precision,recall,specificity,tn,tp,val_accuracy,val_auc,val_f1_score,val_fn,val_fp,val_loss,val_mcc,val_npv,val_precision,val_recall,val_specificity,val_tn,val_tp
0,0.518750011920929,0.519868016242981,0.515116810798645,1183.0,1127.0,0.743693470954895,0.01,0.046712640672922134,0.5223915576934814,0.519197940826416,0.5070833563804626,0.5375000238418579,1273.0,1217.0,0.5,0.5,0.5,240.0,240.0,24.748258590698242,0.0,0.5,0.5,0.5,0.5,240.0,240.0
1,0.6312500238418579,0.672365128993988,0.6266587972640991,715.0,720.0,0.6557896137237549,0.01,0.25301393866539,0.6267023682594299,0.6259739995002747,0.6276041865348816,0.625,1200.0,1205.0,0.5,0.5,0.5,240.0,240.0,7.104273319244385,0.0,0.5,0.5,0.5,0.5,240.0,240.0
2,0.6651041507720947,0.7185969948768616,0.6608657240867615,647.0,660.0,0.6240348815917969,0.01,0.31941527128219604,0.6604449152946472,0.6585618257522583,0.6630208492279053,0.65625,1260.0,1273.0,0.5,0.5067795515060425,0.5,240.0,240.0,3.350245237350464,0.0,0.5,0.5,0.5,0.5,240.0,240.0
3,0.6880208253860474,0.7490928769111633,0.6864362359046936,603.0,600.0,0.5938765406608582,0.01,0.3735094666481018,0.6864851713180542,0.6870109438896179,0.6859375238418579,0.6875,1320.0,1317.0,0.5,0.5052669048309326,0.5,240.0,240.0,4.2532243728637695,0.0,0.5,0.5,0.5,0.5,240.0,240.0
4,0.7328125238418579,0.7983689904212952,0.7315739393234253,521.0,505.0,0.5478727221488953,0.0009999999,0.4657023847103119,0.7311456203460693,0.7347689270973206,0.7286458611488342,0.7369791865348816,1415.0,1399.0,0.5,0.5388389825820923,0.5,240.0,240.0,2.5193710327148438,0.0,0.5,0.5,0.5,0.5,240.0,240.0
5,0.75,0.8187963366508484,0.7492647171020508,486.0,473.0,0.5221704840660095,0.0009999999,0.5005847215652466,0.748881459236145,0.7519664168357849,0.746874988079071,0.7536458373069763,1447.0,1434.0,0.5,0.5005208253860474,0.5,240.0,240.0,4.9661993980407715,0.0,0.5,0.5,0.5,0.5,240.0,240.0
