epoch,accuracy,auc,f1_score,fn,fp,loss,lr,mcc,npv,precision,recall,specificity,tn,tp,val_accuracy,val_auc,val_f1_score,val_fn,val_fp,val_loss,val_mcc,val_npv,val_precision,val_recall,val_specificity,val_tn,val_tp
0,0.5401041507720947,0.5316542387008667,0.5311523079872131,1139.0,1140.0,0.7272284626960754,0.01,0.06322303414344788,0.5308468341827393,0.5251978635787964,0.5254166722297668,0.53125,1260.0,1261.0,0.5,0.5,0.5,240.0,240.0,40.04322814941406,0.0,0.5,0.5,0.5,0.5,240.0,240.0
1,0.6005208492279053,0.6324546933174133,0.590938925743103,779.0,796.0,0.6788241863250732,0.01,0.18017800152301788,0.5907785892486572,0.5890552401542664,0.5942708253860474,0.5854166746139526,1124.0,1141.0,0.5,0.5,0.5,240.0,240.0,9.963451385498047,0.0,0.5,0.5,0.5,0.5,240.0,240.0
2,0.660937488079071,0.6960244178771973,0.6520602703094482,677.0,647.0,0.6435514688491821,0.01,0.31076475977897644,0.6535534262657166,0.6576719284057617,0.6473958492279053,0.6630208492279053,1273.0,1243.0,0.5,0.5,0.5,240.0,240.0,12.635156631469727,0.0,0.5,0.5,0.5,0.5,240.0,240.0
3,0.6677083373069763,0.7240812182426453,0.6655819416046143,648.0,630.0,0.6192271709442139,0.01,0.33448562026023865,0.6657140254974365,0.6687697172164917,0.6625000238418579,0.671875,1290.0,1272.0,0.5,0.5,0.5,240.0,240.0,6.251821517944336,0.0,0.5,0.5,0.5,0.5,240.0,240.0
4,0.7041666507720947,0.7631939053535461,0.6991789937019348,575.0,582.0,0.5936973690986633,0.0009999999,0.39762458205223083,0.6995996236801147,0.6979761123657227,0.7005208134651184,0.6968749761581421,1338.0,1345.0,0.5,0.5,0.5,240.0,240.0,6.631673336029053,0.0,0.5,0.5,0.5,0.5,240.0,240.0
5,0.7333333492279053,0.8058497309684753,0.7342200875282288,509.0,513.0,0.5392954349517822,0.0009999999,0.4677230715751648,0.7341621518135071,0.7333679795265198,0.7348958253860474,0.7328125238418579,1407.0,1411.0,0.5,0.5,0.5,240.0,240.0,7.931666374206543,0.0,0.5,0.5,0.5,0.5,240.0,240.0
