epoch,accuracy,auc,f1_score,fn,fp,loss,lr,mcc,npv,precision,recall,specificity,tn,tp,val_accuracy,val_auc,val_f1_score,val_fn,val_fp,val_loss,val_mcc,val_npv,val_precision,val_recall,val_specificity,val_tn,val_tp
0,0.5489583611488342,0.5447421669960022,0.5484187006950378,1099.0,1123.0,0.7246876358985901,0.01,0.09301640093326569,0.5465320348739624,0.5367161631584167,0.5420833230018616,0.5401041507720947,1277.0,1301.0,0.5,0.5,0.5,240.0,240.0,19.34539222717285,0.0,0.5,0.5,0.5,0.5,240.0,240.0
1,0.6187499761581421,0.6407063603401184,0.6032637357711792,766.0,748.0,0.6789533495903015,0.01,0.2123294621706009,0.605516254901886,0.6067297458648682,0.6010416746139526,0.6104166507720947,1172.0,1154.0,0.5,0.5,0.5,240.0,240.0,6.698877811431885,0.0,0.5,0.5,0.5,0.5,240.0,240.0
2,0.6536458134651184,0.6863898634910583,0.6467218995094299,677.0,679.0,0.6509769558906555,0.01,0.29394713044166565,0.6475611925125122,0.646722137928009,0.6473958492279053,0.6463541388511658,1241.0,1243.0,0.5,0.5731661915779114,0.0,480.0,0.0,3.7130656242370605,0.0,0.5,0.0,0.0,1.0,480.0,0.0
3,0.6875,0.7490821480751038,0.6880336999893188,597.0,602.0,0.5939444303512573,0.01,0.375613272190094,0.6885454654693604,0.6872727274894714,0.6890624761581421,0.6864583492279053,1318.0,1323.0,0.5,0.5,0.5,240.0,240.0,10.0994873046875,0.0,0.5,0.5,0.5,0.5,240.0,240.0
4,0.6958333253860474,0.756483256816864,0.6956918239593506,584.0,584.0,0.5883867740631104,0.0009999999,0.39172011613845825,0.6961144804954529,0.6958333253860474,0.6958333253860474,0.6958333253860474,1336.0,1336.0,0.5,0.5,0.5,240.0,240.0,6.732466220855713,0.0,0.5,0.5,0.5,0.5,240.0,240.0
5,0.7406250238418579,0.8117764592170715,0.7405045628547668,498.0,499.0,0.5325300097465515,0.0009999999,0.48076045513153076,0.7403552532196045,0.7402394413948059,0.7406250238418579,0.7401041388511658,1421.0,1422.0,0.5,0.5,0.5,240.0,240.0,7.096710681915283,0.0,0.5,0.5,0.5,0.5,240.0,240.0
