epoch,accuracy,auc,f1_score,fn,fp,loss,lr,mcc,npv,precision,recall,specificity,tn,tp,val_accuracy,val_auc,val_f1_score,val_fn,val_fp,val_loss,val_mcc,val_npv,val_precision,val_recall,val_specificity,val_tn,val_tp
0,0.535937488079071,0.5316370129585266,0.5211876034736633,1154.0,1146.0,0.7358522415161133,0.01,0.0485987514257431,0.5241667032241821,0.5209029912948608,0.5191666483879089,0.5276041626930237,1254.0,1246.0,0.5,0.5,0.5,240.0,240.0,29.723297119140625,0.0,0.5,0.5,0.5,0.5,240.0,240.0
1,0.5963541865348816,0.6324594020843506,0.5881606936454773,787.0,795.0,0.6701122522354126,0.01,0.17642167210578918,0.5890694260597229,0.5876556038856506,0.5901041626930237,0.5859375,1125.0,1133.0,0.5,0.5,0.5,240.0,240.0,9.35600757598877,0.0,0.5,0.5,0.5,0.5,240.0,240.0
2,0.637499988079071,0.6755065321922302,0.6307429671287537,709.0,708.0,0.6538500189781189,0.01,0.2621563971042633,0.6311280727386475,0.631057858467102,0.6307291388511658,0.6312500238418579,1212.0,1211.0,0.5,0.5,0.5,240.0,240.0,5.3938422203063965,0.0,0.5,0.5,0.5,0.5,240.0,240.0
3,0.6520833373069763,0.7053138613700867,0.6507557034492493,669.0,673.0,0.6307709217071533,0.01,0.30111855268478394,0.65108722448349,0.6502078771591187,0.651562511920929,0.6494791507720947,1247.0,1251.0,0.5,0.5,0.5,240.0,240.0,4.4693603515625,0.0,0.5,0.5,0.5,0.5,240.0,240.0
4,0.6994791626930237,0.7647756934165955,0.7001896500587463,575.0,576.0,0.5837106108665466,0.0009999999,0.4005720019340515,0.7006624937057495,0.7001561522483826,0.7005208134651184,0.699999988079071,1344.0,1345.0,0.5,0.5,0.5,240.0,240.0,4.503045558929443,0.0,0.5,0.5,0.5,0.5,240.0,240.0
5,0.7265625,0.7947553992271423,0.7271499037742615,525.0,522.0,0.5496557354927063,0.0009999999,0.4547182619571686,0.7269591093063354,0.7276995182037354,0.7265625,0.7281249761581421,1398.0,1395.0,0.5,0.6611501574516296,0.5,240.0,237.0,1.6417416334152222,0.006096013356000185,0.5059417486190796,0.5031446814537048,0.5,0.5062500238418579,243.0,240.0
