epoch,accuracy,auc,f1_score,fn,fp,loss,lr,mcc,npv,precision,recall,specificity,tn,tp,val_accuracy,val_auc,val_f1_score,val_fn,val_fp,val_loss,val_mcc,val_npv,val_precision,val_recall,val_specificity,val_tn,val_tp
0,0.5161458253860474,0.5125949382781982,0.5002392530441284,1200.0,1180.0,0.7236403226852417,0.01,0.010622450150549412,0.5066284537315369,0.5042017102241516,0.5,0.5104166865348816,1220.0,1200.0,0.5,0.5111111402511597,0.0,480.0,0.0,3.708699941635132,0.0,0.5,0.0,0.0,1.0,480.0,0.0
1,0.5604166388511658,0.5754678249359131,0.551483154296875,857.0,867.0,0.6976705193519592,0.01,0.10226702690124512,0.5510482788085938,0.5507771968841553,0.5536458492279053,0.5484374761581421,1053.0,1063.0,0.5,0.5494683384895325,0.6661987900733948,1.0,479.0,2.274958848953247,0.0,0.06666665524244308,0.5,0.9979166388511658,0.0020833334419876337,1.0,479.0
2,0.6192708611488342,0.6581521034240723,0.6159088015556335,730.0,754.0,0.657519519329071,0.01,0.22725966572761536,0.6147127747535706,0.6121399402618408,0.6197916865348816,0.6072916388511658,1166.0,1190.0,0.5,0.6139388084411621,0.5081585049629211,235.0,241.0,1.4285041093826294,0.008278378285467625,0.5022222399711609,0.5041152238845825,0.5104166865348816,0.49791666865348816,239.0,245.0
3,0.659375011920929,0.7142693996429443,0.6557913422584534,662.0,657.0,0.6251929998397827,0.01,0.31310170888900757,0.6566312909126282,0.6569190621376038,0.6552083492279053,0.6578124761581421,1263.0,1258.0,0.5,0.5281597375869751,0.5,240.0,240.0,3.222339391708374,0.0,0.5,0.5,0.5,0.5,240.0,240.0
4,0.7203124761581421,0.779083788394928,0.7194928526878357,539.0,538.0,0.5702206492424011,0.0009999999,0.4391126036643982,0.719361424446106,0.719645619392395,0.7192708253860474,0.7197916507720947,1382.0,1381.0,0.5,0.5005208253860474,0.5,240.0,240.0,4.239756107330322,0.0,0.5,0.5,0.5,0.5,240.0,240.0
5,0.7239583134651184,0.7975701093673706,0.7238637804985046,531.0,529.0,0.5489232540130615,0.0009999999,0.4479946196079254,0.7236780524253845,0.7241918444633484,0.723437488079071,0.7244791388511658,1391.0,1389.0,0.5,0.5613389611244202,0.5,240.0,240.0,2.8970515727996826,0.0,0.5,0.5,0.5,0.5,240.0,240.0
