epoch,accuracy,auc,f1_score,fn,fp,loss,lr,mcc,npv,precision,recall,specificity,tn,tp,val_accuracy,val_auc,val_f1_score,val_fn,val_fp,val_loss,val_mcc,val_npv,val_precision,val_recall,val_specificity,val_tn,val_tp
0,0.5598958134651184,0.5446497201919556,0.5407226085662842,1127.0,1097.0,0.7217254042625427,0.01,0.092020682990551,0.5457123517990112,0.5371307730674744,0.5304166674613953,0.5536458492279053,1303.0,1273.0,0.5,0.5,0.5,240.0,240.0,62.285343170166016,0.0,0.5,0.5,0.5,0.5,240.0,240.0
1,0.6135416626930237,0.6464748978614807,0.60276198387146,761.0,765.0,0.6698057055473328,0.01,0.2055443823337555,0.6027713418006897,0.6023908257484436,0.6036458611488342,0.6015625,1155.0,1159.0,0.5,0.5,0.5,240.0,240.0,6.191434860229492,0.0,0.5,0.5,0.5,0.5,240.0,240.0
2,0.6572916507720947,0.6949591636657715,0.6536405682563782,661.0,672.0,0.6397123336791992,0.01,0.3059553802013397,0.6540772318840027,0.6519938111305237,0.6557291746139526,0.6499999761581421,1248.0,1259.0,0.5,0.5906293392181396,0.5,240.0,240.0,1.8600941896438599,0.0,0.5,0.5,0.5,0.5,240.0,240.0
3,0.6656249761581421,0.7114022970199585,0.6649509072303772,648.0,633.0,0.6312000155448914,0.01,0.33291006088256836,0.6654021739959717,0.6677165627479553,0.6625000238418579,0.6703125238418579,1287.0,1272.0,0.5,0.5951714515686035,0.5,240.0,239.0,2.1054980754852295,0.0020517667289823294,0.5020201802253723,0.5010438561439514,0.5,0.5020833611488342,241.0,240.0
4,0.7130208611488342,0.7642149925231934,0.7133845686912537,552.0,547.0,0.581847608089447,0.0009999999,0.42761915922164917,0.7133365273475647,0.7143602967262268,0.7124999761581421,0.7151041626930237,1373.0,1368.0,0.5,0.5,0.5,240.0,240.0,4.188174724578857,0.0,0.5,0.5,0.5,0.5,240.0,240.0
5,0.71875,0.7843265533447266,0.718182384967804,541.0,541.0,0.5625714063644409,0.0009999999,0.4364669919013977,0.718319296836853,0.7182291746139526,0.7182291746139526,0.7182291746139526,1379.0,1379.0,0.5,0.5,0.5,240.0,240.0,4.7894744873046875,0.0,0.5,0.5,0.5,0.5,240.0,240.0
