epoch,accuracy,auc,f1_score,fn,fp,loss,lr,mcc,npv,precision,recall,specificity,tn,tp,val_accuracy,val_auc,val_f1_score,val_fn,val_fp,val_loss,val_mcc,val_npv,val_precision,val_recall,val_specificity,val_tn,val_tp
0,0.5718749761581421,0.5503949522972107,0.5587885975837708,1077.0,1102.0,0.7245360016822815,0.01,0.11563558131456375,0.5594265460968018,0.5455670356750488,0.5512499809265137,0.5510416626930237,1298.0,1323.0,0.5,0.5,0.5,240.0,240.0,14.348628044128418,0.0,0.5,0.5,0.5,0.5,240.0,240.0
1,0.6135416626930237,0.6462345719337463,0.5957874059677124,776.0,772.0,0.6643893122673035,0.01,0.194117471575737,0.5975387692451477,0.5970772504806519,0.5958333611488342,0.5979166626930237,1148.0,1144.0,0.5,0.582994818687439,0.653099000453949,106.0,313.0,1.0855789184570312,0.10261829942464828,0.5066666603088379,0.544395923614502,0.7791666388511658,0.3479166626930237,167.0,374.0
2,0.645312488079071,0.6936604976654053,0.6425219178199768,692.0,674.0,0.6377619504928589,0.01,0.2887798249721527,0.6430665254592896,0.6456362009048462,0.6395833492279053,0.6489583253860474,1246.0,1228.0,0.5,0.5,0.0,480.0,0.0,6.232812404632568,0.0,0.5,0.0,0.0,1.0,480.0,0.0
3,0.6796875,0.7273520231246948,0.6792526841163635,616.0,615.0,0.6149978637695312,0.01,0.3589792251586914,0.6795293092727661,0.6795206069946289,0.6791666746139526,0.6796875,1305.0,1304.0,0.5,0.5,0.0,480.0,0.0,302.2079162597656,0.0,0.5,0.0,0.0,1.0,480.0,0.0
4,0.7213541865348816,0.7842183113098145,0.723197340965271,531.0,532.0,0.5615293383598328,0.0009999999,0.4464435279369354,0.7234372496604919,0.7230609059333801,0.723437488079071,0.7229166626930237,1388.0,1389.0,0.5,0.5,0.5,240.0,240.0,8.804447174072266,0.0,0.5,0.5,0.5,0.5,240.0,240.0
5,0.7338541746139526,0.8079413771629333,0.7338783740997314,512.0,509.0,0.5350036025047302,0.0009999999,0.4682854413986206,0.733837902545929,0.7344809770584106,0.7333333492279053,0.7348958253860474,1411.0,1408.0,0.5,0.5,0.5,240.0,240.0,6.194709777832031,0.0,0.5,0.5,0.5,0.5,240.0,240.0
