epoch,accuracy,auc,f1_score,fn,fp,loss,lr,mcc,npv,precision,recall,specificity,tn,tp,val_accuracy,val_auc,val_f1_score,val_fn,val_fp,val_loss,val_mcc,val_npv,val_precision,val_recall,val_specificity,val_tn,val_tp
0,0.5463541746139526,0.5328608155250549,0.5430731177330017,1092.0,1172.0,0.7323731184005737,0.01,0.07141600549221039,0.5383080244064331,0.5274193286895752,0.5450000166893005,0.5145833492279053,1228.0,1308.0,0.5,0.5,0.5,240.0,240.0,14.842607498168945,0.0,0.5,0.5,0.5,0.5,240.0,240.0
1,0.596875011920929,0.6163367629051208,0.5785648226737976,814.0,799.0,0.6895191073417664,0.01,0.16037780046463013,0.5773736834526062,0.5805774331092834,0.5760416388511658,0.5838541388511658,1121.0,1106.0,0.59375,0.6109678745269775,0.6691696643829346,33.0,413.0,0.7991217970848083,0.06064487248659134,0.4833333194255829,0.5197674632072449,0.9312499761581421,0.13958333432674408,67.0,447.0
2,0.653124988079071,0.6930326819419861,0.6451097130775452,682.0,680.0,0.6470251679420471,0.01,0.2908080816268921,0.6450726389884949,0.6454640030860901,0.6447916626930237,0.6458333134651184,1240.0,1238.0,0.5,0.5,0.5,240.0,240.0,3.926508903503418,0.0,0.5,0.5,0.5,0.5,240.0,240.0
3,0.6947916746139526,0.7469474673271179,0.6926279664039612,595.0,581.0,0.6039508581161499,0.01,0.38758760690689087,0.6923543810844421,0.6951731443405151,0.6901041865348816,0.6973958611488342,1339.0,1325.0,0.5,0.5830382108688354,0.4989418089389801,241.0,237.0,1.8661229610443115,0.004044246859848499,0.5039215683937073,0.5021008253097534,0.49791666865348816,0.5062500238418579,243.0,239.0
4,0.7114583253860474,0.7671453952789307,0.7098443508148193,561.0,550.0,0.5838347673416138,0.01,0.42141807079315186,0.7094939947128296,0.7118910551071167,0.707812488079071,0.7135416865348816,1370.0,1359.0,0.5,0.562829852104187,0.5,240.0,240.0,2.9603655338287354,0.0,0.5,0.5,0.5,0.5,240.0,240.0
5,0.7395833134651184,0.811838686466217,0.739777147769928,500.0,499.0,0.5313252210617065,0.0009999999,0.4797060787677765,0.7397238612174988,0.7399687170982361,0.7395833134651184,0.7401041388511658,1421.0,1420.0,0.5,0.5020833015441895,0.5,240.0,240.0,4.403677940368652,0.0,0.5,0.5,0.5,0.5,240.0,240.0
6,0.7635416388511658,0.8455209732055664,0.763541579246521,454.0,454.0,0.4869804084300995,0.0009999999,0.5270833373069763,0.7635416388511658,0.7635416388511658,0.7635416388511658,0.7635416388511658,1466.0,1466.0,0.5,0.5,0.5,240.0,240.0,7.114113807678223,0.0,0.5,0.5,0.5,0.5,240.0,240.0
