epoch,accuracy,auc,f1_score,fn,fp,loss,lr,mcc,npv,precision,recall,specificity,tn,tp,val_accuracy,val_auc,val_f1_score,val_fn,val_fp,val_loss,val_mcc,val_npv,val_precision,val_recall,val_specificity,val_tn,val_tp
0,0.6036458611488342,0.6162434816360474,0.5952122807502747,1019.0,973.0,0.685055136680603,0.01,0.19100727140903473,0.5956608653068542,0.5866609811782837,0.5754166841506958,0.5942708253860474,1427.0,1381.0,0.5,0.5,0.5,240.0,240.0,15.68156623840332,0.0,0.5,0.5,0.5,0.5,240.0,240.0
1,0.6286458373069763,0.6804654002189636,0.6274062991142273,716.0,714.0,0.634162962436676,0.01,0.25549352169036865,0.6273637413978577,0.6277372241020203,0.6270833611488342,0.628125011920929,1206.0,1204.0,0.5,0.5,0.5,240.0,240.0,3.1641435623168945,0.0,0.5,0.5,0.5,0.5,240.0,240.0
2,0.6432291865348816,0.6992073655128479,0.6398603320121765,690.0,693.0,0.6220548152923584,0.01,0.2798566520214081,0.6404972076416016,0.639625608921051,0.640625,0.6390625238418579,1227.0,1230.0,0.5,0.5,0.5,240.0,240.0,5.974241733551025,0.0,0.5,0.5,0.5,0.5,240.0,240.0
3,0.6546875238418579,0.7277356386184692,0.6561515927314758,661.0,656.0,0.6008074879646301,0.01,0.3142518997192383,0.6574283242225647,0.657441258430481,0.6557291746139526,0.6583333611488342,1264.0,1259.0,0.5,0.5359375476837158,0.5,240.0,240.0,3.4485788345336914,0.0,0.5,0.5,0.5,0.5,240.0,240.0
4,0.6859375238418579,0.7531595230102539,0.6821041107177734,609.0,611.0,0.5823053121566772,0.0009999999,0.36478060483932495,0.6832042336463928,0.6821019649505615,0.682812511920929,0.6817708611488342,1309.0,1311.0,0.5,0.5,0.5,240.0,240.0,3.77841854095459,0.0,0.5,0.5,0.5,0.5,240.0,240.0
5,0.6838541626930237,0.7637726068496704,0.6835883259773254,608.0,607.0,0.5712533593177795,0.0009999999,0.3674084544181824,0.6833457350730896,0.6836894154548645,0.6833333373069763,0.6838541626930237,1313.0,1312.0,0.5,0.5839822292327881,0.5,240.0,240.0,2.1454708576202393,0.0,0.5,0.5,0.5,0.5,240.0,240.0
