epoch,accuracy,auc,f1_score,fn,fp,loss,lr,mcc,npv,precision,recall,specificity,tn,tp,val_accuracy,val_auc,val_f1_score,val_fn,val_fp,val_loss,val_mcc,val_npv,val_precision,val_recall,val_specificity,val_tn,val_tp
0,0.5776041746139526,0.6187721490859985,0.5748892426490784,989.0,1029.0,0.7054654359817505,0.01,0.15332631766796112,0.5771484375,0.578278660774231,0.5879166722297668,0.5786458253860474,1371.0,1411.0,0.5,0.5,0.5,240.0,240.0,171.9290008544922,0.0,0.5,0.5,0.5,0.5,240.0,240.0
1,0.6177083253860474,0.6616865992546082,0.6170060038566589,736.0,732.0,0.6489647030830383,0.01,0.23562917113304138,0.6178877353668213,0.6179540753364563,0.6166666746139526,0.6187499761581421,1188.0,1184.0,0.5,0.5,0.6666666269302368,0.0,480.0,3.0965027809143066,0.0,0.0,0.5,1.0,0.0,0.0,480.0
2,0.6479166746139526,0.6964942216873169,0.6448320746421814,688.0,670.0,0.6254048943519592,0.01,0.29299280047416687,0.6446594595909119,0.6477392315864563,0.6416666507720947,0.6510416865348816,1250.0,1232.0,0.5,0.5587413311004639,0.5,240.0,240.0,1.2628294229507446,0.0,0.5,0.5,0.5,0.5,240.0,240.0
3,0.6484375,0.7191699147224426,0.6494818329811096,669.0,681.0,0.6081538796424866,0.01,0.29706013202667236,0.6494080424308777,0.6475155353546143,0.651562511920929,0.645312488079071,1239.0,1251.0,0.5,0.5855230093002319,0.5,240.0,240.0,0.7596620917320251,0.0,0.5,0.5,0.5,0.5,240.0,240.0
4,0.6703125238418579,0.7349275946617126,0.6679125428199768,635.0,642.0,0.595721423625946,0.0009999999,0.3351011276245117,0.6683282852172852,0.6668396592140198,0.6692708134651184,0.6656249761581421,1278.0,1285.0,0.5,0.5850499272346497,0.4989418089389801,241.0,237.0,0.701285719871521,0.004044246859848499,0.5039215683937073,0.5021008253097534,0.49791666865348816,0.5062500238418579,243.0,239.0
5,0.6734374761581421,0.7498682737350464,0.672508955001831,633.0,619.0,0.5818203687667847,0.0009999999,0.34804868698120117,0.6731927990913391,0.6752361059188843,0.6703125238418579,0.6776041388511658,1301.0,1287.0,0.5,0.6014648675918579,0.5,240.0,240.0,0.7521829605102539,0.0,0.5,0.5,0.5,0.5,240.0,240.0
