epoch,accuracy,auc,f1_score,fn,fp,loss,lr,mcc,npv,precision,recall,specificity,tn,tp,val_accuracy,val_auc,val_f1_score,val_fn,val_fp,val_loss,val_mcc,val_npv,val_precision,val_recall,val_specificity,val_tn,val_tp
0,0.6036458611488342,0.6381338238716125,0.5886081457138062,979.0,963.0,0.6878713965415955,0.01,0.18000446259975433,0.5902805328369141,0.5960570573806763,0.5920833349227905,0.5911458134651184,1437.0,1421.0,0.5,0.5,0.0,480.0,0.0,13.766993522644043,0.0,0.5,0.0,0.0,1.0,480.0,0.0
1,0.6479166746139526,0.7005254626274109,0.6454429030418396,677.0,686.0,0.622859001159668,0.01,0.2905121147632599,0.6465602517127991,0.6443753242492676,0.6473958492279053,0.6427083611488342,1234.0,1243.0,0.5,0.5005208253860474,0.5,240.0,240.0,3.824373960494995,0.0,0.5,0.5,0.5,0.5,240.0,240.0
2,0.6625000238418579,0.7279155254364014,0.6645147800445557,651.0,630.0,0.6020948886871338,0.01,0.33296164870262146,0.6646528244018555,0.6682464480400085,0.660937488079071,0.671875,1290.0,1269.0,0.5,0.5020833015441895,0.5,240.0,240.0,2.6556551456451416,0.0,0.5,0.5,0.5,0.5,240.0,240.0
3,0.6744791865348816,0.7375282049179077,0.672466516494751,635.0,618.0,0.5947474837303162,0.01,0.34765785932540894,0.6717130541801453,0.6752495765686035,0.6692708134651184,0.6781250238418579,1302.0,1285.0,0.5,0.5521397590637207,0.5,240.0,240.0,1.8291796445846558,0.0,0.5,0.5,0.5,0.5,240.0,240.0
4,0.6822916865348816,0.7467852830886841,0.677461564540863,618.0,621.0,0.5883378982543945,0.0009999999,0.3549090623855591,0.677879273891449,0.6770671010017395,0.6781250238418579,0.676562488079071,1299.0,1302.0,0.5,0.5689539909362793,0.5,240.0,240.0,1.4299830198287964,0.0,0.5,0.5,0.5,0.5,240.0,240.0
5,0.699999988079071,0.774570107460022,0.69841468334198,581.0,573.0,0.5645354390144348,0.0009999999,0.3992169499397278,0.6995226144790649,0.7003138065338135,0.6973958611488342,0.7015625238418579,1347.0,1339.0,0.5,0.5692794919013977,0.5,240.0,240.0,1.5677411556243896,0.0,0.5,0.5,0.5,0.5,240.0,240.0
