epoch,accuracy,auc,f1_score,fn,fp,loss,lr,mcc,npv,precision,recall,specificity,tn,tp,val_accuracy,val_auc,val_f1_score,val_fn,val_fp,val_loss,val_mcc,val_npv,val_precision,val_recall,val_specificity,val_tn,val_tp
0,0.5958333611488342,0.6401349902153015,0.5748793482780457,959.0,958.0,0.7066391110420227,0.01,0.15599556267261505,0.5793076753616333,0.6006669402122498,0.6004166603088379,0.581250011920929,1442.0,1441.0,0.5,0.5,0.5,240.0,240.0,108.83586120605469,0.0,0.5,0.5,0.5,0.5,240.0,240.0
1,0.620312511920929,0.6530306935310364,0.6126213669776917,738.0,755.0,0.65110182762146,0.01,0.2227957844734192,0.6125584244728088,0.6102219820022583,0.6156250238418579,0.6067708134651184,1165.0,1182.0,0.5,0.5,0.5,240.0,240.0,17.90102767944336,0.0,0.5,0.5,0.5,0.5,240.0,240.0
2,0.6302083134651184,0.6791663765907288,0.6291041970252991,711.0,713.0,0.6324148178100586,0.01,0.2586059272289276,0.6296685338020325,0.6290322542190552,0.629687488079071,0.6286458373069763,1207.0,1209.0,0.5,0.5,0.5,240.0,240.0,5.330809116363525,0.0,0.5,0.5,0.5,0.5,240.0,240.0
3,0.6322916746139526,0.689361572265625,0.6331754922866821,698.0,717.0,0.6286008954048157,0.01,0.2632436752319336,0.6330378651618958,0.6302217841148376,0.6364583373069763,0.6265624761581421,1203.0,1222.0,0.5,0.5020833015441895,0.5,240.0,240.0,2.738896131515503,0.0,0.5,0.5,0.5,0.5,240.0,240.0
4,0.6416666507720947,0.7023243308067322,0.6387471556663513,692.0,697.0,0.6178262233734131,0.0009999999,0.27670904994010925,0.638580322265625,0.6379220485687256,0.6395833492279053,0.6369791626930237,1223.0,1228.0,0.5,0.5931813716888428,0.5,240.0,240.0,1.666096806526184,0.0,0.5,0.5,0.5,0.5,240.0,240.0
5,0.6645833253860474,0.7273763418197632,0.663322389125824,648.0,643.0,0.5999267101287842,0.0009999999,0.3278004229068756,0.6634014248847961,0.6642297506332397,0.6625000238418579,0.6651041507720947,1277.0,1272.0,0.5,0.6030794382095337,0.5,240.0,240.0,1.2626078128814697,0.0,0.5,0.5,0.5,0.5,240.0,240.0
