epoch,accuracy,auc,f1_score,fn,fp,loss,lr,mcc,npv,precision,recall,specificity,tn,tp,val_accuracy,val_auc,val_f1_score,val_fn,val_fp,val_loss,val_mcc,val_npv,val_precision,val_recall,val_specificity,val_tn,val_tp
0,0.5953124761581421,0.6657229065895081,0.5919742584228516,916.0,893.0,0.7057738900184631,0.01,0.18851473927497864,0.5917841792106628,0.624316394329071,0.6183333396911621,0.5994791388511658,1507.0,1484.0,0.5,0.5,0.5,240.0,240.0,6.732002258300781,0.0,0.5,0.5,0.5,0.5,240.0,240.0
1,0.6364583373069763,0.6802268624305725,0.6364288330078125,696.0,702.0,0.6379194259643555,0.01,0.27218157052993774,0.6363808512687683,0.6355140209197998,0.637499988079071,0.6343749761581421,1218.0,1224.0,0.5,0.5,0.5,240.0,240.0,9.541878700256348,0.0,0.5,0.5,0.5,0.5,240.0,240.0
2,0.6432291865348816,0.7056381106376648,0.6471431255340576,674.0,686.0,0.6190134286880493,0.01,0.2919536828994751,0.6463124752044678,0.6449275612831116,0.6489583253860474,0.6427083611488342,1234.0,1246.0,0.5,0.5313975811004639,0.5,240.0,240.0,1.7650154829025269,0.0,0.5,0.5,0.5,0.5,240.0,240.0
3,0.6536458134651184,0.7265564799308777,0.6543294787406921,660.0,671.0,0.6036848425865173,0.01,0.3070032000541687,0.6542981266975403,0.6525116562843323,0.65625,0.6505208611488342,1249.0,1260.0,0.5,0.5685026049613953,0.6666666269302368,0.0,480.0,1.001953363418579,0.0,0.0,0.5,1.0,0.0,0.0,480.0
4,0.668749988079071,0.7300333380699158,0.6643208861351013,645.0,643.0,0.6044636964797974,0.0009999999,0.3293059468269348,0.6645432710647583,0.6647549271583557,0.6640625,0.6651041507720947,1277.0,1275.0,0.5,0.5804687738418579,0.5020512938499451,239.0,240.0,0.9854600429534912,0.0020517667289823294,0.5,0.5010395050048828,0.5020833611488342,0.5,240.0,241.0
5,0.676562488079071,0.745773434638977,0.6763811707496643,626.0,613.0,0.5866862535476685,0.0009999999,0.354990690946579,0.6759029030799866,0.6785526871681213,0.6739583611488342,0.6807291507720947,1307.0,1294.0,0.5,0.5747135877609253,0.6924883723258972,22.0,392.0,0.7108853459358215,0.13222648203372955,0.5166666507720947,0.5388235449790955,0.9541666507720947,0.18333333730697632,88.0,458.0
