epoch,accuracy,auc,f1_score,fn,fp,loss,lr,mcc,npv,precision,recall,specificity,tn,tp,val_accuracy,val_auc,val_f1_score,val_fn,val_fp,val_loss,val_mcc,val_npv,val_precision,val_recall,val_specificity,val_tn,val_tp
0,0.5567708611488342,0.5455277562141418,0.5551655888557434,1090.0,1100.0,0.7254126071929932,0.01,0.10972393304109573,0.5551251769065857,0.54356849193573,0.5458333492279053,0.5520833134651184,1300.0,1310.0,0.5,0.5,0.5,240.0,240.0,122.33373260498047,0.0,0.5,0.5,0.5,0.5,240.0,240.0
1,0.6088541746139526,0.652385950088501,0.6111299395561218,745.0,747.0,0.6538099050521851,0.01,0.22321738302707672,0.6123741865158081,0.6113423705101013,0.6119791865348816,0.6109374761581421,1173.0,1175.0,0.5,0.5031076669692993,0.6666666269302368,0.0,480.0,6.355952262878418,0.0,0.0,0.5,1.0,0.0,0.0,480.0
2,0.6244791746139526,0.6815018653869629,0.6279503703117371,711.0,721.0,0.6358059644699097,0.01,0.25433704257011414,0.6278501152992249,0.6264248490333557,0.629687488079071,0.6244791746139526,1199.0,1209.0,0.5,0.5218750238418579,0.5,240.0,240.0,2.9376254081726074,0.0,0.5,0.5,0.5,0.5,240.0,240.0
3,0.6395833492279053,0.6901344060897827,0.6401987671852112,693.0,683.0,0.629449188709259,0.01,0.2835812270641327,0.6420060992240906,0.6424083709716797,0.6390625238418579,0.6442708373069763,1237.0,1227.0,0.5,0.5757508873939514,0.5,240.0,240.0,0.9919528365135193,0.0,0.5,0.5,0.5,0.5,240.0,240.0
4,0.6520833373069763,0.7135224342346191,0.651818573474884,664.0,677.0,0.616191565990448,0.0009999999,0.30173513293266296,0.6520360112190247,0.6497672200202942,0.6541666388511658,0.6473958492279053,1243.0,1256.0,0.5,0.5839170813560486,0.5,240.0,240.0,0.8128668665885925,0.0,0.5,0.5,0.5,0.5,240.0,240.0
5,0.6635416746139526,0.7186410427093506,0.6621385812759399,647.0,650.0,0.6099803447723389,0.0009999999,0.3246991038322449,0.6632215976715088,0.6619864702224731,0.6630208492279053,0.6614583134651184,1270.0,1273.0,0.5,0.5745051503181458,0.5020512938499451,239.0,240.0,0.7192358374595642,0.0020517667289823294,0.5,0.5010395050048828,0.5020833611488342,0.5,240.0,241.0
