epoch,accuracy,auc,f1_score,fn,fp,loss,lr,mcc,npv,precision,recall,specificity,tn,tp,val_accuracy,val_auc,val_f1_score,val_fn,val_fp,val_loss,val_mcc,val_npv,val_precision,val_recall,val_specificity,val_tn,val_tp
0,0.5645833611488342,0.5761189460754395,0.5634452700614929,1074.0,1082.0,0.7001751065254211,0.01,0.12669432163238525,0.564111590385437,0.5506644248962402,0.5525000095367432,0.5614583492279053,1318.0,1326.0,0.5,0.5,0.5,240.0,240.0,101.82034301757812,0.0,0.5,0.5,0.5,0.5,240.0,240.0
1,0.5921875238418579,0.6581949591636658,0.5961042642593384,768.0,791.0,0.6440644860267639,0.01,0.1882346272468567,0.5955095887184143,0.5928975939750671,0.6000000238418579,0.5880208611488342,1129.0,1152.0,0.5,0.5,0.5,240.0,240.0,11.724441528320312,0.0,0.5,0.5,0.5,0.5,240.0,240.0
2,0.6479166746139526,0.6955872774124146,0.6422605514526367,692.0,674.0,0.6259825229644775,0.01,0.28876441717147827,0.6434661149978638,0.6456362009048462,0.6395833492279053,0.6489583253860474,1246.0,1228.0,0.5,0.5,0.5,240.0,240.0,4.111184120178223,0.0,0.5,0.5,0.5,0.5,240.0,240.0
3,0.6484375,0.7096038460731506,0.6514899730682373,663.0,682.0,0.6173235774040222,0.01,0.2997099459171295,0.651108980178833,0.6482722759246826,0.6546875238418579,0.6447916626930237,1238.0,1257.0,0.5,0.5,0.5,240.0,240.0,4.288847923278809,0.0,0.5,0.5,0.5,0.5,240.0,240.0
4,0.6729166507720947,0.7353313565254211,0.6694586873054504,635.0,634.0,0.5977882146835327,0.0009999999,0.3392670750617981,0.6694174408912659,0.669619619846344,0.6692708134651184,0.6697916388511658,1286.0,1285.0,0.5,0.5,0.5,240.0,240.0,3.113140344619751,0.0,0.5,0.5,0.5,0.5,240.0,240.0
5,0.6739583611488342,0.7438328266143799,0.6748229265213013,625.0,624.0,0.5900698900222778,0.0009999999,0.34964415431022644,0.6743535399436951,0.6748306155204773,0.6744791865348816,0.675000011920929,1296.0,1295.0,0.5,0.5942860245704651,0.5,240.0,240.0,0.8939055800437927,0.0,0.5,0.5,0.5,0.5,240.0,240.0
