epoch,accuracy,auc,f1_score,fn,fp,loss,lr,mcc,npv,precision,recall,specificity,tn,tp,val_accuracy,val_auc,val_f1_score,val_fn,val_fp,val_loss,val_mcc,val_npv,val_precision,val_recall,val_specificity,val_tn,val_tp
0,0.5843750238418579,0.5649468898773193,0.5726739764213562,1060.0,1061.0,0.7197608351707458,0.01,0.14579513669013977,0.5720728635787964,0.5581008195877075,0.5583333373069763,0.5723958611488342,1339.0,1340.0,0.5,0.4958333373069763,0.5,240.0,240.0,3.635188579559326,0.0,0.5,0.5,0.5,0.5,240.0,240.0
1,0.6182291507720947,0.6716134548187256,0.6179544925689697,736.0,729.0,0.6417722105979919,0.01,0.2372359335422516,0.6175265908241272,0.6189231276512146,0.6166666746139526,0.620312511920929,1191.0,1184.0,0.5,0.5514496564865112,0.5,240.0,240.0,1.2059035301208496,0.0,0.5,0.5,0.5,0.5,240.0,240.0
2,0.6338541507720947,0.6964913010597229,0.6323876976966858,708.0,698.0,0.6229202747344971,0.01,0.26802775263786316,0.6339990496635437,0.6345549821853638,0.6312500238418579,0.6364583373069763,1222.0,1212.0,0.5,0.5844509601593018,0.4444478154182434,287.0,159.0,0.8099105954170227,0.05973656103014946,0.5462382435798645,0.5482954382896423,0.4020833373069763,0.668749988079071,321.0,193.0
3,0.6546875238418579,0.7254964113235474,0.6549850702285767,667.0,652.0,0.603175699710846,0.01,0.3132782578468323,0.6555625796318054,0.6577427983283997,0.6526041626930237,0.6604166626930237,1268.0,1253.0,0.5,0.6011046171188354,0.5,240.0,240.0,0.9840165972709656,0.0,0.5,0.5,0.5,0.5,240.0,240.0
4,0.6635416746139526,0.7259481549263,0.65831059217453,660.0,646.0,0.602709949016571,0.0009999999,0.3201448321342468,0.6594230532646179,0.6610702872276306,0.65625,0.6635416746139526,1274.0,1260.0,0.5,0.6000043153762817,0.5,240.0,240.0,1.4238998889923096,0.0,0.5,0.5,0.5,0.5,240.0,240.0
5,0.6708333492279053,0.749733567237854,0.6715613603591919,632.0,627.0,0.5842427611351013,0.0009999999,0.34450551867485046,0.6720042824745178,0.6725848317146301,0.6708333492279053,0.6734374761581421,1293.0,1288.0,0.5,0.6061241030693054,0.5,240.0,240.0,1.0350213050842285,0.0,0.5,0.5,0.5,0.5,240.0,240.0
