epoch,accuracy,auc,f1_score,fn,fp,loss,lr,mcc,npv,precision,recall,specificity,tn,tp,val_accuracy,val_auc,val_f1_score,val_fn,val_fp,val_loss,val_mcc,val_npv,val_precision,val_recall,val_specificity,val_tn,val_tp
0,0.5963541865348816,0.5897846221923828,0.59404456615448,1024.0,1006.0,0.686106264591217,0.01,0.19313836097717285,0.5956507921218872,0.5776658058166504,0.5733333230018616,0.6010416746139526,1394.0,1376.0,0.5,0.5,0.5,240.0,240.0,9.506366729736328,0.0,0.5,0.5,0.5,0.5,240.0,240.0
1,0.6468750238418579,0.7007588148117065,0.6439713835716248,680.0,689.0,0.6222723722457886,0.01,0.2872902452945709,0.6448104977607727,0.6428201198577881,0.6458333134651184,0.6411458253860474,1231.0,1240.0,0.5,0.5437044501304626,0.5,240.0,240.0,1.8270479440689087,0.0,0.5,0.5,0.5,0.5,240.0,240.0
2,0.6598958373069763,0.7197840809822083,0.6642465591430664,641.0,652.0,0.6088894009590149,0.01,0.32689574360847473,0.6642426252365112,0.662351131439209,0.6661458611488342,0.6604166626930237,1268.0,1279.0,0.5,0.5535937547683716,0.5,240.0,240.0,1.2553128004074097,0.0,0.5,0.5,0.5,0.5,240.0,240.0
3,0.6760416626930237,0.7408448457717896,0.6769071817398071,621.0,619.0,0.5926536917686462,0.01,0.3543983995914459,0.6768696904182434,0.6772679686546326,0.676562488079071,0.6776041388511658,1301.0,1299.0,0.5,0.5020681619644165,0.5,240.0,240.0,2.9444336891174316,0.0,0.5,0.5,0.5,0.5,240.0,240.0
4,0.6854166388511658,0.756321370601654,0.685879111289978,602.0,605.0,0.5785398483276367,0.0009999999,0.3715696334838867,0.6860807538032532,0.6853874325752258,0.6864583492279053,0.6848958134651184,1315.0,1318.0,0.5,0.5062500238418579,0.5,240.0,240.0,3.1695897579193115,0.0,0.5,0.5,0.5,0.5,240.0,240.0
5,0.6953125,0.7716381549835205,0.6946467161178589,585.0,588.0,0.5657892823219299,0.0009999999,0.3893527388572693,0.6951743364334106,0.6942277550697327,0.6953125,0.6937500238418579,1332.0,1335.0,0.5,0.5472439527511597,0.5,240.0,240.0,2.1055569648742676,0.0,0.5,0.5,0.5,0.5,240.0,240.0
