epoch,accuracy,auc,f1_score,fn,fp,loss,lr,mcc,npv,precision,recall,specificity,tn,tp,val_accuracy,val_auc,val_f1_score,val_fn,val_fp,val_loss,val_mcc,val_npv,val_precision,val_recall,val_specificity,val_tn,val_tp
0,0.604687511920929,0.6095618605613708,0.5904182195663452,1023.0,1032.0,0.692635178565979,0.01,0.17997877299785614,0.5905128121376038,0.571606457233429,0.5737500190734863,0.5874999761581421,1368.0,1377.0,0.5,0.5,0.5,240.0,240.0,60.218196868896484,0.0,0.5,0.5,0.5,0.5,240.0,240.0
1,0.6427083611488342,0.6836435198783875,0.6407175660133362,686.0,697.0,0.6394730806350708,0.01,0.28014951944351196,0.6408324837684631,0.6390471458435059,0.6427083611488342,0.6369791626930237,1223.0,1234.0,0.5,0.5,0.5,240.0,240.0,9.279475212097168,0.0,0.5,0.5,0.5,0.5,240.0,240.0
2,0.6557291746139526,0.707767128944397,0.6507349610328674,675.0,658.0,0.6201664209365845,0.01,0.3059874176979065,0.6526842713356018,0.6542301774024963,0.6484375,0.6572916507720947,1262.0,1245.0,0.5,0.5238432884216309,0.5,240.0,240.0,2.528930425643921,0.0,0.5,0.5,0.5,0.5,240.0,240.0
3,0.651562511920929,0.7073298692703247,0.6474653482437134,680.0,669.0,0.6180242300033569,0.01,0.2976917028427124,0.6482459902763367,0.6495547294616699,0.6458333134651184,0.651562511920929,1251.0,1240.0,0.5,0.5,0.5,240.0,240.0,3.5154526233673096,0.0,0.5,0.5,0.5,0.5,240.0,240.0
4,0.6614583134651184,0.7298098206520081,0.6612064838409424,651.0,649.0,0.6110308170318604,0.0009999999,0.3232097923755646,0.6614205241203308,0.6616266965866089,0.660937488079071,0.6619791388511658,1271.0,1269.0,0.5,0.5573915243148804,0.5,240.0,240.0,2.4574618339538574,0.0,0.5,0.5,0.5,0.5,240.0,240.0
5,0.6875,0.7468352317810059,0.6848427653312683,609.0,596.0,0.5901983380317688,0.0009999999,0.3726600408554077,0.6855188608169556,0.6874672174453735,0.682812511920929,0.6895833611488342,1324.0,1311.0,0.5,0.5701866149902344,0.5,240.0,240.0,1.7605090141296387,0.0,0.5,0.5,0.5,0.5,240.0,240.0
