epoch,accuracy,auc,f1_score,fn,fp,loss,lr,mcc,npv,precision,recall,specificity,tn,tp,val_accuracy,val_auc,val_f1_score,val_fn,val_fp,val_loss,val_mcc,val_npv,val_precision,val_recall,val_specificity,val_tn,val_tp
0,0.5796874761581421,0.5642649531364441,0.5731088519096375,1063.0,1047.0,0.7112268209457397,0.01,0.15123456716537476,0.5752797722816467,0.5608221292495728,0.5570833086967468,0.5796874761581421,1353.0,1337.0,0.5,0.5,0.5,240.0,240.0,19.447935104370117,0.0,0.5,0.5,0.5,0.5,240.0,240.0
1,0.6520833373069763,0.7041522860527039,0.6504749059677124,673.0,666.0,0.6216104030609131,0.01,0.3028617799282074,0.6510561108589172,0.6518557071685791,0.6494791507720947,0.653124988079071,1254.0,1247.0,0.5,0.5,0.5,240.0,240.0,8.026019096374512,0.0,0.5,0.5,0.5,0.5,240.0,240.0
2,0.6473958492279053,0.7092956900596619,0.6499961614608765,671.0,675.0,0.61698317527771,0.01,0.29908668994903564,0.6493963599205017,0.6491683721542358,0.6505208611488342,0.6484375,1245.0,1249.0,0.5,0.5555664300918579,0.5,240.0,240.0,1.598354697227478,0.0,0.5,0.5,0.5,0.5,240.0,240.0
3,0.6692708134651184,0.7282159328460693,0.6630235910415649,650.0,641.0,0.6015735268592834,0.01,0.32781875133514404,0.6629816889762878,0.6645735502243042,0.6614583134651184,0.6661458611488342,1279.0,1270.0,0.5,0.5655121207237244,0.5,240.0,240.0,1.0614269971847534,0.0,0.5,0.5,0.5,0.5,240.0,240.0
4,0.6682291626930237,0.7346236705780029,0.671434223651886,628.0,636.0,0.6011236906051636,0.0009999999,0.3417908549308777,0.6717243790626526,0.6701244711875916,0.6729166507720947,0.668749988079071,1284.0,1292.0,0.5,0.5691362619400024,0.5,240.0,240.0,1.3889240026474,0.0,0.5,0.5,0.5,0.5,240.0,240.0
5,0.682812511920929,0.7557226419448853,0.6858915686607361,603.0,605.0,0.5784540772438049,0.0009999999,0.37102559208869934,0.6850495934486389,0.6852236986160278,0.6859375238418579,0.6848958134651184,1315.0,1317.0,0.5,0.5717231035232544,0.5,240.0,240.0,1.334778904914856,0.0,0.5,0.5,0.5,0.5,240.0,240.0
