epoch,accuracy,auc,f1_score,fn,fp,loss,lr,mcc,npv,precision,recall,specificity,tn,tp,val_accuracy,val_auc,val_f1_score,val_fn,val_fp,val_loss,val_mcc,val_npv,val_precision,val_recall,val_specificity,val_tn,val_tp
0,0.5703125,0.5750963091850281,0.5730469822883606,1030.0,1067.0,0.7113996148109436,0.01,0.14110122621059418,0.5735507607460022,0.5621665716171265,0.5708333253860474,0.5609375238418579,1333.0,1370.0,0.5,0.5,0.5,240.0,240.0,5.720650672912598,0.0,0.5,0.5,0.5,0.5,240.0,240.0
1,0.6322916746139526,0.6717219948768616,0.6296234130859375,706.0,719.0,0.6440994143486023,0.01,0.25820404291152954,0.6306073069572449,0.6280393004417419,0.6322916746139526,0.6255208253860474,1201.0,1214.0,0.5,0.5216970443725586,0.5,240.0,240.0,1.4347052574157715,0.0,0.5,0.5,0.5,0.5,240.0,240.0
2,0.628125011920929,0.6817669868469238,0.6346988677978516,701.0,700.0,0.6357587575912476,0.01,0.27071258425712585,0.6356187462806702,0.6352266669273376,0.6348958611488342,0.6354166865348816,1220.0,1219.0,0.5,0.5,0.5,240.0,240.0,2.843501329421997,0.0,0.5,0.5,0.5,0.5,240.0,240.0
3,0.651562511920929,0.7017719745635986,0.649394690990448,677.0,663.0,0.622167706489563,0.01,0.3024294078350067,0.6506251096725464,0.6521511077880859,0.6473958492279053,0.6546875238418579,1257.0,1243.0,0.5,0.5702539086341858,0.5,240.0,240.0,1.588638186454773,0.0,0.5,0.5,0.5,0.5,240.0,240.0
4,0.65625,0.7186742424964905,0.6516628265380859,665.0,676.0,0.6088431477546692,0.0009999999,0.3017284572124481,0.6518513560295105,0.6499223113059998,0.6536458134651184,0.6479166746139526,1244.0,1255.0,0.5,0.584229588508606,0.5,240.0,240.0,1.6005250215530396,0.0,0.5,0.5,0.5,0.5,240.0,240.0
5,0.6744791865348816,0.7457194328308105,0.6772893071174622,613.0,631.0,0.5880479216575623,0.0009999999,0.3522510528564453,0.6782345175743103,0.6744065880775452,0.6807291507720947,0.6713541746139526,1289.0,1307.0,0.5,0.5891015529632568,0.5,240.0,240.0,1.1499149799346924,0.0,0.5,0.5,0.5,0.5,240.0,240.0
