epoch,accuracy,auc,f1_score,fn,fp,loss,lr,mcc,npv,precision,recall,specificity,tn,tp,val_accuracy,val_auc,val_f1_score,val_fn,val_fp,val_loss,val_mcc,val_npv,val_precision,val_recall,val_specificity,val_tn,val_tp
0,0.6130208373069763,0.5991227030754089,0.6061456799507141,999.0,987.0,0.6773279309272766,0.01,0.2157454937696457,0.6070162653923035,0.5866833925247192,0.5837500095367432,0.6109374761581421,1413.0,1401.0,0.5,0.5,0.5,240.0,240.0,37.92418670654297,0.0,0.5,0.5,0.5,0.5,240.0,240.0
1,0.6510416865348816,0.710724949836731,0.6510066986083984,669.0,675.0,0.6159378290176392,0.01,0.3002347946166992,0.6494219303131104,0.6495327353477478,0.651562511920929,0.6484375,1245.0,1251.0,0.5,0.5,0.5,240.0,240.0,8.232390403747559,0.0,0.5,0.5,0.5,0.5,240.0,240.0
2,0.6651041507720947,0.7275184392929077,0.6630294919013977,648.0,643.0,0.6024294495582581,0.01,0.32779449224472046,0.6640503406524658,0.6642297506332397,0.6625000238418579,0.6651041507720947,1277.0,1272.0,0.5,0.5,0.5,240.0,240.0,7.296637535095215,0.0,0.5,0.5,0.5,0.5,240.0,240.0
3,0.6807291507720947,0.7502865791320801,0.6813612580299377,612.0,611.0,0.583729088306427,0.01,0.3633168637752533,0.6816126108169556,0.6816049814224243,0.6812499761581421,0.6817708611488342,1309.0,1308.0,0.5,0.5,0.5,240.0,240.0,3.35908842086792,0.0,0.5,0.5,0.5,0.5,240.0,240.0
4,0.6848958134651184,0.7679635286331177,0.6869013905525208,594.0,615.0,0.5687407851219177,0.0009999999,0.37047725915908813,0.6871400475502014,0.6831530332565308,0.690625011920929,0.6796875,1305.0,1326.0,0.5,0.5551518797874451,0.5,240.0,240.0,1.5132930278778076,0.0,0.5,0.5,0.5,0.5,240.0,240.0
5,0.7093750238418579,0.7893598079681396,0.7104827761650085,557.0,554.0,0.5486401319503784,0.0009999999,0.4215470552444458,0.7103246450424194,0.711006760597229,0.7098958492279053,0.7114583253860474,1366.0,1363.0,0.5,0.5540841817855835,0.5,240.0,240.0,1.3764513731002808,0.0,0.5,0.5,0.5,0.5,240.0,240.0
