epoch,accuracy,auc,f1_score,fn,fp,loss,lr,mcc,npv,precision,recall,specificity,tn,tp,val_accuracy,val_auc,val_f1_score,val_fn,val_fp,val_loss,val_mcc,val_npv,val_precision,val_recall,val_specificity,val_tn,val_tp
0,0.5807291865348816,0.623403012752533,0.5801636576652527,987.0,990.0,0.7019525170326233,0.01,0.16031476855278015,0.5822599530220032,0.5880149602890015,0.5887500047683716,0.5765625238418579,1410.0,1413.0,0.5,0.5,0.0,480.0,0.0,8.972246170043945,0.0,0.5,0.0,0.0,1.0,480.0,0.0
1,0.6161458492279053,0.6669878363609314,0.619115948677063,735.0,721.0,0.6461918354034424,0.01,0.24219346046447754,0.6203758716583252,0.6217209100723267,0.6171875,0.6244791746139526,1199.0,1185.0,0.5,0.5370051860809326,0.0,480.0,0.0,1.7925471067428589,0.0,0.5,0.0,0.0,1.0,480.0,0.0
2,0.6291666626930237,0.6896249651908875,0.6336775422096252,704.0,703.0,0.6295129060745239,0.01,0.2675066888332367,0.6330586671829224,0.6336633563041687,0.6333333253860474,0.6338541507720947,1217.0,1216.0,0.5,0.5663411021232605,0.0,480.0,0.0,1.1249160766601562,0.0,0.5,0.0,0.0,1.0,480.0,0.0
3,0.6604166626930237,0.7111973762512207,0.6589065790176392,654.0,655.0,0.6187905669212341,0.01,0.3185180425643921,0.6597171425819397,0.6590317487716675,0.659375011920929,0.6588541865348816,1265.0,1266.0,0.5,0.5771375298500061,0.5,240.0,226.0,0.7546153664588928,0.027111327275633812,0.5250152349472046,0.5150214433670044,0.5,0.5291666388511658,254.0,240.0
4,0.6755208373069763,0.7374217510223389,0.6757432222366333,622.0,624.0,0.599162757396698,0.0009999999,0.351272851228714,0.6756166815757751,0.6753382086753845,0.6760416626930237,0.675000011920929,1296.0,1298.0,0.5,0.5896896719932556,0.5,240.0,240.0,1.0486798286437988,0.0,0.5,0.5,0.5,0.5,240.0,240.0
5,0.6802083253860474,0.7484537959098816,0.6769980192184448,622.0,617.0,0.5866706371307373,0.0009999999,0.3549588918685913,0.6767565011978149,0.6778067946434021,0.6760416626930237,0.6786458492279053,1303.0,1298.0,0.5,0.592272162437439,0.5,240.0,240.0,0.9148138761520386,0.0,0.5,0.5,0.5,0.5,240.0,240.0
