epoch,accuracy,auc,f1_score,fn,fp,loss,lr,mcc,npv,precision,recall,specificity,tn,tp,val_accuracy,val_auc,val_f1_score,val_fn,val_fp,val_loss,val_mcc,val_npv,val_precision,val_recall,val_specificity,val_tn,val_tp
0,0.6000000238418579,0.6815077066421509,0.6013637185096741,879.0,898.0,0.7197452187538147,0.01,0.20099927484989166,0.6018441319465637,0.6287721991539001,0.6337500214576721,0.5953124761581421,1502.0,1521.0,0.5,0.5,0.5,240.0,240.0,10.720293998718262,0.0,0.5,0.5,0.5,0.5,240.0,240.0
1,0.6880208253860474,0.7519824504852295,0.6848925948143005,606.0,601.0,0.5896797180175781,0.01,0.3717416822910309,0.6859534382820129,0.6861618757247925,0.684374988079071,0.6869791746139526,1319.0,1314.0,0.5,0.5,0.5,240.0,240.0,5.135867595672607,0.0,0.5,0.5,0.5,0.5,240.0,240.0
2,0.7307291626930237,0.8007998466491699,0.7306267619132996,521.0,512.0,0.5441865921020508,0.01,0.4622831642627716,0.729531466960907,0.732077419757843,0.7286458611488342,0.7333333492279053,1408.0,1399.0,0.5,0.5,0.5,240.0,240.0,4.717677593231201,0.0,0.5,0.5,0.5,0.5,240.0,240.0
3,0.7432291507720947,0.8175556659698486,0.740100622177124,500.0,497.0,0.5220403075218201,0.01,0.4809361696243286,0.7402198314666748,0.7407407164573669,0.7395833134651184,0.7411458492279053,1423.0,1420.0,0.5,0.5127691030502319,0.5,240.0,240.0,2.8286168575286865,0.0,0.5,0.5,0.5,0.5,240.0,240.0
4,0.7229166626930237,0.8036147952079773,0.7236460447311401,531.0,530.0,0.5404961109161377,0.0009999999,0.44755300879478455,0.7235869765281677,0.7238144874572754,0.723437488079071,0.7239583134651184,1390.0,1389.0,0.5,0.6220875978469849,0.5,240.0,239.0,1.1942017078399658,0.0020517667289823294,0.5020201802253723,0.5010438561439514,0.5,0.5020833611488342,241.0,240.0
5,0.778124988079071,0.8580289483070374,0.7763656377792358,430.0,427.0,0.47485071420669556,0.0009999999,0.5538778901100159,0.7770946621894836,0.7772561311721802,0.7760416865348816,0.7776041626930237,1493.0,1490.0,0.5,0.6249262690544128,0.5,240.0,240.0,1.5994385480880737,0.0,0.5,0.5,0.5,0.5,240.0,240.0
