epoch,accuracy,auc,f1_score,fn,fp,loss,lr,mcc,npv,precision,recall,specificity,tn,tp,val_accuracy,val_auc,val_f1_score,val_fn,val_fp,val_loss,val_mcc,val_npv,val_precision,val_recall,val_specificity,val_tn,val_tp
0,0.6276041865348816,0.6531177759170532,0.619165301322937,919.0,924.0,0.6925173997879028,0.01,0.24093645811080933,0.6202075481414795,0.6158004403114319,0.6170833110809326,0.6223958134651184,1476.0,1481.0,0.5,0.5,0.5,240.0,240.0,4.955717086791992,0.0,0.5,0.5,0.5,0.5,240.0,240.0
1,0.6932291388511658,0.752896249294281,0.6947227716445923,584.0,589.0,0.5932914614677429,0.01,0.3894716501235962,0.6955677270889282,0.694025993347168,0.6958333253860474,0.6932291388511658,1331.0,1336.0,0.5,0.5,0.5,240.0,240.0,7.0679450035095215,0.0,0.5,0.5,0.5,0.5,240.0,240.0
2,0.7177083492279053,0.7905601263046265,0.7154843211174011,549.0,542.0,0.553458571434021,0.01,0.4319990873336792,0.7149608135223389,0.7166754007339478,0.714062511920929,0.7177083492279053,1378.0,1371.0,0.5,0.5,0.5,240.0,240.0,3.4276304244995117,0.0,0.5,0.5,0.5,0.5,240.0,240.0
3,0.721875011920929,0.8021245002746582,0.7243127226829529,530.0,529.0,0.5426470637321472,0.01,0.4485799968242645,0.7238131761550903,0.7243356108665466,0.7239583134651184,0.7244791388511658,1391.0,1390.0,0.5,0.5,0.5,240.0,240.0,4.37567663192749,0.0,0.5,0.5,0.5,0.5,240.0,240.0
4,0.7432291507720947,0.8295478820800781,0.7409507632255554,504.0,487.0,0.5157560110092163,0.0009999999,0.4840444028377533,0.7395325303077698,0.7440882921218872,0.737500011920929,0.7463541626930237,1433.0,1416.0,0.5,0.556983470916748,0.5,240.0,240.0,2.58795166015625,0.0,0.5,0.5,0.5,0.5,240.0,240.0
5,0.7749999761581421,0.8562777638435364,0.7760180830955505,429.0,432.0,0.48066169023513794,0.0009999999,0.5517682433128357,0.776210606098175,0.7753509879112244,0.776562511920929,0.7749999761581421,1488.0,1491.0,0.5,0.6373155117034912,0.5,240.0,240.0,1.3719037771224976,0.0,0.5,0.5,0.5,0.5,240.0,240.0
