epoch,accuracy,auc,f1_score,fn,fp,loss,lr,mcc,npv,precision,recall,specificity,tn,tp,val_accuracy,val_auc,val_f1_score,val_fn,val_fp,val_loss,val_mcc,val_npv,val_precision,val_recall,val_specificity,val_tn,val_tp
0,0.6307291388511658,0.6160317659378052,0.6252618432044983,953.0,972.0,0.6841819882392883,0.01,0.24790331721305847,0.6252135038375854,0.5981810688972473,0.6029166579246521,0.6187499761581421,1428.0,1447.0,0.5,0.5,0.5,240.0,240.0,7.950492858886719,0.0,0.5,0.5,0.5,0.5,240.0,240.0
1,0.6989583373069763,0.7571437954902649,0.6946181654930115,585.0,588.0,0.5828778743743896,0.01,0.38949868083000183,0.6952407956123352,0.6942277550697327,0.6953125,0.6937500238418579,1332.0,1335.0,0.5,0.5,0.5,240.0,240.0,3.848449230194092,0.0,0.5,0.5,0.5,0.5,240.0,240.0
2,0.707812488079071,0.7851623296737671,0.7096751928329468,557.0,558.0,0.5548189878463745,0.01,0.4195040464401245,0.7098599076271057,0.7095263004302979,0.7098958492279053,0.7093750238418579,1362.0,1363.0,0.5,0.5,0.5,240.0,240.0,3.9142491817474365,0.0,0.5,0.5,0.5,0.5,240.0,240.0
3,0.7364583611488342,0.8094931244850159,0.7381088733673096,497.0,513.0,0.5262418985366821,0.01,0.4742271304130554,0.7389759421348572,0.735020637512207,0.7411458492279053,0.7328125238418579,1407.0,1423.0,0.5,0.5692708492279053,0.5,240.0,240.0,2.6866419315338135,0.0,0.5,0.5,0.5,0.5,240.0,240.0
4,0.7614583373069763,0.8470895886421204,0.7609817981719971,466.0,447.0,0.48320305347442627,0.0009999999,0.5247522592544556,0.75993812084198,0.7648605704307556,0.7572916746139526,0.7671874761581421,1473.0,1454.0,0.5,0.6497048139572144,0.5,240.0,240.0,1.3342952728271484,0.0,0.5,0.5,0.5,0.5,240.0,240.0
5,0.785937488079071,0.8625223636627197,0.7856137156486511,416.0,406.0,0.46255403757095337,0.0009999999,0.5720940232276917,0.7841183543205261,0.7874345779418945,0.7833333611488342,0.7885416746139526,1514.0,1504.0,0.5,0.6529079675674438,0.5,240.0,240.0,0.9082168936729431,0.0,0.5,0.5,0.5,0.5,240.0,240.0
