epoch,accuracy,auc,f1_score,fn,fp,loss,lr,mcc,npv,precision,recall,specificity,tn,tp,val_accuracy,val_auc,val_f1_score,val_fn,val_fp,val_loss,val_mcc,val_npv,val_precision,val_recall,val_specificity,val_tn,val_tp
0,0.6192708611488342,0.6470369696617126,0.6062592267990112,930.0,958.0,0.7016001343727112,0.01,0.20879364013671875,0.6058709025382996,0.6054365634918213,0.612500011920929,0.5973958373069763,1442.0,1470.0,0.5,0.5136176347732544,0.5,240.0,240.0,6.351217269897461,0.0,0.5,0.5,0.5,0.5,240.0,240.0
1,0.659375011920929,0.7215900421142578,0.6571707129478455,660.0,653.0,0.6152569055557251,0.01,0.31666210293769836,0.6580461859703064,0.6586513519287109,0.65625,0.6598958373069763,1267.0,1260.0,0.5,0.5,0.5,240.0,240.0,4.823304653167725,0.0,0.5,0.5,0.5,0.5,240.0,240.0
2,0.7057291865348816,0.7741918563842773,0.7047713398933411,569.0,564.0,0.5710570812225342,0.01,0.41014397144317627,0.7040751576423645,0.7054830193519592,0.7036458253860474,0.706250011920929,1356.0,1351.0,0.5,0.5,0.5,240.0,240.0,4.11407470703125,0.0,0.5,0.5,0.5,0.5,240.0,240.0
3,0.7395833134651184,0.8096270561218262,0.7359579801559448,510.0,502.0,0.5300243496894836,0.01,0.47308114171028137,0.7354324460029602,0.7374476790428162,0.734375,0.7385416626930237,1418.0,1410.0,0.5,0.5424348711967468,0.5,240.0,240.0,3.0367507934570312,0.0,0.5,0.5,0.5,0.5,240.0,240.0
4,0.7723958492279053,0.8471548557281494,0.7741324305534363,433.0,435.0,0.491501122713089,0.0009999999,0.5481256246566772,0.774246871471405,0.7736732363700867,0.7744791507720947,0.7734375,1485.0,1487.0,0.5,0.5514951944351196,0.5,240.0,240.0,2.8144948482513428,0.0,0.5,0.5,0.5,0.5,240.0,240.0
5,0.7838541865348816,0.8646732568740845,0.7848646640777588,415.0,409.0,0.4644952118396759,0.0009999999,0.5710416436195374,0.7850481271743774,0.7863113880157471,0.7838541865348816,0.7869791388511658,1511.0,1505.0,0.5,0.6397374272346497,0.5,240.0,240.0,1.4294487237930298,0.0,0.5,0.5,0.5,0.5,240.0,240.0
