epoch,accuracy,auc,f1_score,fn,fp,loss,lr,mcc,npv,precision,recall,specificity,tn,tp,val_accuracy,val_auc,val_f1_score,val_fn,val_fp,val_loss,val_mcc,val_npv,val_precision,val_recall,val_specificity,val_tn,val_tp
0,0.6291666626930237,0.6767482757568359,0.6189327836036682,875.0,869.0,0.7049095034599304,0.01,0.24166075885295868,0.6200730204582214,0.6370092034339905,0.6354166865348816,0.6223958134651184,1531.0,1525.0,0.5,0.5021766424179077,0.5,240.0,240.0,3.534541368484497,0.0,0.5,0.5,0.5,0.5,240.0,240.0
1,0.6989583373069763,0.7573782801628113,0.6935322880744934,584.0,595.0,0.585067868232727,0.01,0.3865303099155426,0.6948210597038269,0.6918694972991943,0.6958333253860474,0.6901041865348816,1325.0,1336.0,0.5,0.5,0.5,240.0,240.0,3.383516550064087,0.0,0.5,0.5,0.5,0.5,240.0,240.0
2,0.7244791388511658,0.798893928527832,0.7298682928085327,511.0,532.0,0.5433602929115295,0.01,0.45717573165893555,0.7310835719108582,0.725914478302002,0.7338541746139526,0.7229166626930237,1388.0,1409.0,0.5,0.5534960627555847,0.5,240.0,240.0,2.047130823135376,0.0,0.5,0.5,0.5,0.5,240.0,240.0
3,0.7406250238418579,0.8202876448631287,0.7380402684211731,503.0,503.0,0.5187497735023499,0.01,0.47630029916763306,0.7380802631378174,0.7380208373069763,0.7380208373069763,0.7380208373069763,1417.0,1417.0,0.5,0.5328124761581421,0.5,240.0,240.0,3.051879644393921,0.0,0.5,0.5,0.5,0.5,240.0,240.0
4,0.7645833492279053,0.8406462669372559,0.763181746006012,462.0,442.0,0.4945886731147766,0.0009999999,0.5294851660728455,0.7622836828231812,0.7673684358596802,0.7593749761581421,0.7697916626930237,1478.0,1458.0,0.5,0.6116753220558167,0.5,240.0,240.0,1.2150192260742188,0.0,0.5,0.5,0.5,0.5,240.0,240.0
5,0.7958333492279053,0.8748868703842163,0.7945195436477661,398.0,388.0,0.4497837424278259,0.0009999999,0.5908582806587219,0.7944355010986328,0.7968586683273315,0.7927083373069763,0.7979166507720947,1532.0,1522.0,0.5,0.6210567951202393,0.5,240.0,240.0,0.892722487449646,0.0,0.5,0.5,0.5,0.5,240.0,240.0
