epoch,accuracy,auc,f1_score,fn,fp,loss,lr,mcc,npv,precision,recall,specificity,tn,tp,val_accuracy,val_auc,val_f1_score,val_fn,val_fp,val_loss,val_mcc,val_npv,val_precision,val_recall,val_specificity,val_tn,val_tp
0,0.6494791507720947,0.640518069267273,0.6349203586578369,927.0,953.0,0.6677544116973877,0.01,0.26605451107025146,0.6333175897598267,0.6071723103523254,0.6137499809265137,0.6276041865348816,1447.0,1473.0,0.5,0.5,0.5,240.0,240.0,16.6092586517334,0.0,0.5,0.5,0.5,0.5,240.0,240.0
1,0.7088541388511658,0.7737901210784912,0.706218421459198,565.0,563.0,0.56980961561203,0.01,0.4128151834011078,0.7059118747711182,0.7064650654792786,0.7057291865348816,0.7067708373069763,1357.0,1355.0,0.5,0.5,0.5,240.0,240.0,11.505963325500488,0.0,0.5,0.5,0.5,0.5,240.0,240.0
2,0.7307291626930237,0.800876796245575,0.724092423915863,535.0,520.0,0.5400871634483337,0.01,0.450746089220047,0.7237745523452759,0.7270340919494629,0.7213541865348816,0.7291666865348816,1400.0,1385.0,0.5,0.5,0.5,240.0,240.0,10.117140769958496,0.0,0.5,0.5,0.5,0.5,240.0,240.0
3,0.7515624761581421,0.8309374451637268,0.7482537627220154,486.0,480.0,0.5021844506263733,0.01,0.4970915615558624,0.7473095059394836,0.7492163181304932,0.746874988079071,0.75,1440.0,1434.0,0.5,0.5,0.5,240.0,240.0,5.400973320007324,0.0,0.5,0.5,0.5,0.5,240.0,240.0
4,0.7286458611488342,0.8269522190093994,0.731441855430603,519.0,510.0,0.5039724111557007,0.0009999999,0.46431922912597656,0.7309921383857727,0.7331240177154541,0.729687511920929,0.734375,1410.0,1401.0,0.5,0.5062500238418579,0.5,240.0,240.0,3.4234726428985596,0.0,0.5,0.5,0.5,0.5,240.0,240.0
5,0.7989583611488342,0.877108633518219,0.799274206161499,384.0,387.0,0.446714848279953,0.0009999999,0.5986359119415283,0.8000260591506958,0.798751950263977,0.800000011920929,0.7984374761581421,1533.0,1536.0,0.5,0.6138433218002319,0.5,240.0,240.0,2.4600462913513184,0.0,0.5,0.5,0.5,0.5,240.0,240.0
