epoch,accuracy,auc,f1_score,fn,fp,loss,lr,mcc,npv,precision,recall,specificity,tn,tp,val_accuracy,val_auc,val_f1_score,val_fn,val_fp,val_loss,val_mcc,val_npv,val_precision,val_recall,val_specificity,val_tn,val_tp
0,0.5057291388511658,0.5078945755958557,0.5100473165512085,1168.0,1188.0,0.7726974487304688,0.01,0.022859422490000725,0.5138801336288452,0.5090909004211426,0.5133333206176758,0.5062500238418579,1212.0,1232.0,0.5,0.5,0.6666666269302368,0.0,480.0,48967.5078125,0.0,0.0,0.5,1.0,0.0,0.0,480.0
1,0.5166666507720947,0.5072923898696899,0.5066593289375305,952.0,922.0,0.724498987197876,0.01,0.023997869342565536,0.5114302635192871,0.5121693015098572,0.5041666626930237,0.5197916626930237,998.0,968.0,0.5,0.5,0.5,240.0,240.0,21.215261459350586,0.0,0.5,0.5,0.5,0.5,240.0,240.0
2,0.5526041388511658,0.5460461378097534,0.5424496531486511,885.0,854.0,0.7095526456832886,0.01,0.09469857811927795,0.5466278791427612,0.5479089617729187,0.5390625,0.5552083253860474,1066.0,1035.0,0.5,0.4754839241504669,0.5,240.0,240.0,2.3616325855255127,0.0,0.5,0.5,0.5,0.5,240.0,240.0
3,0.5770833492279053,0.5871800184249878,0.5689632892608643,824.0,832.0,0.688402533531189,0.01,0.13789688050746918,0.5692579746246338,0.5684647560119629,0.5708333253860474,0.5666666626930237,1088.0,1096.0,0.5,0.45047527551651,0.5,240.0,240.0,1.292327880859375,0.0,0.5,0.5,0.5,0.5,240.0,240.0
4,0.5645833611488342,0.5868513584136963,0.5662092566490173,831.0,831.0,0.687615692615509,0.0009999999,0.13466991484165192,0.5686137676239014,0.567187488079071,0.567187488079071,0.567187488079071,1089.0,1089.0,0.5,0.5468706488609314,0.5,240.0,240.0,0.7729295492172241,0.0,0.5,0.5,0.5,0.5,240.0,240.0
5,0.5859375,0.619904637336731,0.5807043313980103,800.0,814.0,0.6697171330451965,0.0009999999,0.1596459448337555,0.5806616544723511,0.5791106224060059,0.5833333134651184,0.5760416388511658,1106.0,1120.0,0.5,0.5633202791213989,0.4978836178779602,242.0,240.0,0.7308527231216431,-0.004103541374206543,0.495959609746933,0.49790793657302856,0.4958333373069763,0.5,240.0,238.0
