epoch,accuracy,auc,f1_score,fn,fp,loss,lr,mcc,npv,precision,recall,specificity,tn,tp,val_accuracy,val_auc,val_f1_score,val_fn,val_fp,val_loss,val_mcc,val_npv,val_precision,val_recall,val_specificity,val_tn,val_tp
0,0.5130208134651184,0.5153731107711792,0.5067770481109619,1184.0,1176.0,0.7638911604881287,0.01,0.020703108981251717,0.5098283886909485,0.5083612203598022,0.5066666603088379,0.512499988079071,1224.0,1216.0,0.5,0.5,0.5,240.0,240.0,51882.6328125,0.0,0.5,0.5,0.5,0.5,240.0,240.0
1,0.5333333611488342,0.535906195640564,0.5383763909339905,868.0,920.0,0.7047224044799805,0.01,0.06927863508462906,0.5377944111824036,0.5334685444831848,0.5479166507720947,0.5208333134651184,1000.0,1052.0,0.5,0.5,0.0,480.0,0.0,23.02989959716797,0.0,0.5,0.0,0.0,1.0,480.0,0.0
2,0.5755208134651184,0.5950098037719727,0.570815920829773,826.0,817.0,0.6859346032142639,0.01,0.14480163156986237,0.5716973543167114,0.5724751353263855,0.5697916746139526,0.5744791626930237,1103.0,1094.0,0.5,0.5005208253860474,0.5,240.0,240.0,4.808434009552002,0.0,0.5,0.5,0.5,0.5,240.0,240.0
3,0.5916666388511658,0.6132652759552002,0.5847768187522888,801.0,783.0,0.6753938794136047,0.01,0.17540016770362854,0.5874883532524109,0.5883280634880066,0.582812488079071,0.5921875238418579,1137.0,1119.0,0.5,0.521312952041626,0.5,240.0,240.0,1.0612819194793701,0.0,0.5,0.5,0.5,0.5,240.0,240.0
4,0.6114583611488342,0.6437197327613831,0.6095032095909119,738.0,778.0,0.6645166873931885,0.0009999999,0.21070954203605652,0.6067058444023132,0.6030611991882324,0.6156250238418579,0.5947916507720947,1142.0,1182.0,0.5,0.5428168177604675,0.5,240.0,240.0,0.7304782271385193,0.0,0.5,0.5,0.5,0.5,240.0,240.0
5,0.614062488079071,0.645854115486145,0.6124154329299927,741.0,750.0,0.6629859209060669,0.0009999999,0.2236417979001999,0.6124870181083679,0.6111975312232971,0.614062488079071,0.609375,1170.0,1179.0,0.5,0.5473698377609253,0.4989418089389801,241.0,239.0,0.7015172839164734,0.0,0.5,0.5,0.49791666865348816,0.5020833611488342,241.0,239.0
